"run","order_index","metric","native_mode","D","S","R","rows_per_worker","mode","kernel","elapsed_seconds","mac_total","mac_per_second","final_checksum","per_round_checksums","per_round_finite","per_round_overflow","per_round_clipped_cells","per_round_clipping_rates","clipped_cells","clipping_rate","all_rounds_valid","worker_count","cpus","affinity","affinity_errors","affinity_succeeded","timed_repetitions","warmup","timed_repetitions_exact"
"1","1","F(S)","repeat","512","1","1","128,128,128,128","repeat","avx2_repeat","0.0006734","2097152","3114273834.27383","5156533420041995800","5156533420041995800","true","false","0","0","0","0","true","4","0,2,4,6","1,1,1,1","0,0,0,0","true","8","2","true"
"1","2","G(S)","fused","512","1","1","128,128,128,128","fused","avx2_fused","0.0004645","2097152","4514858988.15931","5156533420041995800","5156533420041995800","true","false","0","0","0","0","true","4","0,2,4,6","1,1,1,1","0,0,0,0","true","8","2","true"
"2","1","G(S)","fused","512","1","1","128,128,128,128","fused","avx2_fused","0.0002585","2097152","8112773694.39072","5156533420041995800","5156533420041995800","true","false","0","0","0","0","true","4","0,2,4,6","1,1,1,1","0,0,0,0","true","8","2","true"
"2","2","F(S)","repeat","512","1","1","128,128,128,128","repeat","avx2_repeat","0.000217","2097152","9664294930.87558","5156533420041995800","5156533420041995800","true","false","0","0","0","0","true","4","0,2,4,6","1,1,1,1","0,0,0,0","true","8","2","true"
"3","1","F(S)","repeat","512","1","1","128,128,128,128","repeat","avx2_repeat","0.0005619","2097152","3732251290.26517","5156533420041995800","5156533420041995800","true","false","0","0","0","0","true","4","0,2,4,6","1,1,1,1","0,0,0,0","true","8","2","true"
"3","2","G(S)","fused","512","1","1","128,128,128,128","fused","avx2_fused","0.000365","2097152","5745621917.80822","5156533420041995800","5156533420041995800","true","false","0","0","0","0","true","4","0,2,4,6","1,1,1,1","0,0,0,0","true","8","2","true"
"4","1","G(S)","fused","512","1","1","128,128,128,128","fused","avx2_fused","0.0002511","2097152","8351859816.80605","5156533420041995800","5156533420041995800","true","false","0","0","0","0","true","4","0,2,4,6","1,1,1,1","0,0,0,0","true","8","2","true"
"4","2","F(S)","repeat","512","1","1","128,128,128,128","repeat","avx2_repeat","0.0006057","2097152","3462360904.73832","5156533420041995800","5156533420041995800","true","false","0","0","0","0","true","4","0,2,4,6","1,1,1,1","0,0,0,0","true","8","2","true"
"5","1","F(S)","repeat","512","1","1","128,128,128,128","repeat","avx2_repeat","0.0002038","2097152","10290245338.5672","5156533420041995800","5156533420041995800","true","false","0","0","0","0","true","4","0,2,4,6","1,1,1,1","0,0,0,0","true","8","2","true"
"5","2","G(S)","fused","512","1","1","128,128,128,128","fused","avx2_fused","0.0002541","2097152","8253254624.16372","5156533420041995800","5156533420041995800","true","false","0","0","0","0","true","4","0,2,4,6","1,1,1,1","0,0,0,0","true","8","2","true"
"6","1","G(S)","fused","512","1","1","128,128,128,128","fused","avx2_fused","0.0004865","2097152","4310692702.98047","5156533420041995800","5156533420041995800","true","false","0","0","0","0","true","4","0,2,4,6","1,1,1,1","0,0,0,0","true","8","2","true"
"6","2","F(S)","repeat","512","1","1","128,128,128,128","repeat","avx2_repeat","0.0002694","2097152","7784528582.03415","5156533420041995800","5156533420041995800","true","false","0","0","0","0","true","4","0,2,4,6","1,1,1,1","0,0,0,0","true","8","2","true"
"7","1","F(S)","repeat","512","1","1","128,128,128,128","repeat","avx2_repeat","0.0004548","2097152","4611152154.79332","5156533420041995800","5156533420041995800","true","false","0","0","0","0","true","4","0,2,4,6","1,1,1,1","0,0,0,0","true","8","2","true"
"7","2","G(S)","fused","512","1","1","128,128,128,128","fused","avx2_fused","0.000389","2097152","5391136246.78663","5156533420041995800","5156533420041995800","true","false","0","0","0","0","true","4","0,2,4,6","1,1,1,1","0,0,0,0","true","8","2","true"
"8","1","G(S)","fused","512","1","1","128,128,128,128","fused","avx2_fused","0.0002403","2097152","8727224302.95464","5156533420041995800","5156533420041995800","true","false","0","0","0","0","true","4","0,2,4,6","1,1,1,1","0,0,0,0","true","8","2","true"
"8","2","F(S)","repeat","512","1","1","128,128,128,128","repeat","avx2_repeat","0.0002047","2097152","10245002442.5989","5156533420041995800","5156533420041995800","true","false","0","0","0","0","true","4","0,2,4,6","1,1,1,1","0,0,0,0","true","8","2","true"
"9","1","F(S)","repeat","512","1","1","128,128,128,128","repeat","avx2_repeat","0.0003212","2097152","6529115815.69116","5156533420041995800","5156533420041995800","true","false","0","0","0","0","true","4","0,2,4,6","1,1,1,1","0,0,0,0","true","8","2","true"
"9","2","G(S)","fused","512","1","1","128,128,128,128","fused","avx2_fused","0.0003645","2097152","5753503429.35528","5156533420041995800","5156533420041995800","true","false","0","0","0","0","true","4","0,2,4,6","1,1,1,1","0,0,0,0","true","8","2","true"
"10","1","G(S)","fused","512","1","1","128,128,128,128","fused","avx2_fused","0.0003978","2097152","5271875314.22826","5156533420041995800","5156533420041995800","true","false","0","0","0","0","true","4","0,2,4,6","1,1,1,1","0,0,0,0","true","8","2","true"
"10","2","F(S)","repeat","512","1","1","128,128,128,128","repeat","avx2_repeat","0.0002266","2097152","9254863195.05737","5156533420041995800","5156533420041995800","true","false","0","0","0","0","true","4","0,2,4,6","1,1,1,1","0,0,0,0","true","8","2","true"
"1","1","F(S)","repeat","512","1","2","128,128,128,128","repeat","avx2_repeat","0.0004005","4194304","10472669163.5456","13175200098663782325","5156533420041995800;13175200098663782325","true;true","false;false","0;0","0;0","0","0","true","4","0,2,4,6","1,1,1,1","0,0,0,0","true","8","2","true"
"1","2","G(S)","fused","512","1","2","128,128,128,128","fused","avx2_fused","0.0013315","4194304","3150059331.58092","13175200098663782325","5156533420041995800;13175200098663782325","true;true","false;false","0;0","0;0","0","0","true","4","0,2,4,6","1,1,1,1","0,0,0,0","true","8","2","true"
"2","1","G(S)","fused","512","1","2","128,128,128,128","fused","avx2_fused","0.0009531","4194304","4400696674.01112","13175200098663782325","5156533420041995800;13175200098663782325","true;true","false;false","0;0","0;0","0","0","true","4","0,2,4,6","1,1,1,1","0,0,0,0","true","8","2","true"
"2","2","F(S)","repeat","512","1","2","128,128,128,128","repeat","avx2_repeat","0.0010323","4194304","4063066937.90565","13175200098663782325","5156533420041995800;13175200098663782325","true;true","false;false","0;0","0;0","0","0","true","4","0,2,4,6","1,1,1,1","0,0,0,0","true","8","2","true"
"3","1","F(S)","repeat","512","1","2","128,128,128,128","repeat","avx2_repeat","0.0004058","4194304","10335889600.7886","13175200098663782325","5156533420041995800;13175200098663782325","true;true","false;false","0;0","0;0","0","0","true","4","0,2,4,6","1,1,1,1","0,0,0,0","true","8","2","true"
"3","2","G(S)","fused","512","1","2","128,128,128,128","fused","avx2_fused","0.0012628","4194304","3321431738.99271","13175200098663782325","5156533420041995800;13175200098663782325","true;true","false;false","0;0","0;0","0","0","true","4","0,2,4,6","1,1,1,1","0,0,0,0","true","8","2","true"
"4","1","G(S)","fused","512","1","2","128,128,128,128","fused","avx2_fused","0.0012282","4194304","3415000814.19964","13175200098663782325","5156533420041995800;13175200098663782325","true;true","false;false","0;0","0;0","0","0","true","4","0,2,4,6","1,1,1,1","0,0,0,0","true","8","2","true"
"4","2","F(S)","repeat","512","1","2","128,128,128,128","repeat","avx2_repeat","0.0007954","4194304","5273200905.20493","13175200098663782325","5156533420041995800;13175200098663782325","true;true","false;false","0;0","0;0","0","0","true","4","0,2,4,6","1,1,1,1","0,0,0,0","true","8","2","true"
"5","1","F(S)","repeat","512","1","2","128,128,128,128","repeat","avx2_repeat","0.0004476","4194304","9370652368.18588","13175200098663782325","5156533420041995800;13175200098663782325","true;true","false;false","0;0","0;0","0","0","true","4","0,2,4,6","1,1,1,1","0,0,0,0","true","8","2","true"
"5","2","G(S)","fused","512","1","2","128,128,128,128","fused","avx2_fused","0.0004725","4194304","8876833862.43386","13175200098663782325","5156533420041995800;13175200098663782325","true;true","false;false","0;0","0;0","0","0","true","4","0,2,4,6","1,1,1,1","0,0,0,0","true","8","2","true"
"6","1","G(S)","fused","512","1","2","128,128,128,128","fused","avx2_fused","0.0008094","4194304","5181991598.7151","13175200098663782325","5156533420041995800;13175200098663782325","true;true","false;false","0;0","0;0","0","0","true","4","0,2,4,6","1,1,1,1","0,0,0,0","true","8","2","true"
"6","2","F(S)","repeat","512","1","2","128,128,128,128","repeat","avx2_repeat","0.000757","4194304","5540692206.07662","13175200098663782325","5156533420041995800;13175200098663782325","true;true","false;false","0;0","0;0","0","0","true","4","0,2,4,6","1,1,1,1","0,0,0,0","true","8","2","true"
"7","1","F(S)","repeat","512","1","2","128,128,128,128","repeat","avx2_repeat","0.0035412","4194304","1184430136.67683","13175200098663782325","5156533420041995800;13175200098663782325","true;true","false;false","0;0","0;0","0","0","true","4","0,2,4,6","1,1,1,1","0,0,0,0","true","8","2","true"
"7","2","G(S)","fused","512","1","2","128,128,128,128","fused","avx2_fused","0.0010304","4194304","4070559006.21118","13175200098663782325","5156533420041995800;13175200098663782325","true;true","false;false","0;0","0;0","0","0","true","4","0,2,4,6","1,1,1,1","0,0,0,0","true","8","2","true"
"8","1","G(S)","fused","512","1","2","128,128,128,128","fused","avx2_fused","0.0004778","4194304","8778367517.78987","13175200098663782325","5156533420041995800;13175200098663782325","true;true","false;false","0;0","0;0","0","0","true","4","0,2,4,6","1,1,1,1","0,0,0,0","true","8","2","true"
"8","2","F(S)","repeat","512","1","2","128,128,128,128","repeat","avx2_repeat","0.0007287","4194304","5755872101.00178","13175200098663782325","5156533420041995800;13175200098663782325","true;true","false;false","0;0","0;0","0","0","true","4","0,2,4,6","1,1,1,1","0,0,0,0","true","8","2","true"
"9","1","F(S)","repeat","512","1","2","128,128,128,128","repeat","avx2_repeat","0.0004376","4194304","9584789762.34004","13175200098663782325","5156533420041995800;13175200098663782325","true;true","false;false","0;0","0;0","0","0","true","4","0,2,4,6","1,1,1,1","0,0,0,0","true","8","2","true"
"9","2","G(S)","fused","512","1","2","128,128,128,128","fused","avx2_fused","0.0003502","4194304","11976881781.8389","13175200098663782325","5156533420041995800;13175200098663782325","true;true","false;false","0;0","0;0","0","0","true","4","0,2,4,6","1,1,1,1","0,0,0,0","true","8","2","true"
"10","1","G(S)","fused","512","1","2","128,128,128,128","fused","avx2_fused","0.0008818","4194304","4756525289.18122","13175200098663782325","5156533420041995800;13175200098663782325","true;true","false;false","0;0","0;0","0","0","true","4","0,2,4,6","1,1,1,1","0,0,0,0","true","8","2","true"
"10","2","F(S)","repeat","512","1","2","128,128,128,128","repeat","avx2_repeat","0.0004597","4194304","9124002610.39808","13175200098663782325","5156533420041995800;13175200098663782325","true;true","false;false","0;0","0;0","0","0","true","4","0,2,4,6","1,1,1,1","0,0,0,0","true","8","2","true"
"1","1","F(S)","repeat","512","1","4","128,128,128,128","repeat","avx2_repeat","0.0018878","8388608","4443589363.28001","13977311238581039400","5156533420041995800;13175200098663782325;4549353948644942164;13977311238581039400","true;true;true;true","false;false;false;false","0;0;0;0","0;0;0;0","0","0","true","4","0,2,4,6","1,1,1,1","0,0,0,0","true","8","2","true"
"1","2","G(S)","fused","512","1","4","128,128,128,128","fused","avx2_fused","0.002038","8388608","4116098135.42689","13977311238581039400","5156533420041995800;13175200098663782325;4549353948644942164;13977311238581039400","true;true;true;true","false;false;false;false","0;0;0;0","0;0;0;0","0","0","true","4","0,2,4,6","1,1,1,1","0,0,0,0","true","8","2","true"
"2","1","G(S)","fused","512","1","4","128,128,128,128","fused","avx2_fused","0.0008612","8388608","9740603808.63911","13977311238581039400","5156533420041995800;13175200098663782325;4549353948644942164;13977311238581039400","true;true;true;true","false;false;false;false","0;0;0;0","0;0;0;0","0","0","true","4","0,2,4,6","1,1,1,1","0,0,0,0","true","8","2","true"
"2","2","F(S)","repeat","512","1","4","128,128,128,128","repeat","avx2_repeat","0.0008695","8388608","9647622771.70788","13977311238581039400","5156533420041995800;13175200098663782325;4549353948644942164;13977311238581039400","true;true;true;true","false;false;false;false","0;0;0;0","0;0;0;0","0","0","true","4","0,2,4,6","1,1,1,1","0,0,0,0","true","8","2","true"
"3","1","F(S)","repeat","512","1","4","128,128,128,128","repeat","avx2_repeat","0.0020374","8388608","4117310297.43791","13977311238581039400","5156533420041995800;13175200098663782325;4549353948644942164;13977311238581039400","true;true;true;true","false;false;false;false","0;0;0;0","0;0;0;0","0","0","true","4","0,2,4,6","1,1,1,1","0,0,0,0","true","8","2","true"
"3","2","G(S)","fused","512","1","4","128,128,128,128","fused","avx2_fused","0.0018987","8388608","4418079738.76863","13977311238581039400","5156533420041995800;13175200098663782325;4549353948644942164;13977311238581039400","true;true;true;true","false;false;false;false","0;0;0;0","0;0;0;0","0","0","true","4","0,2,4,6","1,1,1,1","0,0,0,0","true","8","2","true"
"4","1","G(S)","fused","512","1","4","128,128,128,128","fused","avx2_fused","0.0022194","8388608","3779673785.70785","13977311238581039400","5156533420041995800;13175200098663782325;4549353948644942164;13977311238581039400","true;true;true;true","false;false;false;false","0;0;0;0","0;0;0;0","0","0","true","4","0,2,4,6","1,1,1,1","0,0,0,0","true","8","2","true"
"4","2","F(S)","repeat","512","1","4","128,128,128,128","repeat","avx2_repeat","0.0018241","8388608","4598765418.56258","13977311238581039400","5156533420041995800;13175200098663782325;4549353948644942164;13977311238581039400","true;true;true;true","false;false;false;false","0;0;0;0","0;0;0;0","0","0","true","4","0,2,4,6","1,1,1,1","0,0,0,0","true","8","2","true"
"5","1","F(S)","repeat","512","1","4","128,128,128,128","repeat","avx2_repeat","0.0018976","8388608","4420640809.44351","13977311238581039400","5156533420041995800;13175200098663782325;4549353948644942164;13977311238581039400","true;true;true;true","false;false;false;false","0;0;0;0","0;0;0;0","0","0","true","4","0,2,4,6","1,1,1,1","0,0,0,0","true","8","2","true"
"5","2","G(S)","fused","512","1","4","128,128,128,128","fused","avx2_fused","0.002018","8388608","4156891972.24975","13977311238581039400","5156533420041995800;13175200098663782325;4549353948644942164;13977311238581039400","true;true;true;true","false;false;false;false","0;0;0;0","0;0;0;0","0","0","true","4","0,2,4,6","1,1,1,1","0,0,0,0","true","8","2","true"
"6","1","G(S)","fused","512","1","4","128,128,128,128","fused","avx2_fused","0.0008949","8388608","9373793719.96871","13977311238581039400","5156533420041995800;13175200098663782325;4549353948644942164;13977311238581039400","true;true;true;true","false;false;false;false","0;0;0;0","0;0;0;0","0","0","true","4","0,2,4,6","1,1,1,1","0,0,0,0","true","8","2","true"
"6","2","F(S)","repeat","512","1","4","128,128,128,128","repeat","avx2_repeat","0.0009183","8388608","9134931939.45334","13977311238581039400","5156533420041995800;13175200098663782325;4549353948644942164;13977311238581039400","true;true;true;true","false;false;false;false","0;0;0;0","0;0;0;0","0","0","true","4","0,2,4,6","1,1,1,1","0,0,0,0","true","8","2","true"
"7","1","F(S)","repeat","512","1","4","128,128,128,128","repeat","avx2_repeat","0.0016312","8388608","5142599313.38892","13977311238581039400","5156533420041995800;13175200098663782325;4549353948644942164;13977311238581039400","true;true;true;true","false;false;false;false","0;0;0;0","0;0;0;0","0","0","true","4","0,2,4,6","1,1,1,1","0,0,0,0","true","8","2","true"
"7","2","G(S)","fused","512","1","4","128,128,128,128","fused","avx2_fused","0.002015","8388608","4163080893.30025","13977311238581039400","5156533420041995800;13175200098663782325;4549353948644942164;13977311238581039400","true;true;true;true","false;false;false;false","0;0;0;0","0;0;0;0","0","0","true","4","0,2,4,6","1,1,1,1","0,0,0,0","true","8","2","true"
"8","1","G(S)","fused","512","1","4","128,128,128,128","fused","avx2_fused","0.0017063","8388608","4916256226.92375","13977311238581039400","5156533420041995800;13175200098663782325;4549353948644942164;13977311238581039400","true;true;true;true","false;false;false;false","0;0;0;0","0;0;0;0","0","0","true","4","0,2,4,6","1,1,1,1","0,0,0,0","true","8","2","true"
"8","2","F(S)","repeat","512","1","4","128,128,128,128","repeat","avx2_repeat","0.000812","8388608","10330798029.5567","13977311238581039400","5156533420041995800;13175200098663782325;4549353948644942164;13977311238581039400","true;true;true;true","false;false;false;false","0;0;0;0","0;0;0;0","0","0","true","4","0,2,4,6","1,1,1,1","0,0,0,0","true","8","2","true"
"9","1","F(S)","repeat","512","1","4","128,128,128,128","repeat","avx2_repeat","0.0008342","8388608","10055871493.6466","13977311238581039400","5156533420041995800;13175200098663782325;4549353948644942164;13977311238581039400","true;true;true;true","false;false;false;false","0;0;0;0","0;0;0;0","0","0","true","4","0,2,4,6","1,1,1,1","0,0,0,0","true","8","2","true"
"9","2","G(S)","fused","512","1","4","128,128,128,128","fused","avx2_fused","0.0017982","8388608","4665002780.55834","13977311238581039400","5156533420041995800;13175200098663782325;4549353948644942164;13977311238581039400","true;true;true;true","false;false;false;false","0;0;0;0","0;0;0;0","0","0","true","4","0,2,4,6","1,1,1,1","0,0,0,0","true","8","2","true"
"10","1","G(S)","fused","512","1","4","128,128,128,128","fused","avx2_fused","0.0010785","8388608","7778032452.4803","13977311238581039400","5156533420041995800;13175200098663782325;4549353948644942164;13977311238581039400","true;true;true;true","false;false;false;false","0;0;0;0","0;0;0;0","0","0","true","4","0,2,4,6","1,1,1,1","0,0,0,0","true","8","2","true"
"10","2","F(S)","repeat","512","1","4","128,128,128,128","repeat","avx2_repeat","0.0013691","8388608","6127096632.82448","13977311238581039400","5156533420041995800;13175200098663782325;4549353948644942164;13977311238581039400","true;true;true;true","false;false;false;false","0;0;0;0","0;0;0;0","0","0","true","4","0,2,4,6","1,1,1,1","0,0,0,0","true","8","2","true"
"1","1","F(S)","repeat","512","1","8","128,128,128,128","repeat","avx2_repeat","0.0044137","16777216","3801168180.89132","6479385130747434895","5156533420041995800;13175200098663782325;4549353948644942164;13977311238581039400;8060378311007652497;8231470391171241854;6353379237560784982;6479385130747434895","true;true;true;true;true;true;true;true","false;false;false;false;false;false;false;false","0;0;0;0;0;0;0;1","0;0;0;0;0;0;0;0.001953125","8","0.000244140625","true","4","0,2,4,6","1,1,1,1","0,0,0,0","true","8","2","true"
"1","2","G(S)","fused","512","1","8","128,128,128,128","fused","avx2_fused","0.0046043","16777216","3643814694.95906","6479385130747434895","5156533420041995800;13175200098663782325;4549353948644942164;13977311238581039400;8060378311007652497;8231470391171241854;6353379237560784982;6479385130747434895","true;true;true;true;true;true;true;true","false;false;false;false;false;false;false;false","0;0;0;0;0;0;0;1","0;0;0;0;0;0;0;0.001953125","8","0.000244140625","true","4","0,2,4,6","1,1,1,1","0,0,0,0","true","8","2","true"
"2","1","G(S)","fused","512","1","8","128,128,128,128","fused","avx2_fused","0.0055355","16777216","3030840213.16954","6479385130747434895","5156533420041995800;13175200098663782325;4549353948644942164;13977311238581039400;8060378311007652497;8231470391171241854;6353379237560784982;6479385130747434895","true;true;true;true;true;true;true;true","false;false;false;false;false;false;false;false","0;0;0;0;0;0;0;1","0;0;0;0;0;0;0;0.001953125","8","0.000244140625","true","4","0,2,4,6","1,1,1,1","0,0,0,0","true","8","2","true"
"2","2","F(S)","repeat","512","1","8","128,128,128,128","repeat","avx2_repeat","0.004829","16777216","3474262994.40878","6479385130747434895","5156533420041995800;13175200098663782325;4549353948644942164;13977311238581039400;8060378311007652497;8231470391171241854;6353379237560784982;6479385130747434895","true;true;true;true;true;true;true;true","false;false;false;false;false;false;false;false","0;0;0;0;0;0;0;1","0;0;0;0;0;0;0;0.001953125","8","0.000244140625","true","4","0,2,4,6","1,1,1,1","0,0,0,0","true","8","2","true"
"3","1","F(S)","repeat","512","1","8","128,128,128,128","repeat","avx2_repeat","0.0032166","16777216","5215822918.60971","6479385130747434895","5156533420041995800;13175200098663782325;4549353948644942164;13977311238581039400;8060378311007652497;8231470391171241854;6353379237560784982;6479385130747434895","true;true;true;true;true;true;true;true","false;false;false;false;false;false;false;false","0;0;0;0;0;0;0;1","0;0;0;0;0;0;0;0.001953125","8","0.000244140625","true","4","0,2,4,6","1,1,1,1","0,0,0,0","true","8","2","true"
"3","2","G(S)","fused","512","1","8","128,128,128,128","fused","avx2_fused","0.0051951","16777216","3229430809.80154","6479385130747434895","5156533420041995800;13175200098663782325;4549353948644942164;13977311238581039400;8060378311007652497;8231470391171241854;6353379237560784982;6479385130747434895","true;true;true;true;true;true;true;true","false;false;false;false;false;false;false;false","0;0;0;0;0;0;0;1","0;0;0;0;0;0;0;0.001953125","8","0.000244140625","true","4","0,2,4,6","1,1,1,1","0,0,0,0","true","8","2","true"
"4","1","G(S)","fused","512","1","8","128,128,128,128","fused","avx2_fused","0.0037331","16777216","4494178028.98395","6479385130747434895","5156533420041995800;13175200098663782325;4549353948644942164;13977311238581039400;8060378311007652497;8231470391171241854;6353379237560784982;6479385130747434895","true;true;true;true;true;true;true;true","false;false;false;false;false;false;false;false","0;0;0;0;0;0;0;1","0;0;0;0;0;0;0;0.001953125","8","0.000244140625","true","4","0,2,4,6","1,1,1,1","0,0,0,0","true","8","2","true"
"4","2","F(S)","repeat","512","1","8","128,128,128,128","repeat","avx2_repeat","0.0031672","16777216","5297176054.55923","6479385130747434895","5156533420041995800;13175200098663782325;4549353948644942164;13977311238581039400;8060378311007652497;8231470391171241854;6353379237560784982;6479385130747434895","true;true;true;true;true;true;true;true","false;false;false;false;false;false;false;false","0;0;0;0;0;0;0;1","0;0;0;0;0;0;0;0.001953125","8","0.000244140625","true","4","0,2,4,6","1,1,1,1","0,0,0,0","true","8","2","true"
"5","1","F(S)","repeat","512","1","8","128,128,128,128","repeat","avx2_repeat","0.0046583","16777216","3601574823.43344","6479385130747434895","5156533420041995800;13175200098663782325;4549353948644942164;13977311238581039400;8060378311007652497;8231470391171241854;6353379237560784982;6479385130747434895","true;true;true;true;true;true;true;true","false;false;false;false;false;false;false;false","0;0;0;0;0;0;0;1","0;0;0;0;0;0;0;0.001953125","8","0.000244140625","true","4","0,2,4,6","1,1,1,1","0,0,0,0","true","8","2","true"
"5","2","G(S)","fused","512","1","8","128,128,128,128","fused","avx2_fused","0.0068973","16777216","2432432401.08448","6479385130747434895","5156533420041995800;13175200098663782325;4549353948644942164;13977311238581039400;8060378311007652497;8231470391171241854;6353379237560784982;6479385130747434895","true;true;true;true;true;true;true;true","false;false;false;false;false;false;false;false","0;0;0;0;0;0;0;1","0;0;0;0;0;0;0;0.001953125","8","0.000244140625","true","4","0,2,4,6","1,1,1,1","0,0,0,0","true","8","2","true"
"6","1","G(S)","fused","512","1","8","128,128,128,128","fused","avx2_fused","0.0049095","16777216","3417296262.34851","6479385130747434895","5156533420041995800;13175200098663782325;4549353948644942164;13977311238581039400;8060378311007652497;8231470391171241854;6353379237560784982;6479385130747434895","true;true;true;true;true;true;true;true","false;false;false;false;false;false;false;false","0;0;0;0;0;0;0;1","0;0;0;0;0;0;0;0.001953125","8","0.000244140625","true","4","0,2,4,6","1,1,1,1","0,0,0,0","true","8","2","true"
"6","2","F(S)","repeat","512","1","8","128,128,128,128","repeat","avx2_repeat","0.0031803","16777216","5275356412.91702","6479385130747434895","5156533420041995800;13175200098663782325;4549353948644942164;13977311238581039400;8060378311007652497;8231470391171241854;6353379237560784982;6479385130747434895","true;true;true;true;true;true;true;true","false;false;false;false;false;false;false;false","0;0;0;0;0;0;0;1","0;0;0;0;0;0;0;0.001953125","8","0.000244140625","true","4","0,2,4,6","1,1,1,1","0,0,0,0","true","8","2","true"
"7","1","F(S)","repeat","512","1","8","128,128,128,128","repeat","avx2_repeat","0.004347","16777216","3859492983.6669","6479385130747434895","5156533420041995800;13175200098663782325;4549353948644942164;13977311238581039400;8060378311007652497;8231470391171241854;6353379237560784982;6479385130747434895","true;true;true;true;true;true;true;true","false;false;false;false;false;false;false;false","0;0;0;0;0;0;0;1","0;0;0;0;0;0;0;0.001953125","8","0.000244140625","true","4","0,2,4,6","1,1,1,1","0,0,0,0","true","8","2","true"
"7","2","G(S)","fused","512","1","8","128,128,128,128","fused","avx2_fused","0.0045651","16777216","3675103721.71475","6479385130747434895","5156533420041995800;13175200098663782325;4549353948644942164;13977311238581039400;8060378311007652497;8231470391171241854;6353379237560784982;6479385130747434895","true;true;true;true;true;true;true;true","false;false;false;false;false;false;false;false","0;0;0;0;0;0;0;1","0;0;0;0;0;0;0;0.001953125","8","0.000244140625","true","4","0,2,4,6","1,1,1,1","0,0,0,0","true","8","2","true"
"8","1","G(S)","fused","512","1","8","128,128,128,128","fused","avx2_fused","0.0033113","16777216","5066655392.14206","6479385130747434895","5156533420041995800;13175200098663782325;4549353948644942164;13977311238581039400;8060378311007652497;8231470391171241854;6353379237560784982;6479385130747434895","true;true;true;true;true;true;true;true","false;false;false;false;false;false;false;false","0;0;0;0;0;0;0;1","0;0;0;0;0;0;0;0.001953125","8","0.000244140625","true","4","0,2,4,6","1,1,1,1","0,0,0,0","true","8","2","true"
"8","2","F(S)","repeat","512","1","8","128,128,128,128","repeat","avx2_repeat","0.0039775","16777216","4218030421.11879","6479385130747434895","5156533420041995800;13175200098663782325;4549353948644942164;13977311238581039400;8060378311007652497;8231470391171241854;6353379237560784982;6479385130747434895","true;true;true;true;true;true;true;true","false;false;false;false;false;false;false;false","0;0;0;0;0;0;0;1","0;0;0;0;0;0;0;0.001953125","8","0.000244140625","true","4","0,2,4,6","1,1,1,1","0,0,0,0","true","8","2","true"
"9","1","F(S)","repeat","512","1","8","128,128,128,128","repeat","avx2_repeat","0.0040177","16777216","4175825970.08239","6479385130747434895","5156533420041995800;13175200098663782325;4549353948644942164;13977311238581039400;8060378311007652497;8231470391171241854;6353379237560784982;6479385130747434895","true;true;true;true;true;true;true;true","false;false;false;false;false;false;false;false","0;0;0;0;0;0;0;1","0;0;0;0;0;0;0;0.001953125","8","0.000244140625","true","4","0,2,4,6","1,1,1,1","0,0,0,0","true","8","2","true"
"9","2","G(S)","fused","512","1","8","128,128,128,128","fused","avx2_fused","0.0074347","16777216","2256609681.62804","6479385130747434895","5156533420041995800;13175200098663782325;4549353948644942164;13977311238581039400;8060378311007652497;8231470391171241854;6353379237560784982;6479385130747434895","true;true;true;true;true;true;true;true","false;false;false;false;false;false;false;false","0;0;0;0;0;0;0;1","0;0;0;0;0;0;0;0.001953125","8","0.000244140625","true","4","0,2,4,6","1,1,1,1","0,0,0,0","true","8","2","true"
"10","1","G(S)","fused","512","1","8","128,128,128,128","fused","avx2_fused","0.0037672","16777216","4453497557.86791","6479385130747434895","5156533420041995800;13175200098663782325;4549353948644942164;13977311238581039400;8060378311007652497;8231470391171241854;6353379237560784982;6479385130747434895","true;true;true;true;true;true;true;true","false;false;false;false;false;false;false;false","0;0;0;0;0;0;0;1","0;0;0;0;0;0;0;0.001953125","8","0.000244140625","true","4","0,2,4,6","1,1,1,1","0,0,0,0","true","8","2","true"
"10","2","F(S)","repeat","512","1","8","128,128,128,128","repeat","avx2_repeat","0.0047096","16777216","3562344148.12298","6479385130747434895","5156533420041995800;13175200098663782325;4549353948644942164;13977311238581039400;8060378311007652497;8231470391171241854;6353379237560784982;6479385130747434895","true;true;true;true;true;true;true;true","false;false;false;false;false;false;false;false","0;0;0;0;0;0;0;1","0;0;0;0;0;0;0;0.001953125","8","0.000244140625","true","4","0,2,4,6","1,1,1,1","0,0,0,0","true","8","2","true"
"1","1","F(S)","repeat","512","1","16","128,128,128,128","repeat","avx2_repeat","0.0100125","33554432","3351254132.33458","16794876969260276264","5156533420041995800;13175200098663782325;4549353948644942164;13977311238581039400;8060378311007652497;8231470391171241854;6353379237560784982;6479385130747434895;6716678801900521010;12611044509825579376;17048330770198727392;12867931280649719618;12586153124935780949;14328404969792242929;16014246983496208715;16794876969260276264","true;true;true;true;true;true;true;true;true;true;true;true;true;true;true;true","false;false;false;false;false;false;false;false;false;false;false;false;false;false;false;false","0;0;0;0;0;0;0;1;0;0;0;0;0;0;0;0","0;0;0;0;0;0;0;0.001953125;0;0;0;0;0;0;0;0","8","0.0001220703125","true","4","0,2,4,6","1,1,1,1","0,0,0,0","true","8","2","true"
"1","2","G(S)","fused","512","1","16","128,128,128,128","fused","avx2_fused","0.0075","33554432","4473924266.66667","16794876969260276264","5156533420041995800;13175200098663782325;4549353948644942164;13977311238581039400;8060378311007652497;8231470391171241854;6353379237560784982;6479385130747434895;6716678801900521010;12611044509825579376;17048330770198727392;12867931280649719618;12586153124935780949;14328404969792242929;16014246983496208715;16794876969260276264","true;true;true;true;true;true;true;true;true;true;true;true;true;true;true;true","false;false;false;false;false;false;false;false;false;false;false;false;false;false;false;false","0;0;0;0;0;0;0;1;0;0;0;0;0;0;0;0","0;0;0;0;0;0;0;0.001953125;0;0;0;0;0;0;0;0","8","0.0001220703125","true","4","0,2,4,6","1,1,1,1","0,0,0,0","true","8","2","true"
"2","1","G(S)","fused","512","1","16","128,128,128,128","fused","avx2_fused","0.0091326","33554432","3674137923.48291","16794876969260276264","5156533420041995800;13175200098663782325;4549353948644942164;13977311238581039400;8060378311007652497;8231470391171241854;6353379237560784982;6479385130747434895;6716678801900521010;12611044509825579376;17048330770198727392;12867931280649719618;12586153124935780949;14328404969792242929;16014246983496208715;16794876969260276264","true;true;true;true;true;true;true;true;true;true;true;true;true;true;true;true","false;false;false;false;false;false;false;false;false;false;false;false;false;false;false;false","0;0;0;0;0;0;0;1;0;0;0;0;0;0;0;0","0;0;0;0;0;0;0;0.001953125;0;0;0;0;0;0;0;0","8","0.0001220703125","true","4","0,2,4,6","1,1,1,1","0,0,0,0","true","8","2","true"
"2","2","F(S)","repeat","512","1","16","128,128,128,128","repeat","avx2_repeat","0.007521","33554432","4461432256.34889","16794876969260276264","5156533420041995800;13175200098663782325;4549353948644942164;13977311238581039400;8060378311007652497;8231470391171241854;6353379237560784982;6479385130747434895;6716678801900521010;12611044509825579376;17048330770198727392;12867931280649719618;12586153124935780949;14328404969792242929;16014246983496208715;16794876969260276264","true;true;true;true;true;true;true;true;true;true;true;true;true;true;true;true","false;false;false;false;false;false;false;false;false;false;false;false;false;false;false;false","0;0;0;0;0;0;0;1;0;0;0;0;0;0;0;0","0;0;0;0;0;0;0;0.001953125;0;0;0;0;0;0;0;0","8","0.0001220703125","true","4","0,2,4,6","1,1,1,1","0,0,0,0","true","8","2","true"
"3","1","F(S)","repeat","512","1","16","128,128,128,128","repeat","avx2_repeat","0.0072369","33554432","4636575329.21555","16794876969260276264","5156533420041995800;13175200098663782325;4549353948644942164;13977311238581039400;8060378311007652497;8231470391171241854;6353379237560784982;6479385130747434895;6716678801900521010;12611044509825579376;17048330770198727392;12867931280649719618;12586153124935780949;14328404969792242929;16014246983496208715;16794876969260276264","true;true;true;true;true;true;true;true;true;true;true;true;true;true;true;true","false;false;false;false;false;false;false;false;false;false;false;false;false;false;false;false","0;0;0;0;0;0;0;1;0;0;0;0;0;0;0;0","0;0;0;0;0;0;0;0.001953125;0;0;0;0;0;0;0;0","8","0.0001220703125","true","4","0,2,4,6","1,1,1,1","0,0,0,0","true","8","2","true"
"3","2","G(S)","fused","512","1","16","128,128,128,128","fused","avx2_fused","0.0078381","33554432","4280939513.40248","16794876969260276264","5156533420041995800;13175200098663782325;4549353948644942164;13977311238581039400;8060378311007652497;8231470391171241854;6353379237560784982;6479385130747434895;6716678801900521010;12611044509825579376;17048330770198727392;12867931280649719618;12586153124935780949;14328404969792242929;16014246983496208715;16794876969260276264","true;true;true;true;true;true;true;true;true;true;true;true;true;true;true;true","false;false;false;false;false;false;false;false;false;false;false;false;false;false;false;false","0;0;0;0;0;0;0;1;0;0;0;0;0;0;0;0","0;0;0;0;0;0;0;0.001953125;0;0;0;0;0;0;0;0","8","0.0001220703125","true","4","0,2,4,6","1,1,1,1","0,0,0,0","true","8","2","true"
"4","1","G(S)","fused","512","1","16","128,128,128,128","fused","avx2_fused","0.0088264","33554432","3801598839.8441","16794876969260276264","5156533420041995800;13175200098663782325;4549353948644942164;13977311238581039400;8060378311007652497;8231470391171241854;6353379237560784982;6479385130747434895;6716678801900521010;12611044509825579376;17048330770198727392;12867931280649719618;12586153124935780949;14328404969792242929;16014246983496208715;16794876969260276264","true;true;true;true;true;true;true;true;true;true;true;true;true;true;true;true","false;false;false;false;false;false;false;false;false;false;false;false;false;false;false;false","0;0;0;0;0;0;0;1;0;0;0;0;0;0;0;0","0;0;0;0;0;0;0;0.001953125;0;0;0;0;0;0;0;0","8","0.0001220703125","true","4","0,2,4,6","1,1,1,1","0,0,0,0","true","8","2","true"
"4","2","F(S)","repeat","512","1","16","128,128,128,128","repeat","avx2_repeat","0.0077242","33554432","4344065663.75806","16794876969260276264","5156533420041995800;13175200098663782325;4549353948644942164;13977311238581039400;8060378311007652497;8231470391171241854;6353379237560784982;6479385130747434895;6716678801900521010;12611044509825579376;17048330770198727392;12867931280649719618;12586153124935780949;14328404969792242929;16014246983496208715;16794876969260276264","true;true;true;true;true;true;true;true;true;true;true;true;true;true;true;true","false;false;false;false;false;false;false;false;false;false;false;false;false;false;false;false","0;0;0;0;0;0;0;1;0;0;0;0;0;0;0;0","0;0;0;0;0;0;0;0.001953125;0;0;0;0;0;0;0;0","8","0.0001220703125","true","4","0,2,4,6","1,1,1,1","0,0,0,0","true","8","2","true"
"5","1","F(S)","repeat","512","1","16","128,128,128,128","repeat","avx2_repeat","0.0072762","33554432","4611532393.28221","16794876969260276264","5156533420041995800;13175200098663782325;4549353948644942164;13977311238581039400;8060378311007652497;8231470391171241854;6353379237560784982;6479385130747434895;6716678801900521010;12611044509825579376;17048330770198727392;12867931280649719618;12586153124935780949;14328404969792242929;16014246983496208715;16794876969260276264","true;true;true;true;true;true;true;true;true;true;true;true;true;true;true;true","false;false;false;false;false;false;false;false;false;false;false;false;false;false;false;false","0;0;0;0;0;0;0;1;0;0;0;0;0;0;0;0","0;0;0;0;0;0;0;0.001953125;0;0;0;0;0;0;0;0","8","0.0001220703125","true","4","0,2,4,6","1,1,1,1","0,0,0,0","true","8","2","true"
"5","2","G(S)","fused","512","1","16","128,128,128,128","fused","avx2_fused","0.0083896","33554432","3999527033.47001","16794876969260276264","5156533420041995800;13175200098663782325;4549353948644942164;13977311238581039400;8060378311007652497;8231470391171241854;6353379237560784982;6479385130747434895;6716678801900521010;12611044509825579376;17048330770198727392;12867931280649719618;12586153124935780949;14328404969792242929;16014246983496208715;16794876969260276264","true;true;true;true;true;true;true;true;true;true;true;true;true;true;true;true","false;false;false;false;false;false;false;false;false;false;false;false;false;false;false;false","0;0;0;0;0;0;0;1;0;0;0;0;0;0;0;0","0;0;0;0;0;0;0;0.001953125;0;0;0;0;0;0;0;0","8","0.0001220703125","true","4","0,2,4,6","1,1,1,1","0,0,0,0","true","8","2","true"
"6","1","G(S)","fused","512","1","16","128,128,128,128","fused","avx2_fused","0.0074082","33554432","4529363678.08644","16794876969260276264","5156533420041995800;13175200098663782325;4549353948644942164;13977311238581039400;8060378311007652497;8231470391171241854;6353379237560784982;6479385130747434895;6716678801900521010;12611044509825579376;17048330770198727392;12867931280649719618;12586153124935780949;14328404969792242929;16014246983496208715;16794876969260276264","true;true;true;true;true;true;true;true;true;true;true;true;true;true;true;true","false;false;false;false;false;false;false;false;false;false;false;false;false;false;false;false","0;0;0;0;0;0;0;1;0;0;0;0;0;0;0;0","0;0;0;0;0;0;0;0.001953125;0;0;0;0;0;0;0;0","8","0.0001220703125","true","4","0,2,4,6","1,1,1,1","0,0,0,0","true","8","2","true"
"6","2","F(S)","repeat","512","1","16","128,128,128,128","repeat","avx2_repeat","0.0269942","33554432","1243023760.6597","16794876969260276264","5156533420041995800;13175200098663782325;4549353948644942164;13977311238581039400;8060378311007652497;8231470391171241854;6353379237560784982;6479385130747434895;6716678801900521010;12611044509825579376;17048330770198727392;12867931280649719618;12586153124935780949;14328404969792242929;16014246983496208715;16794876969260276264","true;true;true;true;true;true;true;true;true;true;true;true;true;true;true;true","false;false;false;false;false;false;false;false;false;false;false;false;false;false;false;false","0;0;0;0;0;0;0;1;0;0;0;0;0;0;0;0","0;0;0;0;0;0;0;0.001953125;0;0;0;0;0;0;0;0","8","0.0001220703125","true","4","0,2,4,6","1,1,1,1","0,0,0,0","true","8","2","true"
"7","1","F(S)","repeat","512","1","16","128,128,128,128","repeat","avx2_repeat","0.0091983","33554432","3647894937.10794","16794876969260276264","5156533420041995800;13175200098663782325;4549353948644942164;13977311238581039400;8060378311007652497;8231470391171241854;6353379237560784982;6479385130747434895;6716678801900521010;12611044509825579376;17048330770198727392;12867931280649719618;12586153124935780949;14328404969792242929;16014246983496208715;16794876969260276264","true;true;true;true;true;true;true;true;true;true;true;true;true;true;true;true","false;false;false;false;false;false;false;false;false;false;false;false;false;false;false;false","0;0;0;0;0;0;0;1;0;0;0;0;0;0;0;0","0;0;0;0;0;0;0;0.001953125;0;0;0;0;0;0;0;0","8","0.0001220703125","true","4","0,2,4,6","1,1,1,1","0,0,0,0","true","8","2","true"
"7","2","G(S)","fused","512","1","16","128,128,128,128","fused","avx2_fused","0.0078245","33554432","4288380343.79194","16794876969260276264","5156533420041995800;13175200098663782325;4549353948644942164;13977311238581039400;8060378311007652497;8231470391171241854;6353379237560784982;6479385130747434895;6716678801900521010;12611044509825579376;17048330770198727392;12867931280649719618;12586153124935780949;14328404969792242929;16014246983496208715;16794876969260276264","true;true;true;true;true;true;true;true;true;true;true;true;true;true;true;true","false;false;false;false;false;false;false;false;false;false;false;false;false;false;false;false","0;0;0;0;0;0;0;1;0;0;0;0;0;0;0;0","0;0;0;0;0;0;0;0.001953125;0;0;0;0;0;0;0;0","8","0.0001220703125","true","4","0,2,4,6","1,1,1,1","0,0,0,0","true","8","2","true"
"8","1","G(S)","fused","512","1","16","128,128,128,128","fused","avx2_fused","0.0093827","33554432","3576202159.29317","16794876969260276264","5156533420041995800;13175200098663782325;4549353948644942164;13977311238581039400;8060378311007652497;8231470391171241854;6353379237560784982;6479385130747434895;6716678801900521010;12611044509825579376;17048330770198727392;12867931280649719618;12586153124935780949;14328404969792242929;16014246983496208715;16794876969260276264","true;true;true;true;true;true;true;true;true;true;true;true;true;true;true;true","false;false;false;false;false;false;false;false;false;false;false;false;false;false;false;false","0;0;0;0;0;0;0;1;0;0;0;0;0;0;0;0","0;0;0;0;0;0;0;0.001953125;0;0;0;0;0;0;0;0","8","0.0001220703125","true","4","0,2,4,6","1,1,1,1","0,0,0,0","true","8","2","true"
"8","2","F(S)","repeat","512","1","16","128,128,128,128","repeat","avx2_repeat","0.0138391","33554432","2424610848.97139","16794876969260276264","5156533420041995800;13175200098663782325;4549353948644942164;13977311238581039400;8060378311007652497;8231470391171241854;6353379237560784982;6479385130747434895;6716678801900521010;12611044509825579376;17048330770198727392;12867931280649719618;12586153124935780949;14328404969792242929;16014246983496208715;16794876969260276264","true;true;true;true;true;true;true;true;true;true;true;true;true;true;true;true","false;false;false;false;false;false;false;false;false;false;false;false;false;false;false;false","0;0;0;0;0;0;0;1;0;0;0;0;0;0;0;0","0;0;0;0;0;0;0;0.001953125;0;0;0;0;0;0;0;0","8","0.0001220703125","true","4","0,2,4,6","1,1,1,1","0,0,0,0","true","8","2","true"
"9","1","F(S)","repeat","512","1","16","128,128,128,128","repeat","avx2_repeat","0.0099649","33554432","3367262290.64015","16794876969260276264","5156533420041995800;13175200098663782325;4549353948644942164;13977311238581039400;8060378311007652497;8231470391171241854;6353379237560784982;6479385130747434895;6716678801900521010;12611044509825579376;17048330770198727392;12867931280649719618;12586153124935780949;14328404969792242929;16014246983496208715;16794876969260276264","true;true;true;true;true;true;true;true;true;true;true;true;true;true;true;true","false;false;false;false;false;false;false;false;false;false;false;false;false;false;false;false","0;0;0;0;0;0;0;1;0;0;0;0;0;0;0;0","0;0;0;0;0;0;0;0.001953125;0;0;0;0;0;0;0;0","8","0.0001220703125","true","4","0,2,4,6","1,1,1,1","0,0,0,0","true","8","2","true"
"9","2","G(S)","fused","512","1","16","128,128,128,128","fused","avx2_fused","0.0132051","33554432","2541020666.25773","16794876969260276264","5156533420041995800;13175200098663782325;4549353948644942164;13977311238581039400;8060378311007652497;8231470391171241854;6353379237560784982;6479385130747434895;6716678801900521010;12611044509825579376;17048330770198727392;12867931280649719618;12586153124935780949;14328404969792242929;16014246983496208715;16794876969260276264","true;true;true;true;true;true;true;true;true;true;true;true;true;true;true;true","false;false;false;false;false;false;false;false;false;false;false;false;false;false;false;false","0;0;0;0;0;0;0;1;0;0;0;0;0;0;0;0","0;0;0;0;0;0;0;0.001953125;0;0;0;0;0;0;0;0","8","0.0001220703125","true","4","0,2,4,6","1,1,1,1","0,0,0,0","true","8","2","true"
"10","1","G(S)","fused","512","1","16","128,128,128,128","fused","avx2_fused","0.0135987","33554432","2467473508.49714","16794876969260276264","5156533420041995800;13175200098663782325;4549353948644942164;13977311238581039400;8060378311007652497;8231470391171241854;6353379237560784982;6479385130747434895;6716678801900521010;12611044509825579376;17048330770198727392;12867931280649719618;12586153124935780949;14328404969792242929;16014246983496208715;16794876969260276264","true;true;true;true;true;true;true;true;true;true;true;true;true;true;true;true","false;false;false;false;false;false;false;false;false;false;false;false;false;false;false;false","0;0;0;0;0;0;0;1;0;0;0;0;0;0;0;0","0;0;0;0;0;0;0;0.001953125;0;0;0;0;0;0;0;0","8","0.0001220703125","true","4","0,2,4,6","1,1,1,1","0,0,0,0","true","8","2","true"
"10","2","F(S)","repeat","512","1","16","128,128,128,128","repeat","avx2_repeat","0.0083713","33554432","4008270161.14582","16794876969260276264","5156533420041995800;13175200098663782325;4549353948644942164;13977311238581039400;8060378311007652497;8231470391171241854;6353379237560784982;6479385130747434895;6716678801900521010;12611044509825579376;17048330770198727392;12867931280649719618;12586153124935780949;14328404969792242929;16014246983496208715;16794876969260276264","true;true;true;true;true;true;true;true;true;true;true;true;true;true;true;true","false;false;false;false;false;false;false;false;false;false;false;false;false;false;false;false","0;0;0;0;0;0;0;1;0;0;0;0;0;0;0;0","0;0;0;0;0;0;0;0.001953125;0;0;0;0;0;0;0;0","8","0.0001220703125","true","4","0,2,4,6","1,1,1,1","0,0,0,0","true","8","2","true"
"1","1","F(S)","repeat","512","2","1","128,128,128,128","repeat","avx2_repeat","0.0002682","4194304","15638717375.0932","13342772756393143073","13342772756393143073","true","false","0","0","0","0","true","4","0,2,4,6","1,1,1,1","0,0,0,0","true","8","2","true"
"1","2","G(S)","fused","512","2","1","128,128,128,128","fused","avx2_fused","0.0003533","4194304","11871791678.4602","13342772756393143073","13342772756393143073","true","false","0","0","0","0","true","4","0,2,4,6","1,1,1,1","0,0,0,0","true","8","2","true"
"2","1","G(S)","fused","512","2","1","128,128,128,128","fused","avx2_fused","0.0007785","4194304","5387673731.535","13342772756393143073","13342772756393143073","true","false","0","0","0","0","true","4","0,2,4,6","1,1,1,1","0,0,0,0","true","8","2","true"
"2","2","F(S)","repeat","512","2","1","128,128,128,128","repeat","avx2_repeat","0.000638","4194304","6574144200.62696","13342772756393143073","13342772756393143073","true","false","0","0","0","0","true","4","0,2,4,6","1,1,1,1","0,0,0,0","true","8","2","true"
"3","1","F(S)","repeat","512","2","1","128,128,128,128","repeat","avx2_repeat","0.0003406","4194304","12314456840.8691","13342772756393143073","13342772756393143073","true","false","0","0","0","0","true","4","0,2,4,6","1,1,1,1","0,0,0,0","true","8","2","true"
"3","2","G(S)","fused","512","2","1","128,128,128,128","fused","avx2_fused","0.0005746","4194304","7299519665.85451","13342772756393143073","13342772756393143073","true","false","0","0","0","0","true","4","0,2,4,6","1,1,1,1","0,0,0,0","true","8","2","true"
"4","1","G(S)","fused","512","2","1","128,128,128,128","fused","avx2_fused","0.0003324","4194304","12618243080.6257","13342772756393143073","13342772756393143073","true","false","0","0","0","0","true","4","0,2,4,6","1,1,1,1","0,0,0,0","true","8","2","true"
"4","2","F(S)","repeat","512","2","1","128,128,128,128","repeat","avx2_repeat","0.000269","4194304","15592208178.4387","13342772756393143073","13342772756393143073","true","false","0","0","0","0","true","4","0,2,4,6","1,1,1,1","0,0,0,0","true","8","2","true"
"5","1","F(S)","repeat","512","2","1","128,128,128,128","repeat","avx2_repeat","0.000666","4194304","6297753753.75375","13342772756393143073","13342772756393143073","true","false","0","0","0","0","true","4","0,2,4,6","1,1,1,1","0,0,0,0","true","8","2","true"
"5","2","G(S)","fused","512","2","1","128,128,128,128","fused","avx2_fused","0.0006308","4194304","6649181991.12239","13342772756393143073","13342772756393143073","true","false","0","0","0","0","true","4","0,2,4,6","1,1,1,1","0,0,0,0","true","8","2","true"
"6","1","G(S)","fused","512","2","1","128,128,128,128","fused","avx2_fused","0.000833","4194304","5035178871.54862","13342772756393143073","13342772756393143073","true","false","0","0","0","0","true","4","0,2,4,6","1,1,1,1","0,0,0,0","true","8","2","true"
"6","2","F(S)","repeat","512","2","1","128,128,128,128","repeat","avx2_repeat","0.000389","4194304","10782272493.5733","13342772756393143073","13342772756393143073","true","false","0","0","0","0","true","4","0,2,4,6","1,1,1,1","0,0,0,0","true","8","2","true"
"7","1","F(S)","repeat","512","2","1","128,128,128,128","repeat","avx2_repeat","0.0002971","4194304","14117482329.1821","13342772756393143073","13342772756393143073","true","false","0","0","0","0","true","4","0,2,4,6","1,1,1,1","0,0,0,0","true","8","2","true"
"7","2","G(S)","fused","512","2","1","128,128,128,128","fused","avx2_fused","0.0036183","4194304","1159191885.69218","13342772756393143073","13342772756393143073","true","false","0","0","0","0","true","4","0,2,4,6","1,1,1,1","0,0,0,0","true","8","2","true"
"8","1","G(S)","fused","512","2","1","128,128,128,128","fused","avx2_fused","0.0007403","4194304","5665681480.48089","13342772756393143073","13342772756393143073","true","false","0","0","0","0","true","4","0,2,4,6","1,1,1,1","0,0,0,0","true","8","2","true"
"8","2","F(S)","repeat","512","2","1","128,128,128,128","repeat","avx2_repeat","0.0007002","4194304","5990151385.31848","13342772756393143073","13342772756393143073","true","false","0","0","0","0","true","4","0,2,4,6","1,1,1,1","0,0,0,0","true","8","2","true"
"9","1","F(S)","repeat","512","2","1","128,128,128,128","repeat","avx2_repeat","0.0004526","4194304","9267132125.49713","13342772756393143073","13342772756393143073","true","false","0","0","0","0","true","4","0,2,4,6","1,1,1,1","0,0,0,0","true","8","2","true"
"9","2","G(S)","fused","512","2","1","128,128,128,128","fused","avx2_fused","0.0002824","4194304","14852351274.7875","13342772756393143073","13342772756393143073","true","false","0","0","0","0","true","4","0,2,4,6","1,1,1,1","0,0,0,0","true","8","2","true"
"10","1","G(S)","fused","512","2","1","128,128,128,128","fused","avx2_fused","0.0004824","4194304","8694660033.16749","13342772756393143073","13342772756393143073","true","false","0","0","0","0","true","4","0,2,4,6","1,1,1,1","0,0,0,0","true","8","2","true"
"10","2","F(S)","repeat","512","2","1","128,128,128,128","repeat","avx2_repeat","0.0006736","4194304","6226698337.29216","13342772756393143073","13342772756393143073","true","false","0","0","0","0","true","4","0,2,4,6","1,1,1,1","0,0,0,0","true","8","2","true"
"1","1","F(S)","repeat","512","2","2","128,128,128,128","repeat","avx2_repeat","0.0013495","8388608","6216085957.76213","5320820740352473086","13342772756393143073;5320820740352473086","true;true","false;false","0;0","0;0","0","0","true","4","0,2,4,6","1,1,1,1","0,0,0,0","true","8","2","true"
"1","2","G(S)","fused","512","2","2","128,128,128,128","fused","avx2_fused","0.0006408","8388608","13090836454.432","5320820740352473086","13342772756393143073;5320820740352473086","true;true","false;false","0;0","0;0","0","0","true","4","0,2,4,6","1,1,1,1","0,0,0,0","true","8","2","true"
"2","1","G(S)","fused","512","2","2","128,128,128,128","fused","avx2_fused","0.0016602","8388608","5052769545.83785","5320820740352473086","13342772756393143073;5320820740352473086","true;true","false;false","0;0","0;0","0","0","true","4","0,2,4,6","1,1,1,1","0,0,0,0","true","8","2","true"
"2","2","F(S)","repeat","512","2","2","128,128,128,128","repeat","avx2_repeat","0.0013193","8388608","6358377927.68893","5320820740352473086","13342772756393143073;5320820740352473086","true;true","false;false","0;0","0;0","0","0","true","4","0,2,4,6","1,1,1,1","0,0,0,0","true","8","2","true"
"3","1","F(S)","repeat","512","2","2","128,128,128,128","repeat","avx2_repeat","0.0007151","8388608","11730678226.8214","5320820740352473086","13342772756393143073;5320820740352473086","true;true","false;false","0;0","0;0","0","0","true","4","0,2,4,6","1,1,1,1","0,0,0,0","true","8","2","true"
"3","2","G(S)","fused","512","2","2","128,128,128,128","fused","avx2_fused","0.0014835","8388608","5654605999.32592","5320820740352473086","13342772756393143073;5320820740352473086","true;true","false;false","0;0","0;0","0","0","true","4","0,2,4,6","1,1,1,1","0,0,0,0","true","8","2","true"
"4","1","G(S)","fused","512","2","2","128,128,128,128","fused","avx2_fused","0.0016913","8388608","4959858097.32159","5320820740352473086","13342772756393143073;5320820740352473086","true;true","false;false","0;0","0;0","0","0","true","4","0,2,4,6","1,1,1,1","0,0,0,0","true","8","2","true"
"4","2","F(S)","repeat","512","2","2","128,128,128,128","repeat","avx2_repeat","0.0015964","8388608","5254703081.93435","5320820740352473086","13342772756393143073;5320820740352473086","true;true","false;false","0;0","0;0","0","0","true","4","0,2,4,6","1,1,1,1","0,0,0,0","true","8","2","true"
"5","1","F(S)","repeat","512","2","2","128,128,128,128","repeat","avx2_repeat","0.0015195","8388608","5520637051.66173","5320820740352473086","13342772756393143073;5320820740352473086","true;true","false;false","0;0","0;0","0","0","true","4","0,2,4,6","1,1,1,1","0,0,0,0","true","8","2","true"
"5","2","G(S)","fused","512","2","2","128,128,128,128","fused","avx2_fused","0.0006665","8388608","12586058514.6287","5320820740352473086","13342772756393143073;5320820740352473086","true;true","false;false","0;0","0;0","0","0","true","4","0,2,4,6","1,1,1,1","0,0,0,0","true","8","2","true"
"6","1","G(S)","fused","512","2","2","128,128,128,128","fused","avx2_fused","0.0006613","8388608","12685026463.0274","5320820740352473086","13342772756393143073;5320820740352473086","true;true","false;false","0;0","0;0","0","0","true","4","0,2,4,6","1,1,1,1","0,0,0,0","true","8","2","true"
"6","2","F(S)","repeat","512","2","2","128,128,128,128","repeat","avx2_repeat","0.0007271","8388608","11537076055.5632","5320820740352473086","13342772756393143073;5320820740352473086","true;true","false;false","0;0","0;0","0","0","true","4","0,2,4,6","1,1,1,1","0,0,0,0","true","8","2","true"
"7","1","F(S)","repeat","512","2","2","128,128,128,128","repeat","avx2_repeat","0.0012953","8388608","6476189299.77611","5320820740352473086","13342772756393143073;5320820740352473086","true;true","false;false","0;0","0;0","0","0","true","4","0,2,4,6","1,1,1,1","0,0,0,0","true","8","2","true"
"7","2","G(S)","fused","512","2","2","128,128,128,128","fused","avx2_fused","0.0013362","8388608","6277958389.46265","5320820740352473086","13342772756393143073;5320820740352473086","true;true","false;false","0;0","0;0","0","0","true","4","0,2,4,6","1,1,1,1","0,0,0,0","true","8","2","true"
"8","1","G(S)","fused","512","2","2","128,128,128,128","fused","avx2_fused","0.0007403","8388608","11331362960.9618","5320820740352473086","13342772756393143073;5320820740352473086","true;true","false;false","0;0","0;0","0","0","true","4","0,2,4,6","1,1,1,1","0,0,0,0","true","8","2","true"
"8","2","F(S)","repeat","512","2","2","128,128,128,128","repeat","avx2_repeat","0.0015192","8388608","5521727224.85519","5320820740352473086","13342772756393143073;5320820740352473086","true;true","false;false","0;0","0;0","0","0","true","4","0,2,4,6","1,1,1,1","0,0,0,0","true","8","2","true"
"9","1","F(S)","repeat","512","2","2","128,128,128,128","repeat","avx2_repeat","0.0014656","8388608","5723668122.27074","5320820740352473086","13342772756393143073;5320820740352473086","true;true","false;false","0;0","0;0","0","0","true","4","0,2,4,6","1,1,1,1","0,0,0,0","true","8","2","true"
"9","2","G(S)","fused","512","2","2","128,128,128,128","fused","avx2_fused","0.0007111","8388608","11796664322.88","5320820740352473086","13342772756393143073;5320820740352473086","true;true","false;false","0;0","0;0","0","0","true","4","0,2,4,6","1,1,1,1","0,0,0,0","true","8","2","true"
"10","1","G(S)","fused","512","2","2","128,128,128,128","fused","avx2_fused","0.0023413","8388608","3582884722.1629","5320820740352473086","13342772756393143073;5320820740352473086","true;true","false;false","0;0","0;0","0","0","true","4","0,2,4,6","1,1,1,1","0,0,0,0","true","8","2","true"
"10","2","F(S)","repeat","512","2","2","128,128,128,128","repeat","avx2_repeat","0.0017062","8388608","4916544367.60052","5320820740352473086","13342772756393143073;5320820740352473086","true;true","false;false","0;0","0;0","0","0","true","4","0,2,4,6","1,1,1,1","0,0,0,0","true","8","2","true"
"1","1","F(S)","repeat","512","2","4","128,128,128,128","repeat","avx2_repeat","0.0036987","16777216","4535976424.14902","5628887773952548123","13342772756393143073;5320820740352473086;15300789243965721646;5628887773952548123","true;true;true;true","false;false;false;false","0;0;0;0","0;0;0;0","0","0","true","4","0,2,4,6","1,1,1,1","0,0,0,0","true","8","2","true"
"1","2","G(S)","fused","512","2","4","128,128,128,128","fused","avx2_fused","0.0028809","16777216","5823602346.48895","5628887773952548123","13342772756393143073;5320820740352473086;15300789243965721646;5628887773952548123","true;true;true;true","false;false;false;false","0;0;0;0","0;0;0;0","0","0","true","4","0,2,4,6","1,1,1,1","0,0,0,0","true","8","2","true"
"2","1","G(S)","fused","512","2","4","128,128,128,128","fused","avx2_fused","0.0031607","16777216","5308069731.38862","5628887773952548123","13342772756393143073;5320820740352473086;15300789243965721646;5628887773952548123","true;true;true;true","false;false;false;false","0;0;0;0","0;0;0;0","0","0","true","4","0,2,4,6","1,1,1,1","0,0,0,0","true","8","2","true"
"2","2","F(S)","repeat","512","2","4","128,128,128,128","repeat","avx2_repeat","0.0030111","16777216","5571789711.40115","5628887773952548123","13342772756393143073;5320820740352473086;15300789243965721646;5628887773952548123","true;true;true;true","false;false;false;false","0;0;0;0","0;0;0;0","0","0","true","4","0,2,4,6","1,1,1,1","0,0,0,0","true","8","2","true"
"3","1","F(S)","repeat","512","2","4","128,128,128,128","repeat","avx2_repeat","0.003135","16777216","5351584051.03668","5628887773952548123","13342772756393143073;5320820740352473086;15300789243965721646;5628887773952548123","true;true;true;true","false;false;false;false","0;0;0;0","0;0;0;0","0","0","true","4","0,2,4,6","1,1,1,1","0,0,0,0","true","8","2","true"
"3","2","G(S)","fused","512","2","4","128,128,128,128","fused","avx2_fused","0.0040783","16777216","4113776818.77253","5628887773952548123","13342772756393143073;5320820740352473086;15300789243965721646;5628887773952548123","true;true;true;true","false;false;false;false","0;0;0;0","0;0;0;0","0","0","true","4","0,2,4,6","1,1,1,1","0,0,0,0","true","8","2","true"
"4","1","G(S)","fused","512","2","4","128,128,128,128","fused","avx2_fused","0.003713","16777216","4518506867.76192","5628887773952548123","13342772756393143073;5320820740352473086;15300789243965721646;5628887773952548123","true;true;true;true","false;false;false;false","0;0;0;0","0;0;0;0","0","0","true","4","0,2,4,6","1,1,1,1","0,0,0,0","true","8","2","true"
"4","2","F(S)","repeat","512","2","4","128,128,128,128","repeat","avx2_repeat","0.0035333","16777216","4748313474.65542","5628887773952548123","13342772756393143073;5320820740352473086;15300789243965721646;5628887773952548123","true;true;true;true","false;false;false;false","0;0;0;0","0;0;0;0","0","0","true","4","0,2,4,6","1,1,1,1","0,0,0,0","true","8","2","true"
"5","1","F(S)","repeat","512","2","4","128,128,128,128","repeat","avx2_repeat","0.003149","16777216","5327791679.89838","5628887773952548123","13342772756393143073;5320820740352473086;15300789243965721646;5628887773952548123","true;true;true;true","false;false;false;false","0;0;0;0","0;0;0;0","0","0","true","4","0,2,4,6","1,1,1,1","0,0,0,0","true","8","2","true"
"5","2","G(S)","fused","512","2","4","128,128,128,128","fused","avx2_fused","0.0040664","16777216","4125815463.30907","5628887773952548123","13342772756393143073;5320820740352473086;15300789243965721646;5628887773952548123","true;true;true;true","false;false;false;false","0;0;0;0","0;0;0;0","0","0","true","4","0,2,4,6","1,1,1,1","0,0,0,0","true","8","2","true"
"6","1","G(S)","fused","512","2","4","128,128,128,128","fused","avx2_fused","0.0037989","16777216","4416335254.94222","5628887773952548123","13342772756393143073;5320820740352473086;15300789243965721646;5628887773952548123","true;true;true;true","false;false;false;false","0;0;0;0","0;0;0;0","0","0","true","4","0,2,4,6","1,1,1,1","0,0,0,0","true","8","2","true"
"6","2","F(S)","repeat","512","2","4","128,128,128,128","repeat","avx2_repeat","0.002987","16777216","5616744559.75896","5628887773952548123","13342772756393143073;5320820740352473086;15300789243965721646;5628887773952548123","true;true;true;true","false;false;false;false","0;0;0;0","0;0;0;0","0","0","true","4","0,2,4,6","1,1,1,1","0,0,0,0","true","8","2","true"
"7","1","F(S)","repeat","512","2","4","128,128,128,128","repeat","avx2_repeat","0.0062053","16777216","2703691360.61109","5628887773952548123","13342772756393143073;5320820740352473086;15300789243965721646;5628887773952548123","true;true;true;true","false;false;false;false","0;0;0;0","0;0;0;0","0","0","true","4","0,2,4,6","1,1,1,1","0,0,0,0","true","8","2","true"
"7","2","G(S)","fused","512","2","4","128,128,128,128","fused","avx2_fused","0.0026137","16777216","6418952442.89704","5628887773952548123","13342772756393143073;5320820740352473086;15300789243965721646;5628887773952548123","true;true;true;true","false;false;false;false","0;0;0;0","0;0;0;0","0","0","true","4","0,2,4,6","1,1,1,1","0,0,0,0","true","8","2","true"
"8","1","G(S)","fused","512","2","4","128,128,128,128","fused","avx2_fused","0.0042273","16777216","3968778179.92572","5628887773952548123","13342772756393143073;5320820740352473086;15300789243965721646;5628887773952548123","true;true;true;true","false;false;false;false","0;0;0;0","0;0;0;0","0","0","true","4","0,2,4,6","1,1,1,1","0,0,0,0","true","8","2","true"
"8","2","F(S)","repeat","512","2","4","128,128,128,128","repeat","avx2_repeat","0.0045179","16777216","3713498749.41898","5628887773952548123","13342772756393143073;5320820740352473086;15300789243965721646;5628887773952548123","true;true;true;true","false;false;false;false","0;0;0;0","0;0;0;0","0","0","true","4","0,2,4,6","1,1,1,1","0,0,0,0","true","8","2","true"
"9","1","F(S)","repeat","512","2","4","128,128,128,128","repeat","avx2_repeat","0.0035224","16777216","4763007040.6541","5628887773952548123","13342772756393143073;5320820740352473086;15300789243965721646;5628887773952548123","true;true;true;true","false;false;false;false","0;0;0;0","0;0;0;0","0","0","true","4","0,2,4,6","1,1,1,1","0,0,0,0","true","8","2","true"
"9","2","G(S)","fused","512","2","4","128,128,128,128","fused","avx2_fused","0.0057868","16777216","2899221676.91989","5628887773952548123","13342772756393143073;5320820740352473086;15300789243965721646;5628887773952548123","true;true;true;true","false;false;false;false","0;0;0;0","0;0;0;0","0","0","true","4","0,2,4,6","1,1,1,1","0,0,0,0","true","8","2","true"
"10","1","G(S)","fused","512","2","4","128,128,128,128","fused","avx2_fused","0.0027926","16777216","6007740456.92186","5628887773952548123","13342772756393143073;5320820740352473086;15300789243965721646;5628887773952548123","true;true;true;true","false;false;false;false","0;0;0;0","0;0;0;0","0","0","true","4","0,2,4,6","1,1,1,1","0,0,0,0","true","8","2","true"
"10","2","F(S)","repeat","512","2","4","128,128,128,128","repeat","avx2_repeat","0.0037473","16777216","4477147813.09209","5628887773952548123","13342772756393143073;5320820740352473086;15300789243965721646;5628887773952548123","true;true;true;true","false;false;false;false","0;0;0;0","0;0;0;0","0","0","true","4","0,2,4,6","1,1,1,1","0,0,0,0","true","8","2","true"
"1","1","F(S)","repeat","512","2","8","128,128,128,128","repeat","avx2_repeat","0.0088055","33554432","3810621997.61513","305228345841125382","13342772756393143073;5320820740352473086;15300789243965721646;5628887773952548123;12395299078947832539;6391872798958585175;16139449341581709178;305228345841125382","true;true;true;true;true;true;true;true","false;false;false;false;false;false;false;false","0;0;0;0;0;0;0;1","0;0;0;0;0;0;0;0.0009765625","8","0.0001220703125","true","4","0,2,4,6","1,1,1,1","0,0,0,0","true","8","2","true"
"1","2","G(S)","fused","512","2","8","128,128,128,128","fused","avx2_fused","0.0081466","33554432","4118826504.30855","305228345841125382","13342772756393143073;5320820740352473086;15300789243965721646;5628887773952548123;12395299078947832539;6391872798958585175;16139449341581709178;305228345841125382","true;true;true;true;true;true;true;true","false;false;false;false;false;false;false;false","0;0;0;0;0;0;0;1","0;0;0;0;0;0;0;0.0009765625","8","0.0001220703125","true","4","0,2,4,6","1,1,1,1","0,0,0,0","true","8","2","true"
"2","1","G(S)","fused","512","2","8","128,128,128,128","fused","avx2_fused","0.0077774","33554432","4314350811.32512","305228345841125382","13342772756393143073;5320820740352473086;15300789243965721646;5628887773952548123;12395299078947832539;6391872798958585175;16139449341581709178;305228345841125382","true;true;true;true;true;true;true;true","false;false;false;false;false;false;false;false","0;0;0;0;0;0;0;1","0;0;0;0;0;0;0;0.0009765625","8","0.0001220703125","true","4","0,2,4,6","1,1,1,1","0,0,0,0","true","8","2","true"
"2","2","F(S)","repeat","512","2","8","128,128,128,128","repeat","avx2_repeat","0.0150069","33554432","2235933603.87555","305228345841125382","13342772756393143073;5320820740352473086;15300789243965721646;5628887773952548123;12395299078947832539;6391872798958585175;16139449341581709178;305228345841125382","true;true;true;true;true;true;true;true","false;false;false;false;false;false;false;false","0;0;0;0;0;0;0;1","0;0;0;0;0;0;0;0.0009765625","8","0.0001220703125","true","4","0,2,4,6","1,1,1,1","0,0,0,0","true","8","2","true"
"3","1","F(S)","repeat","512","2","8","128,128,128,128","repeat","avx2_repeat","0.0103422","33554432","3244419175.80399","305228345841125382","13342772756393143073;5320820740352473086;15300789243965721646;5628887773952548123;12395299078947832539;6391872798958585175;16139449341581709178;305228345841125382","true;true;true;true;true;true;true;true","false;false;false;false;false;false;false;false","0;0;0;0;0;0;0;1","0;0;0;0;0;0;0;0.0009765625","8","0.0001220703125","true","4","0,2,4,6","1,1,1,1","0,0,0,0","true","8","2","true"
"3","2","G(S)","fused","512","2","8","128,128,128,128","fused","avx2_fused","0.0220435","33554432","1522191666.47765","305228345841125382","13342772756393143073;5320820740352473086;15300789243965721646;5628887773952548123;12395299078947832539;6391872798958585175;16139449341581709178;305228345841125382","true;true;true;true;true;true;true;true","false;false;false;false;false;false;false;false","0;0;0;0;0;0;0;1","0;0;0;0;0;0;0;0.0009765625","8","0.0001220703125","true","4","0,2,4,6","1,1,1,1","0,0,0,0","true","8","2","true"
"4","1","G(S)","fused","512","2","8","128,128,128,128","fused","avx2_fused","0.0095102","33554432","3528257239.59538","305228345841125382","13342772756393143073;5320820740352473086;15300789243965721646;5628887773952548123;12395299078947832539;6391872798958585175;16139449341581709178;305228345841125382","true;true;true;true;true;true;true;true","false;false;false;false;false;false;false;false","0;0;0;0;0;0;0;1","0;0;0;0;0;0;0;0.0009765625","8","0.0001220703125","true","4","0,2,4,6","1,1,1,1","0,0,0,0","true","8","2","true"
"4","2","F(S)","repeat","512","2","8","128,128,128,128","repeat","avx2_repeat","0.0066948","33554432","5012014100.49591","305228345841125382","13342772756393143073;5320820740352473086;15300789243965721646;5628887773952548123;12395299078947832539;6391872798958585175;16139449341581709178;305228345841125382","true;true;true;true;true;true;true;true","false;false;false;false;false;false;false;false","0;0;0;0;0;0;0;1","0;0;0;0;0;0;0;0.0009765625","8","0.0001220703125","true","4","0,2,4,6","1,1,1,1","0,0,0,0","true","8","2","true"
"5","1","F(S)","repeat","512","2","8","128,128,128,128","repeat","avx2_repeat","0.0070159","33554432","4782626890.34906","305228345841125382","13342772756393143073;5320820740352473086;15300789243965721646;5628887773952548123;12395299078947832539;6391872798958585175;16139449341581709178;305228345841125382","true;true;true;true;true;true;true;true","false;false;false;false;false;false;false;false","0;0;0;0;0;0;0;1","0;0;0;0;0;0;0;0.0009765625","8","0.0001220703125","true","4","0,2,4,6","1,1,1,1","0,0,0,0","true","8","2","true"
"5","2","G(S)","fused","512","2","8","128,128,128,128","fused","avx2_fused","0.0067619","33554432","4962278649.49201","305228345841125382","13342772756393143073;5320820740352473086;15300789243965721646;5628887773952548123;12395299078947832539;6391872798958585175;16139449341581709178;305228345841125382","true;true;true;true;true;true;true;true","false;false;false;false;false;false;false;false","0;0;0;0;0;0;0;1","0;0;0;0;0;0;0;0.0009765625","8","0.0001220703125","true","4","0,2,4,6","1,1,1,1","0,0,0,0","true","8","2","true"
"6","1","G(S)","fused","512","2","8","128,128,128,128","fused","avx2_fused","0.0115149","33554432","2914001163.70963","305228345841125382","13342772756393143073;5320820740352473086;15300789243965721646;5628887773952548123;12395299078947832539;6391872798958585175;16139449341581709178;305228345841125382","true;true;true;true;true;true;true;true","false;false;false;false;false;false;false;false","0;0;0;0;0;0;0;1","0;0;0;0;0;0;0;0.0009765625","8","0.0001220703125","true","4","0,2,4,6","1,1,1,1","0,0,0,0","true","8","2","true"
"6","2","F(S)","repeat","512","2","8","128,128,128,128","repeat","avx2_repeat","0.0073544","33554432","4562497552.48559","305228345841125382","13342772756393143073;5320820740352473086;15300789243965721646;5628887773952548123;12395299078947832539;6391872798958585175;16139449341581709178;305228345841125382","true;true;true;true;true;true;true;true","false;false;false;false;false;false;false;false","0;0;0;0;0;0;0;1","0;0;0;0;0;0;0;0.0009765625","8","0.0001220703125","true","4","0,2,4,6","1,1,1,1","0,0,0,0","true","8","2","true"
"7","1","F(S)","repeat","512","2","8","128,128,128,128","repeat","avx2_repeat","0.0065215","33554432","5145201564.05735","305228345841125382","13342772756393143073;5320820740352473086;15300789243965721646;5628887773952548123;12395299078947832539;6391872798958585175;16139449341581709178;305228345841125382","true;true;true;true;true;true;true;true","false;false;false;false;false;false;false;false","0;0;0;0;0;0;0;1","0;0;0;0;0;0;0;0.0009765625","8","0.0001220703125","true","4","0,2,4,6","1,1,1,1","0,0,0,0","true","8","2","true"
"7","2","G(S)","fused","512","2","8","128,128,128,128","fused","avx2_fused","0.0063005","33554432","5325677644.63138","305228345841125382","13342772756393143073;5320820740352473086;15300789243965721646;5628887773952548123;12395299078947832539;6391872798958585175;16139449341581709178;305228345841125382","true;true;true;true;true;true;true;true","false;false;false;false;false;false;false;false","0;0;0;0;0;0;0;1","0;0;0;0;0;0;0;0.0009765625","8","0.0001220703125","true","4","0,2,4,6","1,1,1,1","0,0,0,0","true","8","2","true"
"8","1","G(S)","fused","512","2","8","128,128,128,128","fused","avx2_fused","0.008011","33554432","4188544750.96742","305228345841125382","13342772756393143073;5320820740352473086;15300789243965721646;5628887773952548123;12395299078947832539;6391872798958585175;16139449341581709178;305228345841125382","true;true;true;true;true;true;true;true","false;false;false;false;false;false;false;false","0;0;0;0;0;0;0;1","0;0;0;0;0;0;0;0.0009765625","8","0.0001220703125","true","4","0,2,4,6","1,1,1,1","0,0,0,0","true","8","2","true"
"8","2","F(S)","repeat","512","2","8","128,128,128,128","repeat","avx2_repeat","0.007843","33554432","4278264949.63662","305228345841125382","13342772756393143073;5320820740352473086;15300789243965721646;5628887773952548123;12395299078947832539;6391872798958585175;16139449341581709178;305228345841125382","true;true;true;true;true;true;true;true","false;false;false;false;false;false;false;false","0;0;0;0;0;0;0;1","0;0;0;0;0;0;0;0.0009765625","8","0.0001220703125","true","4","0,2,4,6","1,1,1,1","0,0,0,0","true","8","2","true"
"9","1","F(S)","repeat","512","2","8","128,128,128,128","repeat","avx2_repeat","0.0391286","33554432","857542360.319562","305228345841125382","13342772756393143073;5320820740352473086;15300789243965721646;5628887773952548123;12395299078947832539;6391872798958585175;16139449341581709178;305228345841125382","true;true;true;true;true;true;true;true","false;false;false;false;false;false;false;false","0;0;0;0;0;0;0;1","0;0;0;0;0;0;0;0.0009765625","8","0.0001220703125","true","4","0,2,4,6","1,1,1,1","0,0,0,0","true","8","2","true"
"9","2","G(S)","fused","512","2","8","128,128,128,128","fused","avx2_fused","0.0066072","33554432","5078464705.17012","305228345841125382","13342772756393143073;5320820740352473086;15300789243965721646;5628887773952548123;12395299078947832539;6391872798958585175;16139449341581709178;305228345841125382","true;true;true;true;true;true;true;true","false;false;false;false;false;false;false;false","0;0;0;0;0;0;0;1","0;0;0;0;0;0;0;0.0009765625","8","0.0001220703125","true","4","0,2,4,6","1,1,1,1","0,0,0,0","true","8","2","true"
"10","1","G(S)","fused","512","2","8","128,128,128,128","fused","avx2_fused","0.0072344","33554432","4638177595.93055","305228345841125382","13342772756393143073;5320820740352473086;15300789243965721646;5628887773952548123;12395299078947832539;6391872798958585175;16139449341581709178;305228345841125382","true;true;true;true;true;true;true;true","false;false;false;false;false;false;false;false","0;0;0;0;0;0;0;1","0;0;0;0;0;0;0;0.0009765625","8","0.0001220703125","true","4","0,2,4,6","1,1,1,1","0,0,0,0","true","8","2","true"
"10","2","F(S)","repeat","512","2","8","128,128,128,128","repeat","avx2_repeat","0.0088953","33554432","3772152934.69585","305228345841125382","13342772756393143073;5320820740352473086;15300789243965721646;5628887773952548123;12395299078947832539;6391872798958585175;16139449341581709178;305228345841125382","true;true;true;true;true;true;true;true","false;false;false;false;false;false;false;false","0;0;0;0;0;0;0;1","0;0;0;0;0;0;0;0.0009765625","8","0.0001220703125","true","4","0,2,4,6","1,1,1,1","0,0,0,0","true","8","2","true"
"1","1","F(S)","repeat","512","2","16","128,128,128,128","repeat","avx2_repeat","0.0156031","67108864","4300995571.39286","12484377250881909059","13342772756393143073;5320820740352473086;15300789243965721646;5628887773952548123;12395299078947832539;6391872798958585175;16139449341581709178;305228345841125382;628524683829051360;6662536874091547767;6242819449817947043;10501880766753039895;2461832081510741194;7898302583175902778;654565421702442320;12484377250881909059","true;true;true;true;true;true;true;true;true;true;true;true;true;true;true;true","false;false;false;false;false;false;false;false;false;false;false;false;false;false;false;false","0;0;0;0;0;0;0;1;1;0;0;0;0;0;0;0","0;0;0;0;0;0;0;0.0009765625;0.0009765625;0;0;0;0;0;0;0","16","0.0001220703125","true","4","0,2,4,6","1,1,1,1","0,0,0,0","true","8","2","true"
"1","2","G(S)","fused","512","2","16","128,128,128,128","fused","avx2_fused","0.0305653","67108864","2195589900.96613","12484377250881909059","13342772756393143073;5320820740352473086;15300789243965721646;5628887773952548123;12395299078947832539;6391872798958585175;16139449341581709178;305228345841125382;628524683829051360;6662536874091547767;6242819449817947043;10501880766753039895;2461832081510741194;7898302583175902778;654565421702442320;12484377250881909059","true;true;true;true;true;true;true;true;true;true;true;true;true;true;true;true","false;false;false;false;false;false;false;false;false;false;false;false;false;false;false;false","0;0;0;0;0;0;0;1;1;0;0;0;0;0;0;0","0;0;0;0;0;0;0;0.0009765625;0.0009765625;0;0;0;0;0;0;0","16","0.0001220703125","true","4","0,2,4,6","1,1,1,1","0,0,0,0","true","8","2","true"
"2","1","G(S)","fused","512","2","16","128,128,128,128","fused","avx2_fused","0.0142191","67108864","4719628105.85761","12484377250881909059","13342772756393143073;5320820740352473086;15300789243965721646;5628887773952548123;12395299078947832539;6391872798958585175;16139449341581709178;305228345841125382;628524683829051360;6662536874091547767;6242819449817947043;10501880766753039895;2461832081510741194;7898302583175902778;654565421702442320;12484377250881909059","true;true;true;true;true;true;true;true;true;true;true;true;true;true;true;true","false;false;false;false;false;false;false;false;false;false;false;false;false;false;false;false","0;0;0;0;0;0;0;1;1;0;0;0;0;0;0;0","0;0;0;0;0;0;0;0.0009765625;0.0009765625;0;0;0;0;0;0;0","16","0.0001220703125","true","4","0,2,4,6","1,1,1,1","0,0,0,0","true","8","2","true"
"2","2","F(S)","repeat","512","2","16","128,128,128,128","repeat","avx2_repeat","0.016719","67108864","4013928105.74795","12484377250881909059","13342772756393143073;5320820740352473086;15300789243965721646;5628887773952548123;12395299078947832539;6391872798958585175;16139449341581709178;305228345841125382;628524683829051360;6662536874091547767;6242819449817947043;10501880766753039895;2461832081510741194;7898302583175902778;654565421702442320;12484377250881909059","true;true;true;true;true;true;true;true;true;true;true;true;true;true;true;true","false;false;false;false;false;false;false;false;false;false;false;false;false;false;false;false","0;0;0;0;0;0;0;1;1;0;0;0;0;0;0;0","0;0;0;0;0;0;0;0.0009765625;0.0009765625;0;0;0;0;0;0;0","16","0.0001220703125","true","4","0,2,4,6","1,1,1,1","0,0,0,0","true","8","2","true"
"3","1","F(S)","repeat","512","2","16","128,128,128,128","repeat","avx2_repeat","0.0160382","67108864","4184313950.44332","12484377250881909059","13342772756393143073;5320820740352473086;15300789243965721646;5628887773952548123;12395299078947832539;6391872798958585175;16139449341581709178;305228345841125382;628524683829051360;6662536874091547767;6242819449817947043;10501880766753039895;2461832081510741194;7898302583175902778;654565421702442320;12484377250881909059","true;true;true;true;true;true;true;true;true;true;true;true;true;true;true;true","false;false;false;false;false;false;false;false;false;false;false;false;false;false;false;false","0;0;0;0;0;0;0;1;1;0;0;0;0;0;0;0","0;0;0;0;0;0;0;0.0009765625;0.0009765625;0;0;0;0;0;0;0","16","0.0001220703125","true","4","0,2,4,6","1,1,1,1","0,0,0,0","true","8","2","true"
"3","2","G(S)","fused","512","2","16","128,128,128,128","fused","avx2_fused","0.0149542","67108864","4487626486.20455","12484377250881909059","13342772756393143073;5320820740352473086;15300789243965721646;5628887773952548123;12395299078947832539;6391872798958585175;16139449341581709178;305228345841125382;628524683829051360;6662536874091547767;6242819449817947043;10501880766753039895;2461832081510741194;7898302583175902778;654565421702442320;12484377250881909059","true;true;true;true;true;true;true;true;true;true;true;true;true;true;true;true","false;false;false;false;false;false;false;false;false;false;false;false;false;false;false;false","0;0;0;0;0;0;0;1;1;0;0;0;0;0;0;0","0;0;0;0;0;0;0;0.0009765625;0.0009765625;0;0;0;0;0;0;0","16","0.0001220703125","true","4","0,2,4,6","1,1,1,1","0,0,0,0","true","8","2","true"
"4","1","G(S)","fused","512","2","16","128,128,128,128","fused","avx2_fused","0.0149747","67108864","4481483034.71856","12484377250881909059","13342772756393143073;5320820740352473086;15300789243965721646;5628887773952548123;12395299078947832539;6391872798958585175;16139449341581709178;305228345841125382;628524683829051360;6662536874091547767;6242819449817947043;10501880766753039895;2461832081510741194;7898302583175902778;654565421702442320;12484377250881909059","true;true;true;true;true;true;true;true;true;true;true;true;true;true;true;true","false;false;false;false;false;false;false;false;false;false;false;false;false;false;false;false","0;0;0;0;0;0;0;1;1;0;0;0;0;0;0;0","0;0;0;0;0;0;0;0.0009765625;0.0009765625;0;0;0;0;0;0;0","16","0.0001220703125","true","4","0,2,4,6","1,1,1,1","0,0,0,0","true","8","2","true"
"4","2","F(S)","repeat","512","2","16","128,128,128,128","repeat","avx2_repeat","0.0174115","67108864","3854283892.82945","12484377250881909059","13342772756393143073;5320820740352473086;15300789243965721646;5628887773952548123;12395299078947832539;6391872798958585175;16139449341581709178;305228345841125382;628524683829051360;6662536874091547767;6242819449817947043;10501880766753039895;2461832081510741194;7898302583175902778;654565421702442320;12484377250881909059","true;true;true;true;true;true;true;true;true;true;true;true;true;true;true;true","false;false;false;false;false;false;false;false;false;false;false;false;false;false;false;false","0;0;0;0;0;0;0;1;1;0;0;0;0;0;0;0","0;0;0;0;0;0;0;0.0009765625;0.0009765625;0;0;0;0;0;0;0","16","0.0001220703125","true","4","0,2,4,6","1,1,1,1","0,0,0,0","true","8","2","true"
"5","1","F(S)","repeat","512","2","16","128,128,128,128","repeat","avx2_repeat","0.0183058","67108864","3665989140.05397","12484377250881909059","13342772756393143073;5320820740352473086;15300789243965721646;5628887773952548123;12395299078947832539;6391872798958585175;16139449341581709178;305228345841125382;628524683829051360;6662536874091547767;6242819449817947043;10501880766753039895;2461832081510741194;7898302583175902778;654565421702442320;12484377250881909059","true;true;true;true;true;true;true;true;true;true;true;true;true;true;true;true","false;false;false;false;false;false;false;false;false;false;false;false;false;false;false;false","0;0;0;0;0;0;0;1;1;0;0;0;0;0;0;0","0;0;0;0;0;0;0;0.0009765625;0.0009765625;0;0;0;0;0;0;0","16","0.0001220703125","true","4","0,2,4,6","1,1,1,1","0,0,0,0","true","8","2","true"
"5","2","G(S)","fused","512","2","16","128,128,128,128","fused","avx2_fused","0.0162947","67108864","4118447347.91067","12484377250881909059","13342772756393143073;5320820740352473086;15300789243965721646;5628887773952548123;12395299078947832539;6391872798958585175;16139449341581709178;305228345841125382;628524683829051360;6662536874091547767;6242819449817947043;10501880766753039895;2461832081510741194;7898302583175902778;654565421702442320;12484377250881909059","true;true;true;true;true;true;true;true;true;true;true;true;true;true;true;true","false;false;false;false;false;false;false;false;false;false;false;false;false;false;false;false","0;0;0;0;0;0;0;1;1;0;0;0;0;0;0;0","0;0;0;0;0;0;0;0.0009765625;0.0009765625;0;0;0;0;0;0;0","16","0.0001220703125","true","4","0,2,4,6","1,1,1,1","0,0,0,0","true","8","2","true"
"6","1","G(S)","fused","512","2","16","128,128,128,128","fused","avx2_fused","0.0166609","67108864","4027925502.22377","12484377250881909059","13342772756393143073;5320820740352473086;15300789243965721646;5628887773952548123;12395299078947832539;6391872798958585175;16139449341581709178;305228345841125382;628524683829051360;6662536874091547767;6242819449817947043;10501880766753039895;2461832081510741194;7898302583175902778;654565421702442320;12484377250881909059","true;true;true;true;true;true;true;true;true;true;true;true;true;true;true;true","false;false;false;false;false;false;false;false;false;false;false;false;false;false;false;false","0;0;0;0;0;0;0;1;1;0;0;0;0;0;0;0","0;0;0;0;0;0;0;0.0009765625;0.0009765625;0;0;0;0;0;0;0","16","0.0001220703125","true","4","0,2,4,6","1,1,1,1","0,0,0,0","true","8","2","true"
"6","2","F(S)","repeat","512","2","16","128,128,128,128","repeat","avx2_repeat","0.0160446","67108864","4182644877.40424","12484377250881909059","13342772756393143073;5320820740352473086;15300789243965721646;5628887773952548123;12395299078947832539;6391872798958585175;16139449341581709178;305228345841125382;628524683829051360;6662536874091547767;6242819449817947043;10501880766753039895;2461832081510741194;7898302583175902778;654565421702442320;12484377250881909059","true;true;true;true;true;true;true;true;true;true;true;true;true;true;true;true","false;false;false;false;false;false;false;false;false;false;false;false;false;false;false;false","0;0;0;0;0;0;0;1;1;0;0;0;0;0;0;0","0;0;0;0;0;0;0;0.0009765625;0.0009765625;0;0;0;0;0;0;0","16","0.0001220703125","true","4","0,2,4,6","1,1,1,1","0,0,0,0","true","8","2","true"
"7","1","F(S)","repeat","512","2","16","128,128,128,128","repeat","avx2_repeat","0.0296757","67108864","2261407953.3086","12484377250881909059","13342772756393143073;5320820740352473086;15300789243965721646;5628887773952548123;12395299078947832539;6391872798958585175;16139449341581709178;305228345841125382;628524683829051360;6662536874091547767;6242819449817947043;10501880766753039895;2461832081510741194;7898302583175902778;654565421702442320;12484377250881909059","true;true;true;true;true;true;true;true;true;true;true;true;true;true;true;true","false;false;false;false;false;false;false;false;false;false;false;false;false;false;false;false","0;0;0;0;0;0;0;1;1;0;0;0;0;0;0;0","0;0;0;0;0;0;0;0.0009765625;0.0009765625;0;0;0;0;0;0;0","16","0.0001220703125","true","4","0,2,4,6","1,1,1,1","0,0,0,0","true","8","2","true"
"7","2","G(S)","fused","512","2","16","128,128,128,128","fused","avx2_fused","0.0144705","67108864","4637632701.0124","12484377250881909059","13342772756393143073;5320820740352473086;15300789243965721646;5628887773952548123;12395299078947832539;6391872798958585175;16139449341581709178;305228345841125382;628524683829051360;6662536874091547767;6242819449817947043;10501880766753039895;2461832081510741194;7898302583175902778;654565421702442320;12484377250881909059","true;true;true;true;true;true;true;true;true;true;true;true;true;true;true;true","false;false;false;false;false;false;false;false;false;false;false;false;false;false;false;false","0;0;0;0;0;0;0;1;1;0;0;0;0;0;0;0","0;0;0;0;0;0;0;0.0009765625;0.0009765625;0;0;0;0;0;0;0","16","0.0001220703125","true","4","0,2,4,6","1,1,1,1","0,0,0,0","true","8","2","true"
"8","1","G(S)","fused","512","2","16","128,128,128,128","fused","avx2_fused","0.0475107","67108864","1412500005.26197","12484377250881909059","13342772756393143073;5320820740352473086;15300789243965721646;5628887773952548123;12395299078947832539;6391872798958585175;16139449341581709178;305228345841125382;628524683829051360;6662536874091547767;6242819449817947043;10501880766753039895;2461832081510741194;7898302583175902778;654565421702442320;12484377250881909059","true;true;true;true;true;true;true;true;true;true;true;true;true;true;true;true","false;false;false;false;false;false;false;false;false;false;false;false;false;false;false;false","0;0;0;0;0;0;0;1;1;0;0;0;0;0;0;0","0;0;0;0;0;0;0;0.0009765625;0.0009765625;0;0;0;0;0;0;0","16","0.0001220703125","true","4","0,2,4,6","1,1,1,1","0,0,0,0","true","8","2","true"
"8","2","F(S)","repeat","512","2","16","128,128,128,128","repeat","avx2_repeat","0.0194656","67108864","3447562058.19497","12484377250881909059","13342772756393143073;5320820740352473086;15300789243965721646;5628887773952548123;12395299078947832539;6391872798958585175;16139449341581709178;305228345841125382;628524683829051360;6662536874091547767;6242819449817947043;10501880766753039895;2461832081510741194;7898302583175902778;654565421702442320;12484377250881909059","true;true;true;true;true;true;true;true;true;true;true;true;true;true;true;true","false;false;false;false;false;false;false;false;false;false;false;false;false;false;false;false","0;0;0;0;0;0;0;1;1;0;0;0;0;0;0;0","0;0;0;0;0;0;0;0.0009765625;0.0009765625;0;0;0;0;0;0;0","16","0.0001220703125","true","4","0,2,4,6","1,1,1,1","0,0,0,0","true","8","2","true"
"9","1","F(S)","repeat","512","2","16","128,128,128,128","repeat","avx2_repeat","0.0140569","67108864","4774087031.99141","12484377250881909059","13342772756393143073;5320820740352473086;15300789243965721646;5628887773952548123;12395299078947832539;6391872798958585175;16139449341581709178;305228345841125382;628524683829051360;6662536874091547767;6242819449817947043;10501880766753039895;2461832081510741194;7898302583175902778;654565421702442320;12484377250881909059","true;true;true;true;true;true;true;true;true;true;true;true;true;true;true;true","false;false;false;false;false;false;false;false;false;false;false;false;false;false;false;false","0;0;0;0;0;0;0;1;1;0;0;0;0;0;0;0","0;0;0;0;0;0;0;0.0009765625;0.0009765625;0;0;0;0;0;0;0","16","0.0001220703125","true","4","0,2,4,6","1,1,1,1","0,0,0,0","true","8","2","true"
"9","2","G(S)","fused","512","2","16","128,128,128,128","fused","avx2_fused","0.0139695","67108864","4803956047.10262","12484377250881909059","13342772756393143073;5320820740352473086;15300789243965721646;5628887773952548123;12395299078947832539;6391872798958585175;16139449341581709178;305228345841125382;628524683829051360;6662536874091547767;6242819449817947043;10501880766753039895;2461832081510741194;7898302583175902778;654565421702442320;12484377250881909059","true;true;true;true;true;true;true;true;true;true;true;true;true;true;true;true","false;false;false;false;false;false;false;false;false;false;false;false;false;false;false;false","0;0;0;0;0;0;0;1;1;0;0;0;0;0;0;0","0;0;0;0;0;0;0;0.0009765625;0.0009765625;0;0;0;0;0;0;0","16","0.0001220703125","true","4","0,2,4,6","1,1,1,1","0,0,0,0","true","8","2","true"
"10","1","G(S)","fused","512","2","16","128,128,128,128","fused","avx2_fused","0.0157256","67108864","4267491478.86249","12484377250881909059","13342772756393143073;5320820740352473086;15300789243965721646;5628887773952548123;12395299078947832539;6391872798958585175;16139449341581709178;305228345841125382;628524683829051360;6662536874091547767;6242819449817947043;10501880766753039895;2461832081510741194;7898302583175902778;654565421702442320;12484377250881909059","true;true;true;true;true;true;true;true;true;true;true;true;true;true;true;true","false;false;false;false;false;false;false;false;false;false;false;false;false;false;false;false","0;0;0;0;0;0;0;1;1;0;0;0;0;0;0;0","0;0;0;0;0;0;0;0.0009765625;0.0009765625;0;0;0;0;0;0;0","16","0.0001220703125","true","4","0,2,4,6","1,1,1,1","0,0,0,0","true","8","2","true"
"10","2","F(S)","repeat","512","2","16","128,128,128,128","repeat","avx2_repeat","0.0362203","67108864","1852797022.66409","12484377250881909059","13342772756393143073;5320820740352473086;15300789243965721646;5628887773952548123;12395299078947832539;6391872798958585175;16139449341581709178;305228345841125382;628524683829051360;6662536874091547767;6242819449817947043;10501880766753039895;2461832081510741194;7898302583175902778;654565421702442320;12484377250881909059","true;true;true;true;true;true;true;true;true;true;true;true;true;true;true;true","false;false;false;false;false;false;false;false;false;false;false;false;false;false;false;false","0;0;0;0;0;0;0;1;1;0;0;0;0;0;0;0","0;0;0;0;0;0;0;0.0009765625;0.0009765625;0;0;0;0;0;0;0","16","0.0001220703125","true","4","0,2,4,6","1,1,1,1","0,0,0,0","true","8","2","true"
"1","1","F(S)","repeat","512","4","1","128,128,128,128","repeat","avx2_repeat","0.0006141","8388608","13660003256.7986","5494975376828880146","5494975376828880146","true","false","0","0","0","0","true","4","0,2,4,6","1,1,1,1","0,0,0,0","true","8","2","true"
"1","2","G(S)","fused","512","4","1","128,128,128,128","fused","avx2_fused","0.0012623","8388608","6645494731.83871","5494975376828880146","5494975376828880146","true","false","0","0","0","0","true","4","0,2,4,6","1,1,1,1","0,0,0,0","true","8","2","true"
"2","1","G(S)","fused","512","4","1","128,128,128,128","fused","avx2_fused","0.0006722","8388608","12479333531.687","5494975376828880146","5494975376828880146","true","false","0","0","0","0","true","4","0,2,4,6","1,1,1,1","0,0,0,0","true","8","2","true"
"2","2","F(S)","repeat","512","4","1","128,128,128,128","repeat","avx2_repeat","0.0005863","8388608","14307705952.584","5494975376828880146","5494975376828880146","true","false","0","0","0","0","true","4","0,2,4,6","1,1,1,1","0,0,0,0","true","8","2","true"
"3","1","F(S)","repeat","512","4","1","128,128,128,128","repeat","avx2_repeat","0.0007346","8388608","11419286686.6322","5494975376828880146","5494975376828880146","true","false","0","0","0","0","true","4","0,2,4,6","1,1,1,1","0,0,0,0","true","8","2","true"
"3","2","G(S)","fused","512","4","1","128,128,128,128","fused","avx2_fused","0.0004811","8388608","17436308459.7797","5494975376828880146","5494975376828880146","true","false","0","0","0","0","true","4","0,2,4,6","1,1,1,1","0,0,0,0","true","8","2","true"
"4","1","G(S)","fused","512","4","1","128,128,128,128","fused","avx2_fused","0.0010642","8388608","7882548393.15918","5494975376828880146","5494975376828880146","true","false","0","0","0","0","true","4","0,2,4,6","1,1,1,1","0,0,0,0","true","8","2","true"
"4","2","F(S)","repeat","512","4","1","128,128,128,128","repeat","avx2_repeat","0.0007226","8388608","11608923332.4107","5494975376828880146","5494975376828880146","true","false","0","0","0","0","true","4","0,2,4,6","1,1,1,1","0,0,0,0","true","8","2","true"
"5","1","F(S)","repeat","512","4","1","128,128,128,128","repeat","avx2_repeat","0.001132","8388608","7410431095.40636","5494975376828880146","5494975376828880146","true","false","0","0","0","0","true","4","0,2,4,6","1,1,1,1","0,0,0,0","true","8","2","true"
"5","2","G(S)","fused","512","4","1","128,128,128,128","fused","avx2_fused","0.0129074","8388608","649906875.125897","5494975376828880146","5494975376828880146","true","false","0","0","0","0","true","4","0,2,4,6","1,1,1,1","0,0,0,0","true","8","2","true"
"6","1","G(S)","fused","512","4","1","128,128,128,128","fused","avx2_fused","0.0005754","8388608","14578741744.8731","5494975376828880146","5494975376828880146","true","false","0","0","0","0","true","4","0,2,4,6","1,1,1,1","0,0,0,0","true","8","2","true"
"6","2","F(S)","repeat","512","4","1","128,128,128,128","repeat","avx2_repeat","0.0032059","8388608","2616615614.95992","5494975376828880146","5494975376828880146","true","false","0","0","0","0","true","4","0,2,4,6","1,1,1,1","0,0,0,0","true","8","2","true"
"7","1","F(S)","repeat","512","4","1","128,128,128,128","repeat","avx2_repeat","0.0005941","8388608","14119858609.6617","5494975376828880146","5494975376828880146","true","false","0","0","0","0","true","4","0,2,4,6","1,1,1,1","0,0,0,0","true","8","2","true"
"7","2","G(S)","fused","512","4","1","128,128,128,128","fused","avx2_fused","0.0337005","8388608","248916425.572321","5494975376828880146","5494975376828880146","true","false","0","0","0","0","true","4","0,2,4,6","1,1,1,1","0,0,0,0","true","8","2","true"
"8","1","G(S)","fused","512","4","1","128,128,128,128","fused","avx2_fused","0.0005282","8388608","15881499432.0333","5494975376828880146","5494975376828880146","true","false","0","0","0","0","true","4","0,2,4,6","1,1,1,1","0,0,0,0","true","8","2","true"
"8","2","F(S)","repeat","512","4","1","128,128,128,128","repeat","avx2_repeat","0.0005865","8388608","14302826939.4714","5494975376828880146","5494975376828880146","true","false","0","0","0","0","true","4","0,2,4,6","1,1,1,1","0,0,0,0","true","8","2","true"
"9","1","F(S)","repeat","512","4","1","128,128,128,128","repeat","avx2_repeat","0.0006066","8388608","13828895483.0201","5494975376828880146","5494975376828880146","true","false","0","0","0","0","true","4","0,2,4,6","1,1,1,1","0,0,0,0","true","8","2","true"
"9","2","G(S)","fused","512","4","1","128,128,128,128","fused","avx2_fused","0.0008456","8388608","9920302743.614","5494975376828880146","5494975376828880146","true","false","0","0","0","0","true","4","0,2,4,6","1,1,1,1","0,0,0,0","true","8","2","true"
"10","1","G(S)","fused","512","4","1","128,128,128,128","fused","avx2_fused","0.0025328","8388608","3311989892.60897","5494975376828880146","5494975376828880146","true","false","0","0","0","0","true","4","0,2,4,6","1,1,1,1","0,0,0,0","true","8","2","true"
"10","2","F(S)","repeat","512","4","1","128,128,128,128","repeat","avx2_repeat","0.0016744","8388608","5009918776.8753","5494975376828880146","5494975376828880146","true","false","0","0","0","0","true","4","0,2,4,6","1,1,1,1","0,0,0,0","true","8","2","true"
"1","1","F(S)","repeat","512","4","2","128,128,128,128","repeat","avx2_repeat","0.0026732","16777216","6276079604.96783","16227749103965826276","5494975376828880146;16227749103965826276","true;true","false;false","0;0","0;0","0","0","true","4","0,2,4,6","1,1,1,1","0,0,0,0","true","8","2","true"
"1","2","G(S)","fused","512","4","2","128,128,128,128","fused","avx2_fused","0.0080913","16777216","2073488314.60952","16227749103965826276","5494975376828880146;16227749103965826276","true;true","false;false","0;0","0;0","0","0","true","4","0,2,4,6","1,1,1,1","0,0,0,0","true","8","2","true"
"2","1","G(S)","fused","512","4","2","128,128,128,128","fused","avx2_fused","0.1027081","16777216","163348518.763369","16227749103965826276","5494975376828880146;16227749103965826276","true;true","false;false","0;0","0;0","0","0","true","4","0,2,4,6","1,1,1,1","0,0,0,0","true","8","2","true"
"2","2","F(S)","repeat","512","4","2","128,128,128,128","repeat","avx2_repeat","0.0027462","16777216","6109247687.71393","16227749103965826276","5494975376828880146;16227749103965826276","true;true","false;false","0;0","0;0","0","0","true","4","0,2,4,6","1,1,1,1","0,0,0,0","true","8","2","true"
"3","1","F(S)","repeat","512","4","2","128,128,128,128","repeat","avx2_repeat","0.0338397","16777216","495785009.914391","16227749103965826276","5494975376828880146;16227749103965826276","true;true","false;false","0;0","0;0","0","0","true","4","0,2,4,6","1,1,1,1","0,0,0,0","true","8","2","true"
"3","2","G(S)","fused","512","4","2","128,128,128,128","fused","avx2_fused","0.0024482","16777216","6852878032.84045","16227749103965826276","5494975376828880146;16227749103965826276","true;true","false;false","0;0","0;0","0","0","true","4","0,2,4,6","1,1,1,1","0,0,0,0","true","8","2","true"
"4","1","G(S)","fused","512","4","2","128,128,128,128","fused","avx2_fused","0.0032825","16777216","5111109215.53694","16227749103965826276","5494975376828880146;16227749103965826276","true;true","false;false","0;0","0;0","0","0","true","4","0,2,4,6","1,1,1,1","0,0,0,0","true","8","2","true"
"4","2","F(S)","repeat","512","4","2","128,128,128,128","repeat","avx2_repeat","0.0031575","16777216","5313449247.82265","16227749103965826276","5494975376828880146;16227749103965826276","true;true","false;false","0;0","0;0","0","0","true","4","0,2,4,6","1,1,1,1","0,0,0,0","true","8","2","true"
"5","1","F(S)","repeat","512","4","2","128,128,128,128","repeat","avx2_repeat","0.0606758","16777216","276505888.673903","16227749103965826276","5494975376828880146;16227749103965826276","true;true","false;false","0;0","0;0","0","0","true","4","0,2,4,6","1,1,1,1","0,0,0,0","true","8","2","true"
"5","2","G(S)","fused","512","4","2","128,128,128,128","fused","avx2_fused","0.0356231","16777216","470964514.598673","16227749103965826276","5494975376828880146;16227749103965826276","true;true","false;false","0;0","0;0","0","0","true","4","0,2,4,6","1,1,1,1","0,0,0,0","true","8","2","true"
"6","1","G(S)","fused","512","4","2","128,128,128,128","fused","avx2_fused","0.0025642","16777216","6542865611.10678","16227749103965826276","5494975376828880146;16227749103965826276","true;true","false;false","0;0","0;0","0","0","true","4","0,2,4,6","1,1,1,1","0,0,0,0","true","8","2","true"
"6","2","F(S)","repeat","512","4","2","128,128,128,128","repeat","avx2_repeat","0.0318257","16777216","527159371.200005","16227749103965826276","5494975376828880146;16227749103965826276","true;true","false;false","0;0","0;0","0","0","true","4","0,2,4,6","1,1,1,1","0,0,0,0","true","8","2","true"
"7","1","F(S)","repeat","512","4","2","128,128,128,128","repeat","avx2_repeat","0.0031281","16777216","5363388638.47064","16227749103965826276","5494975376828880146;16227749103965826276","true;true","false;false","0;0","0;0","0","0","true","4","0,2,4,6","1,1,1,1","0,0,0,0","true","8","2","true"
"7","2","G(S)","fused","512","4","2","128,128,128,128","fused","avx2_fused","0.0023939","16777216","7008319478.67497","16227749103965826276","5494975376828880146;16227749103965826276","true;true","false;false","0;0","0;0","0","0","true","4","0,2,4,6","1,1,1,1","0,0,0,0","true","8","2","true"
"8","1","G(S)","fused","512","4","2","128,128,128,128","fused","avx2_fused","0.0026618","16777216","6302958899.99249","16227749103965826276","5494975376828880146;16227749103965826276","true;true","false;false","0;0","0;0","0","0","true","4","0,2,4,6","1,1,1,1","0,0,0,0","true","8","2","true"
"8","2","F(S)","repeat","512","4","2","128,128,128,128","repeat","avx2_repeat","0.0032798","16777216","5115316787.609","16227749103965826276","5494975376828880146;16227749103965826276","true;true","false;false","0;0","0;0","0","0","true","4","0,2,4,6","1,1,1,1","0,0,0,0","true","8","2","true"
"9","1","F(S)","repeat","512","4","2","128,128,128,128","repeat","avx2_repeat","0.0032644","16777216","5139448596.98566","16227749103965826276","5494975376828880146;16227749103965826276","true;true","false;false","0;0","0;0","0","0","true","4","0,2,4,6","1,1,1,1","0,0,0,0","true","8","2","true"
"9","2","G(S)","fused","512","4","2","128,128,128,128","fused","avx2_fused","0.0031653","16777216","5300355732.47402","16227749103965826276","5494975376828880146;16227749103965826276","true;true","false;false","0;0","0;0","0","0","true","4","0,2,4,6","1,1,1,1","0,0,0,0","true","8","2","true"
"10","1","G(S)","fused","512","4","2","128,128,128,128","fused","avx2_fused","0.0057443","16777216","2920671970.47508","16227749103965826276","5494975376828880146;16227749103965826276","true;true","false;false","0;0","0;0","0","0","true","4","0,2,4,6","1,1,1,1","0,0,0,0","true","8","2","true"
"10","2","F(S)","repeat","512","4","2","128,128,128,128","repeat","avx2_repeat","0.1235075","16777216","135839653.46234","16227749103965826276","5494975376828880146;16227749103965826276","true;true","false;false","0;0","0;0","0","0","true","4","0,2,4,6","1,1,1,1","0,0,0,0","true","8","2","true"
"1","1","F(S)","repeat","512","4","4","128,128,128,128","repeat","avx2_repeat","0.0063209","33554432","5308489613.82082","15893249788432566952","5494975376828880146;16227749103965826276;5764023448666592118;15893249788432566952","true;true;true;true","false;false;false;false","0;0;0;0","0;0;0;0","0","0","true","4","0,2,4,6","1,1,1,1","0,0,0,0","true","8","2","true"
"1","2","G(S)","fused","512","4","4","128,128,128,128","fused","avx2_fused","0.0066209","33554432","5067956320.13774","15893249788432566952","5494975376828880146;16227749103965826276;5764023448666592118;15893249788432566952","true;true;true;true","false;false;false;false","0;0;0;0","0;0;0;0","0","0","true","4","0,2,4,6","1,1,1,1","0,0,0,0","true","8","2","true"
"2","1","G(S)","fused","512","4","4","128,128,128,128","fused","avx2_fused","0.0063663","33554432","5270633177.827","15893249788432566952","5494975376828880146;16227749103965826276;5764023448666592118;15893249788432566952","true;true;true;true","false;false;false;false","0;0;0;0","0;0;0;0","0","0","true","4","0,2,4,6","1,1,1,1","0,0,0,0","true","8","2","true"
"2","2","F(S)","repeat","512","4","4","128,128,128,128","repeat","avx2_repeat","0.1983065","33554432","169204902.512021","15893249788432566952","5494975376828880146;16227749103965826276;5764023448666592118;15893249788432566952","true;true;true;true","false;false;false;false","0;0;0;0","0;0;0;0","0","0","true","4","0,2,4,6","1,1,1,1","0,0,0,0","true","8","2","true"
"3","1","F(S)","repeat","512","4","4","128,128,128,128","repeat","avx2_repeat","0.0309749","33554432","1083278138.10537","15893249788432566952","5494975376828880146;16227749103965826276;5764023448666592118;15893249788432566952","true;true;true;true","false;false;false;false","0;0;0;0","0;0;0;0","0","0","true","4","0,2,4,6","1,1,1,1","0,0,0,0","true","8","2","true"
"3","2","G(S)","fused","512","4","4","128,128,128,128","fused","avx2_fused","0.0062085","33554432","5404595635.01651","15893249788432566952","5494975376828880146;16227749103965826276;5764023448666592118;15893249788432566952","true;true;true;true","false;false;false;false","0;0;0;0","0;0;0;0","0","0","true","4","0,2,4,6","1,1,1,1","0,0,0,0","true","8","2","true"
"4","1","G(S)","fused","512","4","4","128,128,128,128","fused","avx2_fused","0.0066167","33554432","5071173243.45973","15893249788432566952","5494975376828880146;16227749103965826276;5764023448666592118;15893249788432566952","true;true;true;true","false;false;false;false","0;0;0;0","0;0;0;0","0","0","true","4","0,2,4,6","1,1,1,1","0,0,0,0","true","8","2","true"
"4","2","F(S)","repeat","512","4","4","128,128,128,128","repeat","avx2_repeat","0.0065749","33554432","5103413283.85223","15893249788432566952","5494975376828880146;16227749103965826276;5764023448666592118;15893249788432566952","true;true;true;true","false;false;false;false","0;0;0;0","0;0;0;0","0","0","true","4","0,2,4,6","1,1,1,1","0,0,0,0","true","8","2","true"
"5","1","F(S)","repeat","512","4","4","128,128,128,128","repeat","avx2_repeat","0.0062321","33554432","5384129266.21845","15893249788432566952","5494975376828880146;16227749103965826276;5764023448666592118;15893249788432566952","true;true;true;true","false;false;false;false","0;0;0;0","0;0;0;0","0","0","true","4","0,2,4,6","1,1,1,1","0,0,0,0","true","8","2","true"
"5","2","G(S)","fused","512","4","4","128,128,128,128","fused","avx2_fused","0.0070967","33554432","4728173940.00028","15893249788432566952","5494975376828880146;16227749103965826276;5764023448666592118;15893249788432566952","true;true;true;true","false;false;false;false","0;0;0;0","0;0;0;0","0","0","true","4","0,2,4,6","1,1,1,1","0,0,0,0","true","8","2","true"
"6","1","G(S)","fused","512","4","4","128,128,128,128","fused","avx2_fused","0.0076649","33554432","4377673811.79141","15893249788432566952","5494975376828880146;16227749103965826276;5764023448666592118;15893249788432566952","true;true;true;true","false;false;false;false","0;0;0;0","0;0;0;0","0","0","true","4","0,2,4,6","1,1,1,1","0,0,0,0","true","8","2","true"
"6","2","F(S)","repeat","512","4","4","128,128,128,128","repeat","avx2_repeat","0.0228059","33554432","1471304881.63151","15893249788432566952","5494975376828880146;16227749103965826276;5764023448666592118;15893249788432566952","true;true;true;true","false;false;false;false","0;0;0;0","0;0;0;0","0","0","true","4","0,2,4,6","1,1,1,1","0,0,0,0","true","8","2","true"
"7","1","F(S)","repeat","512","4","4","128,128,128,128","repeat","avx2_repeat","0.0062418","33554432","5375762119.90131","15893249788432566952","5494975376828880146;16227749103965826276;5764023448666592118;15893249788432566952","true;true;true;true","false;false;false;false","0;0;0;0","0;0;0;0","0","0","true","4","0,2,4,6","1,1,1,1","0,0,0,0","true","8","2","true"
"7","2","G(S)","fused","512","4","4","128,128,128,128","fused","avx2_fused","0.009959","33554432","3369257154.33276","15893249788432566952","5494975376828880146;16227749103965826276;5764023448666592118;15893249788432566952","true;true;true;true","false;false;false;false","0;0;0;0","0;0;0;0","0","0","true","4","0,2,4,6","1,1,1,1","0,0,0,0","true","8","2","true"
"8","1","G(S)","fused","512","4","4","128,128,128,128","fused","avx2_fused","0.0075861","33554432","4423146544.33767","15893249788432566952","5494975376828880146;16227749103965826276;5764023448666592118;15893249788432566952","true;true;true;true","false;false;false;false","0;0;0;0","0;0;0;0","0","0","true","4","0,2,4,6","1,1,1,1","0,0,0,0","true","8","2","true"
"8","2","F(S)","repeat","512","4","4","128,128,128,128","repeat","avx2_repeat","0.0062923","33554432","5332617961.63565","15893249788432566952","5494975376828880146;16227749103965826276;5764023448666592118;15893249788432566952","true;true;true;true","false;false;false;false","0;0;0;0","0;0;0;0","0","0","true","4","0,2,4,6","1,1,1,1","0,0,0,0","true","8","2","true"
"9","1","F(S)","repeat","512","4","4","128,128,128,128","repeat","avx2_repeat","0.0061761","33554432","5432948300.70757","15893249788432566952","5494975376828880146;16227749103965826276;5764023448666592118;15893249788432566952","true;true;true;true","false;false;false;false","0;0;0;0","0;0;0;0","0","0","true","4","0,2,4,6","1,1,1,1","0,0,0,0","true","8","2","true"
"9","2","G(S)","fused","512","4","4","128,128,128,128","fused","avx2_fused","0.0061254","33554432","5477916870.73497","15893249788432566952","5494975376828880146;16227749103965826276;5764023448666592118;15893249788432566952","true;true;true;true","false;false;false;false","0;0;0;0","0;0;0;0","0","0","true","4","0,2,4,6","1,1,1,1","0,0,0,0","true","8","2","true"
"10","1","G(S)","fused","512","4","4","128,128,128,128","fused","avx2_fused","0.0065828","33554432","5097288691.74212","15893249788432566952","5494975376828880146;16227749103965826276;5764023448666592118;15893249788432566952","true;true;true;true","false;false;false;false","0;0;0;0","0;0;0;0","0","0","true","4","0,2,4,6","1,1,1,1","0,0,0,0","true","8","2","true"
"10","2","F(S)","repeat","512","4","4","128,128,128,128","repeat","avx2_repeat","0.0062099","33554432","5403377188.03846","15893249788432566952","5494975376828880146;16227749103965826276;5764023448666592118;15893249788432566952","true;true;true;true","false;false;false;false","0;0;0;0","0;0;0;0","0","0","true","4","0,2,4,6","1,1,1,1","0,0,0,0","true","8","2","true"
"1","1","F(S)","repeat","512","4","8","128,128,128,128","repeat","avx2_repeat","0.0139556","67108864","4808740863.8826","16960448192799020260","5494975376828880146;16227749103965826276;5764023448666592118;15893249788432566952;10904782349079578463;16418257461960485428;11299095194624185441;16960448192799020260","true;true;true;true;true;true;true;true","false;false;false;false;false;false;false;false","0;0;0;0;0;0;0;1","0;0;0;0;0;0;0;0.00048828125","8","6.103515625E-05","true","4","0,2,4,6","1,1,1,1","0,0,0,0","true","8","2","true"
"1","2","G(S)","fused","512","4","8","128,128,128,128","fused","avx2_fused","0.0134084","67108864","5004986724.73971","16960448192799020260","5494975376828880146;16227749103965826276;5764023448666592118;15893249788432566952;10904782349079578463;16418257461960485428;11299095194624185441;16960448192799020260","true;true;true;true;true;true;true;true","false;false;false;false;false;false;false;false","0;0;0;0;0;0;0;1","0;0;0;0;0;0;0;0.00048828125","8","6.103515625E-05","true","4","0,2,4,6","1,1,1,1","0,0,0,0","true","8","2","true"
"2","1","G(S)","fused","512","4","8","128,128,128,128","fused","avx2_fused","0.0127538","67108864","5261872069.50086","16960448192799020260","5494975376828880146;16227749103965826276;5764023448666592118;15893249788432566952;10904782349079578463;16418257461960485428;11299095194624185441;16960448192799020260","true;true;true;true;true;true;true;true","false;false;false;false;false;false;false;false","0;0;0;0;0;0;0;1","0;0;0;0;0;0;0;0.00048828125","8","6.103515625E-05","true","4","0,2,4,6","1,1,1,1","0,0,0,0","true","8","2","true"
"2","2","F(S)","repeat","512","4","8","128,128,128,128","repeat","avx2_repeat","0.0143308","67108864","4682841432.43922","16960448192799020260","5494975376828880146;16227749103965826276;5764023448666592118;15893249788432566952;10904782349079578463;16418257461960485428;11299095194624185441;16960448192799020260","true;true;true;true;true;true;true;true","false;false;false;false;false;false;false;false","0;0;0;0;0;0;0;1","0;0;0;0;0;0;0;0.00048828125","8","6.103515625E-05","true","4","0,2,4,6","1,1,1,1","0,0,0,0","true","8","2","true"
"3","1","F(S)","repeat","512","4","8","128,128,128,128","repeat","avx2_repeat","0.0459423","67108864","1460720599.53463","16960448192799020260","5494975376828880146;16227749103965826276;5764023448666592118;15893249788432566952;10904782349079578463;16418257461960485428;11299095194624185441;16960448192799020260","true;true;true;true;true;true;true;true","false;false;false;false;false;false;false;false","0;0;0;0;0;0;0;1","0;0;0;0;0;0;0;0.00048828125","8","6.103515625E-05","true","4","0,2,4,6","1,1,1,1","0,0,0,0","true","8","2","true"
"3","2","G(S)","fused","512","4","8","128,128,128,128","fused","avx2_fused","0.0173564","67108864","3866519785.20891","16960448192799020260","5494975376828880146;16227749103965826276;5764023448666592118;15893249788432566952;10904782349079578463;16418257461960485428;11299095194624185441;16960448192799020260","true;true;true;true;true;true;true;true","false;false;false;false;false;false;false;false","0;0;0;0;0;0;0;1","0;0;0;0;0;0;0;0.00048828125","8","6.103515625E-05","true","4","0,2,4,6","1,1,1,1","0,0,0,0","true","8","2","true"
"4","1","G(S)","fused","512","4","8","128,128,128,128","fused","avx2_fused","0.0130513","67108864","5141929462.96537","16960448192799020260","5494975376828880146;16227749103965826276;5764023448666592118;15893249788432566952;10904782349079578463;16418257461960485428;11299095194624185441;16960448192799020260","true;true;true;true;true;true;true;true","false;false;false;false;false;false;false;false","0;0;0;0;0;0;0;1","0;0;0;0;0;0;0;0.00048828125","8","6.103515625E-05","true","4","0,2,4,6","1,1,1,1","0,0,0,0","true","8","2","true"
"4","2","F(S)","repeat","512","4","8","128,128,128,128","repeat","avx2_repeat","0.0135714","67108864","4944874073.4191","16960448192799020260","5494975376828880146;16227749103965826276;5764023448666592118;15893249788432566952;10904782349079578463;16418257461960485428;11299095194624185441;16960448192799020260","true;true;true;true;true;true;true;true","false;false;false;false;false;false;false;false","0;0;0;0;0;0;0;1","0;0;0;0;0;0;0;0.00048828125","8","6.103515625E-05","true","4","0,2,4,6","1,1,1,1","0,0,0,0","true","8","2","true"
"5","1","F(S)","repeat","512","4","8","128,128,128,128","repeat","avx2_repeat","0.0248421","67108864","2701416707.92727","16960448192799020260","5494975376828880146;16227749103965826276;5764023448666592118;15893249788432566952;10904782349079578463;16418257461960485428;11299095194624185441;16960448192799020260","true;true;true;true;true;true;true;true","false;false;false;false;false;false;false;false","0;0;0;0;0;0;0;1","0;0;0;0;0;0;0;0.00048828125","8","6.103515625E-05","true","4","0,2,4,6","1,1,1,1","0,0,0,0","true","8","2","true"
"5","2","G(S)","fused","512","4","8","128,128,128,128","fused","avx2_fused","0.0131937","67108864","5086432463.97902","16960448192799020260","5494975376828880146;16227749103965826276;5764023448666592118;15893249788432566952;10904782349079578463;16418257461960485428;11299095194624185441;16960448192799020260","true;true;true;true;true;true;true;true","false;false;false;false;false;false;false;false","0;0;0;0;0;0;0;1","0;0;0;0;0;0;0;0.00048828125","8","6.103515625E-05","true","4","0,2,4,6","1,1,1,1","0,0,0,0","true","8","2","true"
"6","1","G(S)","fused","512","4","8","128,128,128,128","fused","avx2_fused","0.0136362","67108864","4921375749.84233","16960448192799020260","5494975376828880146;16227749103965826276;5764023448666592118;15893249788432566952;10904782349079578463;16418257461960485428;11299095194624185441;16960448192799020260","true;true;true;true;true;true;true;true","false;false;false;false;false;false;false;false","0;0;0;0;0;0;0;1","0;0;0;0;0;0;0;0.00048828125","8","6.103515625E-05","true","4","0,2,4,6","1,1,1,1","0,0,0,0","true","8","2","true"
"6","2","F(S)","repeat","512","4","8","128,128,128,128","repeat","avx2_repeat","0.0134699","67108864","4982135279.40074","16960448192799020260","5494975376828880146;16227749103965826276;5764023448666592118;15893249788432566952;10904782349079578463;16418257461960485428;11299095194624185441;16960448192799020260","true;true;true;true;true;true;true;true","false;false;false;false;false;false;false;false","0;0;0;0;0;0;0;1","0;0;0;0;0;0;0;0.00048828125","8","6.103515625E-05","true","4","0,2,4,6","1,1,1,1","0,0,0,0","true","8","2","true"
"7","1","F(S)","repeat","512","4","8","128,128,128,128","repeat","avx2_repeat","0.0135063","67108864","4968708232.45448","16960448192799020260","5494975376828880146;16227749103965826276;5764023448666592118;15893249788432566952;10904782349079578463;16418257461960485428;11299095194624185441;16960448192799020260","true;true;true;true;true;true;true;true","false;false;false;false;false;false;false;false","0;0;0;0;0;0;0;1","0;0;0;0;0;0;0;0.00048828125","8","6.103515625E-05","true","4","0,2,4,6","1,1,1,1","0,0,0,0","true","8","2","true"
"7","2","G(S)","fused","512","4","8","128,128,128,128","fused","avx2_fused","0.02203","67108864","3046248933.27281","16960448192799020260","5494975376828880146;16227749103965826276;5764023448666592118;15893249788432566952;10904782349079578463;16418257461960485428;11299095194624185441;16960448192799020260","true;true;true;true;true;true;true;true","false;false;false;false;false;false;false;false","0;0;0;0;0;0;0;1","0;0;0;0;0;0;0;0.00048828125","8","6.103515625E-05","true","4","0,2,4,6","1,1,1,1","0,0,0,0","true","8","2","true"
"8","1","G(S)","fused","512","4","8","128,128,128,128","fused","avx2_fused","0.0194205","67108864","3455568291.23864","16960448192799020260","5494975376828880146;16227749103965826276;5764023448666592118;15893249788432566952;10904782349079578463;16418257461960485428;11299095194624185441;16960448192799020260","true;true;true;true;true;true;true;true","false;false;false;false;false;false;false;false","0;0;0;0;0;0;0;1","0;0;0;0;0;0;0;0.00048828125","8","6.103515625E-05","true","4","0,2,4,6","1,1,1,1","0,0,0,0","true","8","2","true"
"8","2","F(S)","repeat","512","4","8","128,128,128,128","repeat","avx2_repeat","0.0347227","67108864","1932708689.12844","16960448192799020260","5494975376828880146;16227749103965826276;5764023448666592118;15893249788432566952;10904782349079578463;16418257461960485428;11299095194624185441;16960448192799020260","true;true;true;true;true;true;true;true","false;false;false;false;false;false;false;false","0;0;0;0;0;0;0;1","0;0;0;0;0;0;0;0.00048828125","8","6.103515625E-05","true","4","0,2,4,6","1,1,1,1","0,0,0,0","true","8","2","true"
"9","1","F(S)","repeat","512","4","8","128,128,128,128","repeat","avx2_repeat","0.0165623","67108864","4051904868.2852","16960448192799020260","5494975376828880146;16227749103965826276;5764023448666592118;15893249788432566952;10904782349079578463;16418257461960485428;11299095194624185441;16960448192799020260","true;true;true;true;true;true;true;true","false;false;false;false;false;false;false;false","0;0;0;0;0;0;0;1","0;0;0;0;0;0;0;0.00048828125","8","6.103515625E-05","true","4","0,2,4,6","1,1,1,1","0,0,0,0","true","8","2","true"
"9","2","G(S)","fused","512","4","8","128,128,128,128","fused","avx2_fused","0.0158809","67108864","4225759497.25771","16960448192799020260","5494975376828880146;16227749103965826276;5764023448666592118;15893249788432566952;10904782349079578463;16418257461960485428;11299095194624185441;16960448192799020260","true;true;true;true;true;true;true;true","false;false;false;false;false;false;false;false","0;0;0;0;0;0;0;1","0;0;0;0;0;0;0;0.00048828125","8","6.103515625E-05","true","4","0,2,4,6","1,1,1,1","0,0,0,0","true","8","2","true"
"10","1","G(S)","fused","512","4","8","128,128,128,128","fused","avx2_fused","0.0149659","67108864","4484118161.95484","16960448192799020260","5494975376828880146;16227749103965826276;5764023448666592118;15893249788432566952;10904782349079578463;16418257461960485428;11299095194624185441;16960448192799020260","true;true;true;true;true;true;true;true","false;false;false;false;false;false;false;false","0;0;0;0;0;0;0;1","0;0;0;0;0;0;0;0.00048828125","8","6.103515625E-05","true","4","0,2,4,6","1,1,1,1","0,0,0,0","true","8","2","true"
"10","2","F(S)","repeat","512","4","8","128,128,128,128","repeat","avx2_repeat","0.0309578","67108864","2167753005.70454","16960448192799020260","5494975376828880146;16227749103965826276;5764023448666592118;15893249788432566952;10904782349079578463;16418257461960485428;11299095194624185441;16960448192799020260","true;true;true;true;true;true;true;true","false;false;false;false;false;false;false;false","0;0;0;0;0;0;0;1","0;0;0;0;0;0;0;0.00048828125","8","6.103515625E-05","true","4","0,2,4,6","1,1,1,1","0,0,0,0","true","8","2","true"
"1","1","F(S)","repeat","512","4","16","128,128,128,128","repeat","avx2_repeat","0.0306674","134217728","4376560386.59945","13839699232716738356","5494975376828880146;16227749103965826276;5764023448666592118;15893249788432566952;10904782349079578463;16418257461960485428;11299095194624185441;16960448192799020260;17960217145308340138;11518951393303039176;970330212952995632;7573901933944824877;10435639660744208275;6746292093335451017;3991222330006023013;13839699232716738356","true;true;true;true;true;true;true;true;true;true;true;true;true;true;true;true","false;false;false;false;false;false;false;false;false;false;false;false;false;false;false;false","0;0;0;0;0;0;0;1;1;0;0;0;0;0;0;0","0;0;0;0;0;0;0;0.00048828125;0.00048828125;0;0;0;0;0;0;0","16","6.103515625E-05","true","4","0,2,4,6","1,1,1,1","0,0,0,0","true","8","2","true"
"1","2","G(S)","fused","512","4","16","128,128,128,128","fused","avx2_fused","0.0494258","134217728","2715539819.28466","13839699232716738356","5494975376828880146;16227749103965826276;5764023448666592118;15893249788432566952;10904782349079578463;16418257461960485428;11299095194624185441;16960448192799020260;17960217145308340138;11518951393303039176;970330212952995632;7573901933944824877;10435639660744208275;6746292093335451017;3991222330006023013;13839699232716738356","true;true;true;true;true;true;true;true;true;true;true;true;true;true;true;true","false;false;false;false;false;false;false;false;false;false;false;false;false;false;false;false","0;0;0;0;0;0;0;1;1;0;0;0;0;0;0;0","0;0;0;0;0;0;0;0.00048828125;0.00048828125;0;0;0;0;0;0;0","16","6.103515625E-05","true","4","0,2,4,6","1,1,1,1","0,0,0,0","true","8","2","true"
"2","1","G(S)","fused","512","4","16","128,128,128,128","fused","avx2_fused","0.0377985","134217728","3550874452.68992","13839699232716738356","5494975376828880146;16227749103965826276;5764023448666592118;15893249788432566952;10904782349079578463;16418257461960485428;11299095194624185441;16960448192799020260;17960217145308340138;11518951393303039176;970330212952995632;7573901933944824877;10435639660744208275;6746292093335451017;3991222330006023013;13839699232716738356","true;true;true;true;true;true;true;true;true;true;true;true;true;true;true;true","false;false;false;false;false;false;false;false;false;false;false;false;false;false;false;false","0;0;0;0;0;0;0;1;1;0;0;0;0;0;0;0","0;0;0;0;0;0;0;0.00048828125;0.00048828125;0;0;0;0;0;0;0","16","6.103515625E-05","true","4","0,2,4,6","1,1,1,1","0,0,0,0","true","8","2","true"
"2","2","F(S)","repeat","512","4","16","128,128,128,128","repeat","avx2_repeat","0.1048884","134217728","1279624133.8413","13839699232716738356","5494975376828880146;16227749103965826276;5764023448666592118;15893249788432566952;10904782349079578463;16418257461960485428;11299095194624185441;16960448192799020260;17960217145308340138;11518951393303039176;970330212952995632;7573901933944824877;10435639660744208275;6746292093335451017;3991222330006023013;13839699232716738356","true;true;true;true;true;true;true;true;true;true;true;true;true;true;true;true","false;false;false;false;false;false;false;false;false;false;false;false;false;false;false;false","0;0;0;0;0;0;0;1;1;0;0;0;0;0;0;0","0;0;0;0;0;0;0;0.00048828125;0.00048828125;0;0;0;0;0;0;0","16","6.103515625E-05","true","4","0,2,4,6","1,1,1,1","0,0,0,0","true","8","2","true"
"3","1","F(S)","repeat","512","4","16","128,128,128,128","repeat","avx2_repeat","0.050405","134217728","2662785993.45303","13839699232716738356","5494975376828880146;16227749103965826276;5764023448666592118;15893249788432566952;10904782349079578463;16418257461960485428;11299095194624185441;16960448192799020260;17960217145308340138;11518951393303039176;970330212952995632;7573901933944824877;10435639660744208275;6746292093335451017;3991222330006023013;13839699232716738356","true;true;true;true;true;true;true;true;true;true;true;true;true;true;true;true","false;false;false;false;false;false;false;false;false;false;false;false;false;false;false;false","0;0;0;0;0;0;0;1;1;0;0;0;0;0;0;0","0;0;0;0;0;0;0;0.00048828125;0.00048828125;0;0;0;0;0;0;0","16","6.103515625E-05","true","4","0,2,4,6","1,1,1,1","0,0,0,0","true","8","2","true"
"3","2","G(S)","fused","512","4","16","128,128,128,128","fused","avx2_fused","0.0503498","134217728","2665705285.8204","13839699232716738356","5494975376828880146;16227749103965826276;5764023448666592118;15893249788432566952;10904782349079578463;16418257461960485428;11299095194624185441;16960448192799020260;17960217145308340138;11518951393303039176;970330212952995632;7573901933944824877;10435639660744208275;6746292093335451017;3991222330006023013;13839699232716738356","true;true;true;true;true;true;true;true;true;true;true;true;true;true;true;true","false;false;false;false;false;false;false;false;false;false;false;false;false;false;false;false","0;0;0;0;0;0;0;1;1;0;0;0;0;0;0;0","0;0;0;0;0;0;0;0.00048828125;0.00048828125;0;0;0;0;0;0;0","16","6.103515625E-05","true","4","0,2,4,6","1,1,1,1","0,0,0,0","true","8","2","true"
"4","1","G(S)","fused","512","4","16","128,128,128,128","fused","avx2_fused","0.0378978","134217728","3541570434.16768","13839699232716738356","5494975376828880146;16227749103965826276;5764023448666592118;15893249788432566952;10904782349079578463;16418257461960485428;11299095194624185441;16960448192799020260;17960217145308340138;11518951393303039176;970330212952995632;7573901933944824877;10435639660744208275;6746292093335451017;3991222330006023013;13839699232716738356","true;true;true;true;true;true;true;true;true;true;true;true;true;true;true;true","false;false;false;false;false;false;false;false;false;false;false;false;false;false;false;false","0;0;0;0;0;0;0;1;1;0;0;0;0;0;0;0","0;0;0;0;0;0;0;0.00048828125;0.00048828125;0;0;0;0;0;0;0","16","6.103515625E-05","true","4","0,2,4,6","1,1,1,1","0,0,0,0","true","8","2","true"
"4","2","F(S)","repeat","512","4","16","128,128,128,128","repeat","avx2_repeat","0.0510466","134217728","2629317682.27463","13839699232716738356","5494975376828880146;16227749103965826276;5764023448666592118;15893249788432566952;10904782349079578463;16418257461960485428;11299095194624185441;16960448192799020260;17960217145308340138;11518951393303039176;970330212952995632;7573901933944824877;10435639660744208275;6746292093335451017;3991222330006023013;13839699232716738356","true;true;true;true;true;true;true;true;true;true;true;true;true;true;true;true","false;false;false;false;false;false;false;false;false;false;false;false;false;false;false;false","0;0;0;0;0;0;0;1;1;0;0;0;0;0;0;0","0;0;0;0;0;0;0;0.00048828125;0.00048828125;0;0;0;0;0;0;0","16","6.103515625E-05","true","4","0,2,4,6","1,1,1,1","0,0,0,0","true","8","2","true"
"5","1","F(S)","repeat","512","4","16","128,128,128,128","repeat","avx2_repeat","0.0571317","134217728","2349268934.75951","13839699232716738356","5494975376828880146;16227749103965826276;5764023448666592118;15893249788432566952;10904782349079578463;16418257461960485428;11299095194624185441;16960448192799020260;17960217145308340138;11518951393303039176;970330212952995632;7573901933944824877;10435639660744208275;6746292093335451017;3991222330006023013;13839699232716738356","true;true;true;true;true;true;true;true;true;true;true;true;true;true;true;true","false;false;false;false;false;false;false;false;false;false;false;false;false;false;false;false","0;0;0;0;0;0;0;1;1;0;0;0;0;0;0;0","0;0;0;0;0;0;0;0.00048828125;0.00048828125;0;0;0;0;0;0;0","16","6.103515625E-05","true","4","0,2,4,6","1,1,1,1","0,0,0,0","true","8","2","true"
"5","2","G(S)","fused","512","4","16","128,128,128,128","fused","avx2_fused","0.0495147","134217728","2710664267.37918","13839699232716738356","5494975376828880146;16227749103965826276;5764023448666592118;15893249788432566952;10904782349079578463;16418257461960485428;11299095194624185441;16960448192799020260;17960217145308340138;11518951393303039176;970330212952995632;7573901933944824877;10435639660744208275;6746292093335451017;3991222330006023013;13839699232716738356","true;true;true;true;true;true;true;true;true;true;true;true;true;true;true;true","false;false;false;false;false;false;false;false;false;false;false;false;false;false;false;false","0;0;0;0;0;0;0;1;1;0;0;0;0;0;0;0","0;0;0;0;0;0;0;0.00048828125;0.00048828125;0;0;0;0;0;0;0","16","6.103515625E-05","true","4","0,2,4,6","1,1,1,1","0,0,0,0","true","8","2","true"
"6","1","G(S)","fused","512","4","16","128,128,128,128","fused","avx2_fused","0.0465005","134217728","2886371716.43316","13839699232716738356","5494975376828880146;16227749103965826276;5764023448666592118;15893249788432566952;10904782349079578463;16418257461960485428;11299095194624185441;16960448192799020260;17960217145308340138;11518951393303039176;970330212952995632;7573901933944824877;10435639660744208275;6746292093335451017;3991222330006023013;13839699232716738356","true;true;true;true;true;true;true;true;true;true;true;true;true;true;true;true","false;false;false;false;false;false;false;false;false;false;false;false;false;false;false;false","0;0;0;0;0;0;0;1;1;0;0;0;0;0;0;0","0;0;0;0;0;0;0;0.00048828125;0.00048828125;0;0;0;0;0;0;0","16","6.103515625E-05","true","4","0,2,4,6","1,1,1,1","0,0,0,0","true","8","2","true"
"6","2","F(S)","repeat","512","4","16","128,128,128,128","repeat","avx2_repeat","0.0354005","134217728","3791407691.98175","13839699232716738356","5494975376828880146;16227749103965826276;5764023448666592118;15893249788432566952;10904782349079578463;16418257461960485428;11299095194624185441;16960448192799020260;17960217145308340138;11518951393303039176;970330212952995632;7573901933944824877;10435639660744208275;6746292093335451017;3991222330006023013;13839699232716738356","true;true;true;true;true;true;true;true;true;true;true;true;true;true;true;true","false;false;false;false;false;false;false;false;false;false;false;false;false;false;false;false","0;0;0;0;0;0;0;1;1;0;0;0;0;0;0;0","0;0;0;0;0;0;0;0.00048828125;0.00048828125;0;0;0;0;0;0;0","16","6.103515625E-05","true","4","0,2,4,6","1,1,1,1","0,0,0,0","true","8","2","true"
"7","1","F(S)","repeat","512","4","16","128,128,128,128","repeat","avx2_repeat","0.0318499","134217728","4214070625.02551","13839699232716738356","5494975376828880146;16227749103965826276;5764023448666592118;15893249788432566952;10904782349079578463;16418257461960485428;11299095194624185441;16960448192799020260;17960217145308340138;11518951393303039176;970330212952995632;7573901933944824877;10435639660744208275;6746292093335451017;3991222330006023013;13839699232716738356","true;true;true;true;true;true;true;true;true;true;true;true;true;true;true;true","false;false;false;false;false;false;false;false;false;false;false;false;false;false;false;false","0;0;0;0;0;0;0;1;1;0;0;0;0;0;0;0","0;0;0;0;0;0;0;0.00048828125;0.00048828125;0;0;0;0;0;0;0","16","6.103515625E-05","true","4","0,2,4,6","1,1,1,1","0,0,0,0","true","8","2","true"
"7","2","G(S)","fused","512","4","16","128,128,128,128","fused","avx2_fused","0.0415599","134217728","3229500744.70824","13839699232716738356","5494975376828880146;16227749103965826276;5764023448666592118;15893249788432566952;10904782349079578463;16418257461960485428;11299095194624185441;16960448192799020260;17960217145308340138;11518951393303039176;970330212952995632;7573901933944824877;10435639660744208275;6746292093335451017;3991222330006023013;13839699232716738356","true;true;true;true;true;true;true;true;true;true;true;true;true;true;true;true","false;false;false;false;false;false;false;false;false;false;false;false;false;false;false;false","0;0;0;0;0;0;0;1;1;0;0;0;0;0;0;0","0;0;0;0;0;0;0;0.00048828125;0.00048828125;0;0;0;0;0;0;0","16","6.103515625E-05","true","4","0,2,4,6","1,1,1,1","0,0,0,0","true","8","2","true"
"8","1","G(S)","fused","512","4","16","128,128,128,128","fused","avx2_fused","0.0975216","134217728","1376287181.50646","13839699232716738356","5494975376828880146;16227749103965826276;5764023448666592118;15893249788432566952;10904782349079578463;16418257461960485428;11299095194624185441;16960448192799020260;17960217145308340138;11518951393303039176;970330212952995632;7573901933944824877;10435639660744208275;6746292093335451017;3991222330006023013;13839699232716738356","true;true;true;true;true;true;true;true;true;true;true;true;true;true;true;true","false;false;false;false;false;false;false;false;false;false;false;false;false;false;false;false","0;0;0;0;0;0;0;1;1;0;0;0;0;0;0;0","0;0;0;0;0;0;0;0.00048828125;0.00048828125;0;0;0;0;0;0;0","16","6.103515625E-05","true","4","0,2,4,6","1,1,1,1","0,0,0,0","true","8","2","true"
"8","2","F(S)","repeat","512","4","16","128,128,128,128","repeat","avx2_repeat","0.0518888","134217728","2586641587.39458","13839699232716738356","5494975376828880146;16227749103965826276;5764023448666592118;15893249788432566952;10904782349079578463;16418257461960485428;11299095194624185441;16960448192799020260;17960217145308340138;11518951393303039176;970330212952995632;7573901933944824877;10435639660744208275;6746292093335451017;3991222330006023013;13839699232716738356","true;true;true;true;true;true;true;true;true;true;true;true;true;true;true;true","false;false;false;false;false;false;false;false;false;false;false;false;false;false;false;false","0;0;0;0;0;0;0;1;1;0;0;0;0;0;0;0","0;0;0;0;0;0;0;0.00048828125;0.00048828125;0;0;0;0;0;0;0","16","6.103515625E-05","true","4","0,2,4,6","1,1,1,1","0,0,0,0","true","8","2","true"
"9","1","F(S)","repeat","512","4","16","128,128,128,128","repeat","avx2_repeat","0.0569286","134217728","2357650249.61092","13839699232716738356","5494975376828880146;16227749103965826276;5764023448666592118;15893249788432566952;10904782349079578463;16418257461960485428;11299095194624185441;16960448192799020260;17960217145308340138;11518951393303039176;970330212952995632;7573901933944824877;10435639660744208275;6746292093335451017;3991222330006023013;13839699232716738356","true;true;true;true;true;true;true;true;true;true;true;true;true;true;true;true","false;false;false;false;false;false;false;false;false;false;false;false;false;false;false;false","0;0;0;0;0;0;0;1;1;0;0;0;0;0;0;0","0;0;0;0;0;0;0;0.00048828125;0.00048828125;0;0;0;0;0;0;0","16","6.103515625E-05","true","4","0,2,4,6","1,1,1,1","0,0,0,0","true","8","2","true"
"9","2","G(S)","fused","512","4","16","128,128,128,128","fused","avx2_fused","0.0299826","134217728","4476520648.64288","13839699232716738356","5494975376828880146;16227749103965826276;5764023448666592118;15893249788432566952;10904782349079578463;16418257461960485428;11299095194624185441;16960448192799020260;17960217145308340138;11518951393303039176;970330212952995632;7573901933944824877;10435639660744208275;6746292093335451017;3991222330006023013;13839699232716738356","true;true;true;true;true;true;true;true;true;true;true;true;true;true;true;true","false;false;false;false;false;false;false;false;false;false;false;false;false;false;false;false","0;0;0;0;0;0;0;1;1;0;0;0;0;0;0;0","0;0;0;0;0;0;0;0.00048828125;0.00048828125;0;0;0;0;0;0;0","16","6.103515625E-05","true","4","0,2,4,6","1,1,1,1","0,0,0,0","true","8","2","true"
"10","1","G(S)","fused","512","4","16","128,128,128,128","fused","avx2_fused","0.0484402","134217728","2770792193.26097","13839699232716738356","5494975376828880146;16227749103965826276;5764023448666592118;15893249788432566952;10904782349079578463;16418257461960485428;11299095194624185441;16960448192799020260;17960217145308340138;11518951393303039176;970330212952995632;7573901933944824877;10435639660744208275;6746292093335451017;3991222330006023013;13839699232716738356","true;true;true;true;true;true;true;true;true;true;true;true;true;true;true;true","false;false;false;false;false;false;false;false;false;false;false;false;false;false;false;false","0;0;0;0;0;0;0;1;1;0;0;0;0;0;0;0","0;0;0;0;0;0;0;0.00048828125;0.00048828125;0;0;0;0;0;0;0","16","6.103515625E-05","true","4","0,2,4,6","1,1,1,1","0,0,0,0","true","8","2","true"
"10","2","F(S)","repeat","512","4","16","128,128,128,128","repeat","avx2_repeat","0.0594501","134217728","2257653527.91669","13839699232716738356","5494975376828880146;16227749103965826276;5764023448666592118;15893249788432566952;10904782349079578463;16418257461960485428;11299095194624185441;16960448192799020260;17960217145308340138;11518951393303039176;970330212952995632;7573901933944824877;10435639660744208275;6746292093335451017;3991222330006023013;13839699232716738356","true;true;true;true;true;true;true;true;true;true;true;true;true;true;true;true","false;false;false;false;false;false;false;false;false;false;false;false;false;false;false;false","0;0;0;0;0;0;0;1;1;0;0;0;0;0;0;0","0;0;0;0;0;0;0;0.00048828125;0.00048828125;0;0;0;0;0;0;0","16","6.103515625E-05","true","4","0,2,4,6","1,1,1,1","0,0,0,0","true","8","2","true"
"1","1","F(S)","repeat","512","8","1","128,128,128,128","repeat","avx2_repeat","0.0030515","16777216","5498022611.83025","3842179408685066247","3842179408685066247","true","false","0","0","0","0","true","4","0,2,4,6","1,1,1,1","0,0,0,0","true","8","2","true"
"1","2","G(S)","fused","512","8","1","128,128,128,128","fused","avx2_fused","0.0028281","16777216","5932327711.18419","3842179408685066247","3842179408685066247","true","false","0","0","0","0","true","4","0,2,4,6","1,1,1,1","0,0,0,0","true","8","2","true"
"2","1","G(S)","fused","512","8","1","128,128,128,128","fused","avx2_fused","0.0034684","16777216","4837162956.98305","3842179408685066247","3842179408685066247","true","false","0","0","0","0","true","4","0,2,4,6","1,1,1,1","0,0,0,0","true","8","2","true"
"2","2","F(S)","repeat","512","8","1","128,128,128,128","repeat","avx2_repeat","0.0026004","16777216","6451782802.64575","3842179408685066247","3842179408685066247","true","false","0","0","0","0","true","4","0,2,4,6","1,1,1,1","0,0,0,0","true","8","2","true"
"3","1","F(S)","repeat","512","8","1","128,128,128,128","repeat","avx2_repeat","0.0030167","16777216","5561446613.84957","3842179408685066247","3842179408685066247","true","false","0","0","0","0","true","4","0,2,4,6","1,1,1,1","0,0,0,0","true","8","2","true"
"3","2","G(S)","fused","512","8","1","128,128,128,128","fused","avx2_fused","0.0035333","16777216","4748313474.65542","3842179408685066247","3842179408685066247","true","false","0","0","0","0","true","4","0,2,4,6","1,1,1,1","0,0,0,0","true","8","2","true"
"4","1","G(S)","fused","512","8","1","128,128,128,128","fused","avx2_fused","0.0022459","16777216","7470152722.73921","3842179408685066247","3842179408685066247","true","false","0","0","0","0","true","4","0,2,4,6","1,1,1,1","0,0,0,0","true","8","2","true"
"4","2","F(S)","repeat","512","8","1","128,128,128,128","repeat","avx2_repeat","0.0030544","16777216","5492802514.40545","3842179408685066247","3842179408685066247","true","false","0","0","0","0","true","4","0,2,4,6","1,1,1,1","0,0,0,0","true","8","2","true"
"5","1","F(S)","repeat","512","8","1","128,128,128,128","repeat","avx2_repeat","0.0033461","16777216","5013961328.11333","3842179408685066247","3842179408685066247","true","false","0","0","0","0","true","4","0,2,4,6","1,1,1,1","0,0,0,0","true","8","2","true"
"5","2","G(S)","fused","512","8","1","128,128,128,128","fused","avx2_fused","0.0033722","16777216","4975154498.54694","3842179408685066247","3842179408685066247","true","false","0","0","0","0","true","4","0,2,4,6","1,1,1,1","0,0,0,0","true","8","2","true"
"6","1","G(S)","fused","512","8","1","128,128,128,128","fused","avx2_fused","0.0021853","16777216","7677305633.09385","3842179408685066247","3842179408685066247","true","false","0","0","0","0","true","4","0,2,4,6","1,1,1,1","0,0,0,0","true","8","2","true"
"6","2","F(S)","repeat","512","8","1","128,128,128,128","repeat","avx2_repeat","0.0030439","16777216","5511750057.49203","3842179408685066247","3842179408685066247","true","false","0","0","0","0","true","4","0,2,4,6","1,1,1,1","0,0,0,0","true","8","2","true"
"7","1","F(S)","repeat","512","8","1","128,128,128,128","repeat","avx2_repeat","0.00255","16777216","6579300392.15686","3842179408685066247","3842179408685066247","true","false","0","0","0","0","true","4","0,2,4,6","1,1,1,1","0,0,0,0","true","8","2","true"
"7","2","G(S)","fused","512","8","1","128,128,128,128","fused","avx2_fused","0.003012","16777216","5570124833.99734","3842179408685066247","3842179408685066247","true","false","0","0","0","0","true","4","0,2,4,6","1,1,1,1","0,0,0,0","true","8","2","true"
"8","1","G(S)","fused","512","8","1","128,128,128,128","fused","avx2_fused","0.0029601","16777216","5667786899.09125","3842179408685066247","3842179408685066247","true","false","0","0","0","0","true","4","0,2,4,6","1,1,1,1","0,0,0,0","true","8","2","true"
"8","2","F(S)","repeat","512","8","1","128,128,128,128","repeat","avx2_repeat","0.0059142","16777216","2836768455.58148","3842179408685066247","3842179408685066247","true","false","0","0","0","0","true","4","0,2,4,6","1,1,1,1","0,0,0,0","true","8","2","true"
"9","1","F(S)","repeat","512","8","1","128,128,128,128","repeat","avx2_repeat","0.0027203","16777216","6167413888.1741","3842179408685066247","3842179408685066247","true","false","0","0","0","0","true","4","0,2,4,6","1,1,1,1","0,0,0,0","true","8","2","true"
"9","2","G(S)","fused","512","8","1","128,128,128,128","fused","avx2_fused","0.0030272","16777216","5542156448.20296","3842179408685066247","3842179408685066247","true","false","0","0","0","0","true","4","0,2,4,6","1,1,1,1","0,0,0,0","true","8","2","true"
"10","1","G(S)","fused","512","8","1","128,128,128,128","fused","avx2_fused","0.0030601","16777216","5482571157.8053","3842179408685066247","3842179408685066247","true","false","0","0","0","0","true","4","0,2,4,6","1,1,1,1","0,0,0,0","true","8","2","true"
"10","2","F(S)","repeat","512","8","1","128,128,128,128","repeat","avx2_repeat","0.0026501","16777216","6330786008.07516","3842179408685066247","3842179408685066247","true","false","0","0","0","0","true","4","0,2,4,6","1,1,1,1","0,0,0,0","true","8","2","true"
"1","1","F(S)","repeat","512","8","2","128,128,128,128","repeat","avx2_repeat","0.0062749","33554432","5347405058.24794","10841506427571730443","3842179408685066247;10841506427571730443","true;true","false;false","0;0","0;0","0","0","true","4","0,2,4,6","1,1,1,1","0,0,0,0","true","8","2","true"
"1","2","G(S)","fused","512","8","2","128,128,128,128","fused","avx2_fused","0.0073472","33554432","4566968641.11498","10841506427571730443","3842179408685066247;10841506427571730443","true;true","false;false","0;0","0;0","0","0","true","4","0,2,4,6","1,1,1,1","0,0,0,0","true","8","2","true"
"2","1","G(S)","fused","512","8","2","128,128,128,128","fused","avx2_fused","0.007885","33554432","4255476474.31833","10841506427571730443","3842179408685066247;10841506427571730443","true;true","false;false","0;0","0;0","0","0","true","4","0,2,4,6","1,1,1,1","0,0,0,0","true","8","2","true"
"2","2","F(S)","repeat","512","8","2","128,128,128,128","repeat","avx2_repeat","0.0061384","33554432","5466315652.28724","10841506427571730443","3842179408685066247;10841506427571730443","true;true","false;false","0;0","0;0","0","0","true","4","0,2,4,6","1,1,1,1","0,0,0,0","true","8","2","true"
"3","1","F(S)","repeat","512","8","2","128,128,128,128","repeat","avx2_repeat","0.0061653","33554432","5442465411.25331","10841506427571730443","3842179408685066247;10841506427571730443","true;true","false;false","0;0","0;0","0","0","true","4","0,2,4,6","1,1,1,1","0,0,0,0","true","8","2","true"
"3","2","G(S)","fused","512","8","2","128,128,128,128","fused","avx2_fused","0.007759","33554432","4324582033.76724","10841506427571730443","3842179408685066247;10841506427571730443","true;true","false;false","0;0","0;0","0","0","true","4","0,2,4,6","1,1,1,1","0,0,0,0","true","8","2","true"
"4","1","G(S)","fused","512","8","2","128,128,128,128","fused","avx2_fused","0.0070953","33554432","4729106873.56419","10841506427571730443","3842179408685066247;10841506427571730443","true;true","false;false","0;0","0;0","0","0","true","4","0,2,4,6","1,1,1,1","0,0,0,0","true","8","2","true"
"4","2","F(S)","repeat","512","8","2","128,128,128,128","repeat","avx2_repeat","0.0068281","33554432","4914168216.6342","10841506427571730443","3842179408685066247;10841506427571730443","true;true","false;false","0;0","0;0","0","0","true","4","0,2,4,6","1,1,1,1","0,0,0,0","true","8","2","true"
"5","1","F(S)","repeat","512","8","2","128,128,128,128","repeat","avx2_repeat","0.0073656","33554432","4555559900.07603","10841506427571730443","3842179408685066247;10841506427571730443","true;true","false;false","0;0","0;0","0","0","true","4","0,2,4,6","1,1,1,1","0,0,0,0","true","8","2","true"
"5","2","G(S)","fused","512","8","2","128,128,128,128","fused","avx2_fused","0.0074148","33554432","4525332038.62545","10841506427571730443","3842179408685066247;10841506427571730443","true;true","false;false","0;0","0;0","0","0","true","4","0,2,4,6","1,1,1,1","0,0,0,0","true","8","2","true"
"6","1","G(S)","fused","512","8","2","128,128,128,128","fused","avx2_fused","0.0063619","33554432","5274278438.83117","10841506427571730443","3842179408685066247;10841506427571730443","true;true","false;false","0;0","0;0","0","0","true","4","0,2,4,6","1,1,1,1","0,0,0,0","true","8","2","true"
"6","2","F(S)","repeat","512","8","2","128,128,128,128","repeat","avx2_repeat","0.0126434","33554432","2653908916.90526","10841506427571730443","3842179408685066247;10841506427571730443","true;true","false;false","0;0","0;0","0","0","true","4","0,2,4,6","1,1,1,1","0,0,0,0","true","8","2","true"
"7","1","F(S)","repeat","512","8","2","128,128,128,128","repeat","avx2_repeat","0.0067781","33554432","4950418553.87203","10841506427571730443","3842179408685066247;10841506427571730443","true;true","false;false","0;0","0;0","0","0","true","4","0,2,4,6","1,1,1,1","0,0,0,0","true","8","2","true"
"7","2","G(S)","fused","512","8","2","128,128,128,128","fused","avx2_fused","0.0098817","33554432","3395613305.40292","10841506427571730443","3842179408685066247;10841506427571730443","true;true","false;false","0;0","0;0","0","0","true","4","0,2,4,6","1,1,1,1","0,0,0,0","true","8","2","true"
"8","1","G(S)","fused","512","8","2","128,128,128,128","fused","avx2_fused","0.0067852","33554432","4945238460.17803","10841506427571730443","3842179408685066247;10841506427571730443","true;true","false;false","0;0","0;0","0","0","true","4","0,2,4,6","1,1,1,1","0,0,0,0","true","8","2","true"
"8","2","F(S)","repeat","512","8","2","128,128,128,128","repeat","avx2_repeat","0.0073441","33554432","4568896393.02297","10841506427571730443","3842179408685066247;10841506427571730443","true;true","false;false","0;0","0;0","0","0","true","4","0,2,4,6","1,1,1,1","0,0,0,0","true","8","2","true"
"9","1","F(S)","repeat","512","8","2","128,128,128,128","repeat","avx2_repeat","0.0078051","33554432","4299039346.0686","10841506427571730443","3842179408685066247;10841506427571730443","true;true","false;false","0;0","0;0","0","0","true","4","0,2,4,6","1,1,1,1","0,0,0,0","true","8","2","true"
"9","2","G(S)","fused","512","8","2","128,128,128,128","fused","avx2_fused","0.0068349","33554432","4909279140.8799","10841506427571730443","3842179408685066247;10841506427571730443","true;true","false;false","0;0","0;0","0","0","true","4","0,2,4,6","1,1,1,1","0,0,0,0","true","8","2","true"
"10","1","G(S)","fused","512","8","2","128,128,128,128","fused","avx2_fused","0.0084994","33554432","3947858907.6876","10841506427571730443","3842179408685066247;10841506427571730443","true;true","false;false","0;0","0;0","0","0","true","4","0,2,4,6","1,1,1,1","0,0,0,0","true","8","2","true"
"10","2","F(S)","repeat","512","8","2","128,128,128,128","repeat","avx2_repeat","0.0073194","33554432","4584314561.30284","10841506427571730443","3842179408685066247;10841506427571730443","true;true","false;false","0;0","0;0","0","0","true","4","0,2,4,6","1,1,1,1","0,0,0,0","true","8","2","true"
"1","1","F(S)","repeat","512","8","4","128,128,128,128","repeat","avx2_repeat","0.0185632","67108864","3615156007.5849","12407374104176774528","3842179408685066247;10841506427571730443;12687390333172725929;12407374104176774528","true;true;true;true","false;false;false;false","0;0;0;0","0;0;0;0","0","0","true","4","0,2,4,6","1,1,1,1","0,0,0,0","true","8","2","true"
"1","2","G(S)","fused","512","8","4","128,128,128,128","fused","avx2_fused","0.0312427","67108864","2147985417.3935","12407374104176774528","3842179408685066247;10841506427571730443;12687390333172725929;12407374104176774528","true;true;true;true","false;false;false;false","0;0;0;0","0;0;0;0","0","0","true","4","0,2,4,6","1,1,1,1","0,0,0,0","true","8","2","true"
"2","1","G(S)","fused","512","8","4","128,128,128,128","fused","avx2_fused","0.0242271","67108864","2769991620.95339","12407374104176774528","3842179408685066247;10841506427571730443;12687390333172725929;12407374104176774528","true;true;true;true","false;false;false;false","0;0;0;0","0;0;0;0","0","0","true","4","0,2,4,6","1,1,1,1","0,0,0,0","true","8","2","true"
"2","2","F(S)","repeat","512","8","4","128,128,128,128","repeat","avx2_repeat","0.0198699","67108864","3377413273.3431","12407374104176774528","3842179408685066247;10841506427571730443;12687390333172725929;12407374104176774528","true;true;true;true","false;false;false;false","0;0;0;0","0;0;0;0","0","0","true","4","0,2,4,6","1,1,1,1","0,0,0,0","true","8","2","true"
"3","1","F(S)","repeat","512","8","4","128,128,128,128","repeat","avx2_repeat","0.0190369","67108864","3525199165.83057","12407374104176774528","3842179408685066247;10841506427571730443;12687390333172725929;12407374104176774528","true;true;true;true","false;false;false;false","0;0;0;0","0;0;0;0","0","0","true","4","0,2,4,6","1,1,1,1","0,0,0,0","true","8","2","true"
"3","2","G(S)","fused","512","8","4","128,128,128,128","fused","avx2_fused","0.0431549","67108864","1555069389.57106","12407374104176774528","3842179408685066247;10841506427571730443;12687390333172725929;12407374104176774528","true;true;true;true","false;false;false;false","0;0;0;0","0;0;0;0","0","0","true","4","0,2,4,6","1,1,1,1","0,0,0,0","true","8","2","true"
"4","1","G(S)","fused","512","8","4","128,128,128,128","fused","avx2_fused","0.0148172","67108864","4529119131.81978","12407374104176774528","3842179408685066247;10841506427571730443;12687390333172725929;12407374104176774528","true;true;true;true","false;false;false;false","0;0;0;0","0;0;0;0","0","0","true","4","0,2,4,6","1,1,1,1","0,0,0,0","true","8","2","true"
"4","2","F(S)","repeat","512","8","4","128,128,128,128","repeat","avx2_repeat","0.013767","67108864","4874617854.28924","12407374104176774528","3842179408685066247;10841506427571730443;12687390333172725929;12407374104176774528","true;true;true;true","false;false;false;false","0;0;0;0","0;0;0;0","0","0","true","4","0,2,4,6","1,1,1,1","0,0,0,0","true","8","2","true"
"5","1","F(S)","repeat","512","8","4","128,128,128,128","repeat","avx2_repeat","0.0144068","67108864","4658138101.45209","12407374104176774528","3842179408685066247;10841506427571730443;12687390333172725929;12407374104176774528","true;true;true;true","false;false;false;false","0;0;0;0","0;0;0;0","0","0","true","4","0,2,4,6","1,1,1,1","0,0,0,0","true","8","2","true"
"5","2","G(S)","fused","512","8","4","128,128,128,128","fused","avx2_fused","0.0148464","67108864","4520211229.65837","12407374104176774528","3842179408685066247;10841506427571730443;12687390333172725929;12407374104176774528","true;true;true;true","false;false;false;false","0;0;0;0","0;0;0;0","0","0","true","4","0,2,4,6","1,1,1,1","0,0,0,0","true","8","2","true"
"6","1","G(S)","fused","512","8","4","128,128,128,128","fused","avx2_fused","0.0164702","67108864","4074562786.12282","12407374104176774528","3842179408685066247;10841506427571730443;12687390333172725929;12407374104176774528","true;true;true;true","false;false;false;false","0;0;0;0","0;0;0;0","0","0","true","4","0,2,4,6","1,1,1,1","0,0,0,0","true","8","2","true"
"6","2","F(S)","repeat","512","8","4","128,128,128,128","repeat","avx2_repeat","0.0139519","67108864","4810016126.83577","12407374104176774528","3842179408685066247;10841506427571730443;12687390333172725929;12407374104176774528","true;true;true;true","false;false;false;false","0;0;0;0","0;0;0;0","0","0","true","4","0,2,4,6","1,1,1,1","0,0,0,0","true","8","2","true"
"7","1","F(S)","repeat","512","8","4","128,128,128,128","repeat","avx2_repeat","0.0154274","67108864","4349978868.76596","12407374104176774528","3842179408685066247;10841506427571730443;12687390333172725929;12407374104176774528","true;true;true;true","false;false;false;false","0;0;0;0","0;0;0;0","0","0","true","4","0,2,4,6","1,1,1,1","0,0,0,0","true","8","2","true"
"7","2","G(S)","fused","512","8","4","128,128,128,128","fused","avx2_fused","0.01448","67108864","4634590055.24862","12407374104176774528","3842179408685066247;10841506427571730443;12687390333172725929;12407374104176774528","true;true;true;true","false;false;false;false","0;0;0;0","0;0;0;0","0","0","true","4","0,2,4,6","1,1,1,1","0,0,0,0","true","8","2","true"
"8","1","G(S)","fused","512","8","4","128,128,128,128","fused","avx2_fused","0.0156896","67108864","4277283295.94126","12407374104176774528","3842179408685066247;10841506427571730443;12687390333172725929;12407374104176774528","true;true;true;true","false;false;false;false","0;0;0;0","0;0;0;0","0","0","true","4","0,2,4,6","1,1,1,1","0,0,0,0","true","8","2","true"
"8","2","F(S)","repeat","512","8","4","128,128,128,128","repeat","avx2_repeat","0.0144935","67108864","4630273156.93242","12407374104176774528","3842179408685066247;10841506427571730443;12687390333172725929;12407374104176774528","true;true;true;true","false;false;false;false","0;0;0;0","0;0;0;0","0","0","true","4","0,2,4,6","1,1,1,1","0,0,0,0","true","8","2","true"
"9","1","F(S)","repeat","512","8","4","128,128,128,128","repeat","avx2_repeat","0.0139559","67108864","4808637493.81982","12407374104176774528","3842179408685066247;10841506427571730443;12687390333172725929;12407374104176774528","true;true;true;true","false;false;false;false","0;0;0;0","0;0;0;0","0","0","true","4","0,2,4,6","1,1,1,1","0,0,0,0","true","8","2","true"
"9","2","G(S)","fused","512","8","4","128,128,128,128","fused","avx2_fused","0.0142686","67108864","4703254979.4654","12407374104176774528","3842179408685066247;10841506427571730443;12687390333172725929;12407374104176774528","true;true;true;true","false;false;false;false","0;0;0;0","0;0;0;0","0","0","true","4","0,2,4,6","1,1,1,1","0,0,0,0","true","8","2","true"
"10","1","G(S)","fused","512","8","4","128,128,128,128","fused","avx2_fused","0.0329071","67108864","2039342998.92728","12407374104176774528","3842179408685066247;10841506427571730443;12687390333172725929;12407374104176774528","true;true;true;true","false;false;false;false","0;0;0;0","0;0;0;0","0","0","true","4","0,2,4,6","1,1,1,1","0,0,0,0","true","8","2","true"
"10","2","F(S)","repeat","512","8","4","128,128,128,128","repeat","avx2_repeat","0.0227864","67108864","2945127971.07046","12407374104176774528","3842179408685066247;10841506427571730443;12687390333172725929;12407374104176774528","true;true;true;true","false;false;false;false","0;0;0;0","0;0;0;0","0","0","true","4","0,2,4,6","1,1,1,1","0,0,0,0","true","8","2","true"
"1","1","F(S)","repeat","512","8","8","128,128,128,128","repeat","avx2_repeat","0.0313737","134217728","4278033129.65956","15867929085574564979","3842179408685066247;10841506427571730443;12687390333172725929;12407374104176774528;12158528587033673171;9027955000904022494;13691867227417576740;15867929085574564979","true;true;true;true;true;true;true;true","false;false;false;false;false;false;false;false","0;0;0;0;0;0;0;1","0;0;0;0;0;0;0;0.000244140625","8","3.0517578125E-05","true","4","0,2,4,6","1,1,1,1","0,0,0,0","true","8","2","true"
"1","2","G(S)","fused","512","8","8","128,128,128,128","fused","avx2_fused","0.0310058","134217728","4328794225.5965","15867929085574564979","3842179408685066247;10841506427571730443;12687390333172725929;12407374104176774528;12158528587033673171;9027955000904022494;13691867227417576740;15867929085574564979","true;true;true;true;true;true;true;true","false;false;false;false;false;false;false;false","0;0;0;0;0;0;0;1","0;0;0;0;0;0;0;0.000244140625","8","3.0517578125E-05","true","4","0,2,4,6","1,1,1,1","0,0,0,0","true","8","2","true"
"2","1","G(S)","fused","512","8","8","128,128,128,128","fused","avx2_fused","0.0312102","134217728","4300444341.91386","15867929085574564979","3842179408685066247;10841506427571730443;12687390333172725929;12407374104176774528;12158528587033673171;9027955000904022494;13691867227417576740;15867929085574564979","true;true;true;true;true;true;true;true","false;false;false;false;false;false;false;false","0;0;0;0;0;0;0;1","0;0;0;0;0;0;0;0.000244140625","8","3.0517578125E-05","true","4","0,2,4,6","1,1,1,1","0,0,0,0","true","8","2","true"
"2","2","F(S)","repeat","512","8","8","128,128,128,128","repeat","avx2_repeat","0.0310499","134217728","4322646063.27235","15867929085574564979","3842179408685066247;10841506427571730443;12687390333172725929;12407374104176774528;12158528587033673171;9027955000904022494;13691867227417576740;15867929085574564979","true;true;true;true;true;true;true;true","false;false;false;false;false;false;false;false","0;0;0;0;0;0;0;1","0;0;0;0;0;0;0;0.000244140625","8","3.0517578125E-05","true","4","0,2,4,6","1,1,1,1","0,0,0,0","true","8","2","true"
"3","1","F(S)","repeat","512","8","8","128,128,128,128","repeat","avx2_repeat","0.027729","134217728","4840337841.24923","15867929085574564979","3842179408685066247;10841506427571730443;12687390333172725929;12407374104176774528;12158528587033673171;9027955000904022494;13691867227417576740;15867929085574564979","true;true;true;true;true;true;true;true","false;false;false;false;false;false;false;false","0;0;0;0;0;0;0;1","0;0;0;0;0;0;0;0.000244140625","8","3.0517578125E-05","true","4","0,2,4,6","1,1,1,1","0,0,0,0","true","8","2","true"
"3","2","G(S)","fused","512","8","8","128,128,128,128","fused","avx2_fused","0.0287534","134217728","4667890684.23213","15867929085574564979","3842179408685066247;10841506427571730443;12687390333172725929;12407374104176774528;12158528587033673171;9027955000904022494;13691867227417576740;15867929085574564979","true;true;true;true;true;true;true;true","false;false;false;false;false;false;false;false","0;0;0;0;0;0;0;1","0;0;0;0;0;0;0;0.000244140625","8","3.0517578125E-05","true","4","0,2,4,6","1,1,1,1","0,0,0,0","true","8","2","true"
"4","1","G(S)","fused","512","8","8","128,128,128,128","fused","avx2_fused","0.0290308","134217728","4623287267.31609","15867929085574564979","3842179408685066247;10841506427571730443;12687390333172725929;12407374104176774528;12158528587033673171;9027955000904022494;13691867227417576740;15867929085574564979","true;true;true;true;true;true;true;true","false;false;false;false;false;false;false;false","0;0;0;0;0;0;0;1","0;0;0;0;0;0;0;0.000244140625","8","3.0517578125E-05","true","4","0,2,4,6","1,1,1,1","0,0,0,0","true","8","2","true"
"4","2","F(S)","repeat","512","8","8","128,128,128,128","repeat","avx2_repeat","0.046154","134217728","2908041079.86307","15867929085574564979","3842179408685066247;10841506427571730443;12687390333172725929;12407374104176774528;12158528587033673171;9027955000904022494;13691867227417576740;15867929085574564979","true;true;true;true;true;true;true;true","false;false;false;false;false;false;false;false","0;0;0;0;0;0;0;1","0;0;0;0;0;0;0;0.000244140625","8","3.0517578125E-05","true","4","0,2,4,6","1,1,1,1","0,0,0,0","true","8","2","true"
"5","1","F(S)","repeat","512","8","8","128,128,128,128","repeat","avx2_repeat","0.0278664","134217728","4816471736.57164","15867929085574564979","3842179408685066247;10841506427571730443;12687390333172725929;12407374104176774528;12158528587033673171;9027955000904022494;13691867227417576740;15867929085574564979","true;true;true;true;true;true;true;true","false;false;false;false;false;false;false;false","0;0;0;0;0;0;0;1","0;0;0;0;0;0;0;0.000244140625","8","3.0517578125E-05","true","4","0,2,4,6","1,1,1,1","0,0,0,0","true","8","2","true"
"5","2","G(S)","fused","512","8","8","128,128,128,128","fused","avx2_fused","0.0291796","134217728","4599711030.99426","15867929085574564979","3842179408685066247;10841506427571730443;12687390333172725929;12407374104176774528;12158528587033673171;9027955000904022494;13691867227417576740;15867929085574564979","true;true;true;true;true;true;true;true","false;false;false;false;false;false;false;false","0;0;0;0;0;0;0;1","0;0;0;0;0;0;0;0.000244140625","8","3.0517578125E-05","true","4","0,2,4,6","1,1,1,1","0,0,0,0","true","8","2","true"
"6","1","G(S)","fused","512","8","8","128,128,128,128","fused","avx2_fused","0.0316645","134217728","4238744587.78758","15867929085574564979","3842179408685066247;10841506427571730443;12687390333172725929;12407374104176774528;12158528587033673171;9027955000904022494;13691867227417576740;15867929085574564979","true;true;true;true;true;true;true;true","false;false;false;false;false;false;false;false","0;0;0;0;0;0;0;1","0;0;0;0;0;0;0;0.000244140625","8","3.0517578125E-05","true","4","0,2,4,6","1,1,1,1","0,0,0,0","true","8","2","true"
"6","2","F(S)","repeat","512","8","8","128,128,128,128","repeat","avx2_repeat","0.0339042","134217728","3958734552.0614","15867929085574564979","3842179408685066247;10841506427571730443;12687390333172725929;12407374104176774528;12158528587033673171;9027955000904022494;13691867227417576740;15867929085574564979","true;true;true;true;true;true;true;true","false;false;false;false;false;false;false;false","0;0;0;0;0;0;0;1","0;0;0;0;0;0;0;0.000244140625","8","3.0517578125E-05","true","4","0,2,4,6","1,1,1,1","0,0,0,0","true","8","2","true"
"7","1","F(S)","repeat","512","8","8","128,128,128,128","repeat","avx2_repeat","0.0286523","134217728","4684361395.07125","15867929085574564979","3842179408685066247;10841506427571730443;12687390333172725929;12407374104176774528;12158528587033673171;9027955000904022494;13691867227417576740;15867929085574564979","true;true;true;true;true;true;true;true","false;false;false;false;false;false;false;false","0;0;0;0;0;0;0;1","0;0;0;0;0;0;0;0.000244140625","8","3.0517578125E-05","true","4","0,2,4,6","1,1,1,1","0,0,0,0","true","8","2","true"
"7","2","G(S)","fused","512","8","8","128,128,128,128","fused","avx2_fused","0.0293435","134217728","4574019050.21555","15867929085574564979","3842179408685066247;10841506427571730443;12687390333172725929;12407374104176774528;12158528587033673171;9027955000904022494;13691867227417576740;15867929085574564979","true;true;true;true;true;true;true;true","false;false;false;false;false;false;false;false","0;0;0;0;0;0;0;1","0;0;0;0;0;0;0;0.000244140625","8","3.0517578125E-05","true","4","0,2,4,6","1,1,1,1","0,0,0,0","true","8","2","true"
"8","1","G(S)","fused","512","8","8","128,128,128,128","fused","avx2_fused","0.0263181","134217728","5099825899.28604","15867929085574564979","3842179408685066247;10841506427571730443;12687390333172725929;12407374104176774528;12158528587033673171;9027955000904022494;13691867227417576740;15867929085574564979","true;true;true;true;true;true;true;true","false;false;false;false;false;false;false;false","0;0;0;0;0;0;0;1","0;0;0;0;0;0;0;0.000244140625","8","3.0517578125E-05","true","4","0,2,4,6","1,1,1,1","0,0,0,0","true","8","2","true"
"8","2","F(S)","repeat","512","8","8","128,128,128,128","repeat","avx2_repeat","0.0436835","134217728","3072503988.9203","15867929085574564979","3842179408685066247;10841506427571730443;12687390333172725929;12407374104176774528;12158528587033673171;9027955000904022494;13691867227417576740;15867929085574564979","true;true;true;true;true;true;true;true","false;false;false;false;false;false;false;false","0;0;0;0;0;0;0;1","0;0;0;0;0;0;0;0.000244140625","8","3.0517578125E-05","true","4","0,2,4,6","1,1,1,1","0,0,0,0","true","8","2","true"
"9","1","F(S)","repeat","512","8","8","128,128,128,128","repeat","avx2_repeat","0.0296127","134217728","4532438041.78613","15867929085574564979","3842179408685066247;10841506427571730443;12687390333172725929;12407374104176774528;12158528587033673171;9027955000904022494;13691867227417576740;15867929085574564979","true;true;true;true;true;true;true;true","false;false;false;false;false;false;false;false","0;0;0;0;0;0;0;1","0;0;0;0;0;0;0;0.000244140625","8","3.0517578125E-05","true","4","0,2,4,6","1,1,1,1","0,0,0,0","true","8","2","true"
"9","2","G(S)","fused","512","8","8","128,128,128,128","fused","avx2_fused","0.027288","134217728","4918562298.4462","15867929085574564979","3842179408685066247;10841506427571730443;12687390333172725929;12407374104176774528;12158528587033673171;9027955000904022494;13691867227417576740;15867929085574564979","true;true;true;true;true;true;true;true","false;false;false;false;false;false;false;false","0;0;0;0;0;0;0;1","0;0;0;0;0;0;0;0.000244140625","8","3.0517578125E-05","true","4","0,2,4,6","1,1,1,1","0,0,0,0","true","8","2","true"
"10","1","G(S)","fused","512","8","8","128,128,128,128","fused","avx2_fused","0.0299231","134217728","4485421898.13221","15867929085574564979","3842179408685066247;10841506427571730443;12687390333172725929;12407374104176774528;12158528587033673171;9027955000904022494;13691867227417576740;15867929085574564979","true;true;true;true;true;true;true;true","false;false;false;false;false;false;false;false","0;0;0;0;0;0;0;1","0;0;0;0;0;0;0;0.000244140625","8","3.0517578125E-05","true","4","0,2,4,6","1,1,1,1","0,0,0,0","true","8","2","true"
"10","2","F(S)","repeat","512","8","8","128,128,128,128","repeat","avx2_repeat","0.0511642","134217728","2623274242.53677","15867929085574564979","3842179408685066247;10841506427571730443;12687390333172725929;12407374104176774528;12158528587033673171;9027955000904022494;13691867227417576740;15867929085574564979","true;true;true;true;true;true;true;true","false;false;false;false;false;false;false;false","0;0;0;0;0;0;0;1","0;0;0;0;0;0;0;0.000244140625","8","3.0517578125E-05","true","4","0,2,4,6","1,1,1,1","0,0,0,0","true","8","2","true"
"1","1","F(S)","repeat","512","8","16","128,128,128,128","repeat","avx2_repeat","0.0577235","268435456","4650366938.94168","1082386642973797661","3842179408685066247;10841506427571730443;12687390333172725929;12407374104176774528;12158528587033673171;9027955000904022494;13691867227417576740;15867929085574564979;1050278693165706475;5314753175995905630;2983025510089583808;9336397203305937811;7125740364763910105;10632135961391979157;4468474695521717838;1082386642973797661","true;true;true;true;true;true;true;true;true;true;true;true;true;true;true;true","false;false;false;false;false;false;false;false;false;false;false;false;false;false;false;false","0;0;0;0;0;0;0;1;1;1;1;0;0;0;0;1","0;0;0;0;0;0;0;0.000244140625;0.000244140625;0.000244140625;0.000244140625;0;0;0;0;0.000244140625","40","7.62939453125E-05","true","4","0,2,4,6","1,1,1,1","0,0,0,0","true","8","2","true"
"1","2","G(S)","fused","512","8","16","128,128,128,128","fused","avx2_fused","0.0729931","268435456","3677545631.0254","1082386642973797661","3842179408685066247;10841506427571730443;12687390333172725929;12407374104176774528;12158528587033673171;9027955000904022494;13691867227417576740;15867929085574564979;1050278693165706475;5314753175995905630;2983025510089583808;9336397203305937811;7125740364763910105;10632135961391979157;4468474695521717838;1082386642973797661","true;true;true;true;true;true;true;true;true;true;true;true;true;true;true;true","false;false;false;false;false;false;false;false;false;false;false;false;false;false;false;false","0;0;0;0;0;0;0;1;1;1;1;0;0;0;0;1","0;0;0;0;0;0;0;0.000244140625;0.000244140625;0.000244140625;0.000244140625;0;0;0;0;0.000244140625","40","7.62939453125E-05","true","4","0,2,4,6","1,1,1,1","0,0,0,0","true","8","2","true"
"2","1","G(S)","fused","512","8","16","128,128,128,128","fused","avx2_fused","0.0807822","268435456","3322953026.78065","1082386642973797661","3842179408685066247;10841506427571730443;12687390333172725929;12407374104176774528;12158528587033673171;9027955000904022494;13691867227417576740;15867929085574564979;1050278693165706475;5314753175995905630;2983025510089583808;9336397203305937811;7125740364763910105;10632135961391979157;4468474695521717838;1082386642973797661","true;true;true;true;true;true;true;true;true;true;true;true;true;true;true;true","false;false;false;false;false;false;false;false;false;false;false;false;false;false;false;false","0;0;0;0;0;0;0;1;1;1;1;0;0;0;0;1","0;0;0;0;0;0;0;0.000244140625;0.000244140625;0.000244140625;0.000244140625;0;0;0;0;0.000244140625","40","7.62939453125E-05","true","4","0,2,4,6","1,1,1,1","0,0,0,0","true","8","2","true"
"2","2","F(S)","repeat","512","8","16","128,128,128,128","repeat","avx2_repeat","0.0532087","268435456","5044954227.41018","1082386642973797661","3842179408685066247;10841506427571730443;12687390333172725929;12407374104176774528;12158528587033673171;9027955000904022494;13691867227417576740;15867929085574564979;1050278693165706475;5314753175995905630;2983025510089583808;9336397203305937811;7125740364763910105;10632135961391979157;4468474695521717838;1082386642973797661","true;true;true;true;true;true;true;true;true;true;true;true;true;true;true;true","false;false;false;false;false;false;false;false;false;false;false;false;false;false;false;false","0;0;0;0;0;0;0;1;1;1;1;0;0;0;0;1","0;0;0;0;0;0;0;0.000244140625;0.000244140625;0.000244140625;0.000244140625;0;0;0;0;0.000244140625","40","7.62939453125E-05","true","4","0,2,4,6","1,1,1,1","0,0,0,0","true","8","2","true"
"3","1","F(S)","repeat","512","8","16","128,128,128,128","repeat","avx2_repeat","0.0824862","268435456","3254307459.91451","1082386642973797661","3842179408685066247;10841506427571730443;12687390333172725929;12407374104176774528;12158528587033673171;9027955000904022494;13691867227417576740;15867929085574564979;1050278693165706475;5314753175995905630;2983025510089583808;9336397203305937811;7125740364763910105;10632135961391979157;4468474695521717838;1082386642973797661","true;true;true;true;true;true;true;true;true;true;true;true;true;true;true;true","false;false;false;false;false;false;false;false;false;false;false;false;false;false;false;false","0;0;0;0;0;0;0;1;1;1;1;0;0;0;0;1","0;0;0;0;0;0;0;0.000244140625;0.000244140625;0.000244140625;0.000244140625;0;0;0;0;0.000244140625","40","7.62939453125E-05","true","4","0,2,4,6","1,1,1,1","0,0,0,0","true","8","2","true"
"3","2","G(S)","fused","512","8","16","128,128,128,128","fused","avx2_fused","0.0578421","268435456","4640831781.69534","1082386642973797661","3842179408685066247;10841506427571730443;12687390333172725929;12407374104176774528;12158528587033673171;9027955000904022494;13691867227417576740;15867929085574564979;1050278693165706475;5314753175995905630;2983025510089583808;9336397203305937811;7125740364763910105;10632135961391979157;4468474695521717838;1082386642973797661","true;true;true;true;true;true;true;true;true;true;true;true;true;true;true;true","false;false;false;false;false;false;false;false;false;false;false;false;false;false;false;false","0;0;0;0;0;0;0;1;1;1;1;0;0;0;0;1","0;0;0;0;0;0;0;0.000244140625;0.000244140625;0.000244140625;0.000244140625;0;0;0;0;0.000244140625","40","7.62939453125E-05","true","4","0,2,4,6","1,1,1,1","0,0,0,0","true","8","2","true"
"4","1","G(S)","fused","512","8","16","128,128,128,128","fused","avx2_fused","0.0563565","268435456","4763167620.41646","1082386642973797661","3842179408685066247;10841506427571730443;12687390333172725929;12407374104176774528;12158528587033673171;9027955000904022494;13691867227417576740;15867929085574564979;1050278693165706475;5314753175995905630;2983025510089583808;9336397203305937811;7125740364763910105;10632135961391979157;4468474695521717838;1082386642973797661","true;true;true;true;true;true;true;true;true;true;true;true;true;true;true;true","false;false;false;false;false;false;false;false;false;false;false;false;false;false;false;false","0;0;0;0;0;0;0;1;1;1;1;0;0;0;0;1","0;0;0;0;0;0;0;0.000244140625;0.000244140625;0.000244140625;0.000244140625;0;0;0;0;0.000244140625","40","7.62939453125E-05","true","4","0,2,4,6","1,1,1,1","0,0,0,0","true","8","2","true"
"4","2","F(S)","repeat","512","8","16","128,128,128,128","repeat","avx2_repeat","0.1220516","268435456","2199360401.66618","1082386642973797661","3842179408685066247;10841506427571730443;12687390333172725929;12407374104176774528;12158528587033673171;9027955000904022494;13691867227417576740;15867929085574564979;1050278693165706475;5314753175995905630;2983025510089583808;9336397203305937811;7125740364763910105;10632135961391979157;4468474695521717838;1082386642973797661","true;true;true;true;true;true;true;true;true;true;true;true;true;true;true;true","false;false;false;false;false;false;false;false;false;false;false;false;false;false;false;false","0;0;0;0;0;0;0;1;1;1;1;0;0;0;0;1","0;0;0;0;0;0;0;0.000244140625;0.000244140625;0.000244140625;0.000244140625;0;0;0;0;0.000244140625","40","7.62939453125E-05","true","4","0,2,4,6","1,1,1,1","0,0,0,0","true","8","2","true"
"5","1","F(S)","repeat","512","8","16","128,128,128,128","repeat","avx2_repeat","0.0581685","268435456","4614790754.44613","1082386642973797661","3842179408685066247;10841506427571730443;12687390333172725929;12407374104176774528;12158528587033673171;9027955000904022494;13691867227417576740;15867929085574564979;1050278693165706475;5314753175995905630;2983025510089583808;9336397203305937811;7125740364763910105;10632135961391979157;4468474695521717838;1082386642973797661","true;true;true;true;true;true;true;true;true;true;true;true;true;true;true;true","false;false;false;false;false;false;false;false;false;false;false;false;false;false;false;false","0;0;0;0;0;0;0;1;1;1;1;0;0;0;0;1","0;0;0;0;0;0;0;0.000244140625;0.000244140625;0.000244140625;0.000244140625;0;0;0;0;0.000244140625","40","7.62939453125E-05","true","4","0,2,4,6","1,1,1,1","0,0,0,0","true","8","2","true"
"5","2","G(S)","fused","512","8","16","128,128,128,128","fused","avx2_fused","0.0555146","268435456","4835402866.99355","1082386642973797661","3842179408685066247;10841506427571730443;12687390333172725929;12407374104176774528;12158528587033673171;9027955000904022494;13691867227417576740;15867929085574564979;1050278693165706475;5314753175995905630;2983025510089583808;9336397203305937811;7125740364763910105;10632135961391979157;4468474695521717838;1082386642973797661","true;true;true;true;true;true;true;true;true;true;true;true;true;true;true;true","false;false;false;false;false;false;false;false;false;false;false;false;false;false;false;false","0;0;0;0;0;0;0;1;1;1;1;0;0;0;0;1","0;0;0;0;0;0;0;0.000244140625;0.000244140625;0.000244140625;0.000244140625;0;0;0;0;0.000244140625","40","7.62939453125E-05","true","4","0,2,4,6","1,1,1,1","0,0,0,0","true","8","2","true"
"6","1","G(S)","fused","512","8","16","128,128,128,128","fused","avx2_fused","0.1021069","268435456","2628964898.5524","1082386642973797661","3842179408685066247;10841506427571730443;12687390333172725929;12407374104176774528;12158528587033673171;9027955000904022494;13691867227417576740;15867929085574564979;1050278693165706475;5314753175995905630;2983025510089583808;9336397203305937811;7125740364763910105;10632135961391979157;4468474695521717838;1082386642973797661","true;true;true;true;true;true;true;true;true;true;true;true;true;true;true;true","false;false;false;false;false;false;false;false;false;false;false;false;false;false;false;false","0;0;0;0;0;0;0;1;1;1;1;0;0;0;0;1","0;0;0;0;0;0;0;0.000244140625;0.000244140625;0.000244140625;0.000244140625;0;0;0;0;0.000244140625","40","7.62939453125E-05","true","4","0,2,4,6","1,1,1,1","0,0,0,0","true","8","2","true"
"6","2","F(S)","repeat","512","8","16","128,128,128,128","repeat","avx2_repeat","0.0566759","268435456","4736324540.06024","1082386642973797661","3842179408685066247;10841506427571730443;12687390333172725929;12407374104176774528;12158528587033673171;9027955000904022494;13691867227417576740;15867929085574564979;1050278693165706475;5314753175995905630;2983025510089583808;9336397203305937811;7125740364763910105;10632135961391979157;4468474695521717838;1082386642973797661","true;true;true;true;true;true;true;true;true;true;true;true;true;true;true;true","false;false;false;false;false;false;false;false;false;false;false;false;false;false;false;false","0;0;0;0;0;0;0;1;1;1;1;0;0;0;0;1","0;0;0;0;0;0;0;0.000244140625;0.000244140625;0.000244140625;0.000244140625;0;0;0;0;0.000244140625","40","7.62939453125E-05","true","4","0,2,4,6","1,1,1,1","0,0,0,0","true","8","2","true"
"7","1","F(S)","repeat","512","8","16","128,128,128,128","repeat","avx2_repeat","0.0738501","268435456","3634869228.34228","1082386642973797661","3842179408685066247;10841506427571730443;12687390333172725929;12407374104176774528;12158528587033673171;9027955000904022494;13691867227417576740;15867929085574564979;1050278693165706475;5314753175995905630;2983025510089583808;9336397203305937811;7125740364763910105;10632135961391979157;4468474695521717838;1082386642973797661","true;true;true;true;true;true;true;true;true;true;true;true;true;true;true;true","false;false;false;false;false;false;false;false;false;false;false;false;false;false;false;false","0;0;0;0;0;0;0;1;1;1;1;0;0;0;0;1","0;0;0;0;0;0;0;0.000244140625;0.000244140625;0.000244140625;0.000244140625;0;0;0;0;0.000244140625","40","7.62939453125E-05","true","4","0,2,4,6","1,1,1,1","0,0,0,0","true","8","2","true"
"7","2","G(S)","fused","512","8","16","128,128,128,128","fused","avx2_fused","0.0615505","268435456","4361222995.75146","1082386642973797661","3842179408685066247;10841506427571730443;12687390333172725929;12407374104176774528;12158528587033673171;9027955000904022494;13691867227417576740;15867929085574564979;1050278693165706475;5314753175995905630;2983025510089583808;9336397203305937811;7125740364763910105;10632135961391979157;4468474695521717838;1082386642973797661","true;true;true;true;true;true;true;true;true;true;true;true;true;true;true;true","false;false;false;false;false;false;false;false;false;false;false;false;false;false;false;false","0;0;0;0;0;0;0;1;1;1;1;0;0;0;0;1","0;0;0;0;0;0;0;0.000244140625;0.000244140625;0.000244140625;0.000244140625;0;0;0;0;0.000244140625","40","7.62939453125E-05","true","4","0,2,4,6","1,1,1,1","0,0,0,0","true","8","2","true"
"8","1","G(S)","fused","512","8","16","128,128,128,128","fused","avx2_fused","0.0749802","268435456","3580084555.65603","1082386642973797661","3842179408685066247;10841506427571730443;12687390333172725929;12407374104176774528;12158528587033673171;9027955000904022494;13691867227417576740;15867929085574564979;1050278693165706475;5314753175995905630;2983025510089583808;9336397203305937811;7125740364763910105;10632135961391979157;4468474695521717838;1082386642973797661","true;true;true;true;true;true;true;true;true;true;true;true;true;true;true;true","false;false;false;false;false;false;false;false;false;false;false;false;false;false;false;false","0;0;0;0;0;0;0;1;1;1;1;0;0;0;0;1","0;0;0;0;0;0;0;0.000244140625;0.000244140625;0.000244140625;0.000244140625;0;0;0;0;0.000244140625","40","7.62939453125E-05","true","4","0,2,4,6","1,1,1,1","0,0,0,0","true","8","2","true"
"8","2","F(S)","repeat","512","8","16","128,128,128,128","repeat","avx2_repeat","0.0723197","268435456","3711788848.68162","1082386642973797661","3842179408685066247;10841506427571730443;12687390333172725929;12407374104176774528;12158528587033673171;9027955000904022494;13691867227417576740;15867929085574564979;1050278693165706475;5314753175995905630;2983025510089583808;9336397203305937811;7125740364763910105;10632135961391979157;4468474695521717838;1082386642973797661","true;true;true;true;true;true;true;true;true;true;true;true;true;true;true;true","false;false;false;false;false;false;false;false;false;false;false;false;false;false;false;false","0;0;0;0;0;0;0;1;1;1;1;0;0;0;0;1","0;0;0;0;0;0;0;0.000244140625;0.000244140625;0.000244140625;0.000244140625;0;0;0;0;0.000244140625","40","7.62939453125E-05","true","4","0,2,4,6","1,1,1,1","0,0,0,0","true","8","2","true"
"9","1","F(S)","repeat","512","8","16","128,128,128,128","repeat","avx2_repeat","0.0737254","268435456","3641017288.4786","1082386642973797661","3842179408685066247;10841506427571730443;12687390333172725929;12407374104176774528;12158528587033673171;9027955000904022494;13691867227417576740;15867929085574564979;1050278693165706475;5314753175995905630;2983025510089583808;9336397203305937811;7125740364763910105;10632135961391979157;4468474695521717838;1082386642973797661","true;true;true;true;true;true;true;true;true;true;true;true;true;true;true;true","false;false;false;false;false;false;false;false;false;false;false;false;false;false;false;false","0;0;0;0;0;0;0;1;1;1;1;0;0;0;0;1","0;0;0;0;0;0;0;0.000244140625;0.000244140625;0.000244140625;0.000244140625;0;0;0;0;0.000244140625","40","7.62939453125E-05","true","4","0,2,4,6","1,1,1,1","0,0,0,0","true","8","2","true"
"9","2","G(S)","fused","512","8","16","128,128,128,128","fused","avx2_fused","0.0579001","268435456","4636182942.68922","1082386642973797661","3842179408685066247;10841506427571730443;12687390333172725929;12407374104176774528;12158528587033673171;9027955000904022494;13691867227417576740;15867929085574564979;1050278693165706475;5314753175995905630;2983025510089583808;9336397203305937811;7125740364763910105;10632135961391979157;4468474695521717838;1082386642973797661","true;true;true;true;true;true;true;true;true;true;true;true;true;true;true;true","false;false;false;false;false;false;false;false;false;false;false;false;false;false;false;false","0;0;0;0;0;0;0;1;1;1;1;0;0;0;0;1","0;0;0;0;0;0;0;0.000244140625;0.000244140625;0.000244140625;0.000244140625;0;0;0;0;0.000244140625","40","7.62939453125E-05","true","4","0,2,4,6","1,1,1,1","0,0,0,0","true","8","2","true"
"10","1","G(S)","fused","512","8","16","128,128,128,128","fused","avx2_fused","0.0526155","268435456","5101832273.75963","1082386642973797661","3842179408685066247;10841506427571730443;12687390333172725929;12407374104176774528;12158528587033673171;9027955000904022494;13691867227417576740;15867929085574564979;1050278693165706475;5314753175995905630;2983025510089583808;9336397203305937811;7125740364763910105;10632135961391979157;4468474695521717838;1082386642973797661","true;true;true;true;true;true;true;true;true;true;true;true;true;true;true;true","false;false;false;false;false;false;false;false;false;false;false;false;false;false;false;false","0;0;0;0;0;0;0;1;1;1;1;0;0;0;0;1","0;0;0;0;0;0;0;0.000244140625;0.000244140625;0.000244140625;0.000244140625;0;0;0;0;0.000244140625","40","7.62939453125E-05","true","4","0,2,4,6","1,1,1,1","0,0,0,0","true","8","2","true"
"10","2","F(S)","repeat","512","8","16","128,128,128,128","repeat","avx2_repeat","0.0550224","268435456","4878657710.31434","1082386642973797661","3842179408685066247;10841506427571730443;12687390333172725929;12407374104176774528;12158528587033673171;9027955000904022494;13691867227417576740;15867929085574564979;1050278693165706475;5314753175995905630;2983025510089583808;9336397203305937811;7125740364763910105;10632135961391979157;4468474695521717838;1082386642973797661","true;true;true;true;true;true;true;true;true;true;true;true;true;true;true;true","false;false;false;false;false;false;false;false;false;false;false;false;false;false;false;false","0;0;0;0;0;0;0;1;1;1;1;0;0;0;0;1","0;0;0;0;0;0;0;0.000244140625;0.000244140625;0.000244140625;0.000244140625;0;0;0;0;0.000244140625","40","7.62939453125E-05","true","4","0,2,4,6","1,1,1,1","0,0,0,0","true","8","2","true"
"1","1","F(S)","repeat","512","16","1","128,128,128,128","repeat","avx2_repeat","0.0085369","33554432","3930517166.653","3144505421455985126","3144505421455985126","true","false","0","0","0","0","true","4","0,2,4,6","1,1,1,1","0,0,0,0","true","8","2","true"
"1","2","G(S)","fused","512","16","1","128,128,128,128","fused","avx2_fused","0.0065815","33554432","5098295525.33617","3144505421455985126","3144505421455985126","true","false","0","0","0","0","true","4","0,2,4,6","1,1,1,1","0,0,0,0","true","8","2","true"
"2","1","G(S)","fused","512","16","1","128,128,128,128","fused","avx2_fused","0.0056496","33554432","5939258000.56641","3144505421455985126","3144505421455985126","true","false","0","0","0","0","true","4","0,2,4,6","1,1,1,1","0,0,0,0","true","8","2","true"
"2","2","F(S)","repeat","512","16","1","128,128,128,128","repeat","avx2_repeat","0.0062511","33554432","5367764393.46675","3144505421455985126","3144505421455985126","true","false","0","0","0","0","true","4","0,2,4,6","1,1,1,1","0,0,0,0","true","8","2","true"
"3","1","F(S)","repeat","512","16","1","128,128,128,128","repeat","avx2_repeat","0.0065705","33554432","5106830834.79187","3144505421455985126","3144505421455985126","true","false","0","0","0","0","true","4","0,2,4,6","1,1,1,1","0,0,0,0","true","8","2","true"
"3","2","G(S)","fused","512","16","1","128,128,128,128","fused","avx2_fused","0.006808","33554432","4928676850.76381","3144505421455985126","3144505421455985126","true","false","0","0","0","0","true","4","0,2,4,6","1,1,1,1","0,0,0,0","true","8","2","true"
"4","1","G(S)","fused","512","16","1","128,128,128,128","fused","avx2_fused","0.0079654","33554432","4212523162.67858","3144505421455985126","3144505421455985126","true","false","0","0","0","0","true","4","0,2,4,6","1,1,1,1","0,0,0,0","true","8","2","true"
"4","2","F(S)","repeat","512","16","1","128,128,128,128","repeat","avx2_repeat","0.0059951","33554432","5596976197.22774","3144505421455985126","3144505421455985126","true","false","0","0","0","0","true","4","0,2,4,6","1,1,1,1","0,0,0,0","true","8","2","true"
"5","1","F(S)","repeat","512","16","1","128,128,128,128","repeat","avx2_repeat","0.0064625","33554432","5192175164.41006","3144505421455985126","3144505421455985126","true","false","0","0","0","0","true","4","0,2,4,6","1,1,1,1","0,0,0,0","true","8","2","true"
"5","2","G(S)","fused","512","16","1","128,128,128,128","fused","avx2_fused","0.0063288","33554432","5301863228.41613","3144505421455985126","3144505421455985126","true","false","0","0","0","0","true","4","0,2,4,6","1,1,1,1","0,0,0,0","true","8","2","true"
"6","1","G(S)","fused","512","16","1","128,128,128,128","fused","avx2_fused","0.0066973","33554432","5010143192.03261","3144505421455985126","3144505421455985126","true","false","0","0","0","0","true","4","0,2,4,6","1,1,1,1","0,0,0,0","true","8","2","true"
"6","2","F(S)","repeat","512","16","1","128,128,128,128","repeat","avx2_repeat","0.0070498","33554432","4759628925.64328","3144505421455985126","3144505421455985126","true","false","0","0","0","0","true","4","0,2,4,6","1,1,1,1","0,0,0,0","true","8","2","true"
"7","1","F(S)","repeat","512","16","1","128,128,128,128","repeat","avx2_repeat","0.0059297","33554432","5658706511.29062","3144505421455985126","3144505421455985126","true","false","0","0","0","0","true","4","0,2,4,6","1,1,1,1","0,0,0,0","true","8","2","true"
"7","2","G(S)","fused","512","16","1","128,128,128,128","fused","avx2_fused","0.0064304","33554432","5218094053.24708","3144505421455985126","3144505421455985126","true","false","0","0","0","0","true","4","0,2,4,6","1,1,1,1","0,0,0,0","true","8","2","true"
"8","1","G(S)","fused","512","16","1","128,128,128,128","fused","avx2_fused","0.0066592","33554432","5038808265.25709","3144505421455985126","3144505421455985126","true","false","0","0","0","0","true","4","0,2,4,6","1,1,1,1","0,0,0,0","true","8","2","true"
"8","2","F(S)","repeat","512","16","1","128,128,128,128","repeat","avx2_repeat","0.0060381","33554432","5557117636.34256","3144505421455985126","3144505421455985126","true","false","0","0","0","0","true","4","0,2,4,6","1,1,1,1","0,0,0,0","true","8","2","true"
"9","1","F(S)","repeat","512","16","1","128,128,128,128","repeat","avx2_repeat","0.006215","33554432","5398943201.93081","3144505421455985126","3144505421455985126","true","false","0","0","0","0","true","4","0,2,4,6","1,1,1,1","0,0,0,0","true","8","2","true"
"9","2","G(S)","fused","512","16","1","128,128,128,128","fused","avx2_fused","0.0056603","33554432","5928030669.75249","3144505421455985126","3144505421455985126","true","false","0","0","0","0","true","4","0,2,4,6","1,1,1,1","0,0,0,0","true","8","2","true"
"10","1","G(S)","fused","512","16","1","128,128,128,128","fused","avx2_fused","0.0059661","33554432","5624181961.41533","3144505421455985126","3144505421455985126","true","false","0","0","0","0","true","4","0,2,4,6","1,1,1,1","0,0,0,0","true","8","2","true"
"10","2","F(S)","repeat","512","16","1","128,128,128,128","repeat","avx2_repeat","0.0060156","33554432","5577902786.0895","3144505421455985126","3144505421455985126","true","false","0","0","0","0","true","4","0,2,4,6","1,1,1,1","0,0,0,0","true","8","2","true"
"1","1","F(S)","repeat","512","16","2","128,128,128,128","repeat","avx2_repeat","0.0124464","67108864","5391829283.96966","11696465265078938627","3144505421455985126;11696465265078938627","true;true","false;false","0;0","0;0","0","0","true","4","0,2,4,6","1,1,1,1","0,0,0,0","true","8","2","true"
"1","2","G(S)","fused","512","16","2","128,128,128,128","fused","avx2_fused","0.0126449","67108864","5307188194.44994","11696465265078938627","3144505421455985126;11696465265078938627","true;true","false;false","0;0","0;0","0","0","true","4","0,2,4,6","1,1,1,1","0,0,0,0","true","8","2","true"
"2","1","G(S)","fused","512","16","2","128,128,128,128","fused","avx2_fused","0.0156731","67108864","4281786245.22271","11696465265078938627","3144505421455985126;11696465265078938627","true;true","false;false","0;0","0;0","0","0","true","4","0,2,4,6","1,1,1,1","0,0,0,0","true","8","2","true"
"2","2","F(S)","repeat","512","16","2","128,128,128,128","repeat","avx2_repeat","0.0143372","67108864","4680751053.20425","11696465265078938627","3144505421455985126;11696465265078938627","true;true","false;false","0;0","0;0","0","0","true","4","0,2,4,6","1,1,1,1","0,0,0,0","true","8","2","true"
"3","1","F(S)","repeat","512","16","2","128,128,128,128","repeat","avx2_repeat","0.0468536","67108864","1432309662.43789","11696465265078938627","3144505421455985126;11696465265078938627","true;true","false;false","0;0","0;0","0","0","true","4","0,2,4,6","1,1,1,1","0,0,0,0","true","8","2","true"
"3","2","G(S)","fused","512","16","2","128,128,128,128","fused","avx2_fused","0.0119327","67108864","5623946298.82592","11696465265078938627","3144505421455985126;11696465265078938627","true;true","false;false","0;0","0;0","0","0","true","4","0,2,4,6","1,1,1,1","0,0,0,0","true","8","2","true"
"4","1","G(S)","fused","512","16","2","128,128,128,128","fused","avx2_fused","0.0136773","67108864","4906587118.80269","11696465265078938627","3144505421455985126;11696465265078938627","true;true","false;false","0;0","0;0","0","0","true","4","0,2,4,6","1,1,1,1","0,0,0,0","true","8","2","true"
"4","2","F(S)","repeat","512","16","2","128,128,128,128","repeat","avx2_repeat","0.0422217","67108864","1589440122.02256","11696465265078938627","3144505421455985126;11696465265078938627","true;true","false;false","0;0","0;0","0","0","true","4","0,2,4,6","1,1,1,1","0,0,0,0","true","8","2","true"
"5","1","F(S)","repeat","512","16","2","128,128,128,128","repeat","avx2_repeat","0.0574136","67108864","1168867028.02124","11696465265078938627","3144505421455985126;11696465265078938627","true;true","false;false","0;0","0;0","0","0","true","4","0,2,4,6","1,1,1,1","0,0,0,0","true","8","2","true"
"5","2","G(S)","fused","512","16","2","128,128,128,128","fused","avx2_fused","0.0574365","67108864","1168400999.36452","11696465265078938627","3144505421455985126;11696465265078938627","true;true","false;false","0;0","0;0","0","0","true","4","0,2,4,6","1,1,1,1","0,0,0,0","true","8","2","true"
"6","1","G(S)","fused","512","16","2","128,128,128,128","fused","avx2_fused","0.0158294","67108864","4239507751.39929","11696465265078938627","3144505421455985126;11696465265078938627","true;true","false;false","0;0","0;0","0","0","true","4","0,2,4,6","1,1,1,1","0,0,0,0","true","8","2","true"
"6","2","F(S)","repeat","512","16","2","128,128,128,128","repeat","avx2_repeat","0.014676","67108864","4572694467.15726","11696465265078938627","3144505421455985126;11696465265078938627","true;true","false;false","0;0","0;0","0","0","true","4","0,2,4,6","1,1,1,1","0,0,0,0","true","8","2","true"
"7","1","F(S)","repeat","512","16","2","128,128,128,128","repeat","avx2_repeat","0.0144147","67108864","4655585201.2182","11696465265078938627","3144505421455985126;11696465265078938627","true;true","false;false","0;0","0;0","0","0","true","4","0,2,4,6","1,1,1,1","0,0,0,0","true","8","2","true"
"7","2","G(S)","fused","512","16","2","128,128,128,128","fused","avx2_fused","0.0231746","67108864","2895793843.25943","11696465265078938627","3144505421455985126;11696465265078938627","true;true","false;false","0;0","0;0","0","0","true","4","0,2,4,6","1,1,1,1","0,0,0,0","true","8","2","true"
"8","1","G(S)","fused","512","16","2","128,128,128,128","fused","avx2_fused","0.0119532","67108864","5614301107.65318","11696465265078938627","3144505421455985126;11696465265078938627","true;true","false;false","0;0","0;0","0","0","true","4","0,2,4,6","1,1,1,1","0,0,0,0","true","8","2","true"
"8","2","F(S)","repeat","512","16","2","128,128,128,128","repeat","avx2_repeat","0.0133035","67108864","5044451760.81482","11696465265078938627","3144505421455985126;11696465265078938627","true;true","false;false","0;0","0;0","0","0","true","4","0,2,4,6","1,1,1,1","0,0,0,0","true","8","2","true"
"9","1","F(S)","repeat","512","16","2","128,128,128,128","repeat","avx2_repeat","0.0354765","67108864","1891642749.42568","11696465265078938627","3144505421455985126;11696465265078938627","true;true","false;false","0;0","0;0","0","0","true","4","0,2,4,6","1,1,1,1","0,0,0,0","true","8","2","true"
"9","2","G(S)","fused","512","16","2","128,128,128,128","fused","avx2_fused","0.0131678","67108864","5096437066.17658","11696465265078938627","3144505421455985126;11696465265078938627","true;true","false;false","0;0","0;0","0","0","true","4","0,2,4,6","1,1,1,1","0,0,0,0","true","8","2","true"
"10","1","G(S)","fused","512","16","2","128,128,128,128","fused","avx2_fused","0.0388161","67108864","1728892495.6397","11696465265078938627","3144505421455985126;11696465265078938627","true;true","false;false","0;0","0;0","0","0","true","4","0,2,4,6","1,1,1,1","0,0,0,0","true","8","2","true"
"10","2","F(S)","repeat","512","16","2","128,128,128,128","repeat","avx2_repeat","0.0779817","67108864","860571954.702193","11696465265078938627","3144505421455985126;11696465265078938627","true;true","false;false","0;0","0;0","0","0","true","4","0,2,4,6","1,1,1,1","0,0,0,0","true","8","2","true"
"1","1","F(S)","repeat","512","16","4","128,128,128,128","repeat","avx2_repeat","0.0710956","134217728","1887848586.97303","6096183207485726223","3144505421455985126;11696465265078938627;3002123669032453484;6096183207485726223","true;true;true;true","false;false;false;false","0;0;0;0","0;0;0;0","0","0","true","4","0,2,4,6","1,1,1,1","0,0,0,0","true","8","2","true"
"1","2","G(S)","fused","512","16","4","128,128,128,128","fused","avx2_fused","0.0275731","134217728","4867705408.53223","6096183207485726223","3144505421455985126;11696465265078938627;3002123669032453484;6096183207485726223","true;true;true;true","false;false;false;false","0;0;0;0","0;0;0;0","0","0","true","4","0,2,4,6","1,1,1,1","0,0,0,0","true","8","2","true"
"2","1","G(S)","fused","512","16","4","128,128,128,128","fused","avx2_fused","0.0263385","134217728","5095875923.07838","6096183207485726223","3144505421455985126;11696465265078938627;3002123669032453484;6096183207485726223","true;true;true;true","false;false;false;false","0;0;0;0","0;0;0;0","0","0","true","4","0,2,4,6","1,1,1,1","0,0,0,0","true","8","2","true"
"2","2","F(S)","repeat","512","16","4","128,128,128,128","repeat","avx2_repeat","0.0623207","134217728","2153662073.75719","6096183207485726223","3144505421455985126;11696465265078938627;3002123669032453484;6096183207485726223","true;true;true;true","false;false;false;false","0;0;0;0","0;0;0;0","0","0","true","4","0,2,4,6","1,1,1,1","0,0,0,0","true","8","2","true"
"3","1","F(S)","repeat","512","16","4","128,128,128,128","repeat","avx2_repeat","0.0735249","134217728","1825473111.83014","6096183207485726223","3144505421455985126;11696465265078938627;3002123669032453484;6096183207485726223","true;true;true;true","false;false;false;false","0;0;0;0","0;0;0;0","0","0","true","4","0,2,4,6","1,1,1,1","0,0,0,0","true","8","2","true"
"3","2","G(S)","fused","512","16","4","128,128,128,128","fused","avx2_fused","0.0510972","134217728","2626713949.10093","6096183207485726223","3144505421455985126;11696465265078938627;3002123669032453484;6096183207485726223","true;true;true;true","false;false;false;false","0;0;0;0","0;0;0;0","0","0","true","4","0,2,4,6","1,1,1,1","0,0,0,0","true","8","2","true"
"4","1","G(S)","fused","512","16","4","128,128,128,128","fused","avx2_fused","0.1439905","134217728","932129050.180394","6096183207485726223","3144505421455985126;11696465265078938627;3002123669032453484;6096183207485726223","true;true;true;true","false;false;false;false","0;0;0;0","0;0;0;0","0","0","true","4","0,2,4,6","1,1,1,1","0,0,0,0","true","8","2","true"
"4","2","F(S)","repeat","512","16","4","128,128,128,128","repeat","avx2_repeat","0.044329","134217728","3027763495.68003","6096183207485726223","3144505421455985126;11696465265078938627;3002123669032453484;6096183207485726223","true;true;true;true","false;false;false;false","0;0;0;0","0;0;0;0","0","0","true","4","0,2,4,6","1,1,1,1","0,0,0,0","true","8","2","true"
"5","1","F(S)","repeat","512","16","4","128,128,128,128","repeat","avx2_repeat","0.0858806","134217728","1562841060.7285","6096183207485726223","3144505421455985126;11696465265078938627;3002123669032453484;6096183207485726223","true;true;true;true","false;false;false;false","0;0;0;0","0;0;0;0","0","0","true","4","0,2,4,6","1,1,1,1","0,0,0,0","true","8","2","true"
"5","2","G(S)","fused","512","16","4","128,128,128,128","fused","avx2_fused","0.0872221","134217728","1538804133.35611","6096183207485726223","3144505421455985126;11696465265078938627;3002123669032453484;6096183207485726223","true;true;true;true","false;false;false;false","0;0;0;0","0;0;0;0","0","0","true","4","0,2,4,6","1,1,1,1","0,0,0,0","true","8","2","true"
"6","1","G(S)","fused","512","16","4","128,128,128,128","fused","avx2_fused","0.1082661","134217728","1239702252.13617","6096183207485726223","3144505421455985126;11696465265078938627;3002123669032453484;6096183207485726223","true;true;true;true","false;false;false;false","0;0;0;0","0;0;0;0","0","0","true","4","0,2,4,6","1,1,1,1","0,0,0,0","true","8","2","true"
"6","2","F(S)","repeat","512","16","4","128,128,128,128","repeat","avx2_repeat","0.1476277","134217728","909163578.379938","6096183207485726223","3144505421455985126;11696465265078938627;3002123669032453484;6096183207485726223","true;true;true;true","false;false;false;false","0;0;0;0","0;0;0;0","0","0","true","4","0,2,4,6","1,1,1,1","0,0,0,0","true","8","2","true"
"7","1","F(S)","repeat","512","16","4","128,128,128,128","repeat","avx2_repeat","0.0744853","134217728","1801935791.35749","6096183207485726223","3144505421455985126;11696465265078938627;3002123669032453484;6096183207485726223","true;true;true;true","false;false;false;false","0;0;0;0","0;0;0;0","0","0","true","4","0,2,4,6","1,1,1,1","0,0,0,0","true","8","2","true"
"7","2","G(S)","fused","512","16","4","128,128,128,128","fused","avx2_fused","0.0572332","134217728","2345102632.73764","6096183207485726223","3144505421455985126;11696465265078938627;3002123669032453484;6096183207485726223","true;true;true;true","false;false;false;false","0;0;0;0","0;0;0;0","0","0","true","4","0,2,4,6","1,1,1,1","0,0,0,0","true","8","2","true"
"8","1","G(S)","fused","512","16","4","128,128,128,128","fused","avx2_fused","0.0527805","134217728","2542941578.80278","6096183207485726223","3144505421455985126;11696465265078938627;3002123669032453484;6096183207485726223","true;true;true;true","false;false;false;false","0;0;0;0","0;0;0;0","0","0","true","4","0,2,4,6","1,1,1,1","0,0,0,0","true","8","2","true"
"8","2","F(S)","repeat","512","16","4","128,128,128,128","repeat","avx2_repeat","0.0597204","134217728","2247435181.27809","6096183207485726223","3144505421455985126;11696465265078938627;3002123669032453484;6096183207485726223","true;true;true;true","false;false;false;false","0;0;0;0","0;0;0;0","0","0","true","4","0,2,4,6","1,1,1,1","0,0,0,0","true","8","2","true"
"9","1","F(S)","repeat","512","16","4","128,128,128,128","repeat","avx2_repeat","0.0460903","134217728","2912060194.87831","6096183207485726223","3144505421455985126;11696465265078938627;3002123669032453484;6096183207485726223","true;true;true;true","false;false;false;false","0;0;0;0","0;0;0;0","0","0","true","4","0,2,4,6","1,1,1,1","0,0,0,0","true","8","2","true"
"9","2","G(S)","fused","512","16","4","128,128,128,128","fused","avx2_fused","0.0555468","134217728","2416299912.86627","6096183207485726223","3144505421455985126;11696465265078938627;3002123669032453484;6096183207485726223","true;true;true;true","false;false;false;false","0;0;0;0","0;0;0;0","0","0","true","4","0,2,4,6","1,1,1,1","0,0,0,0","true","8","2","true"
"10","1","G(S)","fused","512","16","4","128,128,128,128","fused","avx2_fused","0.0476285","134217728","2818012912.43688","6096183207485726223","3144505421455985126;11696465265078938627;3002123669032453484;6096183207485726223","true;true;true;true","false;false;false;false","0;0;0;0","0;0;0;0","0","0","true","4","0,2,4,6","1,1,1,1","0,0,0,0","true","8","2","true"
"10","2","F(S)","repeat","512","16","4","128,128,128,128","repeat","avx2_repeat","0.0524209","134217728","2560385800.3201","6096183207485726223","3144505421455985126;11696465265078938627;3002123669032453484;6096183207485726223","true;true;true;true","false;false;false;false","0;0;0;0","0;0;0;0","0","0","true","4","0,2,4,6","1,1,1,1","0,0,0,0","true","8","2","true"
"1","1","F(S)","repeat","512","16","8","128,128,128,128","repeat","avx2_repeat","0.07701","268435456","3485722062.06986","11436827120084176368","3144505421455985126;11696465265078938627;3002123669032453484;6096183207485726223;2031196321457612533;4841173555686551119;14565683830793602215;11436827120084176368","true;true;true;true;true;true;true;true","false;false;false;false;false;false;false;false","0;0;0;0;0;0;0;1","0;0;0;0;0;0;0;0.0001220703125","8","1.52587890625E-05","true","4","0,2,4,6","1,1,1,1","0,0,0,0","true","8","2","true"
"1","2","G(S)","fused","512","16","8","128,128,128,128","fused","avx2_fused","0.0798922","268435456","3359970760.59991","11436827120084176368","3144505421455985126;11696465265078938627;3002123669032453484;6096183207485726223;2031196321457612533;4841173555686551119;14565683830793602215;11436827120084176368","true;true;true;true;true;true;true;true","false;false;false;false;false;false;false;false","0;0;0;0;0;0;0;1","0;0;0;0;0;0;0;0.0001220703125","8","1.52587890625E-05","true","4","0,2,4,6","1,1,1,1","0,0,0,0","true","8","2","true"
"2","1","G(S)","fused","512","16","8","128,128,128,128","fused","avx2_fused","0.1086352","268435456","2470980455.69024","11436827120084176368","3144505421455985126;11696465265078938627;3002123669032453484;6096183207485726223;2031196321457612533;4841173555686551119;14565683830793602215;11436827120084176368","true;true;true;true;true;true;true;true","false;false;false;false;false;false;false;false","0;0;0;0;0;0;0;1","0;0;0;0;0;0;0;0.0001220703125","8","1.52587890625E-05","true","4","0,2,4,6","1,1,1,1","0,0,0,0","true","8","2","true"
"2","2","F(S)","repeat","512","16","8","128,128,128,128","repeat","avx2_repeat","0.0994053","268435456","2700413921.59171","11436827120084176368","3144505421455985126;11696465265078938627;3002123669032453484;6096183207485726223;2031196321457612533;4841173555686551119;14565683830793602215;11436827120084176368","true;true;true;true;true;true;true;true","false;false;false;false;false;false;false;false","0;0;0;0;0;0;0;1","0;0;0;0;0;0;0;0.0001220703125","8","1.52587890625E-05","true","4","0,2,4,6","1,1,1,1","0,0,0,0","true","8","2","true"
"3","1","F(S)","repeat","512","16","8","128,128,128,128","repeat","avx2_repeat","0.0955927","268435456","2808116686.73445","11436827120084176368","3144505421455985126;11696465265078938627;3002123669032453484;6096183207485726223;2031196321457612533;4841173555686551119;14565683830793602215;11436827120084176368","true;true;true;true;true;true;true;true","false;false;false;false;false;false;false;false","0;0;0;0;0;0;0;1","0;0;0;0;0;0;0;0.0001220703125","8","1.52587890625E-05","true","4","0,2,4,6","1,1,1,1","0,0,0,0","true","8","2","true"
"3","2","G(S)","fused","512","16","8","128,128,128,128","fused","avx2_fused","0.0585603","268435456","4583915314.64149","11436827120084176368","3144505421455985126;11696465265078938627;3002123669032453484;6096183207485726223;2031196321457612533;4841173555686551119;14565683830793602215;11436827120084176368","true;true;true;true;true;true;true;true","false;false;false;false;false;false;false;false","0;0;0;0;0;0;0;1","0;0;0;0;0;0;0;0.0001220703125","8","1.52587890625E-05","true","4","0,2,4,6","1,1,1,1","0,0,0,0","true","8","2","true"
"4","1","G(S)","fused","512","16","8","128,128,128,128","fused","avx2_fused","0.0905802","268435456","2963511407.57031","11436827120084176368","3144505421455985126;11696465265078938627;3002123669032453484;6096183207485726223;2031196321457612533;4841173555686551119;14565683830793602215;11436827120084176368","true;true;true;true;true;true;true;true","false;false;false;false;false;false;false;false","0;0;0;0;0;0;0;1","0;0;0;0;0;0;0;0.0001220703125","8","1.52587890625E-05","true","4","0,2,4,6","1,1,1,1","0,0,0,0","true","8","2","true"
"4","2","F(S)","repeat","512","16","8","128,128,128,128","repeat","avx2_repeat","0.1247911","268435456","2151078530.44007","11436827120084176368","3144505421455985126;11696465265078938627;3002123669032453484;6096183207485726223;2031196321457612533;4841173555686551119;14565683830793602215;11436827120084176368","true;true;true;true;true;true;true;true","false;false;false;false;false;false;false;false","0;0;0;0;0;0;0;1","0;0;0;0;0;0;0;0.0001220703125","8","1.52587890625E-05","true","4","0,2,4,6","1,1,1,1","0,0,0,0","true","8","2","true"
"5","1","F(S)","repeat","512","16","8","128,128,128,128","repeat","avx2_repeat","0.0605712","268435456","4431734157.48739","11436827120084176368","3144505421455985126;11696465265078938627;3002123669032453484;6096183207485726223;2031196321457612533;4841173555686551119;14565683830793602215;11436827120084176368","true;true;true;true;true;true;true;true","false;false;false;false;false;false;false;false","0;0;0;0;0;0;0;1","0;0;0;0;0;0;0;0.0001220703125","8","1.52587890625E-05","true","4","0,2,4,6","1,1,1,1","0,0,0,0","true","8","2","true"
"5","2","G(S)","fused","512","16","8","128,128,128,128","fused","avx2_fused","0.09266","268435456","2896993913.23117","11436827120084176368","3144505421455985126;11696465265078938627;3002123669032453484;6096183207485726223;2031196321457612533;4841173555686551119;14565683830793602215;11436827120084176368","true;true;true;true;true;true;true;true","false;false;false;false;false;false;false;false","0;0;0;0;0;0;0;1","0;0;0;0;0;0;0;0.0001220703125","8","1.52587890625E-05","true","4","0,2,4,6","1,1,1,1","0,0,0,0","true","8","2","true"
"6","1","G(S)","fused","512","16","8","128,128,128,128","fused","avx2_fused","0.0745039","268435456","3602971871.27117","11436827120084176368","3144505421455985126;11696465265078938627;3002123669032453484;6096183207485726223;2031196321457612533;4841173555686551119;14565683830793602215;11436827120084176368","true;true;true;true;true;true;true;true","false;false;false;false;false;false;false;false","0;0;0;0;0;0;0;1","0;0;0;0;0;0;0;0.0001220703125","8","1.52587890625E-05","true","4","0,2,4,6","1,1,1,1","0,0,0,0","true","8","2","true"
"6","2","F(S)","repeat","512","16","8","128,128,128,128","repeat","avx2_repeat","0.1044288","268435456","2570511736.22602","11436827120084176368","3144505421455985126;11696465265078938627;3002123669032453484;6096183207485726223;2031196321457612533;4841173555686551119;14565683830793602215;11436827120084176368","true;true;true;true;true;true;true;true","false;false;false;false;false;false;false;false","0;0;0;0;0;0;0;1","0;0;0;0;0;0;0;0.0001220703125","8","1.52587890625E-05","true","4","0,2,4,6","1,1,1,1","0,0,0,0","true","8","2","true"
"7","1","F(S)","repeat","512","16","8","128,128,128,128","repeat","avx2_repeat","0.0810932","268435456","3310209191.39953","11436827120084176368","3144505421455985126;11696465265078938627;3002123669032453484;6096183207485726223;2031196321457612533;4841173555686551119;14565683830793602215;11436827120084176368","true;true;true;true;true;true;true;true","false;false;false;false;false;false;false;false","0;0;0;0;0;0;0;1","0;0;0;0;0;0;0;0.0001220703125","8","1.52587890625E-05","true","4","0,2,4,6","1,1,1,1","0,0,0,0","true","8","2","true"
"7","2","G(S)","fused","512","16","8","128,128,128,128","fused","avx2_fused","0.0850063","268435456","3157830137.29571","11436827120084176368","3144505421455985126;11696465265078938627;3002123669032453484;6096183207485726223;2031196321457612533;4841173555686551119;14565683830793602215;11436827120084176368","true;true;true;true;true;true;true;true","false;false;false;false;false;false;false;false","0;0;0;0;0;0;0;1","0;0;0;0;0;0;0;0.0001220703125","8","1.52587890625E-05","true","4","0,2,4,6","1,1,1,1","0,0,0,0","true","8","2","true"
"8","1","G(S)","fused","512","16","8","128,128,128,128","fused","avx2_fused","0.0815229","268435456","3292761371.34474","11436827120084176368","3144505421455985126;11696465265078938627;3002123669032453484;6096183207485726223;2031196321457612533;4841173555686551119;14565683830793602215;11436827120084176368","true;true;true;true;true;true;true;true","false;false;false;false;false;false;false;false","0;0;0;0;0;0;0;1","0;0;0;0;0;0;0;0.0001220703125","8","1.52587890625E-05","true","4","0,2,4,6","1,1,1,1","0,0,0,0","true","8","2","true"
"8","2","F(S)","repeat","512","16","8","128,128,128,128","repeat","avx2_repeat","0.0730005","268435456","3677172841.28191","11436827120084176368","3144505421455985126;11696465265078938627;3002123669032453484;6096183207485726223;2031196321457612533;4841173555686551119;14565683830793602215;11436827120084176368","true;true;true;true;true;true;true;true","false;false;false;false;false;false;false;false","0;0;0;0;0;0;0;1","0;0;0;0;0;0;0;0.0001220703125","8","1.52587890625E-05","true","4","0,2,4,6","1,1,1,1","0,0,0,0","true","8","2","true"
"9","1","F(S)","repeat","512","16","8","128,128,128,128","repeat","avx2_repeat","0.093666","268435456","2865879358.57195","11436827120084176368","3144505421455985126;11696465265078938627;3002123669032453484;6096183207485726223;2031196321457612533;4841173555686551119;14565683830793602215;11436827120084176368","true;true;true;true;true;true;true;true","false;false;false;false;false;false;false;false","0;0;0;0;0;0;0;1","0;0;0;0;0;0;0;0.0001220703125","8","1.52587890625E-05","true","4","0,2,4,6","1,1,1,1","0,0,0,0","true","8","2","true"
"9","2","G(S)","fused","512","16","8","128,128,128,128","fused","avx2_fused","0.0964393","268435456","2783465412.95924","11436827120084176368","3144505421455985126;11696465265078938627;3002123669032453484;6096183207485726223;2031196321457612533;4841173555686551119;14565683830793602215;11436827120084176368","true;true;true;true;true;true;true;true","false;false;false;false;false;false;false;false","0;0;0;0;0;0;0;1","0;0;0;0;0;0;0;0.0001220703125","8","1.52587890625E-05","true","4","0,2,4,6","1,1,1,1","0,0,0,0","true","8","2","true"
"10","1","G(S)","fused","512","16","8","128,128,128,128","fused","avx2_fused","0.0681144","268435456","3940950166.191","11436827120084176368","3144505421455985126;11696465265078938627;3002123669032453484;6096183207485726223;2031196321457612533;4841173555686551119;14565683830793602215;11436827120084176368","true;true;true;true;true;true;true;true","false;false;false;false;false;false;false;false","0;0;0;0;0;0;0;1","0;0;0;0;0;0;0;0.0001220703125","8","1.52587890625E-05","true","4","0,2,4,6","1,1,1,1","0,0,0,0","true","8","2","true"
"10","2","F(S)","repeat","512","16","8","128,128,128,128","repeat","avx2_repeat","0.0742429","268435456","3615638074.48254","11436827120084176368","3144505421455985126;11696465265078938627;3002123669032453484;6096183207485726223;2031196321457612533;4841173555686551119;14565683830793602215;11436827120084176368","true;true;true;true;true;true;true;true","false;false;false;false;false;false;false;false","0;0;0;0;0;0;0;1","0;0;0;0;0;0;0;0.0001220703125","8","1.52587890625E-05","true","4","0,2,4,6","1,1,1,1","0,0,0,0","true","8","2","true"
"1","1","F(S)","repeat","512","16","16","128,128,128,128","repeat","avx2_repeat","0.1310394","536870912","4097019003.44477","16807407504156841981","3144505421455985126;11696465265078938627;3002123669032453484;6096183207485726223;2031196321457612533;4841173555686551119;14565683830793602215;11436827120084176368;12291497578076446472;9839844651119945795;15610185977203971914;15114401231575065286;3073009024942362641;13777177882816056062;14455335666171327685;16807407504156841981","true;true;true;true;true;true;true;true;true;true;true;true;true;true;true;true","false;false;false;false;false;false;false;false;false;false;false;false;false;false;false;false","0;0;0;0;0;0;0;1;1;1;2;0;1;0;0;3","0;0;0;0;0;0;0;0.0001220703125;0.0001220703125;0.0001220703125;0.000244140625;0;0.0001220703125;0;0;0.0003662109375","72","6.866455078125E-05","true","4","0,2,4,6","1,1,1,1","0,0,0,0","true","8","2","true"
"1","2","G(S)","fused","512","16","16","128,128,128,128","fused","avx2_fused","0.1102521","536870912","4869484681.01741","16807407504156841981","3144505421455985126;11696465265078938627;3002123669032453484;6096183207485726223;2031196321457612533;4841173555686551119;14565683830793602215;11436827120084176368;12291497578076446472;9839844651119945795;15610185977203971914;15114401231575065286;3073009024942362641;13777177882816056062;14455335666171327685;16807407504156841981","true;true;true;true;true;true;true;true;true;true;true;true;true;true;true;true","false;false;false;false;false;false;false;false;false;false;false;false;false;false;false;false","0;0;0;0;0;0;0;1;1;1;2;0;1;0;0;3","0;0;0;0;0;0;0;0.0001220703125;0.0001220703125;0.0001220703125;0.000244140625;0;0.0001220703125;0;0;0.0003662109375","72","6.866455078125E-05","true","4","0,2,4,6","1,1,1,1","0,0,0,0","true","8","2","true"
"2","1","G(S)","fused","512","16","16","128,128,128,128","fused","avx2_fused","0.1235151","536870912","4346601443.87204","16807407504156841981","3144505421455985126;11696465265078938627;3002123669032453484;6096183207485726223;2031196321457612533;4841173555686551119;14565683830793602215;11436827120084176368;12291497578076446472;9839844651119945795;15610185977203971914;15114401231575065286;3073009024942362641;13777177882816056062;14455335666171327685;16807407504156841981","true;true;true;true;true;true;true;true;true;true;true;true;true;true;true;true","false;false;false;false;false;false;false;false;false;false;false;false;false;false;false;false","0;0;0;0;0;0;0;1;1;1;2;0;1;0;0;3","0;0;0;0;0;0;0;0.0001220703125;0.0001220703125;0.0001220703125;0.000244140625;0;0.0001220703125;0;0;0.0003662109375","72","6.866455078125E-05","true","4","0,2,4,6","1,1,1,1","0,0,0,0","true","8","2","true"
"2","2","F(S)","repeat","512","16","16","128,128,128,128","repeat","avx2_repeat","0.1603281","536870912","3348576525.26288","16807407504156841981","3144505421455985126;11696465265078938627;3002123669032453484;6096183207485726223;2031196321457612533;4841173555686551119;14565683830793602215;11436827120084176368;12291497578076446472;9839844651119945795;15610185977203971914;15114401231575065286;3073009024942362641;13777177882816056062;14455335666171327685;16807407504156841981","true;true;true;true;true;true;true;true;true;true;true;true;true;true;true;true","false;false;false;false;false;false;false;false;false;false;false;false;false;false;false;false","0;0;0;0;0;0;0;1;1;1;2;0;1;0;0;3","0;0;0;0;0;0;0;0.0001220703125;0.0001220703125;0.0001220703125;0.000244140625;0;0.0001220703125;0;0;0.0003662109375","72","6.866455078125E-05","true","4","0,2,4,6","1,1,1,1","0,0,0,0","true","8","2","true"
"3","1","F(S)","repeat","512","16","16","128,128,128,128","repeat","avx2_repeat","0.149453","536870912","3592239111.96162","16807407504156841981","3144505421455985126;11696465265078938627;3002123669032453484;6096183207485726223;2031196321457612533;4841173555686551119;14565683830793602215;11436827120084176368;12291497578076446472;9839844651119945795;15610185977203971914;15114401231575065286;3073009024942362641;13777177882816056062;14455335666171327685;16807407504156841981","true;true;true;true;true;true;true;true;true;true;true;true;true;true;true;true","false;false;false;false;false;false;false;false;false;false;false;false;false;false;false;false","0;0;0;0;0;0;0;1;1;1;2;0;1;0;0;3","0;0;0;0;0;0;0;0.0001220703125;0.0001220703125;0.0001220703125;0.000244140625;0;0.0001220703125;0;0;0.0003662109375","72","6.866455078125E-05","true","4","0,2,4,6","1,1,1,1","0,0,0,0","true","8","2","true"
"3","2","G(S)","fused","512","16","16","128,128,128,128","fused","avx2_fused","0.154591","536870912","3472847138.57857","16807407504156841981","3144505421455985126;11696465265078938627;3002123669032453484;6096183207485726223;2031196321457612533;4841173555686551119;14565683830793602215;11436827120084176368;12291497578076446472;9839844651119945795;15610185977203971914;15114401231575065286;3073009024942362641;13777177882816056062;14455335666171327685;16807407504156841981","true;true;true;true;true;true;true;true;true;true;true;true;true;true;true;true","false;false;false;false;false;false;false;false;false;false;false;false;false;false;false;false","0;0;0;0;0;0;0;1;1;1;2;0;1;0;0;3","0;0;0;0;0;0;0;0.0001220703125;0.0001220703125;0.0001220703125;0.000244140625;0;0.0001220703125;0;0;0.0003662109375","72","6.866455078125E-05","true","4","0,2,4,6","1,1,1,1","0,0,0,0","true","8","2","true"
"4","1","G(S)","fused","512","16","16","128,128,128,128","fused","avx2_fused","0.138934","536870912","3864215469.2156","16807407504156841981","3144505421455985126;11696465265078938627;3002123669032453484;6096183207485726223;2031196321457612533;4841173555686551119;14565683830793602215;11436827120084176368;12291497578076446472;9839844651119945795;15610185977203971914;15114401231575065286;3073009024942362641;13777177882816056062;14455335666171327685;16807407504156841981","true;true;true;true;true;true;true;true;true;true;true;true;true;true;true;true","false;false;false;false;false;false;false;false;false;false;false;false;false;false;false;false","0;0;0;0;0;0;0;1;1;1;2;0;1;0;0;3","0;0;0;0;0;0;0;0.0001220703125;0.0001220703125;0.0001220703125;0.000244140625;0;0.0001220703125;0;0;0.0003662109375","72","6.866455078125E-05","true","4","0,2,4,6","1,1,1,1","0,0,0,0","true","8","2","true"
"4","2","F(S)","repeat","512","16","16","128,128,128,128","repeat","avx2_repeat","0.125419","536870912","4280618662.24416","16807407504156841981","3144505421455985126;11696465265078938627;3002123669032453484;6096183207485726223;2031196321457612533;4841173555686551119;14565683830793602215;11436827120084176368;12291497578076446472;9839844651119945795;15610185977203971914;15114401231575065286;3073009024942362641;13777177882816056062;14455335666171327685;16807407504156841981","true;true;true;true;true;true;true;true;true;true;true;true;true;true;true;true","false;false;false;false;false;false;false;false;false;false;false;false;false;false;false;false","0;0;0;0;0;0;0;1;1;1;2;0;1;0;0;3","0;0;0;0;0;0;0;0.0001220703125;0.0001220703125;0.0001220703125;0.000244140625;0;0.0001220703125;0;0;0.0003662109375","72","6.866455078125E-05","true","4","0,2,4,6","1,1,1,1","0,0,0,0","true","8","2","true"
"5","1","F(S)","repeat","512","16","16","128,128,128,128","repeat","avx2_repeat","0.1550574","536870912","3462401097.916","16807407504156841981","3144505421455985126;11696465265078938627;3002123669032453484;6096183207485726223;2031196321457612533;4841173555686551119;14565683830793602215;11436827120084176368;12291497578076446472;9839844651119945795;15610185977203971914;15114401231575065286;3073009024942362641;13777177882816056062;14455335666171327685;16807407504156841981","true;true;true;true;true;true;true;true;true;true;true;true;true;true;true;true","false;false;false;false;false;false;false;false;false;false;false;false;false;false;false;false","0;0;0;0;0;0;0;1;1;1;2;0;1;0;0;3","0;0;0;0;0;0;0;0.0001220703125;0.0001220703125;0.0001220703125;0.000244140625;0;0.0001220703125;0;0;0.0003662109375","72","6.866455078125E-05","true","4","0,2,4,6","1,1,1,1","0,0,0,0","true","8","2","true"
"5","2","G(S)","fused","512","16","16","128,128,128,128","fused","avx2_fused","0.1348936","536870912","3979958367.18718","16807407504156841981","3144505421455985126;11696465265078938627;3002123669032453484;6096183207485726223;2031196321457612533;4841173555686551119;14565683830793602215;11436827120084176368;12291497578076446472;9839844651119945795;15610185977203971914;15114401231575065286;3073009024942362641;13777177882816056062;14455335666171327685;16807407504156841981","true;true;true;true;true;true;true;true;true;true;true;true;true;true;true;true","false;false;false;false;false;false;false;false;false;false;false;false;false;false;false;false","0;0;0;0;0;0;0;1;1;1;2;0;1;0;0;3","0;0;0;0;0;0;0;0.0001220703125;0.0001220703125;0.0001220703125;0.000244140625;0;0.0001220703125;0;0;0.0003662109375","72","6.866455078125E-05","true","4","0,2,4,6","1,1,1,1","0,0,0,0","true","8","2","true"
"6","1","G(S)","fused","512","16","16","128,128,128,128","fused","avx2_fused","0.1549525","536870912","3464745079.94385","16807407504156841981","3144505421455985126;11696465265078938627;3002123669032453484;6096183207485726223;2031196321457612533;4841173555686551119;14565683830793602215;11436827120084176368;12291497578076446472;9839844651119945795;15610185977203971914;15114401231575065286;3073009024942362641;13777177882816056062;14455335666171327685;16807407504156841981","true;true;true;true;true;true;true;true;true;true;true;true;true;true;true;true","false;false;false;false;false;false;false;false;false;false;false;false;false;false;false;false","0;0;0;0;0;0;0;1;1;1;2;0;1;0;0;3","0;0;0;0;0;0;0;0.0001220703125;0.0001220703125;0.0001220703125;0.000244140625;0;0.0001220703125;0;0;0.0003662109375","72","6.866455078125E-05","true","4","0,2,4,6","1,1,1,1","0,0,0,0","true","8","2","true"
"6","2","F(S)","repeat","512","16","16","128,128,128,128","repeat","avx2_repeat","0.1124339","536870912","4774991457.20285","16807407504156841981","3144505421455985126;11696465265078938627;3002123669032453484;6096183207485726223;2031196321457612533;4841173555686551119;14565683830793602215;11436827120084176368;12291497578076446472;9839844651119945795;15610185977203971914;15114401231575065286;3073009024942362641;13777177882816056062;14455335666171327685;16807407504156841981","true;true;true;true;true;true;true;true;true;true;true;true;true;true;true;true","false;false;false;false;false;false;false;false;false;false;false;false;false;false;false;false","0;0;0;0;0;0;0;1;1;1;2;0;1;0;0;3","0;0;0;0;0;0;0;0.0001220703125;0.0001220703125;0.0001220703125;0.000244140625;0;0.0001220703125;0;0;0.0003662109375","72","6.866455078125E-05","true","4","0,2,4,6","1,1,1,1","0,0,0,0","true","8","2","true"
"7","1","F(S)","repeat","512","16","16","128,128,128,128","repeat","avx2_repeat","0.1236061","536870912","4343401434.07162","16807407504156841981","3144505421455985126;11696465265078938627;3002123669032453484;6096183207485726223;2031196321457612533;4841173555686551119;14565683830793602215;11436827120084176368;12291497578076446472;9839844651119945795;15610185977203971914;15114401231575065286;3073009024942362641;13777177882816056062;14455335666171327685;16807407504156841981","true;true;true;true;true;true;true;true;true;true;true;true;true;true;true;true","false;false;false;false;false;false;false;false;false;false;false;false;false;false;false;false","0;0;0;0;0;0;0;1;1;1;2;0;1;0;0;3","0;0;0;0;0;0;0;0.0001220703125;0.0001220703125;0.0001220703125;0.000244140625;0;0.0001220703125;0;0;0.0003662109375","72","6.866455078125E-05","true","4","0,2,4,6","1,1,1,1","0,0,0,0","true","8","2","true"
"7","2","G(S)","fused","512","16","16","128,128,128,128","fused","avx2_fused","0.1102291","536870912","4870500729.84357","16807407504156841981","3144505421455985126;11696465265078938627;3002123669032453484;6096183207485726223;2031196321457612533;4841173555686551119;14565683830793602215;11436827120084176368;12291497578076446472;9839844651119945795;15610185977203971914;15114401231575065286;3073009024942362641;13777177882816056062;14455335666171327685;16807407504156841981","true;true;true;true;true;true;true;true;true;true;true;true;true;true;true;true","false;false;false;false;false;false;false;false;false;false;false;false;false;false;false;false","0;0;0;0;0;0;0;1;1;1;2;0;1;0;0;3","0;0;0;0;0;0;0;0.0001220703125;0.0001220703125;0.0001220703125;0.000244140625;0;0.0001220703125;0;0;0.0003662109375","72","6.866455078125E-05","true","4","0,2,4,6","1,1,1,1","0,0,0,0","true","8","2","true"
"8","1","G(S)","fused","512","16","16","128,128,128,128","fused","avx2_fused","0.1138512","536870912","4715548997.28769","16807407504156841981","3144505421455985126;11696465265078938627;3002123669032453484;6096183207485726223;2031196321457612533;4841173555686551119;14565683830793602215;11436827120084176368;12291497578076446472;9839844651119945795;15610185977203971914;15114401231575065286;3073009024942362641;13777177882816056062;14455335666171327685;16807407504156841981","true;true;true;true;true;true;true;true;true;true;true;true;true;true;true;true","false;false;false;false;false;false;false;false;false;false;false;false;false;false;false;false","0;0;0;0;0;0;0;1;1;1;2;0;1;0;0;3","0;0;0;0;0;0;0;0.0001220703125;0.0001220703125;0.0001220703125;0.000244140625;0;0.0001220703125;0;0;0.0003662109375","72","6.866455078125E-05","true","4","0,2,4,6","1,1,1,1","0,0,0,0","true","8","2","true"
"8","2","F(S)","repeat","512","16","16","128,128,128,128","repeat","avx2_repeat","0.1137069","536870912","4721533275.46525","16807407504156841981","3144505421455985126;11696465265078938627;3002123669032453484;6096183207485726223;2031196321457612533;4841173555686551119;14565683830793602215;11436827120084176368;12291497578076446472;9839844651119945795;15610185977203971914;15114401231575065286;3073009024942362641;13777177882816056062;14455335666171327685;16807407504156841981","true;true;true;true;true;true;true;true;true;true;true;true;true;true;true;true","false;false;false;false;false;false;false;false;false;false;false;false;false;false;false;false","0;0;0;0;0;0;0;1;1;1;2;0;1;0;0;3","0;0;0;0;0;0;0;0.0001220703125;0.0001220703125;0.0001220703125;0.000244140625;0;0.0001220703125;0;0;0.0003662109375","72","6.866455078125E-05","true","4","0,2,4,6","1,1,1,1","0,0,0,0","true","8","2","true"
"9","1","F(S)","repeat","512","16","16","128,128,128,128","repeat","avx2_repeat","0.1238867","536870912","4333563748.16667","16807407504156841981","3144505421455985126;11696465265078938627;3002123669032453484;6096183207485726223;2031196321457612533;4841173555686551119;14565683830793602215;11436827120084176368;12291497578076446472;9839844651119945795;15610185977203971914;15114401231575065286;3073009024942362641;13777177882816056062;14455335666171327685;16807407504156841981","true;true;true;true;true;true;true;true;true;true;true;true;true;true;true;true","false;false;false;false;false;false;false;false;false;false;false;false;false;false;false;false","0;0;0;0;0;0;0;1;1;1;2;0;1;0;0;3","0;0;0;0;0;0;0;0.0001220703125;0.0001220703125;0.0001220703125;0.000244140625;0;0.0001220703125;0;0;0.0003662109375","72","6.866455078125E-05","true","4","0,2,4,6","1,1,1,1","0,0,0,0","true","8","2","true"
"9","2","G(S)","fused","512","16","16","128,128,128,128","fused","avx2_fused","0.1308648","536870912","4102485251.95469","16807407504156841981","3144505421455985126;11696465265078938627;3002123669032453484;6096183207485726223;2031196321457612533;4841173555686551119;14565683830793602215;11436827120084176368;12291497578076446472;9839844651119945795;15610185977203971914;15114401231575065286;3073009024942362641;13777177882816056062;14455335666171327685;16807407504156841981","true;true;true;true;true;true;true;true;true;true;true;true;true;true;true;true","false;false;false;false;false;false;false;false;false;false;false;false;false;false;false;false","0;0;0;0;0;0;0;1;1;1;2;0;1;0;0;3","0;0;0;0;0;0;0;0.0001220703125;0.0001220703125;0.0001220703125;0.000244140625;0;0.0001220703125;0;0;0.0003662109375","72","6.866455078125E-05","true","4","0,2,4,6","1,1,1,1","0,0,0,0","true","8","2","true"
"10","1","G(S)","fused","512","16","16","128,128,128,128","fused","avx2_fused","0.1366234","536870912","3929567789.99791","16807407504156841981","3144505421455985126;11696465265078938627;3002123669032453484;6096183207485726223;2031196321457612533;4841173555686551119;14565683830793602215;11436827120084176368;12291497578076446472;9839844651119945795;15610185977203971914;15114401231575065286;3073009024942362641;13777177882816056062;14455335666171327685;16807407504156841981","true;true;true;true;true;true;true;true;true;true;true;true;true;true;true;true","false;false;false;false;false;false;false;false;false;false;false;false;false;false;false;false","0;0;0;0;0;0;0;1;1;1;2;0;1;0;0;3","0;0;0;0;0;0;0;0.0001220703125;0.0001220703125;0.0001220703125;0.000244140625;0;0.0001220703125;0;0;0.0003662109375","72","6.866455078125E-05","true","4","0,2,4,6","1,1,1,1","0,0,0,0","true","8","2","true"
"10","2","F(S)","repeat","512","16","16","128,128,128,128","repeat","avx2_repeat","0.1262718","536870912","4251708710.8919","16807407504156841981","3144505421455985126;11696465265078938627;3002123669032453484;6096183207485726223;2031196321457612533;4841173555686551119;14565683830793602215;11436827120084176368;12291497578076446472;9839844651119945795;15610185977203971914;15114401231575065286;3073009024942362641;13777177882816056062;14455335666171327685;16807407504156841981","true;true;true;true;true;true;true;true;true;true;true;true;true;true;true;true","false;false;false;false;false;false;false;false;false;false;false;false;false;false;false;false","0;0;0;0;0;0;0;1;1;1;2;0;1;0;0;3","0;0;0;0;0;0;0;0.0001220703125;0.0001220703125;0.0001220703125;0.000244140625;0;0.0001220703125;0;0;0.0003662109375","72","6.866455078125E-05","true","4","0,2,4,6","1,1,1,1","0,0,0,0","true","8","2","true"
