{
  "D3Q_verdict": null,
  "D3_diagnostic_crosscheck_NON_GATE": {
    "affects_D3Q_verdict": false,
    "affects_smoke_terminal_status": false,
    "all_bitwise_equal": true,
    "classification": "NON_GATE_REPORT_ONLY",
    "comparison": "torch.equal for gR and gU0..gU3 across seven families",
    "reference_sha256": "1d9efe93b6d02ad58768682d6b1c7e4b52c5516d3254df214121310932e43629",
    "rows": [
      {
        "family": "W_Q",
        "reference_dtype": "torch.float32",
        "reference_shape": [
          256,
          256
        ],
        "smoke_dtype": "torch.float32",
        "smoke_shape": [
          256,
          256
        ],
        "tensor": "gR",
        "torch_equal": true
      },
      {
        "family": "W_Q",
        "reference_dtype": "torch.float32",
        "reference_shape": [
          256,
          256
        ],
        "smoke_dtype": "torch.float32",
        "smoke_shape": [
          256,
          256
        ],
        "tensor": "gU0",
        "torch_equal": true
      },
      {
        "family": "W_Q",
        "reference_dtype": "torch.float32",
        "reference_shape": [
          256,
          256
        ],
        "smoke_dtype": "torch.float32",
        "smoke_shape": [
          256,
          256
        ],
        "tensor": "gU1",
        "torch_equal": true
      },
      {
        "family": "W_Q",
        "reference_dtype": "torch.float32",
        "reference_shape": [
          256,
          256
        ],
        "smoke_dtype": "torch.float32",
        "smoke_shape": [
          256,
          256
        ],
        "tensor": "gU2",
        "torch_equal": true
      },
      {
        "family": "W_Q",
        "reference_dtype": "torch.float32",
        "reference_shape": [
          256,
          256
        ],
        "smoke_dtype": "torch.float32",
        "smoke_shape": [
          256,
          256
        ],
        "tensor": "gU3",
        "torch_equal": true
      },
      {
        "family": "W_K",
        "reference_dtype": "torch.float32",
        "reference_shape": [
          256,
          256
        ],
        "smoke_dtype": "torch.float32",
        "smoke_shape": [
          256,
          256
        ],
        "tensor": "gR",
        "torch_equal": true
      },
      {
        "family": "W_K",
        "reference_dtype": "torch.float32",
        "reference_shape": [
          256,
          256
        ],
        "smoke_dtype": "torch.float32",
        "smoke_shape": [
          256,
          256
        ],
        "tensor": "gU0",
        "torch_equal": true
      },
      {
        "family": "W_K",
        "reference_dtype": "torch.float32",
        "reference_shape": [
          256,
          256
        ],
        "smoke_dtype": "torch.float32",
        "smoke_shape": [
          256,
          256
        ],
        "tensor": "gU1",
        "torch_equal": true
      },
      {
        "family": "W_K",
        "reference_dtype": "torch.float32",
        "reference_shape": [
          256,
          256
        ],
        "smoke_dtype": "torch.float32",
        "smoke_shape": [
          256,
          256
        ],
        "tensor": "gU2",
        "torch_equal": true
      },
      {
        "family": "W_K",
        "reference_dtype": "torch.float32",
        "reference_shape": [
          256,
          256
        ],
        "smoke_dtype": "torch.float32",
        "smoke_shape": [
          256,
          256
        ],
        "tensor": "gU3",
        "torch_equal": true
      },
      {
        "family": "W_V",
        "reference_dtype": "torch.float32",
        "reference_shape": [
          256,
          256
        ],
        "smoke_dtype": "torch.float32",
        "smoke_shape": [
          256,
          256
        ],
        "tensor": "gR",
        "torch_equal": true
      },
      {
        "family": "W_V",
        "reference_dtype": "torch.float32",
        "reference_shape": [
          256,
          256
        ],
        "smoke_dtype": "torch.float32",
        "smoke_shape": [
          256,
          256
        ],
        "tensor": "gU0",
        "torch_equal": true
      },
      {
        "family": "W_V",
        "reference_dtype": "torch.float32",
        "reference_shape": [
          256,
          256
        ],
        "smoke_dtype": "torch.float32",
        "smoke_shape": [
          256,
          256
        ],
        "tensor": "gU1",
        "torch_equal": true
      },
      {
        "family": "W_V",
        "reference_dtype": "torch.float32",
        "reference_shape": [
          256,
          256
        ],
        "smoke_dtype": "torch.float32",
        "smoke_shape": [
          256,
          256
        ],
        "tensor": "gU2",
        "torch_equal": true
      },
      {
        "family": "W_V",
        "reference_dtype": "torch.float32",
        "reference_shape": [
          256,
          256
        ],
        "smoke_dtype": "torch.float32",
        "smoke_shape": [
          256,
          256
        ],
        "tensor": "gU3",
        "torch_equal": true
      },
      {
        "family": "W_O",
        "reference_dtype": "torch.float32",
        "reference_shape": [
          256,
          256
        ],
        "smoke_dtype": "torch.float32",
        "smoke_shape": [
          256,
          256
        ],
        "tensor": "gR",
        "torch_equal": true
      },
      {
        "family": "W_O",
        "reference_dtype": "torch.float32",
        "reference_shape": [
          256,
          256
        ],
        "smoke_dtype": "torch.float32",
        "smoke_shape": [
          256,
          256
        ],
        "tensor": "gU0",
        "torch_equal": true
      },
      {
        "family": "W_O",
        "reference_dtype": "torch.float32",
        "reference_shape": [
          256,
          256
        ],
        "smoke_dtype": "torch.float32",
        "smoke_shape": [
          256,
          256
        ],
        "tensor": "gU1",
        "torch_equal": true
      },
      {
        "family": "W_O",
        "reference_dtype": "torch.float32",
        "reference_shape": [
          256,
          256
        ],
        "smoke_dtype": "torch.float32",
        "smoke_shape": [
          256,
          256
        ],
        "tensor": "gU2",
        "torch_equal": true
      },
      {
        "family": "W_O",
        "reference_dtype": "torch.float32",
        "reference_shape": [
          256,
          256
        ],
        "smoke_dtype": "torch.float32",
        "smoke_shape": [
          256,
          256
        ],
        "tensor": "gU3",
        "torch_equal": true
      },
      {
        "family": "W_gate",
        "reference_dtype": "torch.float32",
        "reference_shape": [
          1024,
          256
        ],
        "smoke_dtype": "torch.float32",
        "smoke_shape": [
          1024,
          256
        ],
        "tensor": "gR",
        "torch_equal": true
      },
      {
        "family": "W_gate",
        "reference_dtype": "torch.float32",
        "reference_shape": [
          1024,
          256
        ],
        "smoke_dtype": "torch.float32",
        "smoke_shape": [
          1024,
          256
        ],
        "tensor": "gU0",
        "torch_equal": true
      },
      {
        "family": "W_gate",
        "reference_dtype": "torch.float32",
        "reference_shape": [
          1024,
          256
        ],
        "smoke_dtype": "torch.float32",
        "smoke_shape": [
          1024,
          256
        ],
        "tensor": "gU1",
        "torch_equal": true
      },
      {
        "family": "W_gate",
        "reference_dtype": "torch.float32",
        "reference_shape": [
          1024,
          256
        ],
        "smoke_dtype": "torch.float32",
        "smoke_shape": [
          1024,
          256
        ],
        "tensor": "gU2",
        "torch_equal": true
      },
      {
        "family": "W_gate",
        "reference_dtype": "torch.float32",
        "reference_shape": [
          1024,
          256
        ],
        "smoke_dtype": "torch.float32",
        "smoke_shape": [
          1024,
          256
        ],
        "tensor": "gU3",
        "torch_equal": true
      },
      {
        "family": "W_up",
        "reference_dtype": "torch.float32",
        "reference_shape": [
          1024,
          256
        ],
        "smoke_dtype": "torch.float32",
        "smoke_shape": [
          1024,
          256
        ],
        "tensor": "gR",
        "torch_equal": true
      },
      {
        "family": "W_up",
        "reference_dtype": "torch.float32",
        "reference_shape": [
          1024,
          256
        ],
        "smoke_dtype": "torch.float32",
        "smoke_shape": [
          1024,
          256
        ],
        "tensor": "gU0",
        "torch_equal": true
      },
      {
        "family": "W_up",
        "reference_dtype": "torch.float32",
        "reference_shape": [
          1024,
          256
        ],
        "smoke_dtype": "torch.float32",
        "smoke_shape": [
          1024,
          256
        ],
        "tensor": "gU1",
        "torch_equal": true
      },
      {
        "family": "W_up",
        "reference_dtype": "torch.float32",
        "reference_shape": [
          1024,
          256
        ],
        "smoke_dtype": "torch.float32",
        "smoke_shape": [
          1024,
          256
        ],
        "tensor": "gU2",
        "torch_equal": true
      },
      {
        "family": "W_up",
        "reference_dtype": "torch.float32",
        "reference_shape": [
          1024,
          256
        ],
        "smoke_dtype": "torch.float32",
        "smoke_shape": [
          1024,
          256
        ],
        "tensor": "gU3",
        "torch_equal": true
      },
      {
        "family": "W_down",
        "reference_dtype": "torch.float32",
        "reference_shape": [
          256,
          1024
        ],
        "smoke_dtype": "torch.float32",
        "smoke_shape": [
          256,
          1024
        ],
        "tensor": "gR",
        "torch_equal": true
      },
      {
        "family": "W_down",
        "reference_dtype": "torch.float32",
        "reference_shape": [
          256,
          1024
        ],
        "smoke_dtype": "torch.float32",
        "smoke_shape": [
          256,
          1024
        ],
        "tensor": "gU0",
        "torch_equal": true
      },
      {
        "family": "W_down",
        "reference_dtype": "torch.float32",
        "reference_shape": [
          256,
          1024
        ],
        "smoke_dtype": "torch.float32",
        "smoke_shape": [
          256,
          1024
        ],
        "tensor": "gU1",
        "torch_equal": true
      },
      {
        "family": "W_down",
        "reference_dtype": "torch.float32",
        "reference_shape": [
          256,
          1024
        ],
        "smoke_dtype": "torch.float32",
        "smoke_shape": [
          256,
          1024
        ],
        "tensor": "gU2",
        "torch_equal": true
      },
      {
        "family": "W_down",
        "reference_dtype": "torch.float32",
        "reference_shape": [
          256,
          1024
        ],
        "smoke_dtype": "torch.float32",
        "smoke_shape": [
          256,
          1024
        ],
        "tensor": "gU3",
        "torch_equal": true
      }
    ]
  },
  "artifact_seal": {
    "artifact_count": 15,
    "artifact_manifest_sha256": "60bce22fd8df641cdb32c42f0d89082451b56896cb766d3925c545f093d01b25",
    "report_sha256": "5ff54a293740a3b35887e6445ace6308150eff7fdeaa0fc1ed051bebbb02842d",
    "verified": true
  },
  "calibration_smoke": {
    "D3Q_verdict": null,
    "D3_diagnostic_crosscheck_NON_GATE": {
      "affects_D3Q_verdict": false,
      "affects_smoke_terminal_status": false,
      "all_bitwise_equal": true,
      "classification": "NON_GATE_REPORT_ONLY",
      "comparison": "torch.equal for gR and gU0..gU3 across seven families",
      "reference_sha256": "1d9efe93b6d02ad58768682d6b1c7e4b52c5516d3254df214121310932e43629",
      "rows": [
        {
          "family": "W_Q",
          "reference_dtype": "torch.float32",
          "reference_shape": [
            256,
            256
          ],
          "smoke_dtype": "torch.float32",
          "smoke_shape": [
            256,
            256
          ],
          "tensor": "gR",
          "torch_equal": true
        },
        {
          "family": "W_Q",
          "reference_dtype": "torch.float32",
          "reference_shape": [
            256,
            256
          ],
          "smoke_dtype": "torch.float32",
          "smoke_shape": [
            256,
            256
          ],
          "tensor": "gU0",
          "torch_equal": true
        },
        {
          "family": "W_Q",
          "reference_dtype": "torch.float32",
          "reference_shape": [
            256,
            256
          ],
          "smoke_dtype": "torch.float32",
          "smoke_shape": [
            256,
            256
          ],
          "tensor": "gU1",
          "torch_equal": true
        },
        {
          "family": "W_Q",
          "reference_dtype": "torch.float32",
          "reference_shape": [
            256,
            256
          ],
          "smoke_dtype": "torch.float32",
          "smoke_shape": [
            256,
            256
          ],
          "tensor": "gU2",
          "torch_equal": true
        },
        {
          "family": "W_Q",
          "reference_dtype": "torch.float32",
          "reference_shape": [
            256,
            256
          ],
          "smoke_dtype": "torch.float32",
          "smoke_shape": [
            256,
            256
          ],
          "tensor": "gU3",
          "torch_equal": true
        },
        {
          "family": "W_K",
          "reference_dtype": "torch.float32",
          "reference_shape": [
            256,
            256
          ],
          "smoke_dtype": "torch.float32",
          "smoke_shape": [
            256,
            256
          ],
          "tensor": "gR",
          "torch_equal": true
        },
        {
          "family": "W_K",
          "reference_dtype": "torch.float32",
          "reference_shape": [
            256,
            256
          ],
          "smoke_dtype": "torch.float32",
          "smoke_shape": [
            256,
            256
          ],
          "tensor": "gU0",
          "torch_equal": true
        },
        {
          "family": "W_K",
          "reference_dtype": "torch.float32",
          "reference_shape": [
            256,
            256
          ],
          "smoke_dtype": "torch.float32",
          "smoke_shape": [
            256,
            256
          ],
          "tensor": "gU1",
          "torch_equal": true
        },
        {
          "family": "W_K",
          "reference_dtype": "torch.float32",
          "reference_shape": [
            256,
            256
          ],
          "smoke_dtype": "torch.float32",
          "smoke_shape": [
            256,
            256
          ],
          "tensor": "gU2",
          "torch_equal": true
        },
        {
          "family": "W_K",
          "reference_dtype": "torch.float32",
          "reference_shape": [
            256,
            256
          ],
          "smoke_dtype": "torch.float32",
          "smoke_shape": [
            256,
            256
          ],
          "tensor": "gU3",
          "torch_equal": true
        },
        {
          "family": "W_V",
          "reference_dtype": "torch.float32",
          "reference_shape": [
            256,
            256
          ],
          "smoke_dtype": "torch.float32",
          "smoke_shape": [
            256,
            256
          ],
          "tensor": "gR",
          "torch_equal": true
        },
        {
          "family": "W_V",
          "reference_dtype": "torch.float32",
          "reference_shape": [
            256,
            256
          ],
          "smoke_dtype": "torch.float32",
          "smoke_shape": [
            256,
            256
          ],
          "tensor": "gU0",
          "torch_equal": true
        },
        {
          "family": "W_V",
          "reference_dtype": "torch.float32",
          "reference_shape": [
            256,
            256
          ],
          "smoke_dtype": "torch.float32",
          "smoke_shape": [
            256,
            256
          ],
          "tensor": "gU1",
          "torch_equal": true
        },
        {
          "family": "W_V",
          "reference_dtype": "torch.float32",
          "reference_shape": [
            256,
            256
          ],
          "smoke_dtype": "torch.float32",
          "smoke_shape": [
            256,
            256
          ],
          "tensor": "gU2",
          "torch_equal": true
        },
        {
          "family": "W_V",
          "reference_dtype": "torch.float32",
          "reference_shape": [
            256,
            256
          ],
          "smoke_dtype": "torch.float32",
          "smoke_shape": [
            256,
            256
          ],
          "tensor": "gU3",
          "torch_equal": true
        },
        {
          "family": "W_O",
          "reference_dtype": "torch.float32",
          "reference_shape": [
            256,
            256
          ],
          "smoke_dtype": "torch.float32",
          "smoke_shape": [
            256,
            256
          ],
          "tensor": "gR",
          "torch_equal": true
        },
        {
          "family": "W_O",
          "reference_dtype": "torch.float32",
          "reference_shape": [
            256,
            256
          ],
          "smoke_dtype": "torch.float32",
          "smoke_shape": [
            256,
            256
          ],
          "tensor": "gU0",
          "torch_equal": true
        },
        {
          "family": "W_O",
          "reference_dtype": "torch.float32",
          "reference_shape": [
            256,
            256
          ],
          "smoke_dtype": "torch.float32",
          "smoke_shape": [
            256,
            256
          ],
          "tensor": "gU1",
          "torch_equal": true
        },
        {
          "family": "W_O",
          "reference_dtype": "torch.float32",
          "reference_shape": [
            256,
            256
          ],
          "smoke_dtype": "torch.float32",
          "smoke_shape": [
            256,
            256
          ],
          "tensor": "gU2",
          "torch_equal": true
        },
        {
          "family": "W_O",
          "reference_dtype": "torch.float32",
          "reference_shape": [
            256,
            256
          ],
          "smoke_dtype": "torch.float32",
          "smoke_shape": [
            256,
            256
          ],
          "tensor": "gU3",
          "torch_equal": true
        },
        {
          "family": "W_gate",
          "reference_dtype": "torch.float32",
          "reference_shape": [
            1024,
            256
          ],
          "smoke_dtype": "torch.float32",
          "smoke_shape": [
            1024,
            256
          ],
          "tensor": "gR",
          "torch_equal": true
        },
        {
          "family": "W_gate",
          "reference_dtype": "torch.float32",
          "reference_shape": [
            1024,
            256
          ],
          "smoke_dtype": "torch.float32",
          "smoke_shape": [
            1024,
            256
          ],
          "tensor": "gU0",
          "torch_equal": true
        },
        {
          "family": "W_gate",
          "reference_dtype": "torch.float32",
          "reference_shape": [
            1024,
            256
          ],
          "smoke_dtype": "torch.float32",
          "smoke_shape": [
            1024,
            256
          ],
          "tensor": "gU1",
          "torch_equal": true
        },
        {
          "family": "W_gate",
          "reference_dtype": "torch.float32",
          "reference_shape": [
            1024,
            256
          ],
          "smoke_dtype": "torch.float32",
          "smoke_shape": [
            1024,
            256
          ],
          "tensor": "gU2",
          "torch_equal": true
        },
        {
          "family": "W_gate",
          "reference_dtype": "torch.float32",
          "reference_shape": [
            1024,
            256
          ],
          "smoke_dtype": "torch.float32",
          "smoke_shape": [
            1024,
            256
          ],
          "tensor": "gU3",
          "torch_equal": true
        },
        {
          "family": "W_up",
          "reference_dtype": "torch.float32",
          "reference_shape": [
            1024,
            256
          ],
          "smoke_dtype": "torch.float32",
          "smoke_shape": [
            1024,
            256
          ],
          "tensor": "gR",
          "torch_equal": true
        },
        {
          "family": "W_up",
          "reference_dtype": "torch.float32",
          "reference_shape": [
            1024,
            256
          ],
          "smoke_dtype": "torch.float32",
          "smoke_shape": [
            1024,
            256
          ],
          "tensor": "gU0",
          "torch_equal": true
        },
        {
          "family": "W_up",
          "reference_dtype": "torch.float32",
          "reference_shape": [
            1024,
            256
          ],
          "smoke_dtype": "torch.float32",
          "smoke_shape": [
            1024,
            256
          ],
          "tensor": "gU1",
          "torch_equal": true
        },
        {
          "family": "W_up",
          "reference_dtype": "torch.float32",
          "reference_shape": [
            1024,
            256
          ],
          "smoke_dtype": "torch.float32",
          "smoke_shape": [
            1024,
            256
          ],
          "tensor": "gU2",
          "torch_equal": true
        },
        {
          "family": "W_up",
          "reference_dtype": "torch.float32",
          "reference_shape": [
            1024,
            256
          ],
          "smoke_dtype": "torch.float32",
          "smoke_shape": [
            1024,
            256
          ],
          "tensor": "gU3",
          "torch_equal": true
        },
        {
          "family": "W_down",
          "reference_dtype": "torch.float32",
          "reference_shape": [
            256,
            1024
          ],
          "smoke_dtype": "torch.float32",
          "smoke_shape": [
            256,
            1024
          ],
          "tensor": "gR",
          "torch_equal": true
        },
        {
          "family": "W_down",
          "reference_dtype": "torch.float32",
          "reference_shape": [
            256,
            1024
          ],
          "smoke_dtype": "torch.float32",
          "smoke_shape": [
            256,
            1024
          ],
          "tensor": "gU0",
          "torch_equal": true
        },
        {
          "family": "W_down",
          "reference_dtype": "torch.float32",
          "reference_shape": [
            256,
            1024
          ],
          "smoke_dtype": "torch.float32",
          "smoke_shape": [
            256,
            1024
          ],
          "tensor": "gU1",
          "torch_equal": true
        },
        {
          "family": "W_down",
          "reference_dtype": "torch.float32",
          "reference_shape": [
            256,
            1024
          ],
          "smoke_dtype": "torch.float32",
          "smoke_shape": [
            256,
            1024
          ],
          "tensor": "gU2",
          "torch_equal": true
        },
        {
          "family": "W_down",
          "reference_dtype": "torch.float32",
          "reference_shape": [
            256,
            1024
          ],
          "smoke_dtype": "torch.float32",
          "smoke_shape": [
            256,
            1024
          ],
          "tensor": "gU3",
          "torch_equal": true
        }
      ]
    },
    "classification": "CALIBRATION_ONLY",
    "official_heldout_seeds_touched": false,
    "schema": "omega-v2-2a-d3q-calibration-smoke-v1",
    "scientific_gates_voting": false,
    "seed_execution": {
      "D3_diagnostic_crosscheck_NON_GATE": {
        "affects_D3Q_verdict": false,
        "affects_smoke_terminal_status": false,
        "all_bitwise_equal": true,
        "classification": "NON_GATE_REPORT_ONLY",
        "comparison": "torch.equal for gR and gU0..gU3 across seven families",
        "reference_sha256": "1d9efe93b6d02ad58768682d6b1c7e4b52c5516d3254df214121310932e43629",
        "rows": [
          {
            "family": "W_Q",
            "reference_dtype": "torch.float32",
            "reference_shape": [
              256,
              256
            ],
            "smoke_dtype": "torch.float32",
            "smoke_shape": [
              256,
              256
            ],
            "tensor": "gR",
            "torch_equal": true
          },
          {
            "family": "W_Q",
            "reference_dtype": "torch.float32",
            "reference_shape": [
              256,
              256
            ],
            "smoke_dtype": "torch.float32",
            "smoke_shape": [
              256,
              256
            ],
            "tensor": "gU0",
            "torch_equal": true
          },
          {
            "family": "W_Q",
            "reference_dtype": "torch.float32",
            "reference_shape": [
              256,
              256
            ],
            "smoke_dtype": "torch.float32",
            "smoke_shape": [
              256,
              256
            ],
            "tensor": "gU1",
            "torch_equal": true
          },
          {
            "family": "W_Q",
            "reference_dtype": "torch.float32",
            "reference_shape": [
              256,
              256
            ],
            "smoke_dtype": "torch.float32",
            "smoke_shape": [
              256,
              256
            ],
            "tensor": "gU2",
            "torch_equal": true
          },
          {
            "family": "W_Q",
            "reference_dtype": "torch.float32",
            "reference_shape": [
              256,
              256
            ],
            "smoke_dtype": "torch.float32",
            "smoke_shape": [
              256,
              256
            ],
            "tensor": "gU3",
            "torch_equal": true
          },
          {
            "family": "W_K",
            "reference_dtype": "torch.float32",
            "reference_shape": [
              256,
              256
            ],
            "smoke_dtype": "torch.float32",
            "smoke_shape": [
              256,
              256
            ],
            "tensor": "gR",
            "torch_equal": true
          },
          {
            "family": "W_K",
            "reference_dtype": "torch.float32",
            "reference_shape": [
              256,
              256
            ],
            "smoke_dtype": "torch.float32",
            "smoke_shape": [
              256,
              256
            ],
            "tensor": "gU0",
            "torch_equal": true
          },
          {
            "family": "W_K",
            "reference_dtype": "torch.float32",
            "reference_shape": [
              256,
              256
            ],
            "smoke_dtype": "torch.float32",
            "smoke_shape": [
              256,
              256
            ],
            "tensor": "gU1",
            "torch_equal": true
          },
          {
            "family": "W_K",
            "reference_dtype": "torch.float32",
            "reference_shape": [
              256,
              256
            ],
            "smoke_dtype": "torch.float32",
            "smoke_shape": [
              256,
              256
            ],
            "tensor": "gU2",
            "torch_equal": true
          },
          {
            "family": "W_K",
            "reference_dtype": "torch.float32",
            "reference_shape": [
              256,
              256
            ],
            "smoke_dtype": "torch.float32",
            "smoke_shape": [
              256,
              256
            ],
            "tensor": "gU3",
            "torch_equal": true
          },
          {
            "family": "W_V",
            "reference_dtype": "torch.float32",
            "reference_shape": [
              256,
              256
            ],
            "smoke_dtype": "torch.float32",
            "smoke_shape": [
              256,
              256
            ],
            "tensor": "gR",
            "torch_equal": true
          },
          {
            "family": "W_V",
            "reference_dtype": "torch.float32",
            "reference_shape": [
              256,
              256
            ],
            "smoke_dtype": "torch.float32",
            "smoke_shape": [
              256,
              256
            ],
            "tensor": "gU0",
            "torch_equal": true
          },
          {
            "family": "W_V",
            "reference_dtype": "torch.float32",
            "reference_shape": [
              256,
              256
            ],
            "smoke_dtype": "torch.float32",
            "smoke_shape": [
              256,
              256
            ],
            "tensor": "gU1",
            "torch_equal": true
          },
          {
            "family": "W_V",
            "reference_dtype": "torch.float32",
            "reference_shape": [
              256,
              256
            ],
            "smoke_dtype": "torch.float32",
            "smoke_shape": [
              256,
              256
            ],
            "tensor": "gU2",
            "torch_equal": true
          },
          {
            "family": "W_V",
            "reference_dtype": "torch.float32",
            "reference_shape": [
              256,
              256
            ],
            "smoke_dtype": "torch.float32",
            "smoke_shape": [
              256,
              256
            ],
            "tensor": "gU3",
            "torch_equal": true
          },
          {
            "family": "W_O",
            "reference_dtype": "torch.float32",
            "reference_shape": [
              256,
              256
            ],
            "smoke_dtype": "torch.float32",
            "smoke_shape": [
              256,
              256
            ],
            "tensor": "gR",
            "torch_equal": true
          },
          {
            "family": "W_O",
            "reference_dtype": "torch.float32",
            "reference_shape": [
              256,
              256
            ],
            "smoke_dtype": "torch.float32",
            "smoke_shape": [
              256,
              256
            ],
            "tensor": "gU0",
            "torch_equal": true
          },
          {
            "family": "W_O",
            "reference_dtype": "torch.float32",
            "reference_shape": [
              256,
              256
            ],
            "smoke_dtype": "torch.float32",
            "smoke_shape": [
              256,
              256
            ],
            "tensor": "gU1",
            "torch_equal": true
          },
          {
            "family": "W_O",
            "reference_dtype": "torch.float32",
            "reference_shape": [
              256,
              256
            ],
            "smoke_dtype": "torch.float32",
            "smoke_shape": [
              256,
              256
            ],
            "tensor": "gU2",
            "torch_equal": true
          },
          {
            "family": "W_O",
            "reference_dtype": "torch.float32",
            "reference_shape": [
              256,
              256
            ],
            "smoke_dtype": "torch.float32",
            "smoke_shape": [
              256,
              256
            ],
            "tensor": "gU3",
            "torch_equal": true
          },
          {
            "family": "W_gate",
            "reference_dtype": "torch.float32",
            "reference_shape": [
              1024,
              256
            ],
            "smoke_dtype": "torch.float32",
            "smoke_shape": [
              1024,
              256
            ],
            "tensor": "gR",
            "torch_equal": true
          },
          {
            "family": "W_gate",
            "reference_dtype": "torch.float32",
            "reference_shape": [
              1024,
              256
            ],
            "smoke_dtype": "torch.float32",
            "smoke_shape": [
              1024,
              256
            ],
            "tensor": "gU0",
            "torch_equal": true
          },
          {
            "family": "W_gate",
            "reference_dtype": "torch.float32",
            "reference_shape": [
              1024,
              256
            ],
            "smoke_dtype": "torch.float32",
            "smoke_shape": [
              1024,
              256
            ],
            "tensor": "gU1",
            "torch_equal": true
          },
          {
            "family": "W_gate",
            "reference_dtype": "torch.float32",
            "reference_shape": [
              1024,
              256
            ],
            "smoke_dtype": "torch.float32",
            "smoke_shape": [
              1024,
              256
            ],
            "tensor": "gU2",
            "torch_equal": true
          },
          {
            "family": "W_gate",
            "reference_dtype": "torch.float32",
            "reference_shape": [
              1024,
              256
            ],
            "smoke_dtype": "torch.float32",
            "smoke_shape": [
              1024,
              256
            ],
            "tensor": "gU3",
            "torch_equal": true
          },
          {
            "family": "W_up",
            "reference_dtype": "torch.float32",
            "reference_shape": [
              1024,
              256
            ],
            "smoke_dtype": "torch.float32",
            "smoke_shape": [
              1024,
              256
            ],
            "tensor": "gR",
            "torch_equal": true
          },
          {
            "family": "W_up",
            "reference_dtype": "torch.float32",
            "reference_shape": [
              1024,
              256
            ],
            "smoke_dtype": "torch.float32",
            "smoke_shape": [
              1024,
              256
            ],
            "tensor": "gU0",
            "torch_equal": true
          },
          {
            "family": "W_up",
            "reference_dtype": "torch.float32",
            "reference_shape": [
              1024,
              256
            ],
            "smoke_dtype": "torch.float32",
            "smoke_shape": [
              1024,
              256
            ],
            "tensor": "gU1",
            "torch_equal": true
          },
          {
            "family": "W_up",
            "reference_dtype": "torch.float32",
            "reference_shape": [
              1024,
              256
            ],
            "smoke_dtype": "torch.float32",
            "smoke_shape": [
              1024,
              256
            ],
            "tensor": "gU2",
            "torch_equal": true
          },
          {
            "family": "W_up",
            "reference_dtype": "torch.float32",
            "reference_shape": [
              1024,
              256
            ],
            "smoke_dtype": "torch.float32",
            "smoke_shape": [
              1024,
              256
            ],
            "tensor": "gU3",
            "torch_equal": true
          },
          {
            "family": "W_down",
            "reference_dtype": "torch.float32",
            "reference_shape": [
              256,
              1024
            ],
            "smoke_dtype": "torch.float32",
            "smoke_shape": [
              256,
              1024
            ],
            "tensor": "gR",
            "torch_equal": true
          },
          {
            "family": "W_down",
            "reference_dtype": "torch.float32",
            "reference_shape": [
              256,
              1024
            ],
            "smoke_dtype": "torch.float32",
            "smoke_shape": [
              256,
              1024
            ],
            "tensor": "gU0",
            "torch_equal": true
          },
          {
            "family": "W_down",
            "reference_dtype": "torch.float32",
            "reference_shape": [
              256,
              1024
            ],
            "smoke_dtype": "torch.float32",
            "smoke_shape": [
              256,
              1024
            ],
            "tensor": "gU1",
            "torch_equal": true
          },
          {
            "family": "W_down",
            "reference_dtype": "torch.float32",
            "reference_shape": [
              256,
              1024
            ],
            "smoke_dtype": "torch.float32",
            "smoke_shape": [
              256,
              1024
            ],
            "tensor": "gU2",
            "torch_equal": true
          },
          {
            "family": "W_down",
            "reference_dtype": "torch.float32",
            "reference_shape": [
              256,
              1024
            ],
            "smoke_dtype": "torch.float32",
            "smoke_shape": [
              256,
              1024
            ],
            "tensor": "gU3",
            "torch_equal": true
          }
        ]
      },
      "case_id": "calibration_seed_20260930",
      "cpu_fp64_copy_checks": {
        "initial_FP32_weights_to_FP64_exact_value_preserved": true,
        "w_FP32_to_FP64_exact_value_preserved": true,
        "x_FP32_to_FP64_exact_value_preserved": true
      },
      "cpu_fp64_oracle_all_pass": true,
      "duration_seconds": 0.5798014999600127,
      "families": {
        "W_K": {
          "cpu_fp64_oracle": {
            "finite": true,
            "gates": {
              "E_L2_FP64": {
                "limit": 1e-15,
                "pass": true,
                "value": 1.0006207528944335e-16
              },
              "E_inf_FP64": {
                "limit": 1e-14,
                "pass": true,
                "value": 2.716704417970941e-16
              }
            },
            "max_abs_FP64_threshold": null,
            "metrics": {
              "E_L2": 1.0006207528944335e-16,
              "E_inf": 2.716704417970941e-16,
              "max_abs": 1.4210854715202004e-14,
              "max_rel_old": 5.300254783890701e-13,
              "norm_S64_inf": 52.30916775928034,
              "norm_S64_l2": 2728.1057108046366,
              "norm_gR64_inf": 52.30916775928034,
              "norm_gR64_l2": 2728.1057108046366,
              "shape": [
                256,
                256
              ]
            },
            "pass": true
          },
          "diagnostics_NON_GATE": {
            "S_reverse_equal_gR_NON_GATE": true,
            "fp32_sum_names": [
              "S_forward",
              "S_reverse",
              "S_pairwise",
              "S_stack"
            ],
            "old_max_rel": {
              "S_reverse_equal_gR_NON_GATE": true,
              "abs_error": 1.1920928955078125e-07,
              "abs_error_over_ulp_gR": 32768.0,
              "abs_error_over_ulp_sum_gU_old": 32768.0,
              "argmax_flat_index": 44868,
              "argmax_multi_index_row_major": [
                175,
                68
              ],
              "floor_1e_6_active": false,
              "gR_value": 3.4332275390625e-05,
              "max_rel_old": 0.0034722222480922937,
              "old_denominator": 3.4332275390625e-05,
              "sum_gU_old_value": 3.421306610107422e-05,
              "ulp_gR": 3.637978807091713e-12,
              "ulp_sum_gU_old": 3.637978807091713e-12
            }
          },
          "operational": {
            "all_cpu_oracle_tensors_finite": true,
            "all_cuda_family_tensors_finite": true
          },
          "primary_S64": {
            "finite": true,
            "gates": {
              "A": {
                "limit": 2e-07,
                "name": "normwise_L2",
                "pass": true,
                "value": 3.388175308859245e-08
              },
              "B": {
                "limit": 5e-07,
                "name": "normwise_Linf",
                "pass": true,
                "value": 5.925234263708148e-08
              },
              "C": {
                "limit_ulps": 8.0,
                "limit_value": 3.0517578125e-05,
                "name": "max_abs_scale_aware",
                "pass": true,
                "value": 3.0994415283203125e-06
              }
            },
            "metrics": {
              "E_L2": 3.388175308859245e-08,
              "E_inf": 5.925234263708148e-08,
              "max_abs": 3.0994415283203125e-06,
              "max_rel_old": 0.003472222222222222,
              "norm_S64_inf": 52.30918025970459,
              "norm_S64_l2": 2728.1059190626816,
              "norm_gR64_inf": 52.309181213378906,
              "norm_gR64_l2": 2728.1059185615673,
              "shape": [
                256,
                256
              ]
            },
            "scale_context": {
              "M32": 52.309181213378906,
              "M64": 52.309181213378906,
              "ULP_M32": 3.814697265625e-06
            },
            "scientific_gates_pass": true
          },
          "seed_family_pass": true
        },
        "W_O": {
          "cpu_fp64_oracle": {
            "finite": true,
            "gates": {
              "E_L2_FP64": {
                "limit": 1e-15,
                "pass": true,
                "value": 9.95019999762148e-17
              },
              "E_inf_FP64": {
                "limit": 1e-14,
                "pass": true,
                "value": 1.1381319991665917e-16
              }
            },
            "max_abs_FP64_threshold": null,
            "metrics": {
              "E_L2": 9.95019999762148e-17,
              "E_inf": 1.1381319991665917e-16,
              "max_abs": 1.4210854715202004e-14,
              "max_rel_old": 7.211212151350932e-13,
              "norm_S64_inf": 124.86121755304342,
              "norm_S64_l2": 6258.742743565076,
              "norm_gR64_inf": 124.86121755304342,
              "norm_gR64_l2": 6258.742743565076,
              "shape": [
                256,
                256
              ]
            },
            "pass": true
          },
          "diagnostics_NON_GATE": {
            "S_reverse_equal_gR_NON_GATE": true,
            "fp32_sum_names": [
              "S_forward",
              "S_reverse",
              "S_pairwise",
              "S_stack"
            ],
            "old_max_rel": {
              "S_reverse_equal_gR_NON_GATE": true,
              "abs_error": 4.76837158203125e-07,
              "abs_error_over_ulp_gR": 1024.0,
              "abs_error_over_ulp_sum_gU_old": 1024.0,
              "argmax_flat_index": 17093,
              "argmax_multi_index_row_major": [
                66,
                197
              ],
              "floor_1e_6_active": false,
              "gR_value": 0.0039310455322265625,
              "max_rel_old": 0.00012130034156143665,
              "old_denominator": 0.0039310455322265625,
              "sum_gU_old_value": 0.003930568695068359,
              "ulp_gR": 4.656612873077393e-10,
              "ulp_sum_gU_old": 4.656612873077393e-10
            }
          },
          "operational": {
            "all_cpu_oracle_tensors_finite": true,
            "all_cuda_family_tensors_finite": true
          },
          "primary_S64": {
            "finite": true,
            "gates": {
              "A": {
                "limit": 2e-07,
                "name": "normwise_L2",
                "pass": true,
                "value": 3.7214034681009397e-08
              },
              "B": {
                "limit": 5e-07,
                "name": "normwise_Linf",
                "pass": true,
                "value": 6.110299833023837e-08
              },
              "C": {
                "limit_ulps": 8.0,
                "limit_value": 6.103515625e-05,
                "name": "max_abs_scale_aware",
                "pass": true,
                "value": 7.62939453125e-06
              }
            },
            "metrics": {
              "E_L2": 3.7214034681009397e-08,
              "E_inf": 6.110299833023837e-08,
              "max_abs": 7.62939453125e-06,
              "max_rel_old": 0.00012130033964095099,
              "norm_S64_inf": 124.86121368408203,
              "norm_S64_l2": 6258.742910329795,
              "norm_gR64_inf": 124.86121368408203,
              "norm_gR64_l2": 6258.742908932774,
              "shape": [
                256,
                256
              ]
            },
            "scale_context": {
              "M32": 124.86121368408203,
              "M64": 124.86121368408203,
              "ULP_M32": 7.62939453125e-06
            },
            "scientific_gates_pass": true
          },
          "seed_family_pass": true
        },
        "W_Q": {
          "cpu_fp64_oracle": {
            "finite": true,
            "gates": {
              "E_L2_FP64": {
                "limit": 1e-15,
                "pass": true,
                "value": 1.0019336289798831e-16
              },
              "E_inf_FP64": {
                "limit": 1e-14,
                "pass": true,
                "value": 1.3523560889810435e-16
              }
            },
            "max_abs_FP64_threshold": null,
            "metrics": {
              "E_L2": 1.0019336289798831e-16,
              "E_inf": 1.3523560889810435e-16,
              "max_abs": 7.105427357601002e-15,
              "max_rel_old": 2.05235058659749e-13,
              "norm_S64_inf": 52.54109783285489,
              "norm_S64_l2": 2769.7293884126143,
              "norm_gR64_inf": 52.54109783285489,
              "norm_gR64_l2": 2769.7293884126143,
              "shape": [
                256,
                256
              ]
            },
            "pass": true
          },
          "diagnostics_NON_GATE": {
            "S_reverse_equal_gR_NON_GATE": true,
            "fp32_sum_names": [
              "S_forward",
              "S_reverse",
              "S_pairwise",
              "S_stack"
            ],
            "old_max_rel": {
              "S_reverse_equal_gR_NON_GATE": true,
              "abs_error": 1.1920928955078125e-07,
              "abs_error_over_ulp_gR": 4096.0,
              "abs_error_over_ulp_sum_gU_old": 4096.0,
              "argmax_flat_index": 58051,
              "argmax_multi_index_row_major": [
                226,
                195
              ],
              "floor_1e_6_active": false,
              "gR_value": -0.0003300905227661133,
              "max_rel_old": 0.00036101083969697356,
              "old_denominator": 0.00033020973205566406,
              "sum_gU_old_value": -0.00033020973205566406,
              "ulp_gR": 2.9103830456733704e-11,
              "ulp_sum_gU_old": 2.9103830456733704e-11
            }
          },
          "operational": {
            "all_cpu_oracle_tensors_finite": true,
            "all_cuda_family_tensors_finite": true
          },
          "primary_S64": {
            "finite": true,
            "gates": {
              "A": {
                "limit": 2e-07,
                "name": "normwise_L2",
                "pass": true,
                "value": 3.415794472797588e-08
              },
              "B": {
                "limit": 5e-07,
                "name": "normwise_Linf",
                "pass": true,
                "value": 6.352856115464177e-08
              },
              "C": {
                "limit_ulps": 8.0,
                "limit_value": 3.0517578125e-05,
                "name": "max_abs_scale_aware",
                "pass": true,
                "value": 3.337860107421875e-06
              }
            },
            "metrics": {
              "E_L2": 3.415794472797588e-08,
              "E_inf": 6.352856115464177e-08,
              "max_abs": 3.337860107421875e-06,
              "max_rel_old": 0.00011000696710791684,
              "norm_S64_inf": 52.541094064712524,
              "norm_S64_l2": 2769.729575608837,
              "norm_gR64_inf": 52.54109191894531,
              "norm_gR64_l2": 2769.729576019558,
              "shape": [
                256,
                256
              ]
            },
            "scale_context": {
              "M32": 52.54109573364258,
              "M64": 52.541094064712524,
              "ULP_M32": 3.814697265625e-06
            },
            "scientific_gates_pass": true
          },
          "seed_family_pass": true
        },
        "W_V": {
          "cpu_fp64_oracle": {
            "finite": true,
            "gates": {
              "E_L2_FP64": {
                "limit": 1e-15,
                "pass": true,
                "value": 1.0037925608093148e-16
              },
              "E_inf_FP64": {
                "limit": 1e-14,
                "pass": true,
                "value": 2.214807818683235e-16
              }
            },
            "max_abs_FP64_threshold": null,
            "metrics": {
              "E_L2": 1.0037925608093148e-16,
              "E_inf": 2.214807818683235e-16,
              "max_abs": 2.842170943040401e-14,
              "max_rel_old": 3.53621302893601e-13,
              "norm_S64_inf": 128.32584927075752,
              "norm_S64_l2": 6239.686243881577,
              "norm_gR64_inf": 128.32584927075752,
              "norm_gR64_l2": 6239.686243881577,
              "shape": [
                256,
                256
              ]
            },
            "pass": true
          },
          "diagnostics_NON_GATE": {
            "S_reverse_equal_gR_NON_GATE": true,
            "fp32_sum_names": [
              "S_forward",
              "S_reverse",
              "S_pairwise",
              "S_stack"
            ],
            "old_max_rel": {
              "S_reverse_equal_gR_NON_GATE": true,
              "abs_error": 1.1920928955078125e-07,
              "abs_error_over_ulp_gR": 2048.0,
              "abs_error_over_ulp_sum_gU_old": 2048.0,
              "argmax_flat_index": 14342,
              "argmax_multi_index_row_major": [
                56,
                6
              ],
              "floor_1e_6_active": false,
              "gR_value": -0.0005128383636474609,
              "max_rel_old": 0.00023239600704982877,
              "old_denominator": 0.0005129575729370117,
              "sum_gU_old_value": -0.0005129575729370117,
              "ulp_gR": 5.820766091346741e-11,
              "ulp_sum_gU_old": 5.820766091346741e-11
            }
          },
          "operational": {
            "all_cpu_oracle_tensors_finite": true,
            "all_cuda_family_tensors_finite": true
          },
          "primary_S64": {
            "finite": true,
            "gates": {
              "A": {
                "limit": 2e-07,
                "name": "normwise_L2",
                "pass": true,
                "value": 3.747180079402311e-08
              },
              "B": {
                "limit": 5e-07,
                "name": "normwise_Linf",
                "pass": true,
                "value": 6.688495537970857e-08
              },
              "C": {
                "limit_ulps": 8.0,
                "limit_value": 0.0001220703125,
                "name": "max_abs_scale_aware",
                "pass": true,
                "value": 8.58306884765625e-06
              }
            },
            "metrics": {
              "E_L2": 3.747180079402311e-08,
              "E_inf": 6.688495537970857e-08,
              "max_abs": 8.58306884765625e-06,
              "max_rel_old": 0.00011621150493898897,
              "norm_S64_inf": 128.32584810256958,
              "norm_S64_l2": 6239.686414861745,
              "norm_gR64_inf": 128.3258514404297,
              "norm_gR64_l2": 6239.686415141664,
              "shape": [
                256,
                256
              ]
            },
            "scale_context": {
              "M32": 128.3258514404297,
              "M64": 128.3258514404297,
              "ULP_M32": 1.52587890625e-05
            },
            "scientific_gates_pass": true
          },
          "seed_family_pass": true
        },
        "W_down": {
          "cpu_fp64_oracle": {
            "finite": true,
            "gates": {
              "E_L2_FP64": {
                "limit": 1e-15,
                "pass": true,
                "value": 9.941236053426379e-17
              },
              "E_inf_FP64": {
                "limit": 1e-14,
                "pass": true,
                "value": 1.171538128086082e-16
              }
            },
            "max_abs_FP64_threshold": null,
            "metrics": {
              "E_L2": 9.941236053426379e-17,
              "E_inf": 1.171538128086082e-16,
              "max_abs": 7.105427357601002e-15,
              "max_rel_old": 5.526953166992366e-12,
              "norm_S64_inf": 60.65041493108717,
              "norm_S64_l2": 4074.2841877642477,
              "norm_gR64_inf": 60.65041493108717,
              "norm_gR64_l2": 4074.2841877642477,
              "shape": [
                256,
                1024
              ]
            },
            "pass": true
          },
          "diagnostics_NON_GATE": {
            "S_reverse_equal_gR_NON_GATE": true,
            "fp32_sum_names": [
              "S_forward",
              "S_reverse",
              "S_pairwise",
              "S_stack"
            ],
            "old_max_rel": {
              "S_reverse_equal_gR_NON_GATE": true,
              "abs_error": 2.384185791015625e-07,
              "abs_error_over_ulp_gR": 32768.0,
              "abs_error_over_ulp_sum_gU_old": 32768.0,
              "argmax_flat_index": 158001,
              "argmax_multi_index_row_major": [
                154,
                305
              ],
              "floor_1e_6_active": false,
              "gR_value": -7.963180541992188e-05,
              "max_rel_old": 0.002994012087583542,
              "old_denominator": 7.963180541992188e-05,
              "sum_gU_old_value": -7.939338684082031e-05,
              "ulp_gR": 7.275957614183426e-12,
              "ulp_sum_gU_old": 7.275957614183426e-12
            }
          },
          "operational": {
            "all_cpu_oracle_tensors_finite": true,
            "all_cuda_family_tensors_finite": true
          },
          "primary_S64": {
            "finite": true,
            "gates": {
              "A": {
                "limit": 2e-07,
                "name": "normwise_L2",
                "pass": true,
                "value": 3.656333379082823e-08
              },
              "B": {
                "limit": 5e-07,
                "name": "normwise_Linf",
                "pass": true,
                "value": 6.289646986329798e-08
              },
              "C": {
                "limit_ulps": 8.0,
                "limit_value": 3.0517578125e-05,
                "name": "max_abs_scale_aware",
                "pass": true,
                "value": 3.814697265625e-06
              }
            },
            "metrics": {
              "E_L2": 3.656333379082823e-08,
              "E_inf": 6.289646986329798e-08,
              "max_abs": 3.814697265625e-06,
              "max_rel_old": 0.002877058383233533,
              "norm_S64_inf": 60.65041923522949,
              "norm_S64_l2": 4074.2843041391293,
              "norm_gR64_inf": 60.65041732788086,
              "norm_gR64_l2": 4074.2843031300195,
              "shape": [
                256,
                1024
              ]
            },
            "scale_context": {
              "M32": 60.650421142578125,
              "M64": 60.65041923522949,
              "ULP_M32": 3.814697265625e-06
            },
            "scientific_gates_pass": true
          },
          "seed_family_pass": true
        },
        "W_gate": {
          "cpu_fp64_oracle": {
            "finite": true,
            "gates": {
              "E_L2_FP64": {
                "limit": 1e-15,
                "pass": true,
                "value": 9.943870521014824e-17
              },
              "E_inf_FP64": {
                "limit": 1e-14,
                "pass": true,
                "value": 2.560535277903608e-16
              }
            },
            "max_abs_FP64_threshold": null,
            "metrics": {
              "E_L2": 9.943870521014824e-17,
              "E_inf": 2.560535277903608e-16,
              "max_abs": 1.4210854715202004e-14,
              "max_rel_old": 2.986314096165796e-12,
              "norm_S64_inf": 55.49954666837039,
              "norm_S64_l2": 4135.737731846175,
              "norm_gR64_inf": 55.49954666837039,
              "norm_gR64_l2": 4135.737731846175,
              "shape": [
                1024,
                256
              ]
            },
            "pass": true
          },
          "diagnostics_NON_GATE": {
            "S_reverse_equal_gR_NON_GATE": true,
            "fp32_sum_names": [
              "S_forward",
              "S_reverse",
              "S_pairwise",
              "S_stack"
            ],
            "old_max_rel": {
              "S_reverse_equal_gR_NON_GATE": true,
              "abs_error": 2.384185791015625e-07,
              "abs_error_over_ulp_gR": 65536.0,
              "abs_error_over_ulp_sum_gU_old": 65536.0,
              "argmax_flat_index": 11995,
              "argmax_multi_index_row_major": [
                46,
                219
              ],
              "floor_1e_6_active": false,
              "gR_value": 3.9577484130859375e-05,
              "max_rel_old": 0.005988024175167084,
              "old_denominator": 3.981590270996094e-05,
              "sum_gU_old_value": 3.981590270996094e-05,
              "ulp_gR": 3.637978807091713e-12,
              "ulp_sum_gU_old": 3.637978807091713e-12
            }
          },
          "operational": {
            "all_cpu_oracle_tensors_finite": true,
            "all_cuda_family_tensors_finite": true
          },
          "primary_S64": {
            "finite": true,
            "gates": {
              "A": {
                "limit": 2e-07,
                "name": "normwise_L2",
                "pass": true,
                "value": 3.671111470897815e-08
              },
              "B": {
                "limit": 5e-07,
                "name": "normwise_Linf",
                "pass": true,
                "value": 6.873385098171184e-08
              },
              "C": {
                "limit_ulps": 8.0,
                "limit_value": 3.0517578125e-05,
                "name": "max_abs_scale_aware",
                "pass": true,
                "value": 3.814697265625e-06
              }
            },
            "metrics": {
              "E_L2": 3.671111470897815e-08,
              "E_inf": 6.873385098171184e-08,
              "max_abs": 3.814697265625e-06,
              "max_rel_old": 0.0015037593984962407,
              "norm_S64_inf": 55.49954032897949,
              "norm_S64_l2": 4135.737848638295,
              "norm_gR64_inf": 55.499542236328125,
              "norm_gR64_l2": 4135.737847335061,
              "shape": [
                1024,
                256
              ]
            },
            "scale_context": {
              "M32": 55.499542236328125,
              "M64": 55.499542236328125,
              "ULP_M32": 3.814697265625e-06
            },
            "scientific_gates_pass": true
          },
          "seed_family_pass": true
        },
        "W_up": {
          "cpu_fp64_oracle": {
            "finite": true,
            "gates": {
              "E_L2_FP64": {
                "limit": 1e-15,
                "pass": true,
                "value": 9.905144653521233e-17
              },
              "E_inf_FP64": {
                "limit": 1e-14,
                "pass": true,
                "value": 9.315035126991673e-17
              }
            },
            "max_abs_FP64_threshold": null,
            "metrics": {
              "E_L2": 9.905144653521233e-17,
              "E_inf": 9.315035126991673e-17,
              "max_abs": 7.105427357601002e-15,
              "max_rel_old": 7.991163724343878e-13,
              "norm_S64_inf": 76.27912574384169,
              "norm_S64_l2": 4129.111650461418,
              "norm_gR64_inf": 76.27912574384169,
              "norm_gR64_l2": 4129.111650461418,
              "shape": [
                1024,
                256
              ]
            },
            "pass": true
          },
          "diagnostics_NON_GATE": {
            "S_reverse_equal_gR_NON_GATE": true,
            "fp32_sum_names": [
              "S_forward",
              "S_reverse",
              "S_pairwise",
              "S_stack"
            ],
            "old_max_rel": {
              "S_reverse_equal_gR_NON_GATE": true,
              "abs_error": 5.960464477539063e-08,
              "abs_error_over_ulp_gR": 4096.0,
              "abs_error_over_ulp_sum_gU_old": 4096.0,
              "argmax_flat_index": 114530,
              "argmax_multi_index_row_major": [
                447,
                98
              ],
              "floor_1e_6_active": false,
              "gR_value": -0.00013959407806396484,
              "max_rel_old": 0.00042698546894825995,
              "old_denominator": 0.00013959407806396484,
              "sum_gU_old_value": -0.00013953447341918945,
              "ulp_gR": 1.4551915228366852e-11,
              "ulp_sum_gU_old": 1.4551915228366852e-11
            }
          },
          "operational": {
            "all_cpu_oracle_tensors_finite": true,
            "all_cuda_family_tensors_finite": true
          },
          "primary_S64": {
            "finite": true,
            "gates": {
              "A": {
                "limit": 2e-07,
                "name": "normwise_L2",
                "pass": true,
                "value": 3.6650101956987336e-08
              },
              "B": {
                "limit": 5e-07,
                "name": "normwise_Linf",
                "pass": true,
                "value": 5.000971126080546e-08
              },
              "C": {
                "limit_ulps": 8.0,
                "limit_value": 6.103515625e-05,
                "name": "max_abs_scale_aware",
                "pass": true,
                "value": 3.814697265625e-06
              }
            },
            "metrics": {
              "E_L2": 3.6650101956987336e-08,
              "E_inf": 5.000971126080546e-08,
              "max_abs": 3.814697265625e-06,
              "max_rel_old": 0.0004269854824935952,
              "norm_S64_inf": 76.27912998199463,
              "norm_S64_l2": 4129.111778048518,
              "norm_gR64_inf": 76.27912902832031,
              "norm_gR64_l2": 4129.111778587698,
              "shape": [
                1024,
                256
              ]
            },
            "scale_context": {
              "M32": 76.27912902832031,
              "M64": 76.27912998199463,
              "ULP_M32": 7.62939453125e-06
            },
            "scientific_gates_pass": true
          },
          "seed_family_pass": true
        }
      },
      "finite": true,
      "seed_pass": true,
      "seed_plan": {
        "input_seed": 20261938,
        "loss_w_seed": 20262938,
        "master_seed": 20260930,
        "mode": "calibration_smoke",
        "weight_seed": 20260930
      },
      "structural": {
        "final_output_equal": true,
        "initial_clone_report": {
          "initial_values_bitwise_equal": true,
          "r4_reuses_one_block_object": true,
          "u4_block_storages_pairwise_disjoint": true,
          "u4_has_four_block_objects": true,
          "u4_storage_disjoint_from_r4": true
        },
        "input_copy_bitwise_equal": true,
        "loss_weight_copy_bitwise_equal": true,
        "pass": true,
        "round_trace_equalities": [
          {
            "round": 1,
            "torch_equal": true
          },
          {
            "round": 2,
            "torch_equal": true
          },
          {
            "round": 3,
            "torch_equal": true
          },
          {
            "round": 4,
            "torch_equal": true
          }
        ],
        "weight_copy_report": {
          "all_bitwise_equal": true,
          "families": [
            {
              "R4_cpu_to_cuda_bitwise_equal": true,
              "U4_cpu_to_cuda_bitwise_equal": true,
              "family": "W_Q"
            },
            {
              "R4_cpu_to_cuda_bitwise_equal": true,
              "U4_cpu_to_cuda_bitwise_equal": true,
              "family": "W_K"
            },
            {
              "R4_cpu_to_cuda_bitwise_equal": true,
              "U4_cpu_to_cuda_bitwise_equal": true,
              "family": "W_V"
            },
            {
              "R4_cpu_to_cuda_bitwise_equal": true,
              "U4_cpu_to_cuda_bitwise_equal": true,
              "family": "W_O"
            },
            {
              "R4_cpu_to_cuda_bitwise_equal": true,
              "U4_cpu_to_cuda_bitwise_equal": true,
              "family": "W_gate"
            },
            {
              "R4_cpu_to_cuda_bitwise_equal": true,
              "U4_cpu_to_cuda_bitwise_equal": true,
              "family": "W_up"
            },
            {
              "R4_cpu_to_cuda_bitwise_equal": true,
              "U4_cpu_to_cuda_bitwise_equal": true,
              "family": "W_down"
            }
          ]
        }
      },
      "structural_pass": true,
      "tensor_bundle": {
        "bundle_path": "calibration_seed_20260930_raw_gradients.pt",
        "bundle_sha256": "1ad5e1d7f3d896c6304d2d24d2d730841011e439ef2424ef2036ad60565cd4e7",
        "bundle_size_bytes": 105687385,
        "tensor_metadata": {
          "calibration_seed_20260930/cpu_fp64_oracle/W_K/S64_cpu": {
            "dtype": "torch.float64",
            "raw_sha256": "c2dbb1d9632423aa0a9fd9488a622f87546b213b3f257dced81e429a01eac597",
            "shape": [
              256,
              256
            ]
          },
          "calibration_seed_20260930/cpu_fp64_oracle/W_K/gR64_cpu": {
            "dtype": "torch.float64",
            "raw_sha256": "3a4265f36818ac10c8ef55984b56ef14825559998bae17d651c3869e62fe3530",
            "shape": [
              256,
              256
            ]
          },
          "calibration_seed_20260930/cpu_fp64_oracle/W_K/gU0_64_cpu": {
            "dtype": "torch.float64",
            "raw_sha256": "255f4e5016fa7471591ee365334dfae32ad20476422a193d5ace29de0b3b08b5",
            "shape": [
              256,
              256
            ]
          },
          "calibration_seed_20260930/cpu_fp64_oracle/W_K/gU1_64_cpu": {
            "dtype": "torch.float64",
            "raw_sha256": "3ed43fed338027bf9a71b7064a7355451c51af4e8039b1c3ac103df95045d25c",
            "shape": [
              256,
              256
            ]
          },
          "calibration_seed_20260930/cpu_fp64_oracle/W_K/gU2_64_cpu": {
            "dtype": "torch.float64",
            "raw_sha256": "0d92d5d701a44c9aa0aed94f402449cfa58e969a1f95357482a25994c10d1e56",
            "shape": [
              256,
              256
            ]
          },
          "calibration_seed_20260930/cpu_fp64_oracle/W_K/gU3_64_cpu": {
            "dtype": "torch.float64",
            "raw_sha256": "cf144f1fe98ee685d30b9517edd676945806eee4bc17337a3425d5c162eadc8c",
            "shape": [
              256,
              256
            ]
          },
          "calibration_seed_20260930/cpu_fp64_oracle/W_O/S64_cpu": {
            "dtype": "torch.float64",
            "raw_sha256": "e75e8bf9a05dcf6600fd849b5f7e09c6341382b7af2cec4d00b5689c8cf75085",
            "shape": [
              256,
              256
            ]
          },
          "calibration_seed_20260930/cpu_fp64_oracle/W_O/gR64_cpu": {
            "dtype": "torch.float64",
            "raw_sha256": "582e6b2bfb1f5c9808e89fe3ec475f644533dbaa63159195b88c0ee363f70a77",
            "shape": [
              256,
              256
            ]
          },
          "calibration_seed_20260930/cpu_fp64_oracle/W_O/gU0_64_cpu": {
            "dtype": "torch.float64",
            "raw_sha256": "e38304d3edb7ad2c9396f0f7e43ccd72461e17ce54a5fe0cb4b6f605b3645f39",
            "shape": [
              256,
              256
            ]
          },
          "calibration_seed_20260930/cpu_fp64_oracle/W_O/gU1_64_cpu": {
            "dtype": "torch.float64",
            "raw_sha256": "08e99ae3f3d17b77ed09276b849d73bc70d776cbb2a765aa010fea195aa1fc2a",
            "shape": [
              256,
              256
            ]
          },
          "calibration_seed_20260930/cpu_fp64_oracle/W_O/gU2_64_cpu": {
            "dtype": "torch.float64",
            "raw_sha256": "78b47490d9635fde0f0eb97edb8737a88ce4c8fcd69a1f7f1e25334816eb1175",
            "shape": [
              256,
              256
            ]
          },
          "calibration_seed_20260930/cpu_fp64_oracle/W_O/gU3_64_cpu": {
            "dtype": "torch.float64",
            "raw_sha256": "ca495b1845471351cd8122e6a606984fbdefb1c859eb7bf4beb42ad601e95743",
            "shape": [
              256,
              256
            ]
          },
          "calibration_seed_20260930/cpu_fp64_oracle/W_Q/S64_cpu": {
            "dtype": "torch.float64",
            "raw_sha256": "db412f30077be165bd1135b7725a27c7dac75e67296c209b82bd26ed69663803",
            "shape": [
              256,
              256
            ]
          },
          "calibration_seed_20260930/cpu_fp64_oracle/W_Q/gR64_cpu": {
            "dtype": "torch.float64",
            "raw_sha256": "b5350aab3534309729e4415ecfa747c1f3a9cd6be78d9bce0909e7c25adac836",
            "shape": [
              256,
              256
            ]
          },
          "calibration_seed_20260930/cpu_fp64_oracle/W_Q/gU0_64_cpu": {
            "dtype": "torch.float64",
            "raw_sha256": "b4eaebfa9211dbc80ce431f49a614c3dd40f18c8109bdc889ed249a9ac5d2837",
            "shape": [
              256,
              256
            ]
          },
          "calibration_seed_20260930/cpu_fp64_oracle/W_Q/gU1_64_cpu": {
            "dtype": "torch.float64",
            "raw_sha256": "2794ba4f2fa59274c90512f13d070d5ad9de7f8e78da110ab76c390a92d70ae3",
            "shape": [
              256,
              256
            ]
          },
          "calibration_seed_20260930/cpu_fp64_oracle/W_Q/gU2_64_cpu": {
            "dtype": "torch.float64",
            "raw_sha256": "250c843b02d49de555afcd47d59da4a2778ca6c137f892545613e6e60f1956f7",
            "shape": [
              256,
              256
            ]
          },
          "calibration_seed_20260930/cpu_fp64_oracle/W_Q/gU3_64_cpu": {
            "dtype": "torch.float64",
            "raw_sha256": "526155e2b097a6c9e773eb559b8cef4a0e01fdc6220cc689c175538a2023cebc",
            "shape": [
              256,
              256
            ]
          },
          "calibration_seed_20260930/cpu_fp64_oracle/W_V/S64_cpu": {
            "dtype": "torch.float64",
            "raw_sha256": "c159b3a12853603d1f54b56e081b981f3d2c196e6e542696609786c56c5acb57",
            "shape": [
              256,
              256
            ]
          },
          "calibration_seed_20260930/cpu_fp64_oracle/W_V/gR64_cpu": {
            "dtype": "torch.float64",
            "raw_sha256": "88e38db68fb2737a2d0ff61cc4102e3c89747fd686126865fcc8416aa2f53cd3",
            "shape": [
              256,
              256
            ]
          },
          "calibration_seed_20260930/cpu_fp64_oracle/W_V/gU0_64_cpu": {
            "dtype": "torch.float64",
            "raw_sha256": "cfa320c80d8fea91473084825672932c559b1bbf76a6f164966afe2427ffc702",
            "shape": [
              256,
              256
            ]
          },
          "calibration_seed_20260930/cpu_fp64_oracle/W_V/gU1_64_cpu": {
            "dtype": "torch.float64",
            "raw_sha256": "41adaa9de55a7006efba6f54d84f22be2c2afbb0c3d6e8d7551d492bdc5273b7",
            "shape": [
              256,
              256
            ]
          },
          "calibration_seed_20260930/cpu_fp64_oracle/W_V/gU2_64_cpu": {
            "dtype": "torch.float64",
            "raw_sha256": "5f01016d53b2bf29269c70ea36a35d5feb28110b3283f4e49b190785179566f4",
            "shape": [
              256,
              256
            ]
          },
          "calibration_seed_20260930/cpu_fp64_oracle/W_V/gU3_64_cpu": {
            "dtype": "torch.float64",
            "raw_sha256": "d397165c6056bdcd88d8e2de6dff2aecda2af5924396be11700dc8fac4a03bea",
            "shape": [
              256,
              256
            ]
          },
          "calibration_seed_20260930/cpu_fp64_oracle/W_down/S64_cpu": {
            "dtype": "torch.float64",
            "raw_sha256": "9898840ca49dd40362421ab1328debbd1671ae78c3237afa410b428e6995b26f",
            "shape": [
              256,
              1024
            ]
          },
          "calibration_seed_20260930/cpu_fp64_oracle/W_down/gR64_cpu": {
            "dtype": "torch.float64",
            "raw_sha256": "cdc37fa96383d00d353f59f40655b7815ebc1ace49eec2adb317b26ec95f5873",
            "shape": [
              256,
              1024
            ]
          },
          "calibration_seed_20260930/cpu_fp64_oracle/W_down/gU0_64_cpu": {
            "dtype": "torch.float64",
            "raw_sha256": "972129f92854968693fc665838fd56d00250b229394d2f26770238231632bc7c",
            "shape": [
              256,
              1024
            ]
          },
          "calibration_seed_20260930/cpu_fp64_oracle/W_down/gU1_64_cpu": {
            "dtype": "torch.float64",
            "raw_sha256": "159aab6c13d5f5eefe3f62213d65fb3c0675ac15054d71586ee9855102fd3005",
            "shape": [
              256,
              1024
            ]
          },
          "calibration_seed_20260930/cpu_fp64_oracle/W_down/gU2_64_cpu": {
            "dtype": "torch.float64",
            "raw_sha256": "6da564b61ab964d02137448240b3272b6aa464079c0ea419b174b03adc6e254b",
            "shape": [
              256,
              1024
            ]
          },
          "calibration_seed_20260930/cpu_fp64_oracle/W_down/gU3_64_cpu": {
            "dtype": "torch.float64",
            "raw_sha256": "91a832d56eaf33b4841cc9dfd26401a9fb530d0c06c8625387deb3ff1d35911f",
            "shape": [
              256,
              1024
            ]
          },
          "calibration_seed_20260930/cpu_fp64_oracle/W_gate/S64_cpu": {
            "dtype": "torch.float64",
            "raw_sha256": "5e4c2dce1650bd25ee060c358d756215469e91d40657e381c87af5f3d7abef48",
            "shape": [
              1024,
              256
            ]
          },
          "calibration_seed_20260930/cpu_fp64_oracle/W_gate/gR64_cpu": {
            "dtype": "torch.float64",
            "raw_sha256": "8f726d05d6332911af24a0c8f1a30a97cd8867e50f00f1ef5c575b49e8b5de65",
            "shape": [
              1024,
              256
            ]
          },
          "calibration_seed_20260930/cpu_fp64_oracle/W_gate/gU0_64_cpu": {
            "dtype": "torch.float64",
            "raw_sha256": "af327e3d636083ffc9fe17e88240585de051086690cc2710d8feb65a4d301598",
            "shape": [
              1024,
              256
            ]
          },
          "calibration_seed_20260930/cpu_fp64_oracle/W_gate/gU1_64_cpu": {
            "dtype": "torch.float64",
            "raw_sha256": "10d6c79890758b2f6479c779090a97488fc41390c1304f6e545a99ddce5f31c9",
            "shape": [
              1024,
              256
            ]
          },
          "calibration_seed_20260930/cpu_fp64_oracle/W_gate/gU2_64_cpu": {
            "dtype": "torch.float64",
            "raw_sha256": "8ffc811e79ad88f4b71fcdbd8b5035d514841f79e50c5fd4655e184ba7957ab9",
            "shape": [
              1024,
              256
            ]
          },
          "calibration_seed_20260930/cpu_fp64_oracle/W_gate/gU3_64_cpu": {
            "dtype": "torch.float64",
            "raw_sha256": "b403a1a1e821656a278f099d6cdbe8aea88711a1090343e54bd1bd3c954c8b54",
            "shape": [
              1024,
              256
            ]
          },
          "calibration_seed_20260930/cpu_fp64_oracle/W_up/S64_cpu": {
            "dtype": "torch.float64",
            "raw_sha256": "21ac3750400a3e4d30a8522b4b8933c4fa5b1a694cdf6724a232340d64fb6555",
            "shape": [
              1024,
              256
            ]
          },
          "calibration_seed_20260930/cpu_fp64_oracle/W_up/gR64_cpu": {
            "dtype": "torch.float64",
            "raw_sha256": "fced52374e7960b41304db37d24d534f7c1aad6ac8bc1c57f68dbd4913dc692e",
            "shape": [
              1024,
              256
            ]
          },
          "calibration_seed_20260930/cpu_fp64_oracle/W_up/gU0_64_cpu": {
            "dtype": "torch.float64",
            "raw_sha256": "8a77aed4ee9bb9b62e86e2b9d2556884b2e72be8908876efb537222eae9ed15f",
            "shape": [
              1024,
              256
            ]
          },
          "calibration_seed_20260930/cpu_fp64_oracle/W_up/gU1_64_cpu": {
            "dtype": "torch.float64",
            "raw_sha256": "d167fee38494eaa1a534a273b7f12f47ebc10c5508900f67276c2150c890326d",
            "shape": [
              1024,
              256
            ]
          },
          "calibration_seed_20260930/cpu_fp64_oracle/W_up/gU2_64_cpu": {
            "dtype": "torch.float64",
            "raw_sha256": "7a78b49051ce10f0b3fc0af7cb67365a2f768cfa8e9fca82fa936eb0b0fafee3",
            "shape": [
              1024,
              256
            ]
          },
          "calibration_seed_20260930/cpu_fp64_oracle/W_up/gU3_64_cpu": {
            "dtype": "torch.float64",
            "raw_sha256": "9b0654655a2496586654322da345ccb93a399c85f2a5a3fd5fbe9c9338b64cf2",
            "shape": [
              1024,
              256
            ]
          },
          "calibration_seed_20260930/cuda_fp32/W_K/S64_primary_cuda": {
            "dtype": "torch.float64",
            "raw_sha256": "dbf76a1604e7a9fb638b1c8268f708dc68bd06e7128e6474e5c03b48cce9503a",
            "shape": [
              256,
              256
            ]
          },
          "calibration_seed_20260930/cuda_fp32/W_K/S_forward_cuda": {
            "dtype": "torch.float32",
            "raw_sha256": "9b541e2e1d7fae3ae8cbb6542d2562211f25f733ad0210cdf168f1013112cf46",
            "shape": [
              256,
              256
            ]
          },
          "calibration_seed_20260930/cuda_fp32/W_K/S_pairwise_cuda": {
            "dtype": "torch.float32",
            "raw_sha256": "bcbb8760d26c46eb4af6903dda95b2dc4a2ff15e8e2ff9ddf73eec7e0a5be48a",
            "shape": [
              256,
              256
            ]
          },
          "calibration_seed_20260930/cuda_fp32/W_K/S_reverse_cuda": {
            "dtype": "torch.float32",
            "raw_sha256": "4a3b1f4149618a1a6ab918eae4f9f59a21eb42a192930d49dc05d5b620ef519f",
            "shape": [
              256,
              256
            ]
          },
          "calibration_seed_20260930/cuda_fp32/W_K/S_stack_cuda": {
            "dtype": "torch.float32",
            "raw_sha256": "6bb47cb0af339cc2c2478c8084072a8cf661c968c8012d011c1e75be66ce52f9",
            "shape": [
              256,
              256
            ]
          },
          "calibration_seed_20260930/cuda_fp32/W_K/gR64_primary_cuda": {
            "dtype": "torch.float64",
            "raw_sha256": "25a7e1874c1e8e75984c6e2efef7da73b91f0be542a3271ce6bd117f444d6b68",
            "shape": [
              256,
              256
            ]
          },
          "calibration_seed_20260930/cuda_fp32/W_K/gR_cuda_fp32": {
            "dtype": "torch.float32",
            "raw_sha256": "05e3cffa336140f2b4f0b67d808e74db4ce38a9772c1cac1461dd3c1af47446d",
            "shape": [
              256,
              256
            ]
          },
          "calibration_seed_20260930/cuda_fp32/W_K/gU0_cuda_fp32": {
            "dtype": "torch.float32",
            "raw_sha256": "c6629463256cdd7174b55b89b2bba5404e3a78f8d4f7572a2893f3a9c15e6dbf",
            "shape": [
              256,
              256
            ]
          },
          "calibration_seed_20260930/cuda_fp32/W_K/gU1_cuda_fp32": {
            "dtype": "torch.float32",
            "raw_sha256": "9e1ab9dd2b1aeff57dc5389f85f97bfafc127264baa5f9f556dbf6d3bc50e3e1",
            "shape": [
              256,
              256
            ]
          },
          "calibration_seed_20260930/cuda_fp32/W_K/gU2_cuda_fp32": {
            "dtype": "torch.float32",
            "raw_sha256": "0e6301b1040a1d7f690c8e5b11601387dfdab61361e61c3c9d34ee3485b4b2ee",
            "shape": [
              256,
              256
            ]
          },
          "calibration_seed_20260930/cuda_fp32/W_K/gU3_cuda_fp32": {
            "dtype": "torch.float32",
            "raw_sha256": "60df9cf7a25450e3a7fdf35750bdd09a927e79b6c6540b502940fbd1c62de135",
            "shape": [
              256,
              256
            ]
          },
          "calibration_seed_20260930/cuda_fp32/W_O/S64_primary_cuda": {
            "dtype": "torch.float64",
            "raw_sha256": "8d1b3b7498ee1431c7819cfd619303a71fd2661acddf4252c89dee6d548eaeff",
            "shape": [
              256,
              256
            ]
          },
          "calibration_seed_20260930/cuda_fp32/W_O/S_forward_cuda": {
            "dtype": "torch.float32",
            "raw_sha256": "3d53d85b05b1b25bb64c4594738e6b1290201c1d2d1fd2efdeff190d495b69a8",
            "shape": [
              256,
              256
            ]
          },
          "calibration_seed_20260930/cuda_fp32/W_O/S_pairwise_cuda": {
            "dtype": "torch.float32",
            "raw_sha256": "b549a0ccf2c4b79aebd89a31133b569f16788e0fb1e233cddcdf7dfadf30edcc",
            "shape": [
              256,
              256
            ]
          },
          "calibration_seed_20260930/cuda_fp32/W_O/S_reverse_cuda": {
            "dtype": "torch.float32",
            "raw_sha256": "13348ea4f5e5a80fa3b667a22db61a60820955a040374b2e6860b2fbe10f3753",
            "shape": [
              256,
              256
            ]
          },
          "calibration_seed_20260930/cuda_fp32/W_O/S_stack_cuda": {
            "dtype": "torch.float32",
            "raw_sha256": "39b42b085f06b4699c7e85745e5845d0992c31ee920b52d6e5f8301645bf96b6",
            "shape": [
              256,
              256
            ]
          },
          "calibration_seed_20260930/cuda_fp32/W_O/gR64_primary_cuda": {
            "dtype": "torch.float64",
            "raw_sha256": "39dfc0b09186baa2bbe3440b87ddf02c4d593daff052734cb3d125b5460ae5aa",
            "shape": [
              256,
              256
            ]
          },
          "calibration_seed_20260930/cuda_fp32/W_O/gR_cuda_fp32": {
            "dtype": "torch.float32",
            "raw_sha256": "5c8910a4999756f39d2446147ae54a594548cf328785a1f3d43692c9222456db",
            "shape": [
              256,
              256
            ]
          },
          "calibration_seed_20260930/cuda_fp32/W_O/gU0_cuda_fp32": {
            "dtype": "torch.float32",
            "raw_sha256": "b2b3c9489280989cda89e808dbbb34251afab2c7a8bb0aa2cb52ffb392d910d8",
            "shape": [
              256,
              256
            ]
          },
          "calibration_seed_20260930/cuda_fp32/W_O/gU1_cuda_fp32": {
            "dtype": "torch.float32",
            "raw_sha256": "02fb5744ceb3ffd20a704c903b3a6c4b6bd813309c1eeba6e6fcfe99730be03a",
            "shape": [
              256,
              256
            ]
          },
          "calibration_seed_20260930/cuda_fp32/W_O/gU2_cuda_fp32": {
            "dtype": "torch.float32",
            "raw_sha256": "585967f2cfbf17c83123fade37d0a5eba725ec4c8592bea0f886a189b0d4b027",
            "shape": [
              256,
              256
            ]
          },
          "calibration_seed_20260930/cuda_fp32/W_O/gU3_cuda_fp32": {
            "dtype": "torch.float32",
            "raw_sha256": "5285d9b24f199c64ec403ac8dd558c4ce2d0b0c8fe4bad3775ae6c2267fe5053",
            "shape": [
              256,
              256
            ]
          },
          "calibration_seed_20260930/cuda_fp32/W_Q/S64_primary_cuda": {
            "dtype": "torch.float64",
            "raw_sha256": "5d03d1b02f0a69b67bb27d0558d87831f00349018117f698b2122b81374719f8",
            "shape": [
              256,
              256
            ]
          },
          "calibration_seed_20260930/cuda_fp32/W_Q/S_forward_cuda": {
            "dtype": "torch.float32",
            "raw_sha256": "83b5749adf695f54adf2d2bf602a8ecf3e67ab83e77450f6523403cd608537bc",
            "shape": [
              256,
              256
            ]
          },
          "calibration_seed_20260930/cuda_fp32/W_Q/S_pairwise_cuda": {
            "dtype": "torch.float32",
            "raw_sha256": "439d22a499cf21a111bd66ee700e98286397a85d967776c360725ba06e2ff022",
            "shape": [
              256,
              256
            ]
          },
          "calibration_seed_20260930/cuda_fp32/W_Q/S_reverse_cuda": {
            "dtype": "torch.float32",
            "raw_sha256": "1fac70c7cec94d3d516d7d7061a35f603d4e6de52a2efbbaf5411c16cd8f1d56",
            "shape": [
              256,
              256
            ]
          },
          "calibration_seed_20260930/cuda_fp32/W_Q/S_stack_cuda": {
            "dtype": "torch.float32",
            "raw_sha256": "1a9566f79baff9266d12d4594feb0fbcda8cbc1530b32e87f128a46017cc222c",
            "shape": [
              256,
              256
            ]
          },
          "calibration_seed_20260930/cuda_fp32/W_Q/gR64_primary_cuda": {
            "dtype": "torch.float64",
            "raw_sha256": "a2b02e811d18c81d0f8fc83b47396815f4adf74d39161d4b28fdc946532e9b0a",
            "shape": [
              256,
              256
            ]
          },
          "calibration_seed_20260930/cuda_fp32/W_Q/gR_cuda_fp32": {
            "dtype": "torch.float32",
            "raw_sha256": "63f9449d7a07297a5474495f1707119ef452792ed61f785ec0b8526f94a8a822",
            "shape": [
              256,
              256
            ]
          },
          "calibration_seed_20260930/cuda_fp32/W_Q/gU0_cuda_fp32": {
            "dtype": "torch.float32",
            "raw_sha256": "2f15b69f35aefb87a830178a42c62006cebd1dd6a79c240d67b7cb9fb32ae8ca",
            "shape": [
              256,
              256
            ]
          },
          "calibration_seed_20260930/cuda_fp32/W_Q/gU1_cuda_fp32": {
            "dtype": "torch.float32",
            "raw_sha256": "ca7555b228ddedf6e40a2e8fe1ffd462f3d358f2e009acdbc67c73831d74393c",
            "shape": [
              256,
              256
            ]
          },
          "calibration_seed_20260930/cuda_fp32/W_Q/gU2_cuda_fp32": {
            "dtype": "torch.float32",
            "raw_sha256": "895d0a5b4e74c603b33b72c82dc6e5111e7ab0d9552074f2237329b5b41d57f2",
            "shape": [
              256,
              256
            ]
          },
          "calibration_seed_20260930/cuda_fp32/W_Q/gU3_cuda_fp32": {
            "dtype": "torch.float32",
            "raw_sha256": "806897b0a576d7ee98c89ef48d91791ed43a1bb958cc2c5d711191efd7927627",
            "shape": [
              256,
              256
            ]
          },
          "calibration_seed_20260930/cuda_fp32/W_V/S64_primary_cuda": {
            "dtype": "torch.float64",
            "raw_sha256": "f946ffd96798131229ed6d7bad7ccbd8a93f192e64fda1bbc509987ac5512e2a",
            "shape": [
              256,
              256
            ]
          },
          "calibration_seed_20260930/cuda_fp32/W_V/S_forward_cuda": {
            "dtype": "torch.float32",
            "raw_sha256": "a0f8ab8cc1e0ba2f165e8b468f15ddc3f6d08c739cf37fce2b746b327cd8f865",
            "shape": [
              256,
              256
            ]
          },
          "calibration_seed_20260930/cuda_fp32/W_V/S_pairwise_cuda": {
            "dtype": "torch.float32",
            "raw_sha256": "234a90744787a275204beb8ce1377adc732b72f466532aae39f71f316c1ff32e",
            "shape": [
              256,
              256
            ]
          },
          "calibration_seed_20260930/cuda_fp32/W_V/S_reverse_cuda": {
            "dtype": "torch.float32",
            "raw_sha256": "cbe07b553de41b6add0366c78c1e0b3146691c8c343943df8da874c7a15d122a",
            "shape": [
              256,
              256
            ]
          },
          "calibration_seed_20260930/cuda_fp32/W_V/S_stack_cuda": {
            "dtype": "torch.float32",
            "raw_sha256": "06df56694931e7c5d12ca10f4716b184dd372c4b49a87f60d6692b3c286281ec",
            "shape": [
              256,
              256
            ]
          },
          "calibration_seed_20260930/cuda_fp32/W_V/gR64_primary_cuda": {
            "dtype": "torch.float64",
            "raw_sha256": "630e0f40edc6b0be4dba816c98122309e7f3c509b37578a8c1f88482d4e322aa",
            "shape": [
              256,
              256
            ]
          },
          "calibration_seed_20260930/cuda_fp32/W_V/gR_cuda_fp32": {
            "dtype": "torch.float32",
            "raw_sha256": "d059d253947a8647e104df767f732ca7188b6ee504e0914c794fdfbaaf76bea7",
            "shape": [
              256,
              256
            ]
          },
          "calibration_seed_20260930/cuda_fp32/W_V/gU0_cuda_fp32": {
            "dtype": "torch.float32",
            "raw_sha256": "929eae64fefa9665fd30e363b930e36cafc2b92873bff7abff722bece6e300ef",
            "shape": [
              256,
              256
            ]
          },
          "calibration_seed_20260930/cuda_fp32/W_V/gU1_cuda_fp32": {
            "dtype": "torch.float32",
            "raw_sha256": "c08947d3d291c73cf0ba8539e7c7b12bcaeccb09688a00055b50c2dbcb96f770",
            "shape": [
              256,
              256
            ]
          },
          "calibration_seed_20260930/cuda_fp32/W_V/gU2_cuda_fp32": {
            "dtype": "torch.float32",
            "raw_sha256": "7e87bf688a70c8c5d1dec75b4af24fdda0a54b5050fa646cae00fcdd10c5c46f",
            "shape": [
              256,
              256
            ]
          },
          "calibration_seed_20260930/cuda_fp32/W_V/gU3_cuda_fp32": {
            "dtype": "torch.float32",
            "raw_sha256": "b60bc715c82940b38fff9dcd7a60eff4d93c481d128a6099e18f08b409cefe16",
            "shape": [
              256,
              256
            ]
          },
          "calibration_seed_20260930/cuda_fp32/W_down/S64_primary_cuda": {
            "dtype": "torch.float64",
            "raw_sha256": "68095387daaeedb2d74074115f8970e00dd71f395b185c9e78e58fa684641eef",
            "shape": [
              256,
              1024
            ]
          },
          "calibration_seed_20260930/cuda_fp32/W_down/S_forward_cuda": {
            "dtype": "torch.float32",
            "raw_sha256": "fac891e9c7b3de9ab18e7b64f1baee8ea4a0f938dd4f283b2438b6fe93afbfbe",
            "shape": [
              256,
              1024
            ]
          },
          "calibration_seed_20260930/cuda_fp32/W_down/S_pairwise_cuda": {
            "dtype": "torch.float32",
            "raw_sha256": "1c88ce92120eb849347a2be992f17c0a7550ed8eaa1e4b68ac9471f7613680da",
            "shape": [
              256,
              1024
            ]
          },
          "calibration_seed_20260930/cuda_fp32/W_down/S_reverse_cuda": {
            "dtype": "torch.float32",
            "raw_sha256": "e4394c2369649d269245fddf8fb48de15bf96bbb545c7aae4bb21ff61263d029",
            "shape": [
              256,
              1024
            ]
          },
          "calibration_seed_20260930/cuda_fp32/W_down/S_stack_cuda": {
            "dtype": "torch.float32",
            "raw_sha256": "c357e1f7b5f93aed5d37c21fe5f47e89d1ed142e8800d3cf279467fae5e52dc6",
            "shape": [
              256,
              1024
            ]
          },
          "calibration_seed_20260930/cuda_fp32/W_down/gR64_primary_cuda": {
            "dtype": "torch.float64",
            "raw_sha256": "b9d349fb07f0146b0924d19d431cd2e3fd4914e8df5b6c3d4d4bd64ed04f953c",
            "shape": [
              256,
              1024
            ]
          },
          "calibration_seed_20260930/cuda_fp32/W_down/gR_cuda_fp32": {
            "dtype": "torch.float32",
            "raw_sha256": "2392375afd841d334834cf046eb298031dcb1e78c393413dcc01acfcf76fe12b",
            "shape": [
              256,
              1024
            ]
          },
          "calibration_seed_20260930/cuda_fp32/W_down/gU0_cuda_fp32": {
            "dtype": "torch.float32",
            "raw_sha256": "08086d876a4c15ae34abe70524f317e6f33282ba02a8c009131f2924ca68e9ec",
            "shape": [
              256,
              1024
            ]
          },
          "calibration_seed_20260930/cuda_fp32/W_down/gU1_cuda_fp32": {
            "dtype": "torch.float32",
            "raw_sha256": "04cad6db9cc4adaa93fd3337d43e3795c9d191ee719a459668c3d22a2465ffdb",
            "shape": [
              256,
              1024
            ]
          },
          "calibration_seed_20260930/cuda_fp32/W_down/gU2_cuda_fp32": {
            "dtype": "torch.float32",
            "raw_sha256": "5d9b1dc6e5fa7934ec756dc695532f4610d58c8959efa190eac83c2b490f085e",
            "shape": [
              256,
              1024
            ]
          },
          "calibration_seed_20260930/cuda_fp32/W_down/gU3_cuda_fp32": {
            "dtype": "torch.float32",
            "raw_sha256": "f350a3f692be2d3aa65f10c5e174cb0cedf998d7fc057e04f972dcd350813000",
            "shape": [
              256,
              1024
            ]
          },
          "calibration_seed_20260930/cuda_fp32/W_gate/S64_primary_cuda": {
            "dtype": "torch.float64",
            "raw_sha256": "b2bb3ee4556964861e21a3a526d3d41f482ade48832e5877bd763e1671eb9783",
            "shape": [
              1024,
              256
            ]
          },
          "calibration_seed_20260930/cuda_fp32/W_gate/S_forward_cuda": {
            "dtype": "torch.float32",
            "raw_sha256": "a3c19d93962440e73de32c27a51700f459ee726840fd2f7a9ecbb7ecdf9fcd7f",
            "shape": [
              1024,
              256
            ]
          },
          "calibration_seed_20260930/cuda_fp32/W_gate/S_pairwise_cuda": {
            "dtype": "torch.float32",
            "raw_sha256": "33aabe34bf50b4c58eb3414271f2e1ace765d7843fc73df9cf4a7d00c2238eb4",
            "shape": [
              1024,
              256
            ]
          },
          "calibration_seed_20260930/cuda_fp32/W_gate/S_reverse_cuda": {
            "dtype": "torch.float32",
            "raw_sha256": "fa55b103ff28455d4a0c37415631adc6a4dd40667a7e711639d1a0f5fe6d20ee",
            "shape": [
              1024,
              256
            ]
          },
          "calibration_seed_20260930/cuda_fp32/W_gate/S_stack_cuda": {
            "dtype": "torch.float32",
            "raw_sha256": "baacdad3a53eb6f47614389c6ab6452acbca0d8091c0d5f65eaffeaa3fdd5c40",
            "shape": [
              1024,
              256
            ]
          },
          "calibration_seed_20260930/cuda_fp32/W_gate/gR64_primary_cuda": {
            "dtype": "torch.float64",
            "raw_sha256": "fd630b6967c34adfea52dc6fd4b0f58c5efc96bb9092d53160da3ac661a64aea",
            "shape": [
              1024,
              256
            ]
          },
          "calibration_seed_20260930/cuda_fp32/W_gate/gR_cuda_fp32": {
            "dtype": "torch.float32",
            "raw_sha256": "f6734000febdde192cddcd3242579b8c3270b4eb28432cefcdc0141281067ee8",
            "shape": [
              1024,
              256
            ]
          },
          "calibration_seed_20260930/cuda_fp32/W_gate/gU0_cuda_fp32": {
            "dtype": "torch.float32",
            "raw_sha256": "eb01c3689fd7d7dcbac0f502dc5dbe160b88fb6b36748e0b72df98952502662f",
            "shape": [
              1024,
              256
            ]
          },
          "calibration_seed_20260930/cuda_fp32/W_gate/gU1_cuda_fp32": {
            "dtype": "torch.float32",
            "raw_sha256": "7eff92a32e14d28545e0b35a7c1961682c54f219af8a3c1fbfd7b44fa08bb3e6",
            "shape": [
              1024,
              256
            ]
          },
          "calibration_seed_20260930/cuda_fp32/W_gate/gU2_cuda_fp32": {
            "dtype": "torch.float32",
            "raw_sha256": "fd47fbf293e717bbf58e6199855d769921297aeb29c3e20af291184b235d8744",
            "shape": [
              1024,
              256
            ]
          },
          "calibration_seed_20260930/cuda_fp32/W_gate/gU3_cuda_fp32": {
            "dtype": "torch.float32",
            "raw_sha256": "4bb530fdf967186a0754293fdc674862f727e261cb8e06ca062366fa32dc52fa",
            "shape": [
              1024,
              256
            ]
          },
          "calibration_seed_20260930/cuda_fp32/W_up/S64_primary_cuda": {
            "dtype": "torch.float64",
            "raw_sha256": "b06fe82be49b4b8561045f9e7945753a76497b3b73c1b89923a113ebc38b98d1",
            "shape": [
              1024,
              256
            ]
          },
          "calibration_seed_20260930/cuda_fp32/W_up/S_forward_cuda": {
            "dtype": "torch.float32",
            "raw_sha256": "945c94e47e919756fe039362d1755c933a52a65ffd5e53f5656ad46677063da6",
            "shape": [
              1024,
              256
            ]
          },
          "calibration_seed_20260930/cuda_fp32/W_up/S_pairwise_cuda": {
            "dtype": "torch.float32",
            "raw_sha256": "44ae6c9daf26b8f21ad04d4450cfd0ad78b6027736b7f790976f3e4168627046",
            "shape": [
              1024,
              256
            ]
          },
          "calibration_seed_20260930/cuda_fp32/W_up/S_reverse_cuda": {
            "dtype": "torch.float32",
            "raw_sha256": "2f30fbbcce15d5cc43371d33bd67ac19aa57c2e3269f3b9b0bf7ba3dbf09f77c",
            "shape": [
              1024,
              256
            ]
          },
          "calibration_seed_20260930/cuda_fp32/W_up/S_stack_cuda": {
            "dtype": "torch.float32",
            "raw_sha256": "e31a27a30e08da3fcc175dfc82c4139b470ed83e183892b830449c54c0a39a64",
            "shape": [
              1024,
              256
            ]
          },
          "calibration_seed_20260930/cuda_fp32/W_up/gR64_primary_cuda": {
            "dtype": "torch.float64",
            "raw_sha256": "6199cb3f42578e9216cc35f1aefd802ebf93ba53e9f2322b23d2074632acb755",
            "shape": [
              1024,
              256
            ]
          },
          "calibration_seed_20260930/cuda_fp32/W_up/gR_cuda_fp32": {
            "dtype": "torch.float32",
            "raw_sha256": "1b8fd2be67bec08ba00e01620f4a64b8a47d047510d9951a4c7f4d87c136963b",
            "shape": [
              1024,
              256
            ]
          },
          "calibration_seed_20260930/cuda_fp32/W_up/gU0_cuda_fp32": {
            "dtype": "torch.float32",
            "raw_sha256": "33e2ec0d97c29514c10b7c7a37562a871f3480f627378a048aade5e56544a521",
            "shape": [
              1024,
              256
            ]
          },
          "calibration_seed_20260930/cuda_fp32/W_up/gU1_cuda_fp32": {
            "dtype": "torch.float32",
            "raw_sha256": "96a6e835e4a9f8e4adac397df8c78d2a14fc55e727905791c2e0d50565b42194",
            "shape": [
              1024,
              256
            ]
          },
          "calibration_seed_20260930/cuda_fp32/W_up/gU2_cuda_fp32": {
            "dtype": "torch.float32",
            "raw_sha256": "4455855829a70f19f56d8c338ebf12e605421197caf605b8c1d6d1ca460e74a7",
            "shape": [
              1024,
              256
            ]
          },
          "calibration_seed_20260930/cuda_fp32/W_up/gU3_cuda_fp32": {
            "dtype": "torch.float32",
            "raw_sha256": "b0fde0cc3e83396d50c8fe3d1d25ecb6d384d1cd5865396fd26b3233a0b934aa",
            "shape": [
              1024,
              256
            ]
          },
          "calibration_seed_20260930/inputs/w_fp32_cpu": {
            "dtype": "torch.float32",
            "raw_sha256": "d3581273f02523cf0842cdb37d022c66362d3707128d3f0d4396a19c06c4c890",
            "shape": [
              8,
              8,
              256
            ]
          },
          "calibration_seed_20260930/inputs/x_fp32_cpu": {
            "dtype": "torch.float32",
            "raw_sha256": "bf0d877c606aa56bfac7264a114311bb5d4ce19d8b8fa31fa15f2531ac3ce5b8",
            "shape": [
              8,
              8,
              256
            ]
          },
          "calibration_seed_20260930/structural_traces/R4/round_1": {
            "dtype": "torch.float32",
            "raw_sha256": "c7e046ec53b28ba6a031bfee4d20a95a8bd9586764cfe597ca8d444aa65ebdde",
            "shape": [
              8,
              8,
              256
            ]
          },
          "calibration_seed_20260930/structural_traces/R4/round_2": {
            "dtype": "torch.float32",
            "raw_sha256": "a16f9d20a6b664d05170d34e46f34bae3826c000490b20a42ebc0e76585b07b6",
            "shape": [
              8,
              8,
              256
            ]
          },
          "calibration_seed_20260930/structural_traces/R4/round_3": {
            "dtype": "torch.float32",
            "raw_sha256": "4ed3210868ae126a53c11ad5a5e2a722e6284d538b9f6ced6a8067785dfd80ac",
            "shape": [
              8,
              8,
              256
            ]
          },
          "calibration_seed_20260930/structural_traces/R4/round_4": {
            "dtype": "torch.float32",
            "raw_sha256": "9b84402aefa32502f20980fe73b588cd3b52158d3d12d2aa91d609123f3abef5",
            "shape": [
              8,
              8,
              256
            ]
          },
          "calibration_seed_20260930/structural_traces/R4_final": {
            "dtype": "torch.float32",
            "raw_sha256": "2f3cf0350a4fff57e843298eab3c3cdd7ca0da9f28a016b5e544df59667b7542",
            "shape": [
              8,
              8,
              256
            ]
          },
          "calibration_seed_20260930/structural_traces/U4/round_1": {
            "dtype": "torch.float32",
            "raw_sha256": "b2f55dd195e7650a500ec705d855cb231872e0a160e23bf67ae4673ef07d541b",
            "shape": [
              8,
              8,
              256
            ]
          },
          "calibration_seed_20260930/structural_traces/U4/round_2": {
            "dtype": "torch.float32",
            "raw_sha256": "1810d6d5d988083aa0ca64868888e537ef693cd076b7c14f1a611393d7c3b765",
            "shape": [
              8,
              8,
              256
            ]
          },
          "calibration_seed_20260930/structural_traces/U4/round_3": {
            "dtype": "torch.float32",
            "raw_sha256": "2585a75846fd33f4f196501b157c21e6f2643044024027cee6c19b92c94944f1",
            "shape": [
              8,
              8,
              256
            ]
          },
          "calibration_seed_20260930/structural_traces/U4/round_4": {
            "dtype": "torch.float32",
            "raw_sha256": "41063336089840aa550b9270fcb8b19e2c3650648c06ec8088fc122594ce1b2e",
            "shape": [
              8,
              8,
              256
            ]
          },
          "calibration_seed_20260930/structural_traces/U4_final": {
            "dtype": "torch.float32",
            "raw_sha256": "d091fa1abdbe49dd10e9f5723a84f1883ea7399c205c173e3c16fff44c53dc0b",
            "shape": [
              8,
              8,
              256
            ]
          }
        },
        "tensor_raw_sha256": {
          "calibration_seed_20260930/cpu_fp64_oracle/W_K/S64_cpu": "c2dbb1d9632423aa0a9fd9488a622f87546b213b3f257dced81e429a01eac597",
          "calibration_seed_20260930/cpu_fp64_oracle/W_K/gR64_cpu": "3a4265f36818ac10c8ef55984b56ef14825559998bae17d651c3869e62fe3530",
          "calibration_seed_20260930/cpu_fp64_oracle/W_K/gU0_64_cpu": "255f4e5016fa7471591ee365334dfae32ad20476422a193d5ace29de0b3b08b5",
          "calibration_seed_20260930/cpu_fp64_oracle/W_K/gU1_64_cpu": "3ed43fed338027bf9a71b7064a7355451c51af4e8039b1c3ac103df95045d25c",
          "calibration_seed_20260930/cpu_fp64_oracle/W_K/gU2_64_cpu": "0d92d5d701a44c9aa0aed94f402449cfa58e969a1f95357482a25994c10d1e56",
          "calibration_seed_20260930/cpu_fp64_oracle/W_K/gU3_64_cpu": "cf144f1fe98ee685d30b9517edd676945806eee4bc17337a3425d5c162eadc8c",
          "calibration_seed_20260930/cpu_fp64_oracle/W_O/S64_cpu": "e75e8bf9a05dcf6600fd849b5f7e09c6341382b7af2cec4d00b5689c8cf75085",
          "calibration_seed_20260930/cpu_fp64_oracle/W_O/gR64_cpu": "582e6b2bfb1f5c9808e89fe3ec475f644533dbaa63159195b88c0ee363f70a77",
          "calibration_seed_20260930/cpu_fp64_oracle/W_O/gU0_64_cpu": "e38304d3edb7ad2c9396f0f7e43ccd72461e17ce54a5fe0cb4b6f605b3645f39",
          "calibration_seed_20260930/cpu_fp64_oracle/W_O/gU1_64_cpu": "08e99ae3f3d17b77ed09276b849d73bc70d776cbb2a765aa010fea195aa1fc2a",
          "calibration_seed_20260930/cpu_fp64_oracle/W_O/gU2_64_cpu": "78b47490d9635fde0f0eb97edb8737a88ce4c8fcd69a1f7f1e25334816eb1175",
          "calibration_seed_20260930/cpu_fp64_oracle/W_O/gU3_64_cpu": "ca495b1845471351cd8122e6a606984fbdefb1c859eb7bf4beb42ad601e95743",
          "calibration_seed_20260930/cpu_fp64_oracle/W_Q/S64_cpu": "db412f30077be165bd1135b7725a27c7dac75e67296c209b82bd26ed69663803",
          "calibration_seed_20260930/cpu_fp64_oracle/W_Q/gR64_cpu": "b5350aab3534309729e4415ecfa747c1f3a9cd6be78d9bce0909e7c25adac836",
          "calibration_seed_20260930/cpu_fp64_oracle/W_Q/gU0_64_cpu": "b4eaebfa9211dbc80ce431f49a614c3dd40f18c8109bdc889ed249a9ac5d2837",
          "calibration_seed_20260930/cpu_fp64_oracle/W_Q/gU1_64_cpu": "2794ba4f2fa59274c90512f13d070d5ad9de7f8e78da110ab76c390a92d70ae3",
          "calibration_seed_20260930/cpu_fp64_oracle/W_Q/gU2_64_cpu": "250c843b02d49de555afcd47d59da4a2778ca6c137f892545613e6e60f1956f7",
          "calibration_seed_20260930/cpu_fp64_oracle/W_Q/gU3_64_cpu": "526155e2b097a6c9e773eb559b8cef4a0e01fdc6220cc689c175538a2023cebc",
          "calibration_seed_20260930/cpu_fp64_oracle/W_V/S64_cpu": "c159b3a12853603d1f54b56e081b981f3d2c196e6e542696609786c56c5acb57",
          "calibration_seed_20260930/cpu_fp64_oracle/W_V/gR64_cpu": "88e38db68fb2737a2d0ff61cc4102e3c89747fd686126865fcc8416aa2f53cd3",
          "calibration_seed_20260930/cpu_fp64_oracle/W_V/gU0_64_cpu": "cfa320c80d8fea91473084825672932c559b1bbf76a6f164966afe2427ffc702",
          "calibration_seed_20260930/cpu_fp64_oracle/W_V/gU1_64_cpu": "41adaa9de55a7006efba6f54d84f22be2c2afbb0c3d6e8d7551d492bdc5273b7",
          "calibration_seed_20260930/cpu_fp64_oracle/W_V/gU2_64_cpu": "5f01016d53b2bf29269c70ea36a35d5feb28110b3283f4e49b190785179566f4",
          "calibration_seed_20260930/cpu_fp64_oracle/W_V/gU3_64_cpu": "d397165c6056bdcd88d8e2de6dff2aecda2af5924396be11700dc8fac4a03bea",
          "calibration_seed_20260930/cpu_fp64_oracle/W_down/S64_cpu": "9898840ca49dd40362421ab1328debbd1671ae78c3237afa410b428e6995b26f",
          "calibration_seed_20260930/cpu_fp64_oracle/W_down/gR64_cpu": "cdc37fa96383d00d353f59f40655b7815ebc1ace49eec2adb317b26ec95f5873",
          "calibration_seed_20260930/cpu_fp64_oracle/W_down/gU0_64_cpu": "972129f92854968693fc665838fd56d00250b229394d2f26770238231632bc7c",
          "calibration_seed_20260930/cpu_fp64_oracle/W_down/gU1_64_cpu": "159aab6c13d5f5eefe3f62213d65fb3c0675ac15054d71586ee9855102fd3005",
          "calibration_seed_20260930/cpu_fp64_oracle/W_down/gU2_64_cpu": "6da564b61ab964d02137448240b3272b6aa464079c0ea419b174b03adc6e254b",
          "calibration_seed_20260930/cpu_fp64_oracle/W_down/gU3_64_cpu": "91a832d56eaf33b4841cc9dfd26401a9fb530d0c06c8625387deb3ff1d35911f",
          "calibration_seed_20260930/cpu_fp64_oracle/W_gate/S64_cpu": "5e4c2dce1650bd25ee060c358d756215469e91d40657e381c87af5f3d7abef48",
          "calibration_seed_20260930/cpu_fp64_oracle/W_gate/gR64_cpu": "8f726d05d6332911af24a0c8f1a30a97cd8867e50f00f1ef5c575b49e8b5de65",
          "calibration_seed_20260930/cpu_fp64_oracle/W_gate/gU0_64_cpu": "af327e3d636083ffc9fe17e88240585de051086690cc2710d8feb65a4d301598",
          "calibration_seed_20260930/cpu_fp64_oracle/W_gate/gU1_64_cpu": "10d6c79890758b2f6479c779090a97488fc41390c1304f6e545a99ddce5f31c9",
          "calibration_seed_20260930/cpu_fp64_oracle/W_gate/gU2_64_cpu": "8ffc811e79ad88f4b71fcdbd8b5035d514841f79e50c5fd4655e184ba7957ab9",
          "calibration_seed_20260930/cpu_fp64_oracle/W_gate/gU3_64_cpu": "b403a1a1e821656a278f099d6cdbe8aea88711a1090343e54bd1bd3c954c8b54",
          "calibration_seed_20260930/cpu_fp64_oracle/W_up/S64_cpu": "21ac3750400a3e4d30a8522b4b8933c4fa5b1a694cdf6724a232340d64fb6555",
          "calibration_seed_20260930/cpu_fp64_oracle/W_up/gR64_cpu": "fced52374e7960b41304db37d24d534f7c1aad6ac8bc1c57f68dbd4913dc692e",
          "calibration_seed_20260930/cpu_fp64_oracle/W_up/gU0_64_cpu": "8a77aed4ee9bb9b62e86e2b9d2556884b2e72be8908876efb537222eae9ed15f",
          "calibration_seed_20260930/cpu_fp64_oracle/W_up/gU1_64_cpu": "d167fee38494eaa1a534a273b7f12f47ebc10c5508900f67276c2150c890326d",
          "calibration_seed_20260930/cpu_fp64_oracle/W_up/gU2_64_cpu": "7a78b49051ce10f0b3fc0af7cb67365a2f768cfa8e9fca82fa936eb0b0fafee3",
          "calibration_seed_20260930/cpu_fp64_oracle/W_up/gU3_64_cpu": "9b0654655a2496586654322da345ccb93a399c85f2a5a3fd5fbe9c9338b64cf2",
          "calibration_seed_20260930/cuda_fp32/W_K/S64_primary_cuda": "dbf76a1604e7a9fb638b1c8268f708dc68bd06e7128e6474e5c03b48cce9503a",
          "calibration_seed_20260930/cuda_fp32/W_K/S_forward_cuda": "9b541e2e1d7fae3ae8cbb6542d2562211f25f733ad0210cdf168f1013112cf46",
          "calibration_seed_20260930/cuda_fp32/W_K/S_pairwise_cuda": "bcbb8760d26c46eb4af6903dda95b2dc4a2ff15e8e2ff9ddf73eec7e0a5be48a",
          "calibration_seed_20260930/cuda_fp32/W_K/S_reverse_cuda": "4a3b1f4149618a1a6ab918eae4f9f59a21eb42a192930d49dc05d5b620ef519f",
          "calibration_seed_20260930/cuda_fp32/W_K/S_stack_cuda": "6bb47cb0af339cc2c2478c8084072a8cf661c968c8012d011c1e75be66ce52f9",
          "calibration_seed_20260930/cuda_fp32/W_K/gR64_primary_cuda": "25a7e1874c1e8e75984c6e2efef7da73b91f0be542a3271ce6bd117f444d6b68",
          "calibration_seed_20260930/cuda_fp32/W_K/gR_cuda_fp32": "05e3cffa336140f2b4f0b67d808e74db4ce38a9772c1cac1461dd3c1af47446d",
          "calibration_seed_20260930/cuda_fp32/W_K/gU0_cuda_fp32": "c6629463256cdd7174b55b89b2bba5404e3a78f8d4f7572a2893f3a9c15e6dbf",
          "calibration_seed_20260930/cuda_fp32/W_K/gU1_cuda_fp32": "9e1ab9dd2b1aeff57dc5389f85f97bfafc127264baa5f9f556dbf6d3bc50e3e1",
          "calibration_seed_20260930/cuda_fp32/W_K/gU2_cuda_fp32": "0e6301b1040a1d7f690c8e5b11601387dfdab61361e61c3c9d34ee3485b4b2ee",
          "calibration_seed_20260930/cuda_fp32/W_K/gU3_cuda_fp32": "60df9cf7a25450e3a7fdf35750bdd09a927e79b6c6540b502940fbd1c62de135",
          "calibration_seed_20260930/cuda_fp32/W_O/S64_primary_cuda": "8d1b3b7498ee1431c7819cfd619303a71fd2661acddf4252c89dee6d548eaeff",
          "calibration_seed_20260930/cuda_fp32/W_O/S_forward_cuda": "3d53d85b05b1b25bb64c4594738e6b1290201c1d2d1fd2efdeff190d495b69a8",
          "calibration_seed_20260930/cuda_fp32/W_O/S_pairwise_cuda": "b549a0ccf2c4b79aebd89a31133b569f16788e0fb1e233cddcdf7dfadf30edcc",
          "calibration_seed_20260930/cuda_fp32/W_O/S_reverse_cuda": "13348ea4f5e5a80fa3b667a22db61a60820955a040374b2e6860b2fbe10f3753",
          "calibration_seed_20260930/cuda_fp32/W_O/S_stack_cuda": "39b42b085f06b4699c7e85745e5845d0992c31ee920b52d6e5f8301645bf96b6",
          "calibration_seed_20260930/cuda_fp32/W_O/gR64_primary_cuda": "39dfc0b09186baa2bbe3440b87ddf02c4d593daff052734cb3d125b5460ae5aa",
          "calibration_seed_20260930/cuda_fp32/W_O/gR_cuda_fp32": "5c8910a4999756f39d2446147ae54a594548cf328785a1f3d43692c9222456db",
          "calibration_seed_20260930/cuda_fp32/W_O/gU0_cuda_fp32": "b2b3c9489280989cda89e808dbbb34251afab2c7a8bb0aa2cb52ffb392d910d8",
          "calibration_seed_20260930/cuda_fp32/W_O/gU1_cuda_fp32": "02fb5744ceb3ffd20a704c903b3a6c4b6bd813309c1eeba6e6fcfe99730be03a",
          "calibration_seed_20260930/cuda_fp32/W_O/gU2_cuda_fp32": "585967f2cfbf17c83123fade37d0a5eba725ec4c8592bea0f886a189b0d4b027",
          "calibration_seed_20260930/cuda_fp32/W_O/gU3_cuda_fp32": "5285d9b24f199c64ec403ac8dd558c4ce2d0b0c8fe4bad3775ae6c2267fe5053",
          "calibration_seed_20260930/cuda_fp32/W_Q/S64_primary_cuda": "5d03d1b02f0a69b67bb27d0558d87831f00349018117f698b2122b81374719f8",
          "calibration_seed_20260930/cuda_fp32/W_Q/S_forward_cuda": "83b5749adf695f54adf2d2bf602a8ecf3e67ab83e77450f6523403cd608537bc",
          "calibration_seed_20260930/cuda_fp32/W_Q/S_pairwise_cuda": "439d22a499cf21a111bd66ee700e98286397a85d967776c360725ba06e2ff022",
          "calibration_seed_20260930/cuda_fp32/W_Q/S_reverse_cuda": "1fac70c7cec94d3d516d7d7061a35f603d4e6de52a2efbbaf5411c16cd8f1d56",
          "calibration_seed_20260930/cuda_fp32/W_Q/S_stack_cuda": "1a9566f79baff9266d12d4594feb0fbcda8cbc1530b32e87f128a46017cc222c",
          "calibration_seed_20260930/cuda_fp32/W_Q/gR64_primary_cuda": "a2b02e811d18c81d0f8fc83b47396815f4adf74d39161d4b28fdc946532e9b0a",
          "calibration_seed_20260930/cuda_fp32/W_Q/gR_cuda_fp32": "63f9449d7a07297a5474495f1707119ef452792ed61f785ec0b8526f94a8a822",
          "calibration_seed_20260930/cuda_fp32/W_Q/gU0_cuda_fp32": "2f15b69f35aefb87a830178a42c62006cebd1dd6a79c240d67b7cb9fb32ae8ca",
          "calibration_seed_20260930/cuda_fp32/W_Q/gU1_cuda_fp32": "ca7555b228ddedf6e40a2e8fe1ffd462f3d358f2e009acdbc67c73831d74393c",
          "calibration_seed_20260930/cuda_fp32/W_Q/gU2_cuda_fp32": "895d0a5b4e74c603b33b72c82dc6e5111e7ab0d9552074f2237329b5b41d57f2",
          "calibration_seed_20260930/cuda_fp32/W_Q/gU3_cuda_fp32": "806897b0a576d7ee98c89ef48d91791ed43a1bb958cc2c5d711191efd7927627",
          "calibration_seed_20260930/cuda_fp32/W_V/S64_primary_cuda": "f946ffd96798131229ed6d7bad7ccbd8a93f192e64fda1bbc509987ac5512e2a",
          "calibration_seed_20260930/cuda_fp32/W_V/S_forward_cuda": "a0f8ab8cc1e0ba2f165e8b468f15ddc3f6d08c739cf37fce2b746b327cd8f865",
          "calibration_seed_20260930/cuda_fp32/W_V/S_pairwise_cuda": "234a90744787a275204beb8ce1377adc732b72f466532aae39f71f316c1ff32e",
          "calibration_seed_20260930/cuda_fp32/W_V/S_reverse_cuda": "cbe07b553de41b6add0366c78c1e0b3146691c8c343943df8da874c7a15d122a",
          "calibration_seed_20260930/cuda_fp32/W_V/S_stack_cuda": "06df56694931e7c5d12ca10f4716b184dd372c4b49a87f60d6692b3c286281ec",
          "calibration_seed_20260930/cuda_fp32/W_V/gR64_primary_cuda": "630e0f40edc6b0be4dba816c98122309e7f3c509b37578a8c1f88482d4e322aa",
          "calibration_seed_20260930/cuda_fp32/W_V/gR_cuda_fp32": "d059d253947a8647e104df767f732ca7188b6ee504e0914c794fdfbaaf76bea7",
          "calibration_seed_20260930/cuda_fp32/W_V/gU0_cuda_fp32": "929eae64fefa9665fd30e363b930e36cafc2b92873bff7abff722bece6e300ef",
          "calibration_seed_20260930/cuda_fp32/W_V/gU1_cuda_fp32": "c08947d3d291c73cf0ba8539e7c7b12bcaeccb09688a00055b50c2dbcb96f770",
          "calibration_seed_20260930/cuda_fp32/W_V/gU2_cuda_fp32": "7e87bf688a70c8c5d1dec75b4af24fdda0a54b5050fa646cae00fcdd10c5c46f",
          "calibration_seed_20260930/cuda_fp32/W_V/gU3_cuda_fp32": "b60bc715c82940b38fff9dcd7a60eff4d93c481d128a6099e18f08b409cefe16",
          "calibration_seed_20260930/cuda_fp32/W_down/S64_primary_cuda": "68095387daaeedb2d74074115f8970e00dd71f395b185c9e78e58fa684641eef",
          "calibration_seed_20260930/cuda_fp32/W_down/S_forward_cuda": "fac891e9c7b3de9ab18e7b64f1baee8ea4a0f938dd4f283b2438b6fe93afbfbe",
          "calibration_seed_20260930/cuda_fp32/W_down/S_pairwise_cuda": "1c88ce92120eb849347a2be992f17c0a7550ed8eaa1e4b68ac9471f7613680da",
          "calibration_seed_20260930/cuda_fp32/W_down/S_reverse_cuda": "e4394c2369649d269245fddf8fb48de15bf96bbb545c7aae4bb21ff61263d029",
          "calibration_seed_20260930/cuda_fp32/W_down/S_stack_cuda": "c357e1f7b5f93aed5d37c21fe5f47e89d1ed142e8800d3cf279467fae5e52dc6",
          "calibration_seed_20260930/cuda_fp32/W_down/gR64_primary_cuda": "b9d349fb07f0146b0924d19d431cd2e3fd4914e8df5b6c3d4d4bd64ed04f953c",
          "calibration_seed_20260930/cuda_fp32/W_down/gR_cuda_fp32": "2392375afd841d334834cf046eb298031dcb1e78c393413dcc01acfcf76fe12b",
          "calibration_seed_20260930/cuda_fp32/W_down/gU0_cuda_fp32": "08086d876a4c15ae34abe70524f317e6f33282ba02a8c009131f2924ca68e9ec",
          "calibration_seed_20260930/cuda_fp32/W_down/gU1_cuda_fp32": "04cad6db9cc4adaa93fd3337d43e3795c9d191ee719a459668c3d22a2465ffdb",
          "calibration_seed_20260930/cuda_fp32/W_down/gU2_cuda_fp32": "5d9b1dc6e5fa7934ec756dc695532f4610d58c8959efa190eac83c2b490f085e",
          "calibration_seed_20260930/cuda_fp32/W_down/gU3_cuda_fp32": "f350a3f692be2d3aa65f10c5e174cb0cedf998d7fc057e04f972dcd350813000",
          "calibration_seed_20260930/cuda_fp32/W_gate/S64_primary_cuda": "b2bb3ee4556964861e21a3a526d3d41f482ade48832e5877bd763e1671eb9783",
          "calibration_seed_20260930/cuda_fp32/W_gate/S_forward_cuda": "a3c19d93962440e73de32c27a51700f459ee726840fd2f7a9ecbb7ecdf9fcd7f",
          "calibration_seed_20260930/cuda_fp32/W_gate/S_pairwise_cuda": "33aabe34bf50b4c58eb3414271f2e1ace765d7843fc73df9cf4a7d00c2238eb4",
          "calibration_seed_20260930/cuda_fp32/W_gate/S_reverse_cuda": "fa55b103ff28455d4a0c37415631adc6a4dd40667a7e711639d1a0f5fe6d20ee",
          "calibration_seed_20260930/cuda_fp32/W_gate/S_stack_cuda": "baacdad3a53eb6f47614389c6ab6452acbca0d8091c0d5f65eaffeaa3fdd5c40",
          "calibration_seed_20260930/cuda_fp32/W_gate/gR64_primary_cuda": "fd630b6967c34adfea52dc6fd4b0f58c5efc96bb9092d53160da3ac661a64aea",
          "calibration_seed_20260930/cuda_fp32/W_gate/gR_cuda_fp32": "f6734000febdde192cddcd3242579b8c3270b4eb28432cefcdc0141281067ee8",
          "calibration_seed_20260930/cuda_fp32/W_gate/gU0_cuda_fp32": "eb01c3689fd7d7dcbac0f502dc5dbe160b88fb6b36748e0b72df98952502662f",
          "calibration_seed_20260930/cuda_fp32/W_gate/gU1_cuda_fp32": "7eff92a32e14d28545e0b35a7c1961682c54f219af8a3c1fbfd7b44fa08bb3e6",
          "calibration_seed_20260930/cuda_fp32/W_gate/gU2_cuda_fp32": "fd47fbf293e717bbf58e6199855d769921297aeb29c3e20af291184b235d8744",
          "calibration_seed_20260930/cuda_fp32/W_gate/gU3_cuda_fp32": "4bb530fdf967186a0754293fdc674862f727e261cb8e06ca062366fa32dc52fa",
          "calibration_seed_20260930/cuda_fp32/W_up/S64_primary_cuda": "b06fe82be49b4b8561045f9e7945753a76497b3b73c1b89923a113ebc38b98d1",
          "calibration_seed_20260930/cuda_fp32/W_up/S_forward_cuda": "945c94e47e919756fe039362d1755c933a52a65ffd5e53f5656ad46677063da6",
          "calibration_seed_20260930/cuda_fp32/W_up/S_pairwise_cuda": "44ae6c9daf26b8f21ad04d4450cfd0ad78b6027736b7f790976f3e4168627046",
          "calibration_seed_20260930/cuda_fp32/W_up/S_reverse_cuda": "2f30fbbcce15d5cc43371d33bd67ac19aa57c2e3269f3b9b0bf7ba3dbf09f77c",
          "calibration_seed_20260930/cuda_fp32/W_up/S_stack_cuda": "e31a27a30e08da3fcc175dfc82c4139b470ed83e183892b830449c54c0a39a64",
          "calibration_seed_20260930/cuda_fp32/W_up/gR64_primary_cuda": "6199cb3f42578e9216cc35f1aefd802ebf93ba53e9f2322b23d2074632acb755",
          "calibration_seed_20260930/cuda_fp32/W_up/gR_cuda_fp32": "1b8fd2be67bec08ba00e01620f4a64b8a47d047510d9951a4c7f4d87c136963b",
          "calibration_seed_20260930/cuda_fp32/W_up/gU0_cuda_fp32": "33e2ec0d97c29514c10b7c7a37562a871f3480f627378a048aade5e56544a521",
          "calibration_seed_20260930/cuda_fp32/W_up/gU1_cuda_fp32": "96a6e835e4a9f8e4adac397df8c78d2a14fc55e727905791c2e0d50565b42194",
          "calibration_seed_20260930/cuda_fp32/W_up/gU2_cuda_fp32": "4455855829a70f19f56d8c338ebf12e605421197caf605b8c1d6d1ca460e74a7",
          "calibration_seed_20260930/cuda_fp32/W_up/gU3_cuda_fp32": "b0fde0cc3e83396d50c8fe3d1d25ecb6d384d1cd5865396fd26b3233a0b934aa",
          "calibration_seed_20260930/inputs/w_fp32_cpu": "d3581273f02523cf0842cdb37d022c66362d3707128d3f0d4396a19c06c4c890",
          "calibration_seed_20260930/inputs/x_fp32_cpu": "bf0d877c606aa56bfac7264a114311bb5d4ce19d8b8fa31fa15f2531ac3ce5b8",
          "calibration_seed_20260930/structural_traces/R4/round_1": "c7e046ec53b28ba6a031bfee4d20a95a8bd9586764cfe597ca8d444aa65ebdde",
          "calibration_seed_20260930/structural_traces/R4/round_2": "a16f9d20a6b664d05170d34e46f34bae3826c000490b20a42ebc0e76585b07b6",
          "calibration_seed_20260930/structural_traces/R4/round_3": "4ed3210868ae126a53c11ad5a5e2a722e6284d538b9f6ced6a8067785dfd80ac",
          "calibration_seed_20260930/structural_traces/R4/round_4": "9b84402aefa32502f20980fe73b588cd3b52158d3d12d2aa91d609123f3abef5",
          "calibration_seed_20260930/structural_traces/R4_final": "2f3cf0350a4fff57e843298eab3c3cdd7ca0da9f28a016b5e544df59667b7542",
          "calibration_seed_20260930/structural_traces/U4/round_1": "b2f55dd195e7650a500ec705d855cb231872e0a160e23bf67ae4673ef07d541b",
          "calibration_seed_20260930/structural_traces/U4/round_2": "1810d6d5d988083aa0ca64868888e537ef693cd076b7c14f1a611393d7c3b765",
          "calibration_seed_20260930/structural_traces/U4/round_3": "2585a75846fd33f4f196501b157c21e6f2643044024027cee6c19b92c94944f1",
          "calibration_seed_20260930/structural_traces/U4/round_4": "41063336089840aa550b9270fcb8b19e2c3650648c06ec8088fc122594ce1b2e",
          "calibration_seed_20260930/structural_traces/U4_final": "d091fa1abdbe49dd10e9f5723a84f1883ea7399c205c173e3c16fff44c53dc0b"
        }
      },
      "terminal_status": "SEED_PASS",
      "vram_peak_allocated_bytes": 184026112,
      "vram_peak_reserved_bytes": 205520896
    },
    "seed_plan": {
      "input_seed": 20261938,
      "loss_w_seed": 20262938,
      "master_seed": 20260930,
      "mode": "calibration_smoke",
      "weight_seed": 20260930
    },
    "source_sha256": {
      ".gitattributes": "a79691a93b46e49ce460c26ef22afcc03d6eca1e63bf2edbc20e96159510f6c9",
      "OMEGA_V2_2A_D3Q_SPEC.md": "3214382ef9349d4272b682a41ee5aa8f5a4e03d4802fc4f50525e559e7adc28f",
      "__init__.py": "4afa249a8107bf90a2d2bf52df0a92834157ec2fd7a00338dbd6bdd25ffa2a12",
      "__main__.py": "50e9b2c0f2b39b3d8dde3b589ac1373238f592198bddeeceeb64054eed1ea5f5",
      "config.py": "6290ec6ce62360aafc725c3d8898ebed91a3172568e70f50ca22ad3a6444f291",
      "core.py": "6661a0f98a5a8038f204f34677ed8933435b0962aef3cafd2470019c4844597e",
      "metrics.py": "24142993d510474806b8641ec9bce9a0ea1405fa93dcd88e1561840649a96285",
      "runner.py": "3c192b51ef9e84b3ef81318d5771d2ff4d50ca58298f3f6a7c6cd84f165c2a93",
      "tests/__init__.py": "e3b0c44298fc1c149afbf4c8996fb92427ae41e4649b934ca495991b7852b855",
      "tests/test_d3q_control_flow.py": "fa2c007d1a3930de23532b4204c32d7865107fcf4f94018613d32a66ad133883",
      "tests/test_d3q_metrics.py": "d2b6646fd2160710998bcb8b39a9948d6964b67a5da362431d7ce2b564a346a5"
    },
    "spec_sha256": "3214382ef9349d4272b682a41ee5aa8f5a4e03d4802fc4f50525e559e7adc28f",
    "terminal_status": "CALIBRATION_SMOKE_COMPLETE"
  },
  "classification": "CALIBRATION_ONLY",
  "hard_stop": null,
  "schema": "omega-v2-2a-d3q-calibration-smoke-v1",
  "seed_results": [
    {
      "D3_diagnostic_crosscheck_NON_GATE": {
        "affects_D3Q_verdict": false,
        "affects_smoke_terminal_status": false,
        "all_bitwise_equal": true,
        "classification": "NON_GATE_REPORT_ONLY",
        "comparison": "torch.equal for gR and gU0..gU3 across seven families",
        "reference_sha256": "1d9efe93b6d02ad58768682d6b1c7e4b52c5516d3254df214121310932e43629",
        "rows": [
          {
            "family": "W_Q",
            "reference_dtype": "torch.float32",
            "reference_shape": [
              256,
              256
            ],
            "smoke_dtype": "torch.float32",
            "smoke_shape": [
              256,
              256
            ],
            "tensor": "gR",
            "torch_equal": true
          },
          {
            "family": "W_Q",
            "reference_dtype": "torch.float32",
            "reference_shape": [
              256,
              256
            ],
            "smoke_dtype": "torch.float32",
            "smoke_shape": [
              256,
              256
            ],
            "tensor": "gU0",
            "torch_equal": true
          },
          {
            "family": "W_Q",
            "reference_dtype": "torch.float32",
            "reference_shape": [
              256,
              256
            ],
            "smoke_dtype": "torch.float32",
            "smoke_shape": [
              256,
              256
            ],
            "tensor": "gU1",
            "torch_equal": true
          },
          {
            "family": "W_Q",
            "reference_dtype": "torch.float32",
            "reference_shape": [
              256,
              256
            ],
            "smoke_dtype": "torch.float32",
            "smoke_shape": [
              256,
              256
            ],
            "tensor": "gU2",
            "torch_equal": true
          },
          {
            "family": "W_Q",
            "reference_dtype": "torch.float32",
            "reference_shape": [
              256,
              256
            ],
            "smoke_dtype": "torch.float32",
            "smoke_shape": [
              256,
              256
            ],
            "tensor": "gU3",
            "torch_equal": true
          },
          {
            "family": "W_K",
            "reference_dtype": "torch.float32",
            "reference_shape": [
              256,
              256
            ],
            "smoke_dtype": "torch.float32",
            "smoke_shape": [
              256,
              256
            ],
            "tensor": "gR",
            "torch_equal": true
          },
          {
            "family": "W_K",
            "reference_dtype": "torch.float32",
            "reference_shape": [
              256,
              256
            ],
            "smoke_dtype": "torch.float32",
            "smoke_shape": [
              256,
              256
            ],
            "tensor": "gU0",
            "torch_equal": true
          },
          {
            "family": "W_K",
            "reference_dtype": "torch.float32",
            "reference_shape": [
              256,
              256
            ],
            "smoke_dtype": "torch.float32",
            "smoke_shape": [
              256,
              256
            ],
            "tensor": "gU1",
            "torch_equal": true
          },
          {
            "family": "W_K",
            "reference_dtype": "torch.float32",
            "reference_shape": [
              256,
              256
            ],
            "smoke_dtype": "torch.float32",
            "smoke_shape": [
              256,
              256
            ],
            "tensor": "gU2",
            "torch_equal": true
          },
          {
            "family": "W_K",
            "reference_dtype": "torch.float32",
            "reference_shape": [
              256,
              256
            ],
            "smoke_dtype": "torch.float32",
            "smoke_shape": [
              256,
              256
            ],
            "tensor": "gU3",
            "torch_equal": true
          },
          {
            "family": "W_V",
            "reference_dtype": "torch.float32",
            "reference_shape": [
              256,
              256
            ],
            "smoke_dtype": "torch.float32",
            "smoke_shape": [
              256,
              256
            ],
            "tensor": "gR",
            "torch_equal": true
          },
          {
            "family": "W_V",
            "reference_dtype": "torch.float32",
            "reference_shape": [
              256,
              256
            ],
            "smoke_dtype": "torch.float32",
            "smoke_shape": [
              256,
              256
            ],
            "tensor": "gU0",
            "torch_equal": true
          },
          {
            "family": "W_V",
            "reference_dtype": "torch.float32",
            "reference_shape": [
              256,
              256
            ],
            "smoke_dtype": "torch.float32",
            "smoke_shape": [
              256,
              256
            ],
            "tensor": "gU1",
            "torch_equal": true
          },
          {
            "family": "W_V",
            "reference_dtype": "torch.float32",
            "reference_shape": [
              256,
              256
            ],
            "smoke_dtype": "torch.float32",
            "smoke_shape": [
              256,
              256
            ],
            "tensor": "gU2",
            "torch_equal": true
          },
          {
            "family": "W_V",
            "reference_dtype": "torch.float32",
            "reference_shape": [
              256,
              256
            ],
            "smoke_dtype": "torch.float32",
            "smoke_shape": [
              256,
              256
            ],
            "tensor": "gU3",
            "torch_equal": true
          },
          {
            "family": "W_O",
            "reference_dtype": "torch.float32",
            "reference_shape": [
              256,
              256
            ],
            "smoke_dtype": "torch.float32",
            "smoke_shape": [
              256,
              256
            ],
            "tensor": "gR",
            "torch_equal": true
          },
          {
            "family": "W_O",
            "reference_dtype": "torch.float32",
            "reference_shape": [
              256,
              256
            ],
            "smoke_dtype": "torch.float32",
            "smoke_shape": [
              256,
              256
            ],
            "tensor": "gU0",
            "torch_equal": true
          },
          {
            "family": "W_O",
            "reference_dtype": "torch.float32",
            "reference_shape": [
              256,
              256
            ],
            "smoke_dtype": "torch.float32",
            "smoke_shape": [
              256,
              256
            ],
            "tensor": "gU1",
            "torch_equal": true
          },
          {
            "family": "W_O",
            "reference_dtype": "torch.float32",
            "reference_shape": [
              256,
              256
            ],
            "smoke_dtype": "torch.float32",
            "smoke_shape": [
              256,
              256
            ],
            "tensor": "gU2",
            "torch_equal": true
          },
          {
            "family": "W_O",
            "reference_dtype": "torch.float32",
            "reference_shape": [
              256,
              256
            ],
            "smoke_dtype": "torch.float32",
            "smoke_shape": [
              256,
              256
            ],
            "tensor": "gU3",
            "torch_equal": true
          },
          {
            "family": "W_gate",
            "reference_dtype": "torch.float32",
            "reference_shape": [
              1024,
              256
            ],
            "smoke_dtype": "torch.float32",
            "smoke_shape": [
              1024,
              256
            ],
            "tensor": "gR",
            "torch_equal": true
          },
          {
            "family": "W_gate",
            "reference_dtype": "torch.float32",
            "reference_shape": [
              1024,
              256
            ],
            "smoke_dtype": "torch.float32",
            "smoke_shape": [
              1024,
              256
            ],
            "tensor": "gU0",
            "torch_equal": true
          },
          {
            "family": "W_gate",
            "reference_dtype": "torch.float32",
            "reference_shape": [
              1024,
              256
            ],
            "smoke_dtype": "torch.float32",
            "smoke_shape": [
              1024,
              256
            ],
            "tensor": "gU1",
            "torch_equal": true
          },
          {
            "family": "W_gate",
            "reference_dtype": "torch.float32",
            "reference_shape": [
              1024,
              256
            ],
            "smoke_dtype": "torch.float32",
            "smoke_shape": [
              1024,
              256
            ],
            "tensor": "gU2",
            "torch_equal": true
          },
          {
            "family": "W_gate",
            "reference_dtype": "torch.float32",
            "reference_shape": [
              1024,
              256
            ],
            "smoke_dtype": "torch.float32",
            "smoke_shape": [
              1024,
              256
            ],
            "tensor": "gU3",
            "torch_equal": true
          },
          {
            "family": "W_up",
            "reference_dtype": "torch.float32",
            "reference_shape": [
              1024,
              256
            ],
            "smoke_dtype": "torch.float32",
            "smoke_shape": [
              1024,
              256
            ],
            "tensor": "gR",
            "torch_equal": true
          },
          {
            "family": "W_up",
            "reference_dtype": "torch.float32",
            "reference_shape": [
              1024,
              256
            ],
            "smoke_dtype": "torch.float32",
            "smoke_shape": [
              1024,
              256
            ],
            "tensor": "gU0",
            "torch_equal": true
          },
          {
            "family": "W_up",
            "reference_dtype": "torch.float32",
            "reference_shape": [
              1024,
              256
            ],
            "smoke_dtype": "torch.float32",
            "smoke_shape": [
              1024,
              256
            ],
            "tensor": "gU1",
            "torch_equal": true
          },
          {
            "family": "W_up",
            "reference_dtype": "torch.float32",
            "reference_shape": [
              1024,
              256
            ],
            "smoke_dtype": "torch.float32",
            "smoke_shape": [
              1024,
              256
            ],
            "tensor": "gU2",
            "torch_equal": true
          },
          {
            "family": "W_up",
            "reference_dtype": "torch.float32",
            "reference_shape": [
              1024,
              256
            ],
            "smoke_dtype": "torch.float32",
            "smoke_shape": [
              1024,
              256
            ],
            "tensor": "gU3",
            "torch_equal": true
          },
          {
            "family": "W_down",
            "reference_dtype": "torch.float32",
            "reference_shape": [
              256,
              1024
            ],
            "smoke_dtype": "torch.float32",
            "smoke_shape": [
              256,
              1024
            ],
            "tensor": "gR",
            "torch_equal": true
          },
          {
            "family": "W_down",
            "reference_dtype": "torch.float32",
            "reference_shape": [
              256,
              1024
            ],
            "smoke_dtype": "torch.float32",
            "smoke_shape": [
              256,
              1024
            ],
            "tensor": "gU0",
            "torch_equal": true
          },
          {
            "family": "W_down",
            "reference_dtype": "torch.float32",
            "reference_shape": [
              256,
              1024
            ],
            "smoke_dtype": "torch.float32",
            "smoke_shape": [
              256,
              1024
            ],
            "tensor": "gU1",
            "torch_equal": true
          },
          {
            "family": "W_down",
            "reference_dtype": "torch.float32",
            "reference_shape": [
              256,
              1024
            ],
            "smoke_dtype": "torch.float32",
            "smoke_shape": [
              256,
              1024
            ],
            "tensor": "gU2",
            "torch_equal": true
          },
          {
            "family": "W_down",
            "reference_dtype": "torch.float32",
            "reference_shape": [
              256,
              1024
            ],
            "smoke_dtype": "torch.float32",
            "smoke_shape": [
              256,
              1024
            ],
            "tensor": "gU3",
            "torch_equal": true
          }
        ]
      },
      "case_id": "calibration_seed_20260930",
      "cpu_fp64_copy_checks": {
        "initial_FP32_weights_to_FP64_exact_value_preserved": true,
        "w_FP32_to_FP64_exact_value_preserved": true,
        "x_FP32_to_FP64_exact_value_preserved": true
      },
      "cpu_fp64_oracle_all_pass": true,
      "duration_seconds": 0.5798014999600127,
      "families": {
        "W_K": {
          "cpu_fp64_oracle": {
            "finite": true,
            "gates": {
              "E_L2_FP64": {
                "limit": 1e-15,
                "pass": true,
                "value": 1.0006207528944335e-16
              },
              "E_inf_FP64": {
                "limit": 1e-14,
                "pass": true,
                "value": 2.716704417970941e-16
              }
            },
            "max_abs_FP64_threshold": null,
            "metrics": {
              "E_L2": 1.0006207528944335e-16,
              "E_inf": 2.716704417970941e-16,
              "max_abs": 1.4210854715202004e-14,
              "max_rel_old": 5.300254783890701e-13,
              "norm_S64_inf": 52.30916775928034,
              "norm_S64_l2": 2728.1057108046366,
              "norm_gR64_inf": 52.30916775928034,
              "norm_gR64_l2": 2728.1057108046366,
              "shape": [
                256,
                256
              ]
            },
            "pass": true
          },
          "diagnostics_NON_GATE": {
            "S_reverse_equal_gR_NON_GATE": true,
            "fp32_sum_names": [
              "S_forward",
              "S_reverse",
              "S_pairwise",
              "S_stack"
            ],
            "old_max_rel": {
              "S_reverse_equal_gR_NON_GATE": true,
              "abs_error": 1.1920928955078125e-07,
              "abs_error_over_ulp_gR": 32768.0,
              "abs_error_over_ulp_sum_gU_old": 32768.0,
              "argmax_flat_index": 44868,
              "argmax_multi_index_row_major": [
                175,
                68
              ],
              "floor_1e_6_active": false,
              "gR_value": 3.4332275390625e-05,
              "max_rel_old": 0.0034722222480922937,
              "old_denominator": 3.4332275390625e-05,
              "sum_gU_old_value": 3.421306610107422e-05,
              "ulp_gR": 3.637978807091713e-12,
              "ulp_sum_gU_old": 3.637978807091713e-12
            }
          },
          "operational": {
            "all_cpu_oracle_tensors_finite": true,
            "all_cuda_family_tensors_finite": true
          },
          "primary_S64": {
            "finite": true,
            "gates": {
              "A": {
                "limit": 2e-07,
                "name": "normwise_L2",
                "pass": true,
                "value": 3.388175308859245e-08
              },
              "B": {
                "limit": 5e-07,
                "name": "normwise_Linf",
                "pass": true,
                "value": 5.925234263708148e-08
              },
              "C": {
                "limit_ulps": 8.0,
                "limit_value": 3.0517578125e-05,
                "name": "max_abs_scale_aware",
                "pass": true,
                "value": 3.0994415283203125e-06
              }
            },
            "metrics": {
              "E_L2": 3.388175308859245e-08,
              "E_inf": 5.925234263708148e-08,
              "max_abs": 3.0994415283203125e-06,
              "max_rel_old": 0.003472222222222222,
              "norm_S64_inf": 52.30918025970459,
              "norm_S64_l2": 2728.1059190626816,
              "norm_gR64_inf": 52.309181213378906,
              "norm_gR64_l2": 2728.1059185615673,
              "shape": [
                256,
                256
              ]
            },
            "scale_context": {
              "M32": 52.309181213378906,
              "M64": 52.309181213378906,
              "ULP_M32": 3.814697265625e-06
            },
            "scientific_gates_pass": true
          },
          "seed_family_pass": true
        },
        "W_O": {
          "cpu_fp64_oracle": {
            "finite": true,
            "gates": {
              "E_L2_FP64": {
                "limit": 1e-15,
                "pass": true,
                "value": 9.95019999762148e-17
              },
              "E_inf_FP64": {
                "limit": 1e-14,
                "pass": true,
                "value": 1.1381319991665917e-16
              }
            },
            "max_abs_FP64_threshold": null,
            "metrics": {
              "E_L2": 9.95019999762148e-17,
              "E_inf": 1.1381319991665917e-16,
              "max_abs": 1.4210854715202004e-14,
              "max_rel_old": 7.211212151350932e-13,
              "norm_S64_inf": 124.86121755304342,
              "norm_S64_l2": 6258.742743565076,
              "norm_gR64_inf": 124.86121755304342,
              "norm_gR64_l2": 6258.742743565076,
              "shape": [
                256,
                256
              ]
            },
            "pass": true
          },
          "diagnostics_NON_GATE": {
            "S_reverse_equal_gR_NON_GATE": true,
            "fp32_sum_names": [
              "S_forward",
              "S_reverse",
              "S_pairwise",
              "S_stack"
            ],
            "old_max_rel": {
              "S_reverse_equal_gR_NON_GATE": true,
              "abs_error": 4.76837158203125e-07,
              "abs_error_over_ulp_gR": 1024.0,
              "abs_error_over_ulp_sum_gU_old": 1024.0,
              "argmax_flat_index": 17093,
              "argmax_multi_index_row_major": [
                66,
                197
              ],
              "floor_1e_6_active": false,
              "gR_value": 0.0039310455322265625,
              "max_rel_old": 0.00012130034156143665,
              "old_denominator": 0.0039310455322265625,
              "sum_gU_old_value": 0.003930568695068359,
              "ulp_gR": 4.656612873077393e-10,
              "ulp_sum_gU_old": 4.656612873077393e-10
            }
          },
          "operational": {
            "all_cpu_oracle_tensors_finite": true,
            "all_cuda_family_tensors_finite": true
          },
          "primary_S64": {
            "finite": true,
            "gates": {
              "A": {
                "limit": 2e-07,
                "name": "normwise_L2",
                "pass": true,
                "value": 3.7214034681009397e-08
              },
              "B": {
                "limit": 5e-07,
                "name": "normwise_Linf",
                "pass": true,
                "value": 6.110299833023837e-08
              },
              "C": {
                "limit_ulps": 8.0,
                "limit_value": 6.103515625e-05,
                "name": "max_abs_scale_aware",
                "pass": true,
                "value": 7.62939453125e-06
              }
            },
            "metrics": {
              "E_L2": 3.7214034681009397e-08,
              "E_inf": 6.110299833023837e-08,
              "max_abs": 7.62939453125e-06,
              "max_rel_old": 0.00012130033964095099,
              "norm_S64_inf": 124.86121368408203,
              "norm_S64_l2": 6258.742910329795,
              "norm_gR64_inf": 124.86121368408203,
              "norm_gR64_l2": 6258.742908932774,
              "shape": [
                256,
                256
              ]
            },
            "scale_context": {
              "M32": 124.86121368408203,
              "M64": 124.86121368408203,
              "ULP_M32": 7.62939453125e-06
            },
            "scientific_gates_pass": true
          },
          "seed_family_pass": true
        },
        "W_Q": {
          "cpu_fp64_oracle": {
            "finite": true,
            "gates": {
              "E_L2_FP64": {
                "limit": 1e-15,
                "pass": true,
                "value": 1.0019336289798831e-16
              },
              "E_inf_FP64": {
                "limit": 1e-14,
                "pass": true,
                "value": 1.3523560889810435e-16
              }
            },
            "max_abs_FP64_threshold": null,
            "metrics": {
              "E_L2": 1.0019336289798831e-16,
              "E_inf": 1.3523560889810435e-16,
              "max_abs": 7.105427357601002e-15,
              "max_rel_old": 2.05235058659749e-13,
              "norm_S64_inf": 52.54109783285489,
              "norm_S64_l2": 2769.7293884126143,
              "norm_gR64_inf": 52.54109783285489,
              "norm_gR64_l2": 2769.7293884126143,
              "shape": [
                256,
                256
              ]
            },
            "pass": true
          },
          "diagnostics_NON_GATE": {
            "S_reverse_equal_gR_NON_GATE": true,
            "fp32_sum_names": [
              "S_forward",
              "S_reverse",
              "S_pairwise",
              "S_stack"
            ],
            "old_max_rel": {
              "S_reverse_equal_gR_NON_GATE": true,
              "abs_error": 1.1920928955078125e-07,
              "abs_error_over_ulp_gR": 4096.0,
              "abs_error_over_ulp_sum_gU_old": 4096.0,
              "argmax_flat_index": 58051,
              "argmax_multi_index_row_major": [
                226,
                195
              ],
              "floor_1e_6_active": false,
              "gR_value": -0.0003300905227661133,
              "max_rel_old": 0.00036101083969697356,
              "old_denominator": 0.00033020973205566406,
              "sum_gU_old_value": -0.00033020973205566406,
              "ulp_gR": 2.9103830456733704e-11,
              "ulp_sum_gU_old": 2.9103830456733704e-11
            }
          },
          "operational": {
            "all_cpu_oracle_tensors_finite": true,
            "all_cuda_family_tensors_finite": true
          },
          "primary_S64": {
            "finite": true,
            "gates": {
              "A": {
                "limit": 2e-07,
                "name": "normwise_L2",
                "pass": true,
                "value": 3.415794472797588e-08
              },
              "B": {
                "limit": 5e-07,
                "name": "normwise_Linf",
                "pass": true,
                "value": 6.352856115464177e-08
              },
              "C": {
                "limit_ulps": 8.0,
                "limit_value": 3.0517578125e-05,
                "name": "max_abs_scale_aware",
                "pass": true,
                "value": 3.337860107421875e-06
              }
            },
            "metrics": {
              "E_L2": 3.415794472797588e-08,
              "E_inf": 6.352856115464177e-08,
              "max_abs": 3.337860107421875e-06,
              "max_rel_old": 0.00011000696710791684,
              "norm_S64_inf": 52.541094064712524,
              "norm_S64_l2": 2769.729575608837,
              "norm_gR64_inf": 52.54109191894531,
              "norm_gR64_l2": 2769.729576019558,
              "shape": [
                256,
                256
              ]
            },
            "scale_context": {
              "M32": 52.54109573364258,
              "M64": 52.541094064712524,
              "ULP_M32": 3.814697265625e-06
            },
            "scientific_gates_pass": true
          },
          "seed_family_pass": true
        },
        "W_V": {
          "cpu_fp64_oracle": {
            "finite": true,
            "gates": {
              "E_L2_FP64": {
                "limit": 1e-15,
                "pass": true,
                "value": 1.0037925608093148e-16
              },
              "E_inf_FP64": {
                "limit": 1e-14,
                "pass": true,
                "value": 2.214807818683235e-16
              }
            },
            "max_abs_FP64_threshold": null,
            "metrics": {
              "E_L2": 1.0037925608093148e-16,
              "E_inf": 2.214807818683235e-16,
              "max_abs": 2.842170943040401e-14,
              "max_rel_old": 3.53621302893601e-13,
              "norm_S64_inf": 128.32584927075752,
              "norm_S64_l2": 6239.686243881577,
              "norm_gR64_inf": 128.32584927075752,
              "norm_gR64_l2": 6239.686243881577,
              "shape": [
                256,
                256
              ]
            },
            "pass": true
          },
          "diagnostics_NON_GATE": {
            "S_reverse_equal_gR_NON_GATE": true,
            "fp32_sum_names": [
              "S_forward",
              "S_reverse",
              "S_pairwise",
              "S_stack"
            ],
            "old_max_rel": {
              "S_reverse_equal_gR_NON_GATE": true,
              "abs_error": 1.1920928955078125e-07,
              "abs_error_over_ulp_gR": 2048.0,
              "abs_error_over_ulp_sum_gU_old": 2048.0,
              "argmax_flat_index": 14342,
              "argmax_multi_index_row_major": [
                56,
                6
              ],
              "floor_1e_6_active": false,
              "gR_value": -0.0005128383636474609,
              "max_rel_old": 0.00023239600704982877,
              "old_denominator": 0.0005129575729370117,
              "sum_gU_old_value": -0.0005129575729370117,
              "ulp_gR": 5.820766091346741e-11,
              "ulp_sum_gU_old": 5.820766091346741e-11
            }
          },
          "operational": {
            "all_cpu_oracle_tensors_finite": true,
            "all_cuda_family_tensors_finite": true
          },
          "primary_S64": {
            "finite": true,
            "gates": {
              "A": {
                "limit": 2e-07,
                "name": "normwise_L2",
                "pass": true,
                "value": 3.747180079402311e-08
              },
              "B": {
                "limit": 5e-07,
                "name": "normwise_Linf",
                "pass": true,
                "value": 6.688495537970857e-08
              },
              "C": {
                "limit_ulps": 8.0,
                "limit_value": 0.0001220703125,
                "name": "max_abs_scale_aware",
                "pass": true,
                "value": 8.58306884765625e-06
              }
            },
            "metrics": {
              "E_L2": 3.747180079402311e-08,
              "E_inf": 6.688495537970857e-08,
              "max_abs": 8.58306884765625e-06,
              "max_rel_old": 0.00011621150493898897,
              "norm_S64_inf": 128.32584810256958,
              "norm_S64_l2": 6239.686414861745,
              "norm_gR64_inf": 128.3258514404297,
              "norm_gR64_l2": 6239.686415141664,
              "shape": [
                256,
                256
              ]
            },
            "scale_context": {
              "M32": 128.3258514404297,
              "M64": 128.3258514404297,
              "ULP_M32": 1.52587890625e-05
            },
            "scientific_gates_pass": true
          },
          "seed_family_pass": true
        },
        "W_down": {
          "cpu_fp64_oracle": {
            "finite": true,
            "gates": {
              "E_L2_FP64": {
                "limit": 1e-15,
                "pass": true,
                "value": 9.941236053426379e-17
              },
              "E_inf_FP64": {
                "limit": 1e-14,
                "pass": true,
                "value": 1.171538128086082e-16
              }
            },
            "max_abs_FP64_threshold": null,
            "metrics": {
              "E_L2": 9.941236053426379e-17,
              "E_inf": 1.171538128086082e-16,
              "max_abs": 7.105427357601002e-15,
              "max_rel_old": 5.526953166992366e-12,
              "norm_S64_inf": 60.65041493108717,
              "norm_S64_l2": 4074.2841877642477,
              "norm_gR64_inf": 60.65041493108717,
              "norm_gR64_l2": 4074.2841877642477,
              "shape": [
                256,
                1024
              ]
            },
            "pass": true
          },
          "diagnostics_NON_GATE": {
            "S_reverse_equal_gR_NON_GATE": true,
            "fp32_sum_names": [
              "S_forward",
              "S_reverse",
              "S_pairwise",
              "S_stack"
            ],
            "old_max_rel": {
              "S_reverse_equal_gR_NON_GATE": true,
              "abs_error": 2.384185791015625e-07,
              "abs_error_over_ulp_gR": 32768.0,
              "abs_error_over_ulp_sum_gU_old": 32768.0,
              "argmax_flat_index": 158001,
              "argmax_multi_index_row_major": [
                154,
                305
              ],
              "floor_1e_6_active": false,
              "gR_value": -7.963180541992188e-05,
              "max_rel_old": 0.002994012087583542,
              "old_denominator": 7.963180541992188e-05,
              "sum_gU_old_value": -7.939338684082031e-05,
              "ulp_gR": 7.275957614183426e-12,
              "ulp_sum_gU_old": 7.275957614183426e-12
            }
          },
          "operational": {
            "all_cpu_oracle_tensors_finite": true,
            "all_cuda_family_tensors_finite": true
          },
          "primary_S64": {
            "finite": true,
            "gates": {
              "A": {
                "limit": 2e-07,
                "name": "normwise_L2",
                "pass": true,
                "value": 3.656333379082823e-08
              },
              "B": {
                "limit": 5e-07,
                "name": "normwise_Linf",
                "pass": true,
                "value": 6.289646986329798e-08
              },
              "C": {
                "limit_ulps": 8.0,
                "limit_value": 3.0517578125e-05,
                "name": "max_abs_scale_aware",
                "pass": true,
                "value": 3.814697265625e-06
              }
            },
            "metrics": {
              "E_L2": 3.656333379082823e-08,
              "E_inf": 6.289646986329798e-08,
              "max_abs": 3.814697265625e-06,
              "max_rel_old": 0.002877058383233533,
              "norm_S64_inf": 60.65041923522949,
              "norm_S64_l2": 4074.2843041391293,
              "norm_gR64_inf": 60.65041732788086,
              "norm_gR64_l2": 4074.2843031300195,
              "shape": [
                256,
                1024
              ]
            },
            "scale_context": {
              "M32": 60.650421142578125,
              "M64": 60.65041923522949,
              "ULP_M32": 3.814697265625e-06
            },
            "scientific_gates_pass": true
          },
          "seed_family_pass": true
        },
        "W_gate": {
          "cpu_fp64_oracle": {
            "finite": true,
            "gates": {
              "E_L2_FP64": {
                "limit": 1e-15,
                "pass": true,
                "value": 9.943870521014824e-17
              },
              "E_inf_FP64": {
                "limit": 1e-14,
                "pass": true,
                "value": 2.560535277903608e-16
              }
            },
            "max_abs_FP64_threshold": null,
            "metrics": {
              "E_L2": 9.943870521014824e-17,
              "E_inf": 2.560535277903608e-16,
              "max_abs": 1.4210854715202004e-14,
              "max_rel_old": 2.986314096165796e-12,
              "norm_S64_inf": 55.49954666837039,
              "norm_S64_l2": 4135.737731846175,
              "norm_gR64_inf": 55.49954666837039,
              "norm_gR64_l2": 4135.737731846175,
              "shape": [
                1024,
                256
              ]
            },
            "pass": true
          },
          "diagnostics_NON_GATE": {
            "S_reverse_equal_gR_NON_GATE": true,
            "fp32_sum_names": [
              "S_forward",
              "S_reverse",
              "S_pairwise",
              "S_stack"
            ],
            "old_max_rel": {
              "S_reverse_equal_gR_NON_GATE": true,
              "abs_error": 2.384185791015625e-07,
              "abs_error_over_ulp_gR": 65536.0,
              "abs_error_over_ulp_sum_gU_old": 65536.0,
              "argmax_flat_index": 11995,
              "argmax_multi_index_row_major": [
                46,
                219
              ],
              "floor_1e_6_active": false,
              "gR_value": 3.9577484130859375e-05,
              "max_rel_old": 0.005988024175167084,
              "old_denominator": 3.981590270996094e-05,
              "sum_gU_old_value": 3.981590270996094e-05,
              "ulp_gR": 3.637978807091713e-12,
              "ulp_sum_gU_old": 3.637978807091713e-12
            }
          },
          "operational": {
            "all_cpu_oracle_tensors_finite": true,
            "all_cuda_family_tensors_finite": true
          },
          "primary_S64": {
            "finite": true,
            "gates": {
              "A": {
                "limit": 2e-07,
                "name": "normwise_L2",
                "pass": true,
                "value": 3.671111470897815e-08
              },
              "B": {
                "limit": 5e-07,
                "name": "normwise_Linf",
                "pass": true,
                "value": 6.873385098171184e-08
              },
              "C": {
                "limit_ulps": 8.0,
                "limit_value": 3.0517578125e-05,
                "name": "max_abs_scale_aware",
                "pass": true,
                "value": 3.814697265625e-06
              }
            },
            "metrics": {
              "E_L2": 3.671111470897815e-08,
              "E_inf": 6.873385098171184e-08,
              "max_abs": 3.814697265625e-06,
              "max_rel_old": 0.0015037593984962407,
              "norm_S64_inf": 55.49954032897949,
              "norm_S64_l2": 4135.737848638295,
              "norm_gR64_inf": 55.499542236328125,
              "norm_gR64_l2": 4135.737847335061,
              "shape": [
                1024,
                256
              ]
            },
            "scale_context": {
              "M32": 55.499542236328125,
              "M64": 55.499542236328125,
              "ULP_M32": 3.814697265625e-06
            },
            "scientific_gates_pass": true
          },
          "seed_family_pass": true
        },
        "W_up": {
          "cpu_fp64_oracle": {
            "finite": true,
            "gates": {
              "E_L2_FP64": {
                "limit": 1e-15,
                "pass": true,
                "value": 9.905144653521233e-17
              },
              "E_inf_FP64": {
                "limit": 1e-14,
                "pass": true,
                "value": 9.315035126991673e-17
              }
            },
            "max_abs_FP64_threshold": null,
            "metrics": {
              "E_L2": 9.905144653521233e-17,
              "E_inf": 9.315035126991673e-17,
              "max_abs": 7.105427357601002e-15,
              "max_rel_old": 7.991163724343878e-13,
              "norm_S64_inf": 76.27912574384169,
              "norm_S64_l2": 4129.111650461418,
              "norm_gR64_inf": 76.27912574384169,
              "norm_gR64_l2": 4129.111650461418,
              "shape": [
                1024,
                256
              ]
            },
            "pass": true
          },
          "diagnostics_NON_GATE": {
            "S_reverse_equal_gR_NON_GATE": true,
            "fp32_sum_names": [
              "S_forward",
              "S_reverse",
              "S_pairwise",
              "S_stack"
            ],
            "old_max_rel": {
              "S_reverse_equal_gR_NON_GATE": true,
              "abs_error": 5.960464477539063e-08,
              "abs_error_over_ulp_gR": 4096.0,
              "abs_error_over_ulp_sum_gU_old": 4096.0,
              "argmax_flat_index": 114530,
              "argmax_multi_index_row_major": [
                447,
                98
              ],
              "floor_1e_6_active": false,
              "gR_value": -0.00013959407806396484,
              "max_rel_old": 0.00042698546894825995,
              "old_denominator": 0.00013959407806396484,
              "sum_gU_old_value": -0.00013953447341918945,
              "ulp_gR": 1.4551915228366852e-11,
              "ulp_sum_gU_old": 1.4551915228366852e-11
            }
          },
          "operational": {
            "all_cpu_oracle_tensors_finite": true,
            "all_cuda_family_tensors_finite": true
          },
          "primary_S64": {
            "finite": true,
            "gates": {
              "A": {
                "limit": 2e-07,
                "name": "normwise_L2",
                "pass": true,
                "value": 3.6650101956987336e-08
              },
              "B": {
                "limit": 5e-07,
                "name": "normwise_Linf",
                "pass": true,
                "value": 5.000971126080546e-08
              },
              "C": {
                "limit_ulps": 8.0,
                "limit_value": 6.103515625e-05,
                "name": "max_abs_scale_aware",
                "pass": true,
                "value": 3.814697265625e-06
              }
            },
            "metrics": {
              "E_L2": 3.6650101956987336e-08,
              "E_inf": 5.000971126080546e-08,
              "max_abs": 3.814697265625e-06,
              "max_rel_old": 0.0004269854824935952,
              "norm_S64_inf": 76.27912998199463,
              "norm_S64_l2": 4129.111778048518,
              "norm_gR64_inf": 76.27912902832031,
              "norm_gR64_l2": 4129.111778587698,
              "shape": [
                1024,
                256
              ]
            },
            "scale_context": {
              "M32": 76.27912902832031,
              "M64": 76.27912998199463,
              "ULP_M32": 7.62939453125e-06
            },
            "scientific_gates_pass": true
          },
          "seed_family_pass": true
        }
      },
      "finite": true,
      "seed_pass": true,
      "seed_plan": {
        "input_seed": 20261938,
        "loss_w_seed": 20262938,
        "master_seed": 20260930,
        "mode": "calibration_smoke",
        "weight_seed": 20260930
      },
      "structural": {
        "final_output_equal": true,
        "initial_clone_report": {
          "initial_values_bitwise_equal": true,
          "r4_reuses_one_block_object": true,
          "u4_block_storages_pairwise_disjoint": true,
          "u4_has_four_block_objects": true,
          "u4_storage_disjoint_from_r4": true
        },
        "input_copy_bitwise_equal": true,
        "loss_weight_copy_bitwise_equal": true,
        "pass": true,
        "round_trace_equalities": [
          {
            "round": 1,
            "torch_equal": true
          },
          {
            "round": 2,
            "torch_equal": true
          },
          {
            "round": 3,
            "torch_equal": true
          },
          {
            "round": 4,
            "torch_equal": true
          }
        ],
        "weight_copy_report": {
          "all_bitwise_equal": true,
          "families": [
            {
              "R4_cpu_to_cuda_bitwise_equal": true,
              "U4_cpu_to_cuda_bitwise_equal": true,
              "family": "W_Q"
            },
            {
              "R4_cpu_to_cuda_bitwise_equal": true,
              "U4_cpu_to_cuda_bitwise_equal": true,
              "family": "W_K"
            },
            {
              "R4_cpu_to_cuda_bitwise_equal": true,
              "U4_cpu_to_cuda_bitwise_equal": true,
              "family": "W_V"
            },
            {
              "R4_cpu_to_cuda_bitwise_equal": true,
              "U4_cpu_to_cuda_bitwise_equal": true,
              "family": "W_O"
            },
            {
              "R4_cpu_to_cuda_bitwise_equal": true,
              "U4_cpu_to_cuda_bitwise_equal": true,
              "family": "W_gate"
            },
            {
              "R4_cpu_to_cuda_bitwise_equal": true,
              "U4_cpu_to_cuda_bitwise_equal": true,
              "family": "W_up"
            },
            {
              "R4_cpu_to_cuda_bitwise_equal": true,
              "U4_cpu_to_cuda_bitwise_equal": true,
              "family": "W_down"
            }
          ]
        }
      },
      "structural_pass": true,
      "tensor_bundle": {
        "bundle_path": "calibration_seed_20260930_raw_gradients.pt",
        "bundle_sha256": "1ad5e1d7f3d896c6304d2d24d2d730841011e439ef2424ef2036ad60565cd4e7",
        "bundle_size_bytes": 105687385,
        "tensor_metadata": {
          "calibration_seed_20260930/cpu_fp64_oracle/W_K/S64_cpu": {
            "dtype": "torch.float64",
            "raw_sha256": "c2dbb1d9632423aa0a9fd9488a622f87546b213b3f257dced81e429a01eac597",
            "shape": [
              256,
              256
            ]
          },
          "calibration_seed_20260930/cpu_fp64_oracle/W_K/gR64_cpu": {
            "dtype": "torch.float64",
            "raw_sha256": "3a4265f36818ac10c8ef55984b56ef14825559998bae17d651c3869e62fe3530",
            "shape": [
              256,
              256
            ]
          },
          "calibration_seed_20260930/cpu_fp64_oracle/W_K/gU0_64_cpu": {
            "dtype": "torch.float64",
            "raw_sha256": "255f4e5016fa7471591ee365334dfae32ad20476422a193d5ace29de0b3b08b5",
            "shape": [
              256,
              256
            ]
          },
          "calibration_seed_20260930/cpu_fp64_oracle/W_K/gU1_64_cpu": {
            "dtype": "torch.float64",
            "raw_sha256": "3ed43fed338027bf9a71b7064a7355451c51af4e8039b1c3ac103df95045d25c",
            "shape": [
              256,
              256
            ]
          },
          "calibration_seed_20260930/cpu_fp64_oracle/W_K/gU2_64_cpu": {
            "dtype": "torch.float64",
            "raw_sha256": "0d92d5d701a44c9aa0aed94f402449cfa58e969a1f95357482a25994c10d1e56",
            "shape": [
              256,
              256
            ]
          },
          "calibration_seed_20260930/cpu_fp64_oracle/W_K/gU3_64_cpu": {
            "dtype": "torch.float64",
            "raw_sha256": "cf144f1fe98ee685d30b9517edd676945806eee4bc17337a3425d5c162eadc8c",
            "shape": [
              256,
              256
            ]
          },
          "calibration_seed_20260930/cpu_fp64_oracle/W_O/S64_cpu": {
            "dtype": "torch.float64",
            "raw_sha256": "e75e8bf9a05dcf6600fd849b5f7e09c6341382b7af2cec4d00b5689c8cf75085",
            "shape": [
              256,
              256
            ]
          },
          "calibration_seed_20260930/cpu_fp64_oracle/W_O/gR64_cpu": {
            "dtype": "torch.float64",
            "raw_sha256": "582e6b2bfb1f5c9808e89fe3ec475f644533dbaa63159195b88c0ee363f70a77",
            "shape": [
              256,
              256
            ]
          },
          "calibration_seed_20260930/cpu_fp64_oracle/W_O/gU0_64_cpu": {
            "dtype": "torch.float64",
            "raw_sha256": "e38304d3edb7ad2c9396f0f7e43ccd72461e17ce54a5fe0cb4b6f605b3645f39",
            "shape": [
              256,
              256
            ]
          },
          "calibration_seed_20260930/cpu_fp64_oracle/W_O/gU1_64_cpu": {
            "dtype": "torch.float64",
            "raw_sha256": "08e99ae3f3d17b77ed09276b849d73bc70d776cbb2a765aa010fea195aa1fc2a",
            "shape": [
              256,
              256
            ]
          },
          "calibration_seed_20260930/cpu_fp64_oracle/W_O/gU2_64_cpu": {
            "dtype": "torch.float64",
            "raw_sha256": "78b47490d9635fde0f0eb97edb8737a88ce4c8fcd69a1f7f1e25334816eb1175",
            "shape": [
              256,
              256
            ]
          },
          "calibration_seed_20260930/cpu_fp64_oracle/W_O/gU3_64_cpu": {
            "dtype": "torch.float64",
            "raw_sha256": "ca495b1845471351cd8122e6a606984fbdefb1c859eb7bf4beb42ad601e95743",
            "shape": [
              256,
              256
            ]
          },
          "calibration_seed_20260930/cpu_fp64_oracle/W_Q/S64_cpu": {
            "dtype": "torch.float64",
            "raw_sha256": "db412f30077be165bd1135b7725a27c7dac75e67296c209b82bd26ed69663803",
            "shape": [
              256,
              256
            ]
          },
          "calibration_seed_20260930/cpu_fp64_oracle/W_Q/gR64_cpu": {
            "dtype": "torch.float64",
            "raw_sha256": "b5350aab3534309729e4415ecfa747c1f3a9cd6be78d9bce0909e7c25adac836",
            "shape": [
              256,
              256
            ]
          },
          "calibration_seed_20260930/cpu_fp64_oracle/W_Q/gU0_64_cpu": {
            "dtype": "torch.float64",
            "raw_sha256": "b4eaebfa9211dbc80ce431f49a614c3dd40f18c8109bdc889ed249a9ac5d2837",
            "shape": [
              256,
              256
            ]
          },
          "calibration_seed_20260930/cpu_fp64_oracle/W_Q/gU1_64_cpu": {
            "dtype": "torch.float64",
            "raw_sha256": "2794ba4f2fa59274c90512f13d070d5ad9de7f8e78da110ab76c390a92d70ae3",
            "shape": [
              256,
              256
            ]
          },
          "calibration_seed_20260930/cpu_fp64_oracle/W_Q/gU2_64_cpu": {
            "dtype": "torch.float64",
            "raw_sha256": "250c843b02d49de555afcd47d59da4a2778ca6c137f892545613e6e60f1956f7",
            "shape": [
              256,
              256
            ]
          },
          "calibration_seed_20260930/cpu_fp64_oracle/W_Q/gU3_64_cpu": {
            "dtype": "torch.float64",
            "raw_sha256": "526155e2b097a6c9e773eb559b8cef4a0e01fdc6220cc689c175538a2023cebc",
            "shape": [
              256,
              256
            ]
          },
          "calibration_seed_20260930/cpu_fp64_oracle/W_V/S64_cpu": {
            "dtype": "torch.float64",
            "raw_sha256": "c159b3a12853603d1f54b56e081b981f3d2c196e6e542696609786c56c5acb57",
            "shape": [
              256,
              256
            ]
          },
          "calibration_seed_20260930/cpu_fp64_oracle/W_V/gR64_cpu": {
            "dtype": "torch.float64",
            "raw_sha256": "88e38db68fb2737a2d0ff61cc4102e3c89747fd686126865fcc8416aa2f53cd3",
            "shape": [
              256,
              256
            ]
          },
          "calibration_seed_20260930/cpu_fp64_oracle/W_V/gU0_64_cpu": {
            "dtype": "torch.float64",
            "raw_sha256": "cfa320c80d8fea91473084825672932c559b1bbf76a6f164966afe2427ffc702",
            "shape": [
              256,
              256
            ]
          },
          "calibration_seed_20260930/cpu_fp64_oracle/W_V/gU1_64_cpu": {
            "dtype": "torch.float64",
            "raw_sha256": "41adaa9de55a7006efba6f54d84f22be2c2afbb0c3d6e8d7551d492bdc5273b7",
            "shape": [
              256,
              256
            ]
          },
          "calibration_seed_20260930/cpu_fp64_oracle/W_V/gU2_64_cpu": {
            "dtype": "torch.float64",
            "raw_sha256": "5f01016d53b2bf29269c70ea36a35d5feb28110b3283f4e49b190785179566f4",
            "shape": [
              256,
              256
            ]
          },
          "calibration_seed_20260930/cpu_fp64_oracle/W_V/gU3_64_cpu": {
            "dtype": "torch.float64",
            "raw_sha256": "d397165c6056bdcd88d8e2de6dff2aecda2af5924396be11700dc8fac4a03bea",
            "shape": [
              256,
              256
            ]
          },
          "calibration_seed_20260930/cpu_fp64_oracle/W_down/S64_cpu": {
            "dtype": "torch.float64",
            "raw_sha256": "9898840ca49dd40362421ab1328debbd1671ae78c3237afa410b428e6995b26f",
            "shape": [
              256,
              1024
            ]
          },
          "calibration_seed_20260930/cpu_fp64_oracle/W_down/gR64_cpu": {
            "dtype": "torch.float64",
            "raw_sha256": "cdc37fa96383d00d353f59f40655b7815ebc1ace49eec2adb317b26ec95f5873",
            "shape": [
              256,
              1024
            ]
          },
          "calibration_seed_20260930/cpu_fp64_oracle/W_down/gU0_64_cpu": {
            "dtype": "torch.float64",
            "raw_sha256": "972129f92854968693fc665838fd56d00250b229394d2f26770238231632bc7c",
            "shape": [
              256,
              1024
            ]
          },
          "calibration_seed_20260930/cpu_fp64_oracle/W_down/gU1_64_cpu": {
            "dtype": "torch.float64",
            "raw_sha256": "159aab6c13d5f5eefe3f62213d65fb3c0675ac15054d71586ee9855102fd3005",
            "shape": [
              256,
              1024
            ]
          },
          "calibration_seed_20260930/cpu_fp64_oracle/W_down/gU2_64_cpu": {
            "dtype": "torch.float64",
            "raw_sha256": "6da564b61ab964d02137448240b3272b6aa464079c0ea419b174b03adc6e254b",
            "shape": [
              256,
              1024
            ]
          },
          "calibration_seed_20260930/cpu_fp64_oracle/W_down/gU3_64_cpu": {
            "dtype": "torch.float64",
            "raw_sha256": "91a832d56eaf33b4841cc9dfd26401a9fb530d0c06c8625387deb3ff1d35911f",
            "shape": [
              256,
              1024
            ]
          },
          "calibration_seed_20260930/cpu_fp64_oracle/W_gate/S64_cpu": {
            "dtype": "torch.float64",
            "raw_sha256": "5e4c2dce1650bd25ee060c358d756215469e91d40657e381c87af5f3d7abef48",
            "shape": [
              1024,
              256
            ]
          },
          "calibration_seed_20260930/cpu_fp64_oracle/W_gate/gR64_cpu": {
            "dtype": "torch.float64",
            "raw_sha256": "8f726d05d6332911af24a0c8f1a30a97cd8867e50f00f1ef5c575b49e8b5de65",
            "shape": [
              1024,
              256
            ]
          },
          "calibration_seed_20260930/cpu_fp64_oracle/W_gate/gU0_64_cpu": {
            "dtype": "torch.float64",
            "raw_sha256": "af327e3d636083ffc9fe17e88240585de051086690cc2710d8feb65a4d301598",
            "shape": [
              1024,
              256
            ]
          },
          "calibration_seed_20260930/cpu_fp64_oracle/W_gate/gU1_64_cpu": {
            "dtype": "torch.float64",
            "raw_sha256": "10d6c79890758b2f6479c779090a97488fc41390c1304f6e545a99ddce5f31c9",
            "shape": [
              1024,
              256
            ]
          },
          "calibration_seed_20260930/cpu_fp64_oracle/W_gate/gU2_64_cpu": {
            "dtype": "torch.float64",
            "raw_sha256": "8ffc811e79ad88f4b71fcdbd8b5035d514841f79e50c5fd4655e184ba7957ab9",
            "shape": [
              1024,
              256
            ]
          },
          "calibration_seed_20260930/cpu_fp64_oracle/W_gate/gU3_64_cpu": {
            "dtype": "torch.float64",
            "raw_sha256": "b403a1a1e821656a278f099d6cdbe8aea88711a1090343e54bd1bd3c954c8b54",
            "shape": [
              1024,
              256
            ]
          },
          "calibration_seed_20260930/cpu_fp64_oracle/W_up/S64_cpu": {
            "dtype": "torch.float64",
            "raw_sha256": "21ac3750400a3e4d30a8522b4b8933c4fa5b1a694cdf6724a232340d64fb6555",
            "shape": [
              1024,
              256
            ]
          },
          "calibration_seed_20260930/cpu_fp64_oracle/W_up/gR64_cpu": {
            "dtype": "torch.float64",
            "raw_sha256": "fced52374e7960b41304db37d24d534f7c1aad6ac8bc1c57f68dbd4913dc692e",
            "shape": [
              1024,
              256
            ]
          },
          "calibration_seed_20260930/cpu_fp64_oracle/W_up/gU0_64_cpu": {
            "dtype": "torch.float64",
            "raw_sha256": "8a77aed4ee9bb9b62e86e2b9d2556884b2e72be8908876efb537222eae9ed15f",
            "shape": [
              1024,
              256
            ]
          },
          "calibration_seed_20260930/cpu_fp64_oracle/W_up/gU1_64_cpu": {
            "dtype": "torch.float64",
            "raw_sha256": "d167fee38494eaa1a534a273b7f12f47ebc10c5508900f67276c2150c890326d",
            "shape": [
              1024,
              256
            ]
          },
          "calibration_seed_20260930/cpu_fp64_oracle/W_up/gU2_64_cpu": {
            "dtype": "torch.float64",
            "raw_sha256": "7a78b49051ce10f0b3fc0af7cb67365a2f768cfa8e9fca82fa936eb0b0fafee3",
            "shape": [
              1024,
              256
            ]
          },
          "calibration_seed_20260930/cpu_fp64_oracle/W_up/gU3_64_cpu": {
            "dtype": "torch.float64",
            "raw_sha256": "9b0654655a2496586654322da345ccb93a399c85f2a5a3fd5fbe9c9338b64cf2",
            "shape": [
              1024,
              256
            ]
          },
          "calibration_seed_20260930/cuda_fp32/W_K/S64_primary_cuda": {
            "dtype": "torch.float64",
            "raw_sha256": "dbf76a1604e7a9fb638b1c8268f708dc68bd06e7128e6474e5c03b48cce9503a",
            "shape": [
              256,
              256
            ]
          },
          "calibration_seed_20260930/cuda_fp32/W_K/S_forward_cuda": {
            "dtype": "torch.float32",
            "raw_sha256": "9b541e2e1d7fae3ae8cbb6542d2562211f25f733ad0210cdf168f1013112cf46",
            "shape": [
              256,
              256
            ]
          },
          "calibration_seed_20260930/cuda_fp32/W_K/S_pairwise_cuda": {
            "dtype": "torch.float32",
            "raw_sha256": "bcbb8760d26c46eb4af6903dda95b2dc4a2ff15e8e2ff9ddf73eec7e0a5be48a",
            "shape": [
              256,
              256
            ]
          },
          "calibration_seed_20260930/cuda_fp32/W_K/S_reverse_cuda": {
            "dtype": "torch.float32",
            "raw_sha256": "4a3b1f4149618a1a6ab918eae4f9f59a21eb42a192930d49dc05d5b620ef519f",
            "shape": [
              256,
              256
            ]
          },
          "calibration_seed_20260930/cuda_fp32/W_K/S_stack_cuda": {
            "dtype": "torch.float32",
            "raw_sha256": "6bb47cb0af339cc2c2478c8084072a8cf661c968c8012d011c1e75be66ce52f9",
            "shape": [
              256,
              256
            ]
          },
          "calibration_seed_20260930/cuda_fp32/W_K/gR64_primary_cuda": {
            "dtype": "torch.float64",
            "raw_sha256": "25a7e1874c1e8e75984c6e2efef7da73b91f0be542a3271ce6bd117f444d6b68",
            "shape": [
              256,
              256
            ]
          },
          "calibration_seed_20260930/cuda_fp32/W_K/gR_cuda_fp32": {
            "dtype": "torch.float32",
            "raw_sha256": "05e3cffa336140f2b4f0b67d808e74db4ce38a9772c1cac1461dd3c1af47446d",
            "shape": [
              256,
              256
            ]
          },
          "calibration_seed_20260930/cuda_fp32/W_K/gU0_cuda_fp32": {
            "dtype": "torch.float32",
            "raw_sha256": "c6629463256cdd7174b55b89b2bba5404e3a78f8d4f7572a2893f3a9c15e6dbf",
            "shape": [
              256,
              256
            ]
          },
          "calibration_seed_20260930/cuda_fp32/W_K/gU1_cuda_fp32": {
            "dtype": "torch.float32",
            "raw_sha256": "9e1ab9dd2b1aeff57dc5389f85f97bfafc127264baa5f9f556dbf6d3bc50e3e1",
            "shape": [
              256,
              256
            ]
          },
          "calibration_seed_20260930/cuda_fp32/W_K/gU2_cuda_fp32": {
            "dtype": "torch.float32",
            "raw_sha256": "0e6301b1040a1d7f690c8e5b11601387dfdab61361e61c3c9d34ee3485b4b2ee",
            "shape": [
              256,
              256
            ]
          },
          "calibration_seed_20260930/cuda_fp32/W_K/gU3_cuda_fp32": {
            "dtype": "torch.float32",
            "raw_sha256": "60df9cf7a25450e3a7fdf35750bdd09a927e79b6c6540b502940fbd1c62de135",
            "shape": [
              256,
              256
            ]
          },
          "calibration_seed_20260930/cuda_fp32/W_O/S64_primary_cuda": {
            "dtype": "torch.float64",
            "raw_sha256": "8d1b3b7498ee1431c7819cfd619303a71fd2661acddf4252c89dee6d548eaeff",
            "shape": [
              256,
              256
            ]
          },
          "calibration_seed_20260930/cuda_fp32/W_O/S_forward_cuda": {
            "dtype": "torch.float32",
            "raw_sha256": "3d53d85b05b1b25bb64c4594738e6b1290201c1d2d1fd2efdeff190d495b69a8",
            "shape": [
              256,
              256
            ]
          },
          "calibration_seed_20260930/cuda_fp32/W_O/S_pairwise_cuda": {
            "dtype": "torch.float32",
            "raw_sha256": "b549a0ccf2c4b79aebd89a31133b569f16788e0fb1e233cddcdf7dfadf30edcc",
            "shape": [
              256,
              256
            ]
          },
          "calibration_seed_20260930/cuda_fp32/W_O/S_reverse_cuda": {
            "dtype": "torch.float32",
            "raw_sha256": "13348ea4f5e5a80fa3b667a22db61a60820955a040374b2e6860b2fbe10f3753",
            "shape": [
              256,
              256
            ]
          },
          "calibration_seed_20260930/cuda_fp32/W_O/S_stack_cuda": {
            "dtype": "torch.float32",
            "raw_sha256": "39b42b085f06b4699c7e85745e5845d0992c31ee920b52d6e5f8301645bf96b6",
            "shape": [
              256,
              256
            ]
          },
          "calibration_seed_20260930/cuda_fp32/W_O/gR64_primary_cuda": {
            "dtype": "torch.float64",
            "raw_sha256": "39dfc0b09186baa2bbe3440b87ddf02c4d593daff052734cb3d125b5460ae5aa",
            "shape": [
              256,
              256
            ]
          },
          "calibration_seed_20260930/cuda_fp32/W_O/gR_cuda_fp32": {
            "dtype": "torch.float32",
            "raw_sha256": "5c8910a4999756f39d2446147ae54a594548cf328785a1f3d43692c9222456db",
            "shape": [
              256,
              256
            ]
          },
          "calibration_seed_20260930/cuda_fp32/W_O/gU0_cuda_fp32": {
            "dtype": "torch.float32",
            "raw_sha256": "b2b3c9489280989cda89e808dbbb34251afab2c7a8bb0aa2cb52ffb392d910d8",
            "shape": [
              256,
              256
            ]
          },
          "calibration_seed_20260930/cuda_fp32/W_O/gU1_cuda_fp32": {
            "dtype": "torch.float32",
            "raw_sha256": "02fb5744ceb3ffd20a704c903b3a6c4b6bd813309c1eeba6e6fcfe99730be03a",
            "shape": [
              256,
              256
            ]
          },
          "calibration_seed_20260930/cuda_fp32/W_O/gU2_cuda_fp32": {
            "dtype": "torch.float32",
            "raw_sha256": "585967f2cfbf17c83123fade37d0a5eba725ec4c8592bea0f886a189b0d4b027",
            "shape": [
              256,
              256
            ]
          },
          "calibration_seed_20260930/cuda_fp32/W_O/gU3_cuda_fp32": {
            "dtype": "torch.float32",
            "raw_sha256": "5285d9b24f199c64ec403ac8dd558c4ce2d0b0c8fe4bad3775ae6c2267fe5053",
            "shape": [
              256,
              256
            ]
          },
          "calibration_seed_20260930/cuda_fp32/W_Q/S64_primary_cuda": {
            "dtype": "torch.float64",
            "raw_sha256": "5d03d1b02f0a69b67bb27d0558d87831f00349018117f698b2122b81374719f8",
            "shape": [
              256,
              256
            ]
          },
          "calibration_seed_20260930/cuda_fp32/W_Q/S_forward_cuda": {
            "dtype": "torch.float32",
            "raw_sha256": "83b5749adf695f54adf2d2bf602a8ecf3e67ab83e77450f6523403cd608537bc",
            "shape": [
              256,
              256
            ]
          },
          "calibration_seed_20260930/cuda_fp32/W_Q/S_pairwise_cuda": {
            "dtype": "torch.float32",
            "raw_sha256": "439d22a499cf21a111bd66ee700e98286397a85d967776c360725ba06e2ff022",
            "shape": [
              256,
              256
            ]
          },
          "calibration_seed_20260930/cuda_fp32/W_Q/S_reverse_cuda": {
            "dtype": "torch.float32",
            "raw_sha256": "1fac70c7cec94d3d516d7d7061a35f603d4e6de52a2efbbaf5411c16cd8f1d56",
            "shape": [
              256,
              256
            ]
          },
          "calibration_seed_20260930/cuda_fp32/W_Q/S_stack_cuda": {
            "dtype": "torch.float32",
            "raw_sha256": "1a9566f79baff9266d12d4594feb0fbcda8cbc1530b32e87f128a46017cc222c",
            "shape": [
              256,
              256
            ]
          },
          "calibration_seed_20260930/cuda_fp32/W_Q/gR64_primary_cuda": {
            "dtype": "torch.float64",
            "raw_sha256": "a2b02e811d18c81d0f8fc83b47396815f4adf74d39161d4b28fdc946532e9b0a",
            "shape": [
              256,
              256
            ]
          },
          "calibration_seed_20260930/cuda_fp32/W_Q/gR_cuda_fp32": {
            "dtype": "torch.float32",
            "raw_sha256": "63f9449d7a07297a5474495f1707119ef452792ed61f785ec0b8526f94a8a822",
            "shape": [
              256,
              256
            ]
          },
          "calibration_seed_20260930/cuda_fp32/W_Q/gU0_cuda_fp32": {
            "dtype": "torch.float32",
            "raw_sha256": "2f15b69f35aefb87a830178a42c62006cebd1dd6a79c240d67b7cb9fb32ae8ca",
            "shape": [
              256,
              256
            ]
          },
          "calibration_seed_20260930/cuda_fp32/W_Q/gU1_cuda_fp32": {
            "dtype": "torch.float32",
            "raw_sha256": "ca7555b228ddedf6e40a2e8fe1ffd462f3d358f2e009acdbc67c73831d74393c",
            "shape": [
              256,
              256
            ]
          },
          "calibration_seed_20260930/cuda_fp32/W_Q/gU2_cuda_fp32": {
            "dtype": "torch.float32",
            "raw_sha256": "895d0a5b4e74c603b33b72c82dc6e5111e7ab0d9552074f2237329b5b41d57f2",
            "shape": [
              256,
              256
            ]
          },
          "calibration_seed_20260930/cuda_fp32/W_Q/gU3_cuda_fp32": {
            "dtype": "torch.float32",
            "raw_sha256": "806897b0a576d7ee98c89ef48d91791ed43a1bb958cc2c5d711191efd7927627",
            "shape": [
              256,
              256
            ]
          },
          "calibration_seed_20260930/cuda_fp32/W_V/S64_primary_cuda": {
            "dtype": "torch.float64",
            "raw_sha256": "f946ffd96798131229ed6d7bad7ccbd8a93f192e64fda1bbc509987ac5512e2a",
            "shape": [
              256,
              256
            ]
          },
          "calibration_seed_20260930/cuda_fp32/W_V/S_forward_cuda": {
            "dtype": "torch.float32",
            "raw_sha256": "a0f8ab8cc1e0ba2f165e8b468f15ddc3f6d08c739cf37fce2b746b327cd8f865",
            "shape": [
              256,
              256
            ]
          },
          "calibration_seed_20260930/cuda_fp32/W_V/S_pairwise_cuda": {
            "dtype": "torch.float32",
            "raw_sha256": "234a90744787a275204beb8ce1377adc732b72f466532aae39f71f316c1ff32e",
            "shape": [
              256,
              256
            ]
          },
          "calibration_seed_20260930/cuda_fp32/W_V/S_reverse_cuda": {
            "dtype": "torch.float32",
            "raw_sha256": "cbe07b553de41b6add0366c78c1e0b3146691c8c343943df8da874c7a15d122a",
            "shape": [
              256,
              256
            ]
          },
          "calibration_seed_20260930/cuda_fp32/W_V/S_stack_cuda": {
            "dtype": "torch.float32",
            "raw_sha256": "06df56694931e7c5d12ca10f4716b184dd372c4b49a87f60d6692b3c286281ec",
            "shape": [
              256,
              256
            ]
          },
          "calibration_seed_20260930/cuda_fp32/W_V/gR64_primary_cuda": {
            "dtype": "torch.float64",
            "raw_sha256": "630e0f40edc6b0be4dba816c98122309e7f3c509b37578a8c1f88482d4e322aa",
            "shape": [
              256,
              256
            ]
          },
          "calibration_seed_20260930/cuda_fp32/W_V/gR_cuda_fp32": {
            "dtype": "torch.float32",
            "raw_sha256": "d059d253947a8647e104df767f732ca7188b6ee504e0914c794fdfbaaf76bea7",
            "shape": [
              256,
              256
            ]
          },
          "calibration_seed_20260930/cuda_fp32/W_V/gU0_cuda_fp32": {
            "dtype": "torch.float32",
            "raw_sha256": "929eae64fefa9665fd30e363b930e36cafc2b92873bff7abff722bece6e300ef",
            "shape": [
              256,
              256
            ]
          },
          "calibration_seed_20260930/cuda_fp32/W_V/gU1_cuda_fp32": {
            "dtype": "torch.float32",
            "raw_sha256": "c08947d3d291c73cf0ba8539e7c7b12bcaeccb09688a00055b50c2dbcb96f770",
            "shape": [
              256,
              256
            ]
          },
          "calibration_seed_20260930/cuda_fp32/W_V/gU2_cuda_fp32": {
            "dtype": "torch.float32",
            "raw_sha256": "7e87bf688a70c8c5d1dec75b4af24fdda0a54b5050fa646cae00fcdd10c5c46f",
            "shape": [
              256,
              256
            ]
          },
          "calibration_seed_20260930/cuda_fp32/W_V/gU3_cuda_fp32": {
            "dtype": "torch.float32",
            "raw_sha256": "b60bc715c82940b38fff9dcd7a60eff4d93c481d128a6099e18f08b409cefe16",
            "shape": [
              256,
              256
            ]
          },
          "calibration_seed_20260930/cuda_fp32/W_down/S64_primary_cuda": {
            "dtype": "torch.float64",
            "raw_sha256": "68095387daaeedb2d74074115f8970e00dd71f395b185c9e78e58fa684641eef",
            "shape": [
              256,
              1024
            ]
          },
          "calibration_seed_20260930/cuda_fp32/W_down/S_forward_cuda": {
            "dtype": "torch.float32",
            "raw_sha256": "fac891e9c7b3de9ab18e7b64f1baee8ea4a0f938dd4f283b2438b6fe93afbfbe",
            "shape": [
              256,
              1024
            ]
          },
          "calibration_seed_20260930/cuda_fp32/W_down/S_pairwise_cuda": {
            "dtype": "torch.float32",
            "raw_sha256": "1c88ce92120eb849347a2be992f17c0a7550ed8eaa1e4b68ac9471f7613680da",
            "shape": [
              256,
              1024
            ]
          },
          "calibration_seed_20260930/cuda_fp32/W_down/S_reverse_cuda": {
            "dtype": "torch.float32",
            "raw_sha256": "e4394c2369649d269245fddf8fb48de15bf96bbb545c7aae4bb21ff61263d029",
            "shape": [
              256,
              1024
            ]
          },
          "calibration_seed_20260930/cuda_fp32/W_down/S_stack_cuda": {
            "dtype": "torch.float32",
            "raw_sha256": "c357e1f7b5f93aed5d37c21fe5f47e89d1ed142e8800d3cf279467fae5e52dc6",
            "shape": [
              256,
              1024
            ]
          },
          "calibration_seed_20260930/cuda_fp32/W_down/gR64_primary_cuda": {
            "dtype": "torch.float64",
            "raw_sha256": "b9d349fb07f0146b0924d19d431cd2e3fd4914e8df5b6c3d4d4bd64ed04f953c",
            "shape": [
              256,
              1024
            ]
          },
          "calibration_seed_20260930/cuda_fp32/W_down/gR_cuda_fp32": {
            "dtype": "torch.float32",
            "raw_sha256": "2392375afd841d334834cf046eb298031dcb1e78c393413dcc01acfcf76fe12b",
            "shape": [
              256,
              1024
            ]
          },
          "calibration_seed_20260930/cuda_fp32/W_down/gU0_cuda_fp32": {
            "dtype": "torch.float32",
            "raw_sha256": "08086d876a4c15ae34abe70524f317e6f33282ba02a8c009131f2924ca68e9ec",
            "shape": [
              256,
              1024
            ]
          },
          "calibration_seed_20260930/cuda_fp32/W_down/gU1_cuda_fp32": {
            "dtype": "torch.float32",
            "raw_sha256": "04cad6db9cc4adaa93fd3337d43e3795c9d191ee719a459668c3d22a2465ffdb",
            "shape": [
              256,
              1024
            ]
          },
          "calibration_seed_20260930/cuda_fp32/W_down/gU2_cuda_fp32": {
            "dtype": "torch.float32",
            "raw_sha256": "5d9b1dc6e5fa7934ec756dc695532f4610d58c8959efa190eac83c2b490f085e",
            "shape": [
              256,
              1024
            ]
          },
          "calibration_seed_20260930/cuda_fp32/W_down/gU3_cuda_fp32": {
            "dtype": "torch.float32",
            "raw_sha256": "f350a3f692be2d3aa65f10c5e174cb0cedf998d7fc057e04f972dcd350813000",
            "shape": [
              256,
              1024
            ]
          },
          "calibration_seed_20260930/cuda_fp32/W_gate/S64_primary_cuda": {
            "dtype": "torch.float64",
            "raw_sha256": "b2bb3ee4556964861e21a3a526d3d41f482ade48832e5877bd763e1671eb9783",
            "shape": [
              1024,
              256
            ]
          },
          "calibration_seed_20260930/cuda_fp32/W_gate/S_forward_cuda": {
            "dtype": "torch.float32",
            "raw_sha256": "a3c19d93962440e73de32c27a51700f459ee726840fd2f7a9ecbb7ecdf9fcd7f",
            "shape": [
              1024,
              256
            ]
          },
          "calibration_seed_20260930/cuda_fp32/W_gate/S_pairwise_cuda": {
            "dtype": "torch.float32",
            "raw_sha256": "33aabe34bf50b4c58eb3414271f2e1ace765d7843fc73df9cf4a7d00c2238eb4",
            "shape": [
              1024,
              256
            ]
          },
          "calibration_seed_20260930/cuda_fp32/W_gate/S_reverse_cuda": {
            "dtype": "torch.float32",
            "raw_sha256": "fa55b103ff28455d4a0c37415631adc6a4dd40667a7e711639d1a0f5fe6d20ee",
            "shape": [
              1024,
              256
            ]
          },
          "calibration_seed_20260930/cuda_fp32/W_gate/S_stack_cuda": {
            "dtype": "torch.float32",
            "raw_sha256": "baacdad3a53eb6f47614389c6ab6452acbca0d8091c0d5f65eaffeaa3fdd5c40",
            "shape": [
              1024,
              256
            ]
          },
          "calibration_seed_20260930/cuda_fp32/W_gate/gR64_primary_cuda": {
            "dtype": "torch.float64",
            "raw_sha256": "fd630b6967c34adfea52dc6fd4b0f58c5efc96bb9092d53160da3ac661a64aea",
            "shape": [
              1024,
              256
            ]
          },
          "calibration_seed_20260930/cuda_fp32/W_gate/gR_cuda_fp32": {
            "dtype": "torch.float32",
            "raw_sha256": "f6734000febdde192cddcd3242579b8c3270b4eb28432cefcdc0141281067ee8",
            "shape": [
              1024,
              256
            ]
          },
          "calibration_seed_20260930/cuda_fp32/W_gate/gU0_cuda_fp32": {
            "dtype": "torch.float32",
            "raw_sha256": "eb01c3689fd7d7dcbac0f502dc5dbe160b88fb6b36748e0b72df98952502662f",
            "shape": [
              1024,
              256
            ]
          },
          "calibration_seed_20260930/cuda_fp32/W_gate/gU1_cuda_fp32": {
            "dtype": "torch.float32",
            "raw_sha256": "7eff92a32e14d28545e0b35a7c1961682c54f219af8a3c1fbfd7b44fa08bb3e6",
            "shape": [
              1024,
              256
            ]
          },
          "calibration_seed_20260930/cuda_fp32/W_gate/gU2_cuda_fp32": {
            "dtype": "torch.float32",
            "raw_sha256": "fd47fbf293e717bbf58e6199855d769921297aeb29c3e20af291184b235d8744",
            "shape": [
              1024,
              256
            ]
          },
          "calibration_seed_20260930/cuda_fp32/W_gate/gU3_cuda_fp32": {
            "dtype": "torch.float32",
            "raw_sha256": "4bb530fdf967186a0754293fdc674862f727e261cb8e06ca062366fa32dc52fa",
            "shape": [
              1024,
              256
            ]
          },
          "calibration_seed_20260930/cuda_fp32/W_up/S64_primary_cuda": {
            "dtype": "torch.float64",
            "raw_sha256": "b06fe82be49b4b8561045f9e7945753a76497b3b73c1b89923a113ebc38b98d1",
            "shape": [
              1024,
              256
            ]
          },
          "calibration_seed_20260930/cuda_fp32/W_up/S_forward_cuda": {
            "dtype": "torch.float32",
            "raw_sha256": "945c94e47e919756fe039362d1755c933a52a65ffd5e53f5656ad46677063da6",
            "shape": [
              1024,
              256
            ]
          },
          "calibration_seed_20260930/cuda_fp32/W_up/S_pairwise_cuda": {
            "dtype": "torch.float32",
            "raw_sha256": "44ae6c9daf26b8f21ad04d4450cfd0ad78b6027736b7f790976f3e4168627046",
            "shape": [
              1024,
              256
            ]
          },
          "calibration_seed_20260930/cuda_fp32/W_up/S_reverse_cuda": {
            "dtype": "torch.float32",
            "raw_sha256": "2f30fbbcce15d5cc43371d33bd67ac19aa57c2e3269f3b9b0bf7ba3dbf09f77c",
            "shape": [
              1024,
              256
            ]
          },
          "calibration_seed_20260930/cuda_fp32/W_up/S_stack_cuda": {
            "dtype": "torch.float32",
            "raw_sha256": "e31a27a30e08da3fcc175dfc82c4139b470ed83e183892b830449c54c0a39a64",
            "shape": [
              1024,
              256
            ]
          },
          "calibration_seed_20260930/cuda_fp32/W_up/gR64_primary_cuda": {
            "dtype": "torch.float64",
            "raw_sha256": "6199cb3f42578e9216cc35f1aefd802ebf93ba53e9f2322b23d2074632acb755",
            "shape": [
              1024,
              256
            ]
          },
          "calibration_seed_20260930/cuda_fp32/W_up/gR_cuda_fp32": {
            "dtype": "torch.float32",
            "raw_sha256": "1b8fd2be67bec08ba00e01620f4a64b8a47d047510d9951a4c7f4d87c136963b",
            "shape": [
              1024,
              256
            ]
          },
          "calibration_seed_20260930/cuda_fp32/W_up/gU0_cuda_fp32": {
            "dtype": "torch.float32",
            "raw_sha256": "33e2ec0d97c29514c10b7c7a37562a871f3480f627378a048aade5e56544a521",
            "shape": [
              1024,
              256
            ]
          },
          "calibration_seed_20260930/cuda_fp32/W_up/gU1_cuda_fp32": {
            "dtype": "torch.float32",
            "raw_sha256": "96a6e835e4a9f8e4adac397df8c78d2a14fc55e727905791c2e0d50565b42194",
            "shape": [
              1024,
              256
            ]
          },
          "calibration_seed_20260930/cuda_fp32/W_up/gU2_cuda_fp32": {
            "dtype": "torch.float32",
            "raw_sha256": "4455855829a70f19f56d8c338ebf12e605421197caf605b8c1d6d1ca460e74a7",
            "shape": [
              1024,
              256
            ]
          },
          "calibration_seed_20260930/cuda_fp32/W_up/gU3_cuda_fp32": {
            "dtype": "torch.float32",
            "raw_sha256": "b0fde0cc3e83396d50c8fe3d1d25ecb6d384d1cd5865396fd26b3233a0b934aa",
            "shape": [
              1024,
              256
            ]
          },
          "calibration_seed_20260930/inputs/w_fp32_cpu": {
            "dtype": "torch.float32",
            "raw_sha256": "d3581273f02523cf0842cdb37d022c66362d3707128d3f0d4396a19c06c4c890",
            "shape": [
              8,
              8,
              256
            ]
          },
          "calibration_seed_20260930/inputs/x_fp32_cpu": {
            "dtype": "torch.float32",
            "raw_sha256": "bf0d877c606aa56bfac7264a114311bb5d4ce19d8b8fa31fa15f2531ac3ce5b8",
            "shape": [
              8,
              8,
              256
            ]
          },
          "calibration_seed_20260930/structural_traces/R4/round_1": {
            "dtype": "torch.float32",
            "raw_sha256": "c7e046ec53b28ba6a031bfee4d20a95a8bd9586764cfe597ca8d444aa65ebdde",
            "shape": [
              8,
              8,
              256
            ]
          },
          "calibration_seed_20260930/structural_traces/R4/round_2": {
            "dtype": "torch.float32",
            "raw_sha256": "a16f9d20a6b664d05170d34e46f34bae3826c000490b20a42ebc0e76585b07b6",
            "shape": [
              8,
              8,
              256
            ]
          },
          "calibration_seed_20260930/structural_traces/R4/round_3": {
            "dtype": "torch.float32",
            "raw_sha256": "4ed3210868ae126a53c11ad5a5e2a722e6284d538b9f6ced6a8067785dfd80ac",
            "shape": [
              8,
              8,
              256
            ]
          },
          "calibration_seed_20260930/structural_traces/R4/round_4": {
            "dtype": "torch.float32",
            "raw_sha256": "9b84402aefa32502f20980fe73b588cd3b52158d3d12d2aa91d609123f3abef5",
            "shape": [
              8,
              8,
              256
            ]
          },
          "calibration_seed_20260930/structural_traces/R4_final": {
            "dtype": "torch.float32",
            "raw_sha256": "2f3cf0350a4fff57e843298eab3c3cdd7ca0da9f28a016b5e544df59667b7542",
            "shape": [
              8,
              8,
              256
            ]
          },
          "calibration_seed_20260930/structural_traces/U4/round_1": {
            "dtype": "torch.float32",
            "raw_sha256": "b2f55dd195e7650a500ec705d855cb231872e0a160e23bf67ae4673ef07d541b",
            "shape": [
              8,
              8,
              256
            ]
          },
          "calibration_seed_20260930/structural_traces/U4/round_2": {
            "dtype": "torch.float32",
            "raw_sha256": "1810d6d5d988083aa0ca64868888e537ef693cd076b7c14f1a611393d7c3b765",
            "shape": [
              8,
              8,
              256
            ]
          },
          "calibration_seed_20260930/structural_traces/U4/round_3": {
            "dtype": "torch.float32",
            "raw_sha256": "2585a75846fd33f4f196501b157c21e6f2643044024027cee6c19b92c94944f1",
            "shape": [
              8,
              8,
              256
            ]
          },
          "calibration_seed_20260930/structural_traces/U4/round_4": {
            "dtype": "torch.float32",
            "raw_sha256": "41063336089840aa550b9270fcb8b19e2c3650648c06ec8088fc122594ce1b2e",
            "shape": [
              8,
              8,
              256
            ]
          },
          "calibration_seed_20260930/structural_traces/U4_final": {
            "dtype": "torch.float32",
            "raw_sha256": "d091fa1abdbe49dd10e9f5723a84f1883ea7399c205c173e3c16fff44c53dc0b",
            "shape": [
              8,
              8,
              256
            ]
          }
        },
        "tensor_raw_sha256": {
          "calibration_seed_20260930/cpu_fp64_oracle/W_K/S64_cpu": "c2dbb1d9632423aa0a9fd9488a622f87546b213b3f257dced81e429a01eac597",
          "calibration_seed_20260930/cpu_fp64_oracle/W_K/gR64_cpu": "3a4265f36818ac10c8ef55984b56ef14825559998bae17d651c3869e62fe3530",
          "calibration_seed_20260930/cpu_fp64_oracle/W_K/gU0_64_cpu": "255f4e5016fa7471591ee365334dfae32ad20476422a193d5ace29de0b3b08b5",
          "calibration_seed_20260930/cpu_fp64_oracle/W_K/gU1_64_cpu": "3ed43fed338027bf9a71b7064a7355451c51af4e8039b1c3ac103df95045d25c",
          "calibration_seed_20260930/cpu_fp64_oracle/W_K/gU2_64_cpu": "0d92d5d701a44c9aa0aed94f402449cfa58e969a1f95357482a25994c10d1e56",
          "calibration_seed_20260930/cpu_fp64_oracle/W_K/gU3_64_cpu": "cf144f1fe98ee685d30b9517edd676945806eee4bc17337a3425d5c162eadc8c",
          "calibration_seed_20260930/cpu_fp64_oracle/W_O/S64_cpu": "e75e8bf9a05dcf6600fd849b5f7e09c6341382b7af2cec4d00b5689c8cf75085",
          "calibration_seed_20260930/cpu_fp64_oracle/W_O/gR64_cpu": "582e6b2bfb1f5c9808e89fe3ec475f644533dbaa63159195b88c0ee363f70a77",
          "calibration_seed_20260930/cpu_fp64_oracle/W_O/gU0_64_cpu": "e38304d3edb7ad2c9396f0f7e43ccd72461e17ce54a5fe0cb4b6f605b3645f39",
          "calibration_seed_20260930/cpu_fp64_oracle/W_O/gU1_64_cpu": "08e99ae3f3d17b77ed09276b849d73bc70d776cbb2a765aa010fea195aa1fc2a",
          "calibration_seed_20260930/cpu_fp64_oracle/W_O/gU2_64_cpu": "78b47490d9635fde0f0eb97edb8737a88ce4c8fcd69a1f7f1e25334816eb1175",
          "calibration_seed_20260930/cpu_fp64_oracle/W_O/gU3_64_cpu": "ca495b1845471351cd8122e6a606984fbdefb1c859eb7bf4beb42ad601e95743",
          "calibration_seed_20260930/cpu_fp64_oracle/W_Q/S64_cpu": "db412f30077be165bd1135b7725a27c7dac75e67296c209b82bd26ed69663803",
          "calibration_seed_20260930/cpu_fp64_oracle/W_Q/gR64_cpu": "b5350aab3534309729e4415ecfa747c1f3a9cd6be78d9bce0909e7c25adac836",
          "calibration_seed_20260930/cpu_fp64_oracle/W_Q/gU0_64_cpu": "b4eaebfa9211dbc80ce431f49a614c3dd40f18c8109bdc889ed249a9ac5d2837",
          "calibration_seed_20260930/cpu_fp64_oracle/W_Q/gU1_64_cpu": "2794ba4f2fa59274c90512f13d070d5ad9de7f8e78da110ab76c390a92d70ae3",
          "calibration_seed_20260930/cpu_fp64_oracle/W_Q/gU2_64_cpu": "250c843b02d49de555afcd47d59da4a2778ca6c137f892545613e6e60f1956f7",
          "calibration_seed_20260930/cpu_fp64_oracle/W_Q/gU3_64_cpu": "526155e2b097a6c9e773eb559b8cef4a0e01fdc6220cc689c175538a2023cebc",
          "calibration_seed_20260930/cpu_fp64_oracle/W_V/S64_cpu": "c159b3a12853603d1f54b56e081b981f3d2c196e6e542696609786c56c5acb57",
          "calibration_seed_20260930/cpu_fp64_oracle/W_V/gR64_cpu": "88e38db68fb2737a2d0ff61cc4102e3c89747fd686126865fcc8416aa2f53cd3",
          "calibration_seed_20260930/cpu_fp64_oracle/W_V/gU0_64_cpu": "cfa320c80d8fea91473084825672932c559b1bbf76a6f164966afe2427ffc702",
          "calibration_seed_20260930/cpu_fp64_oracle/W_V/gU1_64_cpu": "41adaa9de55a7006efba6f54d84f22be2c2afbb0c3d6e8d7551d492bdc5273b7",
          "calibration_seed_20260930/cpu_fp64_oracle/W_V/gU2_64_cpu": "5f01016d53b2bf29269c70ea36a35d5feb28110b3283f4e49b190785179566f4",
          "calibration_seed_20260930/cpu_fp64_oracle/W_V/gU3_64_cpu": "d397165c6056bdcd88d8e2de6dff2aecda2af5924396be11700dc8fac4a03bea",
          "calibration_seed_20260930/cpu_fp64_oracle/W_down/S64_cpu": "9898840ca49dd40362421ab1328debbd1671ae78c3237afa410b428e6995b26f",
          "calibration_seed_20260930/cpu_fp64_oracle/W_down/gR64_cpu": "cdc37fa96383d00d353f59f40655b7815ebc1ace49eec2adb317b26ec95f5873",
          "calibration_seed_20260930/cpu_fp64_oracle/W_down/gU0_64_cpu": "972129f92854968693fc665838fd56d00250b229394d2f26770238231632bc7c",
          "calibration_seed_20260930/cpu_fp64_oracle/W_down/gU1_64_cpu": "159aab6c13d5f5eefe3f62213d65fb3c0675ac15054d71586ee9855102fd3005",
          "calibration_seed_20260930/cpu_fp64_oracle/W_down/gU2_64_cpu": "6da564b61ab964d02137448240b3272b6aa464079c0ea419b174b03adc6e254b",
          "calibration_seed_20260930/cpu_fp64_oracle/W_down/gU3_64_cpu": "91a832d56eaf33b4841cc9dfd26401a9fb530d0c06c8625387deb3ff1d35911f",
          "calibration_seed_20260930/cpu_fp64_oracle/W_gate/S64_cpu": "5e4c2dce1650bd25ee060c358d756215469e91d40657e381c87af5f3d7abef48",
          "calibration_seed_20260930/cpu_fp64_oracle/W_gate/gR64_cpu": "8f726d05d6332911af24a0c8f1a30a97cd8867e50f00f1ef5c575b49e8b5de65",
          "calibration_seed_20260930/cpu_fp64_oracle/W_gate/gU0_64_cpu": "af327e3d636083ffc9fe17e88240585de051086690cc2710d8feb65a4d301598",
          "calibration_seed_20260930/cpu_fp64_oracle/W_gate/gU1_64_cpu": "10d6c79890758b2f6479c779090a97488fc41390c1304f6e545a99ddce5f31c9",
          "calibration_seed_20260930/cpu_fp64_oracle/W_gate/gU2_64_cpu": "8ffc811e79ad88f4b71fcdbd8b5035d514841f79e50c5fd4655e184ba7957ab9",
          "calibration_seed_20260930/cpu_fp64_oracle/W_gate/gU3_64_cpu": "b403a1a1e821656a278f099d6cdbe8aea88711a1090343e54bd1bd3c954c8b54",
          "calibration_seed_20260930/cpu_fp64_oracle/W_up/S64_cpu": "21ac3750400a3e4d30a8522b4b8933c4fa5b1a694cdf6724a232340d64fb6555",
          "calibration_seed_20260930/cpu_fp64_oracle/W_up/gR64_cpu": "fced52374e7960b41304db37d24d534f7c1aad6ac8bc1c57f68dbd4913dc692e",
          "calibration_seed_20260930/cpu_fp64_oracle/W_up/gU0_64_cpu": "8a77aed4ee9bb9b62e86e2b9d2556884b2e72be8908876efb537222eae9ed15f",
          "calibration_seed_20260930/cpu_fp64_oracle/W_up/gU1_64_cpu": "d167fee38494eaa1a534a273b7f12f47ebc10c5508900f67276c2150c890326d",
          "calibration_seed_20260930/cpu_fp64_oracle/W_up/gU2_64_cpu": "7a78b49051ce10f0b3fc0af7cb67365a2f768cfa8e9fca82fa936eb0b0fafee3",
          "calibration_seed_20260930/cpu_fp64_oracle/W_up/gU3_64_cpu": "9b0654655a2496586654322da345ccb93a399c85f2a5a3fd5fbe9c9338b64cf2",
          "calibration_seed_20260930/cuda_fp32/W_K/S64_primary_cuda": "dbf76a1604e7a9fb638b1c8268f708dc68bd06e7128e6474e5c03b48cce9503a",
          "calibration_seed_20260930/cuda_fp32/W_K/S_forward_cuda": "9b541e2e1d7fae3ae8cbb6542d2562211f25f733ad0210cdf168f1013112cf46",
          "calibration_seed_20260930/cuda_fp32/W_K/S_pairwise_cuda": "bcbb8760d26c46eb4af6903dda95b2dc4a2ff15e8e2ff9ddf73eec7e0a5be48a",
          "calibration_seed_20260930/cuda_fp32/W_K/S_reverse_cuda": "4a3b1f4149618a1a6ab918eae4f9f59a21eb42a192930d49dc05d5b620ef519f",
          "calibration_seed_20260930/cuda_fp32/W_K/S_stack_cuda": "6bb47cb0af339cc2c2478c8084072a8cf661c968c8012d011c1e75be66ce52f9",
          "calibration_seed_20260930/cuda_fp32/W_K/gR64_primary_cuda": "25a7e1874c1e8e75984c6e2efef7da73b91f0be542a3271ce6bd117f444d6b68",
          "calibration_seed_20260930/cuda_fp32/W_K/gR_cuda_fp32": "05e3cffa336140f2b4f0b67d808e74db4ce38a9772c1cac1461dd3c1af47446d",
          "calibration_seed_20260930/cuda_fp32/W_K/gU0_cuda_fp32": "c6629463256cdd7174b55b89b2bba5404e3a78f8d4f7572a2893f3a9c15e6dbf",
          "calibration_seed_20260930/cuda_fp32/W_K/gU1_cuda_fp32": "9e1ab9dd2b1aeff57dc5389f85f97bfafc127264baa5f9f556dbf6d3bc50e3e1",
          "calibration_seed_20260930/cuda_fp32/W_K/gU2_cuda_fp32": "0e6301b1040a1d7f690c8e5b11601387dfdab61361e61c3c9d34ee3485b4b2ee",
          "calibration_seed_20260930/cuda_fp32/W_K/gU3_cuda_fp32": "60df9cf7a25450e3a7fdf35750bdd09a927e79b6c6540b502940fbd1c62de135",
          "calibration_seed_20260930/cuda_fp32/W_O/S64_primary_cuda": "8d1b3b7498ee1431c7819cfd619303a71fd2661acddf4252c89dee6d548eaeff",
          "calibration_seed_20260930/cuda_fp32/W_O/S_forward_cuda": "3d53d85b05b1b25bb64c4594738e6b1290201c1d2d1fd2efdeff190d495b69a8",
          "calibration_seed_20260930/cuda_fp32/W_O/S_pairwise_cuda": "b549a0ccf2c4b79aebd89a31133b569f16788e0fb1e233cddcdf7dfadf30edcc",
          "calibration_seed_20260930/cuda_fp32/W_O/S_reverse_cuda": "13348ea4f5e5a80fa3b667a22db61a60820955a040374b2e6860b2fbe10f3753",
          "calibration_seed_20260930/cuda_fp32/W_O/S_stack_cuda": "39b42b085f06b4699c7e85745e5845d0992c31ee920b52d6e5f8301645bf96b6",
          "calibration_seed_20260930/cuda_fp32/W_O/gR64_primary_cuda": "39dfc0b09186baa2bbe3440b87ddf02c4d593daff052734cb3d125b5460ae5aa",
          "calibration_seed_20260930/cuda_fp32/W_O/gR_cuda_fp32": "5c8910a4999756f39d2446147ae54a594548cf328785a1f3d43692c9222456db",
          "calibration_seed_20260930/cuda_fp32/W_O/gU0_cuda_fp32": "b2b3c9489280989cda89e808dbbb34251afab2c7a8bb0aa2cb52ffb392d910d8",
          "calibration_seed_20260930/cuda_fp32/W_O/gU1_cuda_fp32": "02fb5744ceb3ffd20a704c903b3a6c4b6bd813309c1eeba6e6fcfe99730be03a",
          "calibration_seed_20260930/cuda_fp32/W_O/gU2_cuda_fp32": "585967f2cfbf17c83123fade37d0a5eba725ec4c8592bea0f886a189b0d4b027",
          "calibration_seed_20260930/cuda_fp32/W_O/gU3_cuda_fp32": "5285d9b24f199c64ec403ac8dd558c4ce2d0b0c8fe4bad3775ae6c2267fe5053",
          "calibration_seed_20260930/cuda_fp32/W_Q/S64_primary_cuda": "5d03d1b02f0a69b67bb27d0558d87831f00349018117f698b2122b81374719f8",
          "calibration_seed_20260930/cuda_fp32/W_Q/S_forward_cuda": "83b5749adf695f54adf2d2bf602a8ecf3e67ab83e77450f6523403cd608537bc",
          "calibration_seed_20260930/cuda_fp32/W_Q/S_pairwise_cuda": "439d22a499cf21a111bd66ee700e98286397a85d967776c360725ba06e2ff022",
          "calibration_seed_20260930/cuda_fp32/W_Q/S_reverse_cuda": "1fac70c7cec94d3d516d7d7061a35f603d4e6de52a2efbbaf5411c16cd8f1d56",
          "calibration_seed_20260930/cuda_fp32/W_Q/S_stack_cuda": "1a9566f79baff9266d12d4594feb0fbcda8cbc1530b32e87f128a46017cc222c",
          "calibration_seed_20260930/cuda_fp32/W_Q/gR64_primary_cuda": "a2b02e811d18c81d0f8fc83b47396815f4adf74d39161d4b28fdc946532e9b0a",
          "calibration_seed_20260930/cuda_fp32/W_Q/gR_cuda_fp32": "63f9449d7a07297a5474495f1707119ef452792ed61f785ec0b8526f94a8a822",
          "calibration_seed_20260930/cuda_fp32/W_Q/gU0_cuda_fp32": "2f15b69f35aefb87a830178a42c62006cebd1dd6a79c240d67b7cb9fb32ae8ca",
          "calibration_seed_20260930/cuda_fp32/W_Q/gU1_cuda_fp32": "ca7555b228ddedf6e40a2e8fe1ffd462f3d358f2e009acdbc67c73831d74393c",
          "calibration_seed_20260930/cuda_fp32/W_Q/gU2_cuda_fp32": "895d0a5b4e74c603b33b72c82dc6e5111e7ab0d9552074f2237329b5b41d57f2",
          "calibration_seed_20260930/cuda_fp32/W_Q/gU3_cuda_fp32": "806897b0a576d7ee98c89ef48d91791ed43a1bb958cc2c5d711191efd7927627",
          "calibration_seed_20260930/cuda_fp32/W_V/S64_primary_cuda": "f946ffd96798131229ed6d7bad7ccbd8a93f192e64fda1bbc509987ac5512e2a",
          "calibration_seed_20260930/cuda_fp32/W_V/S_forward_cuda": "a0f8ab8cc1e0ba2f165e8b468f15ddc3f6d08c739cf37fce2b746b327cd8f865",
          "calibration_seed_20260930/cuda_fp32/W_V/S_pairwise_cuda": "234a90744787a275204beb8ce1377adc732b72f466532aae39f71f316c1ff32e",
          "calibration_seed_20260930/cuda_fp32/W_V/S_reverse_cuda": "cbe07b553de41b6add0366c78c1e0b3146691c8c343943df8da874c7a15d122a",
          "calibration_seed_20260930/cuda_fp32/W_V/S_stack_cuda": "06df56694931e7c5d12ca10f4716b184dd372c4b49a87f60d6692b3c286281ec",
          "calibration_seed_20260930/cuda_fp32/W_V/gR64_primary_cuda": "630e0f40edc6b0be4dba816c98122309e7f3c509b37578a8c1f88482d4e322aa",
          "calibration_seed_20260930/cuda_fp32/W_V/gR_cuda_fp32": "d059d253947a8647e104df767f732ca7188b6ee504e0914c794fdfbaaf76bea7",
          "calibration_seed_20260930/cuda_fp32/W_V/gU0_cuda_fp32": "929eae64fefa9665fd30e363b930e36cafc2b92873bff7abff722bece6e300ef",
          "calibration_seed_20260930/cuda_fp32/W_V/gU1_cuda_fp32": "c08947d3d291c73cf0ba8539e7c7b12bcaeccb09688a00055b50c2dbcb96f770",
          "calibration_seed_20260930/cuda_fp32/W_V/gU2_cuda_fp32": "7e87bf688a70c8c5d1dec75b4af24fdda0a54b5050fa646cae00fcdd10c5c46f",
          "calibration_seed_20260930/cuda_fp32/W_V/gU3_cuda_fp32": "b60bc715c82940b38fff9dcd7a60eff4d93c481d128a6099e18f08b409cefe16",
          "calibration_seed_20260930/cuda_fp32/W_down/S64_primary_cuda": "68095387daaeedb2d74074115f8970e00dd71f395b185c9e78e58fa684641eef",
          "calibration_seed_20260930/cuda_fp32/W_down/S_forward_cuda": "fac891e9c7b3de9ab18e7b64f1baee8ea4a0f938dd4f283b2438b6fe93afbfbe",
          "calibration_seed_20260930/cuda_fp32/W_down/S_pairwise_cuda": "1c88ce92120eb849347a2be992f17c0a7550ed8eaa1e4b68ac9471f7613680da",
          "calibration_seed_20260930/cuda_fp32/W_down/S_reverse_cuda": "e4394c2369649d269245fddf8fb48de15bf96bbb545c7aae4bb21ff61263d029",
          "calibration_seed_20260930/cuda_fp32/W_down/S_stack_cuda": "c357e1f7b5f93aed5d37c21fe5f47e89d1ed142e8800d3cf279467fae5e52dc6",
          "calibration_seed_20260930/cuda_fp32/W_down/gR64_primary_cuda": "b9d349fb07f0146b0924d19d431cd2e3fd4914e8df5b6c3d4d4bd64ed04f953c",
          "calibration_seed_20260930/cuda_fp32/W_down/gR_cuda_fp32": "2392375afd841d334834cf046eb298031dcb1e78c393413dcc01acfcf76fe12b",
          "calibration_seed_20260930/cuda_fp32/W_down/gU0_cuda_fp32": "08086d876a4c15ae34abe70524f317e6f33282ba02a8c009131f2924ca68e9ec",
          "calibration_seed_20260930/cuda_fp32/W_down/gU1_cuda_fp32": "04cad6db9cc4adaa93fd3337d43e3795c9d191ee719a459668c3d22a2465ffdb",
          "calibration_seed_20260930/cuda_fp32/W_down/gU2_cuda_fp32": "5d9b1dc6e5fa7934ec756dc695532f4610d58c8959efa190eac83c2b490f085e",
          "calibration_seed_20260930/cuda_fp32/W_down/gU3_cuda_fp32": "f350a3f692be2d3aa65f10c5e174cb0cedf998d7fc057e04f972dcd350813000",
          "calibration_seed_20260930/cuda_fp32/W_gate/S64_primary_cuda": "b2bb3ee4556964861e21a3a526d3d41f482ade48832e5877bd763e1671eb9783",
          "calibration_seed_20260930/cuda_fp32/W_gate/S_forward_cuda": "a3c19d93962440e73de32c27a51700f459ee726840fd2f7a9ecbb7ecdf9fcd7f",
          "calibration_seed_20260930/cuda_fp32/W_gate/S_pairwise_cuda": "33aabe34bf50b4c58eb3414271f2e1ace765d7843fc73df9cf4a7d00c2238eb4",
          "calibration_seed_20260930/cuda_fp32/W_gate/S_reverse_cuda": "fa55b103ff28455d4a0c37415631adc6a4dd40667a7e711639d1a0f5fe6d20ee",
          "calibration_seed_20260930/cuda_fp32/W_gate/S_stack_cuda": "baacdad3a53eb6f47614389c6ab6452acbca0d8091c0d5f65eaffeaa3fdd5c40",
          "calibration_seed_20260930/cuda_fp32/W_gate/gR64_primary_cuda": "fd630b6967c34adfea52dc6fd4b0f58c5efc96bb9092d53160da3ac661a64aea",
          "calibration_seed_20260930/cuda_fp32/W_gate/gR_cuda_fp32": "f6734000febdde192cddcd3242579b8c3270b4eb28432cefcdc0141281067ee8",
          "calibration_seed_20260930/cuda_fp32/W_gate/gU0_cuda_fp32": "eb01c3689fd7d7dcbac0f502dc5dbe160b88fb6b36748e0b72df98952502662f",
          "calibration_seed_20260930/cuda_fp32/W_gate/gU1_cuda_fp32": "7eff92a32e14d28545e0b35a7c1961682c54f219af8a3c1fbfd7b44fa08bb3e6",
          "calibration_seed_20260930/cuda_fp32/W_gate/gU2_cuda_fp32": "fd47fbf293e717bbf58e6199855d769921297aeb29c3e20af291184b235d8744",
          "calibration_seed_20260930/cuda_fp32/W_gate/gU3_cuda_fp32": "4bb530fdf967186a0754293fdc674862f727e261cb8e06ca062366fa32dc52fa",
          "calibration_seed_20260930/cuda_fp32/W_up/S64_primary_cuda": "b06fe82be49b4b8561045f9e7945753a76497b3b73c1b89923a113ebc38b98d1",
          "calibration_seed_20260930/cuda_fp32/W_up/S_forward_cuda": "945c94e47e919756fe039362d1755c933a52a65ffd5e53f5656ad46677063da6",
          "calibration_seed_20260930/cuda_fp32/W_up/S_pairwise_cuda": "44ae6c9daf26b8f21ad04d4450cfd0ad78b6027736b7f790976f3e4168627046",
          "calibration_seed_20260930/cuda_fp32/W_up/S_reverse_cuda": "2f30fbbcce15d5cc43371d33bd67ac19aa57c2e3269f3b9b0bf7ba3dbf09f77c",
          "calibration_seed_20260930/cuda_fp32/W_up/S_stack_cuda": "e31a27a30e08da3fcc175dfc82c4139b470ed83e183892b830449c54c0a39a64",
          "calibration_seed_20260930/cuda_fp32/W_up/gR64_primary_cuda": "6199cb3f42578e9216cc35f1aefd802ebf93ba53e9f2322b23d2074632acb755",
          "calibration_seed_20260930/cuda_fp32/W_up/gR_cuda_fp32": "1b8fd2be67bec08ba00e01620f4a64b8a47d047510d9951a4c7f4d87c136963b",
          "calibration_seed_20260930/cuda_fp32/W_up/gU0_cuda_fp32": "33e2ec0d97c29514c10b7c7a37562a871f3480f627378a048aade5e56544a521",
          "calibration_seed_20260930/cuda_fp32/W_up/gU1_cuda_fp32": "96a6e835e4a9f8e4adac397df8c78d2a14fc55e727905791c2e0d50565b42194",
          "calibration_seed_20260930/cuda_fp32/W_up/gU2_cuda_fp32": "4455855829a70f19f56d8c338ebf12e605421197caf605b8c1d6d1ca460e74a7",
          "calibration_seed_20260930/cuda_fp32/W_up/gU3_cuda_fp32": "b0fde0cc3e83396d50c8fe3d1d25ecb6d384d1cd5865396fd26b3233a0b934aa",
          "calibration_seed_20260930/inputs/w_fp32_cpu": "d3581273f02523cf0842cdb37d022c66362d3707128d3f0d4396a19c06c4c890",
          "calibration_seed_20260930/inputs/x_fp32_cpu": "bf0d877c606aa56bfac7264a114311bb5d4ce19d8b8fa31fa15f2531ac3ce5b8",
          "calibration_seed_20260930/structural_traces/R4/round_1": "c7e046ec53b28ba6a031bfee4d20a95a8bd9586764cfe597ca8d444aa65ebdde",
          "calibration_seed_20260930/structural_traces/R4/round_2": "a16f9d20a6b664d05170d34e46f34bae3826c000490b20a42ebc0e76585b07b6",
          "calibration_seed_20260930/structural_traces/R4/round_3": "4ed3210868ae126a53c11ad5a5e2a722e6284d538b9f6ced6a8067785dfd80ac",
          "calibration_seed_20260930/structural_traces/R4/round_4": "9b84402aefa32502f20980fe73b588cd3b52158d3d12d2aa91d609123f3abef5",
          "calibration_seed_20260930/structural_traces/R4_final": "2f3cf0350a4fff57e843298eab3c3cdd7ca0da9f28a016b5e544df59667b7542",
          "calibration_seed_20260930/structural_traces/U4/round_1": "b2f55dd195e7650a500ec705d855cb231872e0a160e23bf67ae4673ef07d541b",
          "calibration_seed_20260930/structural_traces/U4/round_2": "1810d6d5d988083aa0ca64868888e537ef693cd076b7c14f1a611393d7c3b765",
          "calibration_seed_20260930/structural_traces/U4/round_3": "2585a75846fd33f4f196501b157c21e6f2643044024027cee6c19b92c94944f1",
          "calibration_seed_20260930/structural_traces/U4/round_4": "41063336089840aa550b9270fcb8b19e2c3650648c06ec8088fc122594ce1b2e",
          "calibration_seed_20260930/structural_traces/U4_final": "d091fa1abdbe49dd10e9f5723a84f1883ea7399c205c173e3c16fff44c53dc0b"
        }
      },
      "terminal_status": "SEED_PASS",
      "vram_peak_allocated_bytes": 184026112,
      "vram_peak_reserved_bytes": 205520896
    }
  ],
  "source_sha256": {
    ".gitattributes": "a79691a93b46e49ce460c26ef22afcc03d6eca1e63bf2edbc20e96159510f6c9",
    "OMEGA_V2_2A_D3Q_SPEC.md": "3214382ef9349d4272b682a41ee5aa8f5a4e03d4802fc4f50525e559e7adc28f",
    "__init__.py": "4afa249a8107bf90a2d2bf52df0a92834157ec2fd7a00338dbd6bdd25ffa2a12",
    "__main__.py": "50e9b2c0f2b39b3d8dde3b589ac1373238f592198bddeeceeb64054eed1ea5f5",
    "config.py": "6290ec6ce62360aafc725c3d8898ebed91a3172568e70f50ca22ad3a6444f291",
    "core.py": "6661a0f98a5a8038f204f34677ed8933435b0962aef3cafd2470019c4844597e",
    "metrics.py": "24142993d510474806b8641ec9bce9a0ea1405fa93dcd88e1561840649a96285",
    "runner.py": "3c192b51ef9e84b3ef81318d5771d2ff4d50ca58298f3f6a7c6cd84f165c2a93",
    "tests/__init__.py": "e3b0c44298fc1c149afbf4c8996fb92427ae41e4649b934ca495991b7852b855",
    "tests/test_d3q_control_flow.py": "fa2c007d1a3930de23532b4204c32d7865107fcf4f94018613d32a66ad133883",
    "tests/test_d3q_metrics.py": "d2b6646fd2160710998bcb8b39a9948d6964b67a5da362431d7ce2b564a346a5"
  },
  "spec_sha256": "3214382ef9349d4272b682a41ee5aa8f5a4e03d4802fc4f50525e559e7adc28f",
  "terminal_status": "CALIBRATION_SMOKE_COMPLETE"
}
