T0-M small static control exact commands
executable=D:\Install\Dev\Projects\IA\Ejercise\cpu-native-arch\build\t0m_int8_probe.exe
static_path=original non-recurrent T0-M; fixed activations/state; no Norm/Requantize/residual
gate=D=512; workers=4; cpus=0,2,4,6; rows_per_worker=128,128,128,128; variant=A(shared weights); S_tile=8
S=1,2,4,8,16; R=1,2,4,8,16; modes=fused,repeat; iterations=1; timed_repetitions=8; warmup=2
independent_runs=10; even run fused then repeat; odd run repeat then fused; pair-adjacent; no concurrency
preflight=one explicit --self-test; speed rows never receive --self-test
preflight_command "D:\Install\Dev\Projects\IA\Ejercise\cpu-native-arch\build\t0m_int8_probe.exe" --self-test
[1] speed S=1 R=1 run=1 mode=repeat order_index=1 "D:\Install\Dev\Projects\IA\Ejercise\cpu-native-arch\build\t0m_int8_probe.exe" --D 512 --S 1 --R 1 --mode repeat --variant A --S-tile 8 --workers 4 --cpus 0,2,4,6 --rows-per-worker 128,128,128,128 --iterations 1 --timed-repetitions 8 --warmup 2
[2] speed S=1 R=1 run=1 mode=fused order_index=2 "D:\Install\Dev\Projects\IA\Ejercise\cpu-native-arch\build\t0m_int8_probe.exe" --D 512 --S 1 --R 1 --mode fused --variant A --S-tile 8 --workers 4 --cpus 0,2,4,6 --rows-per-worker 128,128,128,128 --iterations 1 --timed-repetitions 8 --warmup 2
[3] speed S=1 R=1 run=2 mode=fused order_index=1 "D:\Install\Dev\Projects\IA\Ejercise\cpu-native-arch\build\t0m_int8_probe.exe" --D 512 --S 1 --R 1 --mode fused --variant A --S-tile 8 --workers 4 --cpus 0,2,4,6 --rows-per-worker 128,128,128,128 --iterations 1 --timed-repetitions 8 --warmup 2
[4] speed S=1 R=1 run=2 mode=repeat order_index=2 "D:\Install\Dev\Projects\IA\Ejercise\cpu-native-arch\build\t0m_int8_probe.exe" --D 512 --S 1 --R 1 --mode repeat --variant A --S-tile 8 --workers 4 --cpus 0,2,4,6 --rows-per-worker 128,128,128,128 --iterations 1 --timed-repetitions 8 --warmup 2
[5] speed S=1 R=1 run=3 mode=repeat order_index=1 "D:\Install\Dev\Projects\IA\Ejercise\cpu-native-arch\build\t0m_int8_probe.exe" --D 512 --S 1 --R 1 --mode repeat --variant A --S-tile 8 --workers 4 --cpus 0,2,4,6 --rows-per-worker 128,128,128,128 --iterations 1 --timed-repetitions 8 --warmup 2
[6] speed S=1 R=1 run=3 mode=fused order_index=2 "D:\Install\Dev\Projects\IA\Ejercise\cpu-native-arch\build\t0m_int8_probe.exe" --D 512 --S 1 --R 1 --mode fused --variant A --S-tile 8 --workers 4 --cpus 0,2,4,6 --rows-per-worker 128,128,128,128 --iterations 1 --timed-repetitions 8 --warmup 2
[7] speed S=1 R=1 run=4 mode=fused order_index=1 "D:\Install\Dev\Projects\IA\Ejercise\cpu-native-arch\build\t0m_int8_probe.exe" --D 512 --S 1 --R 1 --mode fused --variant A --S-tile 8 --workers 4 --cpus 0,2,4,6 --rows-per-worker 128,128,128,128 --iterations 1 --timed-repetitions 8 --warmup 2
[8] speed S=1 R=1 run=4 mode=repeat order_index=2 "D:\Install\Dev\Projects\IA\Ejercise\cpu-native-arch\build\t0m_int8_probe.exe" --D 512 --S 1 --R 1 --mode repeat --variant A --S-tile 8 --workers 4 --cpus 0,2,4,6 --rows-per-worker 128,128,128,128 --iterations 1 --timed-repetitions 8 --warmup 2
[9] speed S=1 R=1 run=5 mode=repeat order_index=1 "D:\Install\Dev\Projects\IA\Ejercise\cpu-native-arch\build\t0m_int8_probe.exe" --D 512 --S 1 --R 1 --mode repeat --variant A --S-tile 8 --workers 4 --cpus 0,2,4,6 --rows-per-worker 128,128,128,128 --iterations 1 --timed-repetitions 8 --warmup 2
[10] speed S=1 R=1 run=5 mode=fused order_index=2 "D:\Install\Dev\Projects\IA\Ejercise\cpu-native-arch\build\t0m_int8_probe.exe" --D 512 --S 1 --R 1 --mode fused --variant A --S-tile 8 --workers 4 --cpus 0,2,4,6 --rows-per-worker 128,128,128,128 --iterations 1 --timed-repetitions 8 --warmup 2
[11] speed S=1 R=1 run=6 mode=fused order_index=1 "D:\Install\Dev\Projects\IA\Ejercise\cpu-native-arch\build\t0m_int8_probe.exe" --D 512 --S 1 --R 1 --mode fused --variant A --S-tile 8 --workers 4 --cpus 0,2,4,6 --rows-per-worker 128,128,128,128 --iterations 1 --timed-repetitions 8 --warmup 2
[12] speed S=1 R=1 run=6 mode=repeat order_index=2 "D:\Install\Dev\Projects\IA\Ejercise\cpu-native-arch\build\t0m_int8_probe.exe" --D 512 --S 1 --R 1 --mode repeat --variant A --S-tile 8 --workers 4 --cpus 0,2,4,6 --rows-per-worker 128,128,128,128 --iterations 1 --timed-repetitions 8 --warmup 2
[13] speed S=1 R=1 run=7 mode=repeat order_index=1 "D:\Install\Dev\Projects\IA\Ejercise\cpu-native-arch\build\t0m_int8_probe.exe" --D 512 --S 1 --R 1 --mode repeat --variant A --S-tile 8 --workers 4 --cpus 0,2,4,6 --rows-per-worker 128,128,128,128 --iterations 1 --timed-repetitions 8 --warmup 2
[14] speed S=1 R=1 run=7 mode=fused order_index=2 "D:\Install\Dev\Projects\IA\Ejercise\cpu-native-arch\build\t0m_int8_probe.exe" --D 512 --S 1 --R 1 --mode fused --variant A --S-tile 8 --workers 4 --cpus 0,2,4,6 --rows-per-worker 128,128,128,128 --iterations 1 --timed-repetitions 8 --warmup 2
[15] speed S=1 R=1 run=8 mode=fused order_index=1 "D:\Install\Dev\Projects\IA\Ejercise\cpu-native-arch\build\t0m_int8_probe.exe" --D 512 --S 1 --R 1 --mode fused --variant A --S-tile 8 --workers 4 --cpus 0,2,4,6 --rows-per-worker 128,128,128,128 --iterations 1 --timed-repetitions 8 --warmup 2
[16] speed S=1 R=1 run=8 mode=repeat order_index=2 "D:\Install\Dev\Projects\IA\Ejercise\cpu-native-arch\build\t0m_int8_probe.exe" --D 512 --S 1 --R 1 --mode repeat --variant A --S-tile 8 --workers 4 --cpus 0,2,4,6 --rows-per-worker 128,128,128,128 --iterations 1 --timed-repetitions 8 --warmup 2
[17] speed S=1 R=1 run=9 mode=repeat order_index=1 "D:\Install\Dev\Projects\IA\Ejercise\cpu-native-arch\build\t0m_int8_probe.exe" --D 512 --S 1 --R 1 --mode repeat --variant A --S-tile 8 --workers 4 --cpus 0,2,4,6 --rows-per-worker 128,128,128,128 --iterations 1 --timed-repetitions 8 --warmup 2
[18] speed S=1 R=1 run=9 mode=fused order_index=2 "D:\Install\Dev\Projects\IA\Ejercise\cpu-native-arch\build\t0m_int8_probe.exe" --D 512 --S 1 --R 1 --mode fused --variant A --S-tile 8 --workers 4 --cpus 0,2,4,6 --rows-per-worker 128,128,128,128 --iterations 1 --timed-repetitions 8 --warmup 2
[19] speed S=1 R=1 run=10 mode=fused order_index=1 "D:\Install\Dev\Projects\IA\Ejercise\cpu-native-arch\build\t0m_int8_probe.exe" --D 512 --S 1 --R 1 --mode fused --variant A --S-tile 8 --workers 4 --cpus 0,2,4,6 --rows-per-worker 128,128,128,128 --iterations 1 --timed-repetitions 8 --warmup 2
[20] speed S=1 R=1 run=10 mode=repeat order_index=2 "D:\Install\Dev\Projects\IA\Ejercise\cpu-native-arch\build\t0m_int8_probe.exe" --D 512 --S 1 --R 1 --mode repeat --variant A --S-tile 8 --workers 4 --cpus 0,2,4,6 --rows-per-worker 128,128,128,128 --iterations 1 --timed-repetitions 8 --warmup 2
[21] speed S=1 R=2 run=1 mode=repeat order_index=1 "D:\Install\Dev\Projects\IA\Ejercise\cpu-native-arch\build\t0m_int8_probe.exe" --D 512 --S 1 --R 2 --mode repeat --variant A --S-tile 8 --workers 4 --cpus 0,2,4,6 --rows-per-worker 128,128,128,128 --iterations 1 --timed-repetitions 8 --warmup 2
[22] speed S=1 R=2 run=1 mode=fused order_index=2 "D:\Install\Dev\Projects\IA\Ejercise\cpu-native-arch\build\t0m_int8_probe.exe" --D 512 --S 1 --R 2 --mode fused --variant A --S-tile 8 --workers 4 --cpus 0,2,4,6 --rows-per-worker 128,128,128,128 --iterations 1 --timed-repetitions 8 --warmup 2
[23] speed S=1 R=2 run=2 mode=fused order_index=1 "D:\Install\Dev\Projects\IA\Ejercise\cpu-native-arch\build\t0m_int8_probe.exe" --D 512 --S 1 --R 2 --mode fused --variant A --S-tile 8 --workers 4 --cpus 0,2,4,6 --rows-per-worker 128,128,128,128 --iterations 1 --timed-repetitions 8 --warmup 2
[24] speed S=1 R=2 run=2 mode=repeat order_index=2 "D:\Install\Dev\Projects\IA\Ejercise\cpu-native-arch\build\t0m_int8_probe.exe" --D 512 --S 1 --R 2 --mode repeat --variant A --S-tile 8 --workers 4 --cpus 0,2,4,6 --rows-per-worker 128,128,128,128 --iterations 1 --timed-repetitions 8 --warmup 2
[25] speed S=1 R=2 run=3 mode=repeat order_index=1 "D:\Install\Dev\Projects\IA\Ejercise\cpu-native-arch\build\t0m_int8_probe.exe" --D 512 --S 1 --R 2 --mode repeat --variant A --S-tile 8 --workers 4 --cpus 0,2,4,6 --rows-per-worker 128,128,128,128 --iterations 1 --timed-repetitions 8 --warmup 2
[26] speed S=1 R=2 run=3 mode=fused order_index=2 "D:\Install\Dev\Projects\IA\Ejercise\cpu-native-arch\build\t0m_int8_probe.exe" --D 512 --S 1 --R 2 --mode fused --variant A --S-tile 8 --workers 4 --cpus 0,2,4,6 --rows-per-worker 128,128,128,128 --iterations 1 --timed-repetitions 8 --warmup 2
[27] speed S=1 R=2 run=4 mode=fused order_index=1 "D:\Install\Dev\Projects\IA\Ejercise\cpu-native-arch\build\t0m_int8_probe.exe" --D 512 --S 1 --R 2 --mode fused --variant A --S-tile 8 --workers 4 --cpus 0,2,4,6 --rows-per-worker 128,128,128,128 --iterations 1 --timed-repetitions 8 --warmup 2
[28] speed S=1 R=2 run=4 mode=repeat order_index=2 "D:\Install\Dev\Projects\IA\Ejercise\cpu-native-arch\build\t0m_int8_probe.exe" --D 512 --S 1 --R 2 --mode repeat --variant A --S-tile 8 --workers 4 --cpus 0,2,4,6 --rows-per-worker 128,128,128,128 --iterations 1 --timed-repetitions 8 --warmup 2
[29] speed S=1 R=2 run=5 mode=repeat order_index=1 "D:\Install\Dev\Projects\IA\Ejercise\cpu-native-arch\build\t0m_int8_probe.exe" --D 512 --S 1 --R 2 --mode repeat --variant A --S-tile 8 --workers 4 --cpus 0,2,4,6 --rows-per-worker 128,128,128,128 --iterations 1 --timed-repetitions 8 --warmup 2
[30] speed S=1 R=2 run=5 mode=fused order_index=2 "D:\Install\Dev\Projects\IA\Ejercise\cpu-native-arch\build\t0m_int8_probe.exe" --D 512 --S 1 --R 2 --mode fused --variant A --S-tile 8 --workers 4 --cpus 0,2,4,6 --rows-per-worker 128,128,128,128 --iterations 1 --timed-repetitions 8 --warmup 2
[31] speed S=1 R=2 run=6 mode=fused order_index=1 "D:\Install\Dev\Projects\IA\Ejercise\cpu-native-arch\build\t0m_int8_probe.exe" --D 512 --S 1 --R 2 --mode fused --variant A --S-tile 8 --workers 4 --cpus 0,2,4,6 --rows-per-worker 128,128,128,128 --iterations 1 --timed-repetitions 8 --warmup 2
[32] speed S=1 R=2 run=6 mode=repeat order_index=2 "D:\Install\Dev\Projects\IA\Ejercise\cpu-native-arch\build\t0m_int8_probe.exe" --D 512 --S 1 --R 2 --mode repeat --variant A --S-tile 8 --workers 4 --cpus 0,2,4,6 --rows-per-worker 128,128,128,128 --iterations 1 --timed-repetitions 8 --warmup 2
[33] speed S=1 R=2 run=7 mode=repeat order_index=1 "D:\Install\Dev\Projects\IA\Ejercise\cpu-native-arch\build\t0m_int8_probe.exe" --D 512 --S 1 --R 2 --mode repeat --variant A --S-tile 8 --workers 4 --cpus 0,2,4,6 --rows-per-worker 128,128,128,128 --iterations 1 --timed-repetitions 8 --warmup 2
[34] speed S=1 R=2 run=7 mode=fused order_index=2 "D:\Install\Dev\Projects\IA\Ejercise\cpu-native-arch\build\t0m_int8_probe.exe" --D 512 --S 1 --R 2 --mode fused --variant A --S-tile 8 --workers 4 --cpus 0,2,4,6 --rows-per-worker 128,128,128,128 --iterations 1 --timed-repetitions 8 --warmup 2
[35] speed S=1 R=2 run=8 mode=fused order_index=1 "D:\Install\Dev\Projects\IA\Ejercise\cpu-native-arch\build\t0m_int8_probe.exe" --D 512 --S 1 --R 2 --mode fused --variant A --S-tile 8 --workers 4 --cpus 0,2,4,6 --rows-per-worker 128,128,128,128 --iterations 1 --timed-repetitions 8 --warmup 2
[36] speed S=1 R=2 run=8 mode=repeat order_index=2 "D:\Install\Dev\Projects\IA\Ejercise\cpu-native-arch\build\t0m_int8_probe.exe" --D 512 --S 1 --R 2 --mode repeat --variant A --S-tile 8 --workers 4 --cpus 0,2,4,6 --rows-per-worker 128,128,128,128 --iterations 1 --timed-repetitions 8 --warmup 2
[37] speed S=1 R=2 run=9 mode=repeat order_index=1 "D:\Install\Dev\Projects\IA\Ejercise\cpu-native-arch\build\t0m_int8_probe.exe" --D 512 --S 1 --R 2 --mode repeat --variant A --S-tile 8 --workers 4 --cpus 0,2,4,6 --rows-per-worker 128,128,128,128 --iterations 1 --timed-repetitions 8 --warmup 2
[38] speed S=1 R=2 run=9 mode=fused order_index=2 "D:\Install\Dev\Projects\IA\Ejercise\cpu-native-arch\build\t0m_int8_probe.exe" --D 512 --S 1 --R 2 --mode fused --variant A --S-tile 8 --workers 4 --cpus 0,2,4,6 --rows-per-worker 128,128,128,128 --iterations 1 --timed-repetitions 8 --warmup 2
[39] speed S=1 R=2 run=10 mode=fused order_index=1 "D:\Install\Dev\Projects\IA\Ejercise\cpu-native-arch\build\t0m_int8_probe.exe" --D 512 --S 1 --R 2 --mode fused --variant A --S-tile 8 --workers 4 --cpus 0,2,4,6 --rows-per-worker 128,128,128,128 --iterations 1 --timed-repetitions 8 --warmup 2
[40] speed S=1 R=2 run=10 mode=repeat order_index=2 "D:\Install\Dev\Projects\IA\Ejercise\cpu-native-arch\build\t0m_int8_probe.exe" --D 512 --S 1 --R 2 --mode repeat --variant A --S-tile 8 --workers 4 --cpus 0,2,4,6 --rows-per-worker 128,128,128,128 --iterations 1 --timed-repetitions 8 --warmup 2
[41] speed S=1 R=4 run=1 mode=repeat order_index=1 "D:\Install\Dev\Projects\IA\Ejercise\cpu-native-arch\build\t0m_int8_probe.exe" --D 512 --S 1 --R 4 --mode repeat --variant A --S-tile 8 --workers 4 --cpus 0,2,4,6 --rows-per-worker 128,128,128,128 --iterations 1 --timed-repetitions 8 --warmup 2
[42] speed S=1 R=4 run=1 mode=fused order_index=2 "D:\Install\Dev\Projects\IA\Ejercise\cpu-native-arch\build\t0m_int8_probe.exe" --D 512 --S 1 --R 4 --mode fused --variant A --S-tile 8 --workers 4 --cpus 0,2,4,6 --rows-per-worker 128,128,128,128 --iterations 1 --timed-repetitions 8 --warmup 2
[43] speed S=1 R=4 run=2 mode=fused order_index=1 "D:\Install\Dev\Projects\IA\Ejercise\cpu-native-arch\build\t0m_int8_probe.exe" --D 512 --S 1 --R 4 --mode fused --variant A --S-tile 8 --workers 4 --cpus 0,2,4,6 --rows-per-worker 128,128,128,128 --iterations 1 --timed-repetitions 8 --warmup 2
[44] speed S=1 R=4 run=2 mode=repeat order_index=2 "D:\Install\Dev\Projects\IA\Ejercise\cpu-native-arch\build\t0m_int8_probe.exe" --D 512 --S 1 --R 4 --mode repeat --variant A --S-tile 8 --workers 4 --cpus 0,2,4,6 --rows-per-worker 128,128,128,128 --iterations 1 --timed-repetitions 8 --warmup 2
[45] speed S=1 R=4 run=3 mode=repeat order_index=1 "D:\Install\Dev\Projects\IA\Ejercise\cpu-native-arch\build\t0m_int8_probe.exe" --D 512 --S 1 --R 4 --mode repeat --variant A --S-tile 8 --workers 4 --cpus 0,2,4,6 --rows-per-worker 128,128,128,128 --iterations 1 --timed-repetitions 8 --warmup 2
[46] speed S=1 R=4 run=3 mode=fused order_index=2 "D:\Install\Dev\Projects\IA\Ejercise\cpu-native-arch\build\t0m_int8_probe.exe" --D 512 --S 1 --R 4 --mode fused --variant A --S-tile 8 --workers 4 --cpus 0,2,4,6 --rows-per-worker 128,128,128,128 --iterations 1 --timed-repetitions 8 --warmup 2
[47] speed S=1 R=4 run=4 mode=fused order_index=1 "D:\Install\Dev\Projects\IA\Ejercise\cpu-native-arch\build\t0m_int8_probe.exe" --D 512 --S 1 --R 4 --mode fused --variant A --S-tile 8 --workers 4 --cpus 0,2,4,6 --rows-per-worker 128,128,128,128 --iterations 1 --timed-repetitions 8 --warmup 2
[48] speed S=1 R=4 run=4 mode=repeat order_index=2 "D:\Install\Dev\Projects\IA\Ejercise\cpu-native-arch\build\t0m_int8_probe.exe" --D 512 --S 1 --R 4 --mode repeat --variant A --S-tile 8 --workers 4 --cpus 0,2,4,6 --rows-per-worker 128,128,128,128 --iterations 1 --timed-repetitions 8 --warmup 2
[49] speed S=1 R=4 run=5 mode=repeat order_index=1 "D:\Install\Dev\Projects\IA\Ejercise\cpu-native-arch\build\t0m_int8_probe.exe" --D 512 --S 1 --R 4 --mode repeat --variant A --S-tile 8 --workers 4 --cpus 0,2,4,6 --rows-per-worker 128,128,128,128 --iterations 1 --timed-repetitions 8 --warmup 2
[50] speed S=1 R=4 run=5 mode=fused order_index=2 "D:\Install\Dev\Projects\IA\Ejercise\cpu-native-arch\build\t0m_int8_probe.exe" --D 512 --S 1 --R 4 --mode fused --variant A --S-tile 8 --workers 4 --cpus 0,2,4,6 --rows-per-worker 128,128,128,128 --iterations 1 --timed-repetitions 8 --warmup 2
[51] speed S=1 R=4 run=6 mode=fused order_index=1 "D:\Install\Dev\Projects\IA\Ejercise\cpu-native-arch\build\t0m_int8_probe.exe" --D 512 --S 1 --R 4 --mode fused --variant A --S-tile 8 --workers 4 --cpus 0,2,4,6 --rows-per-worker 128,128,128,128 --iterations 1 --timed-repetitions 8 --warmup 2
[52] speed S=1 R=4 run=6 mode=repeat order_index=2 "D:\Install\Dev\Projects\IA\Ejercise\cpu-native-arch\build\t0m_int8_probe.exe" --D 512 --S 1 --R 4 --mode repeat --variant A --S-tile 8 --workers 4 --cpus 0,2,4,6 --rows-per-worker 128,128,128,128 --iterations 1 --timed-repetitions 8 --warmup 2
[53] speed S=1 R=4 run=7 mode=repeat order_index=1 "D:\Install\Dev\Projects\IA\Ejercise\cpu-native-arch\build\t0m_int8_probe.exe" --D 512 --S 1 --R 4 --mode repeat --variant A --S-tile 8 --workers 4 --cpus 0,2,4,6 --rows-per-worker 128,128,128,128 --iterations 1 --timed-repetitions 8 --warmup 2
[54] speed S=1 R=4 run=7 mode=fused order_index=2 "D:\Install\Dev\Projects\IA\Ejercise\cpu-native-arch\build\t0m_int8_probe.exe" --D 512 --S 1 --R 4 --mode fused --variant A --S-tile 8 --workers 4 --cpus 0,2,4,6 --rows-per-worker 128,128,128,128 --iterations 1 --timed-repetitions 8 --warmup 2
[55] speed S=1 R=4 run=8 mode=fused order_index=1 "D:\Install\Dev\Projects\IA\Ejercise\cpu-native-arch\build\t0m_int8_probe.exe" --D 512 --S 1 --R 4 --mode fused --variant A --S-tile 8 --workers 4 --cpus 0,2,4,6 --rows-per-worker 128,128,128,128 --iterations 1 --timed-repetitions 8 --warmup 2
[56] speed S=1 R=4 run=8 mode=repeat order_index=2 "D:\Install\Dev\Projects\IA\Ejercise\cpu-native-arch\build\t0m_int8_probe.exe" --D 512 --S 1 --R 4 --mode repeat --variant A --S-tile 8 --workers 4 --cpus 0,2,4,6 --rows-per-worker 128,128,128,128 --iterations 1 --timed-repetitions 8 --warmup 2
[57] speed S=1 R=4 run=9 mode=repeat order_index=1 "D:\Install\Dev\Projects\IA\Ejercise\cpu-native-arch\build\t0m_int8_probe.exe" --D 512 --S 1 --R 4 --mode repeat --variant A --S-tile 8 --workers 4 --cpus 0,2,4,6 --rows-per-worker 128,128,128,128 --iterations 1 --timed-repetitions 8 --warmup 2
[58] speed S=1 R=4 run=9 mode=fused order_index=2 "D:\Install\Dev\Projects\IA\Ejercise\cpu-native-arch\build\t0m_int8_probe.exe" --D 512 --S 1 --R 4 --mode fused --variant A --S-tile 8 --workers 4 --cpus 0,2,4,6 --rows-per-worker 128,128,128,128 --iterations 1 --timed-repetitions 8 --warmup 2
[59] speed S=1 R=4 run=10 mode=fused order_index=1 "D:\Install\Dev\Projects\IA\Ejercise\cpu-native-arch\build\t0m_int8_probe.exe" --D 512 --S 1 --R 4 --mode fused --variant A --S-tile 8 --workers 4 --cpus 0,2,4,6 --rows-per-worker 128,128,128,128 --iterations 1 --timed-repetitions 8 --warmup 2
[60] speed S=1 R=4 run=10 mode=repeat order_index=2 "D:\Install\Dev\Projects\IA\Ejercise\cpu-native-arch\build\t0m_int8_probe.exe" --D 512 --S 1 --R 4 --mode repeat --variant A --S-tile 8 --workers 4 --cpus 0,2,4,6 --rows-per-worker 128,128,128,128 --iterations 1 --timed-repetitions 8 --warmup 2
[61] speed S=1 R=8 run=1 mode=repeat order_index=1 "D:\Install\Dev\Projects\IA\Ejercise\cpu-native-arch\build\t0m_int8_probe.exe" --D 512 --S 1 --R 8 --mode repeat --variant A --S-tile 8 --workers 4 --cpus 0,2,4,6 --rows-per-worker 128,128,128,128 --iterations 1 --timed-repetitions 8 --warmup 2
[62] speed S=1 R=8 run=1 mode=fused order_index=2 "D:\Install\Dev\Projects\IA\Ejercise\cpu-native-arch\build\t0m_int8_probe.exe" --D 512 --S 1 --R 8 --mode fused --variant A --S-tile 8 --workers 4 --cpus 0,2,4,6 --rows-per-worker 128,128,128,128 --iterations 1 --timed-repetitions 8 --warmup 2
[63] speed S=1 R=8 run=2 mode=fused order_index=1 "D:\Install\Dev\Projects\IA\Ejercise\cpu-native-arch\build\t0m_int8_probe.exe" --D 512 --S 1 --R 8 --mode fused --variant A --S-tile 8 --workers 4 --cpus 0,2,4,6 --rows-per-worker 128,128,128,128 --iterations 1 --timed-repetitions 8 --warmup 2
[64] speed S=1 R=8 run=2 mode=repeat order_index=2 "D:\Install\Dev\Projects\IA\Ejercise\cpu-native-arch\build\t0m_int8_probe.exe" --D 512 --S 1 --R 8 --mode repeat --variant A --S-tile 8 --workers 4 --cpus 0,2,4,6 --rows-per-worker 128,128,128,128 --iterations 1 --timed-repetitions 8 --warmup 2
[65] speed S=1 R=8 run=3 mode=repeat order_index=1 "D:\Install\Dev\Projects\IA\Ejercise\cpu-native-arch\build\t0m_int8_probe.exe" --D 512 --S 1 --R 8 --mode repeat --variant A --S-tile 8 --workers 4 --cpus 0,2,4,6 --rows-per-worker 128,128,128,128 --iterations 1 --timed-repetitions 8 --warmup 2
[66] speed S=1 R=8 run=3 mode=fused order_index=2 "D:\Install\Dev\Projects\IA\Ejercise\cpu-native-arch\build\t0m_int8_probe.exe" --D 512 --S 1 --R 8 --mode fused --variant A --S-tile 8 --workers 4 --cpus 0,2,4,6 --rows-per-worker 128,128,128,128 --iterations 1 --timed-repetitions 8 --warmup 2
[67] speed S=1 R=8 run=4 mode=fused order_index=1 "D:\Install\Dev\Projects\IA\Ejercise\cpu-native-arch\build\t0m_int8_probe.exe" --D 512 --S 1 --R 8 --mode fused --variant A --S-tile 8 --workers 4 --cpus 0,2,4,6 --rows-per-worker 128,128,128,128 --iterations 1 --timed-repetitions 8 --warmup 2
[68] speed S=1 R=8 run=4 mode=repeat order_index=2 "D:\Install\Dev\Projects\IA\Ejercise\cpu-native-arch\build\t0m_int8_probe.exe" --D 512 --S 1 --R 8 --mode repeat --variant A --S-tile 8 --workers 4 --cpus 0,2,4,6 --rows-per-worker 128,128,128,128 --iterations 1 --timed-repetitions 8 --warmup 2
[69] speed S=1 R=8 run=5 mode=repeat order_index=1 "D:\Install\Dev\Projects\IA\Ejercise\cpu-native-arch\build\t0m_int8_probe.exe" --D 512 --S 1 --R 8 --mode repeat --variant A --S-tile 8 --workers 4 --cpus 0,2,4,6 --rows-per-worker 128,128,128,128 --iterations 1 --timed-repetitions 8 --warmup 2
[70] speed S=1 R=8 run=5 mode=fused order_index=2 "D:\Install\Dev\Projects\IA\Ejercise\cpu-native-arch\build\t0m_int8_probe.exe" --D 512 --S 1 --R 8 --mode fused --variant A --S-tile 8 --workers 4 --cpus 0,2,4,6 --rows-per-worker 128,128,128,128 --iterations 1 --timed-repetitions 8 --warmup 2
[71] speed S=1 R=8 run=6 mode=fused order_index=1 "D:\Install\Dev\Projects\IA\Ejercise\cpu-native-arch\build\t0m_int8_probe.exe" --D 512 --S 1 --R 8 --mode fused --variant A --S-tile 8 --workers 4 --cpus 0,2,4,6 --rows-per-worker 128,128,128,128 --iterations 1 --timed-repetitions 8 --warmup 2
[72] speed S=1 R=8 run=6 mode=repeat order_index=2 "D:\Install\Dev\Projects\IA\Ejercise\cpu-native-arch\build\t0m_int8_probe.exe" --D 512 --S 1 --R 8 --mode repeat --variant A --S-tile 8 --workers 4 --cpus 0,2,4,6 --rows-per-worker 128,128,128,128 --iterations 1 --timed-repetitions 8 --warmup 2
[73] speed S=1 R=8 run=7 mode=repeat order_index=1 "D:\Install\Dev\Projects\IA\Ejercise\cpu-native-arch\build\t0m_int8_probe.exe" --D 512 --S 1 --R 8 --mode repeat --variant A --S-tile 8 --workers 4 --cpus 0,2,4,6 --rows-per-worker 128,128,128,128 --iterations 1 --timed-repetitions 8 --warmup 2
[74] speed S=1 R=8 run=7 mode=fused order_index=2 "D:\Install\Dev\Projects\IA\Ejercise\cpu-native-arch\build\t0m_int8_probe.exe" --D 512 --S 1 --R 8 --mode fused --variant A --S-tile 8 --workers 4 --cpus 0,2,4,6 --rows-per-worker 128,128,128,128 --iterations 1 --timed-repetitions 8 --warmup 2
[75] speed S=1 R=8 run=8 mode=fused order_index=1 "D:\Install\Dev\Projects\IA\Ejercise\cpu-native-arch\build\t0m_int8_probe.exe" --D 512 --S 1 --R 8 --mode fused --variant A --S-tile 8 --workers 4 --cpus 0,2,4,6 --rows-per-worker 128,128,128,128 --iterations 1 --timed-repetitions 8 --warmup 2
[76] speed S=1 R=8 run=8 mode=repeat order_index=2 "D:\Install\Dev\Projects\IA\Ejercise\cpu-native-arch\build\t0m_int8_probe.exe" --D 512 --S 1 --R 8 --mode repeat --variant A --S-tile 8 --workers 4 --cpus 0,2,4,6 --rows-per-worker 128,128,128,128 --iterations 1 --timed-repetitions 8 --warmup 2
[77] speed S=1 R=8 run=9 mode=repeat order_index=1 "D:\Install\Dev\Projects\IA\Ejercise\cpu-native-arch\build\t0m_int8_probe.exe" --D 512 --S 1 --R 8 --mode repeat --variant A --S-tile 8 --workers 4 --cpus 0,2,4,6 --rows-per-worker 128,128,128,128 --iterations 1 --timed-repetitions 8 --warmup 2
[78] speed S=1 R=8 run=9 mode=fused order_index=2 "D:\Install\Dev\Projects\IA\Ejercise\cpu-native-arch\build\t0m_int8_probe.exe" --D 512 --S 1 --R 8 --mode fused --variant A --S-tile 8 --workers 4 --cpus 0,2,4,6 --rows-per-worker 128,128,128,128 --iterations 1 --timed-repetitions 8 --warmup 2
[79] speed S=1 R=8 run=10 mode=fused order_index=1 "D:\Install\Dev\Projects\IA\Ejercise\cpu-native-arch\build\t0m_int8_probe.exe" --D 512 --S 1 --R 8 --mode fused --variant A --S-tile 8 --workers 4 --cpus 0,2,4,6 --rows-per-worker 128,128,128,128 --iterations 1 --timed-repetitions 8 --warmup 2
[80] speed S=1 R=8 run=10 mode=repeat order_index=2 "D:\Install\Dev\Projects\IA\Ejercise\cpu-native-arch\build\t0m_int8_probe.exe" --D 512 --S 1 --R 8 --mode repeat --variant A --S-tile 8 --workers 4 --cpus 0,2,4,6 --rows-per-worker 128,128,128,128 --iterations 1 --timed-repetitions 8 --warmup 2
[81] speed S=1 R=16 run=1 mode=repeat order_index=1 "D:\Install\Dev\Projects\IA\Ejercise\cpu-native-arch\build\t0m_int8_probe.exe" --D 512 --S 1 --R 16 --mode repeat --variant A --S-tile 8 --workers 4 --cpus 0,2,4,6 --rows-per-worker 128,128,128,128 --iterations 1 --timed-repetitions 8 --warmup 2
[82] speed S=1 R=16 run=1 mode=fused order_index=2 "D:\Install\Dev\Projects\IA\Ejercise\cpu-native-arch\build\t0m_int8_probe.exe" --D 512 --S 1 --R 16 --mode fused --variant A --S-tile 8 --workers 4 --cpus 0,2,4,6 --rows-per-worker 128,128,128,128 --iterations 1 --timed-repetitions 8 --warmup 2
[83] speed S=1 R=16 run=2 mode=fused order_index=1 "D:\Install\Dev\Projects\IA\Ejercise\cpu-native-arch\build\t0m_int8_probe.exe" --D 512 --S 1 --R 16 --mode fused --variant A --S-tile 8 --workers 4 --cpus 0,2,4,6 --rows-per-worker 128,128,128,128 --iterations 1 --timed-repetitions 8 --warmup 2
[84] speed S=1 R=16 run=2 mode=repeat order_index=2 "D:\Install\Dev\Projects\IA\Ejercise\cpu-native-arch\build\t0m_int8_probe.exe" --D 512 --S 1 --R 16 --mode repeat --variant A --S-tile 8 --workers 4 --cpus 0,2,4,6 --rows-per-worker 128,128,128,128 --iterations 1 --timed-repetitions 8 --warmup 2
[85] speed S=1 R=16 run=3 mode=repeat order_index=1 "D:\Install\Dev\Projects\IA\Ejercise\cpu-native-arch\build\t0m_int8_probe.exe" --D 512 --S 1 --R 16 --mode repeat --variant A --S-tile 8 --workers 4 --cpus 0,2,4,6 --rows-per-worker 128,128,128,128 --iterations 1 --timed-repetitions 8 --warmup 2
[86] speed S=1 R=16 run=3 mode=fused order_index=2 "D:\Install\Dev\Projects\IA\Ejercise\cpu-native-arch\build\t0m_int8_probe.exe" --D 512 --S 1 --R 16 --mode fused --variant A --S-tile 8 --workers 4 --cpus 0,2,4,6 --rows-per-worker 128,128,128,128 --iterations 1 --timed-repetitions 8 --warmup 2
[87] speed S=1 R=16 run=4 mode=fused order_index=1 "D:\Install\Dev\Projects\IA\Ejercise\cpu-native-arch\build\t0m_int8_probe.exe" --D 512 --S 1 --R 16 --mode fused --variant A --S-tile 8 --workers 4 --cpus 0,2,4,6 --rows-per-worker 128,128,128,128 --iterations 1 --timed-repetitions 8 --warmup 2
[88] speed S=1 R=16 run=4 mode=repeat order_index=2 "D:\Install\Dev\Projects\IA\Ejercise\cpu-native-arch\build\t0m_int8_probe.exe" --D 512 --S 1 --R 16 --mode repeat --variant A --S-tile 8 --workers 4 --cpus 0,2,4,6 --rows-per-worker 128,128,128,128 --iterations 1 --timed-repetitions 8 --warmup 2
[89] speed S=1 R=16 run=5 mode=repeat order_index=1 "D:\Install\Dev\Projects\IA\Ejercise\cpu-native-arch\build\t0m_int8_probe.exe" --D 512 --S 1 --R 16 --mode repeat --variant A --S-tile 8 --workers 4 --cpus 0,2,4,6 --rows-per-worker 128,128,128,128 --iterations 1 --timed-repetitions 8 --warmup 2
[90] speed S=1 R=16 run=5 mode=fused order_index=2 "D:\Install\Dev\Projects\IA\Ejercise\cpu-native-arch\build\t0m_int8_probe.exe" --D 512 --S 1 --R 16 --mode fused --variant A --S-tile 8 --workers 4 --cpus 0,2,4,6 --rows-per-worker 128,128,128,128 --iterations 1 --timed-repetitions 8 --warmup 2
[91] speed S=1 R=16 run=6 mode=fused order_index=1 "D:\Install\Dev\Projects\IA\Ejercise\cpu-native-arch\build\t0m_int8_probe.exe" --D 512 --S 1 --R 16 --mode fused --variant A --S-tile 8 --workers 4 --cpus 0,2,4,6 --rows-per-worker 128,128,128,128 --iterations 1 --timed-repetitions 8 --warmup 2
[92] speed S=1 R=16 run=6 mode=repeat order_index=2 "D:\Install\Dev\Projects\IA\Ejercise\cpu-native-arch\build\t0m_int8_probe.exe" --D 512 --S 1 --R 16 --mode repeat --variant A --S-tile 8 --workers 4 --cpus 0,2,4,6 --rows-per-worker 128,128,128,128 --iterations 1 --timed-repetitions 8 --warmup 2
[93] speed S=1 R=16 run=7 mode=repeat order_index=1 "D:\Install\Dev\Projects\IA\Ejercise\cpu-native-arch\build\t0m_int8_probe.exe" --D 512 --S 1 --R 16 --mode repeat --variant A --S-tile 8 --workers 4 --cpus 0,2,4,6 --rows-per-worker 128,128,128,128 --iterations 1 --timed-repetitions 8 --warmup 2
[94] speed S=1 R=16 run=7 mode=fused order_index=2 "D:\Install\Dev\Projects\IA\Ejercise\cpu-native-arch\build\t0m_int8_probe.exe" --D 512 --S 1 --R 16 --mode fused --variant A --S-tile 8 --workers 4 --cpus 0,2,4,6 --rows-per-worker 128,128,128,128 --iterations 1 --timed-repetitions 8 --warmup 2
[95] speed S=1 R=16 run=8 mode=fused order_index=1 "D:\Install\Dev\Projects\IA\Ejercise\cpu-native-arch\build\t0m_int8_probe.exe" --D 512 --S 1 --R 16 --mode fused --variant A --S-tile 8 --workers 4 --cpus 0,2,4,6 --rows-per-worker 128,128,128,128 --iterations 1 --timed-repetitions 8 --warmup 2
[96] speed S=1 R=16 run=8 mode=repeat order_index=2 "D:\Install\Dev\Projects\IA\Ejercise\cpu-native-arch\build\t0m_int8_probe.exe" --D 512 --S 1 --R 16 --mode repeat --variant A --S-tile 8 --workers 4 --cpus 0,2,4,6 --rows-per-worker 128,128,128,128 --iterations 1 --timed-repetitions 8 --warmup 2
[97] speed S=1 R=16 run=9 mode=repeat order_index=1 "D:\Install\Dev\Projects\IA\Ejercise\cpu-native-arch\build\t0m_int8_probe.exe" --D 512 --S 1 --R 16 --mode repeat --variant A --S-tile 8 --workers 4 --cpus 0,2,4,6 --rows-per-worker 128,128,128,128 --iterations 1 --timed-repetitions 8 --warmup 2
[98] speed S=1 R=16 run=9 mode=fused order_index=2 "D:\Install\Dev\Projects\IA\Ejercise\cpu-native-arch\build\t0m_int8_probe.exe" --D 512 --S 1 --R 16 --mode fused --variant A --S-tile 8 --workers 4 --cpus 0,2,4,6 --rows-per-worker 128,128,128,128 --iterations 1 --timed-repetitions 8 --warmup 2
[99] speed S=1 R=16 run=10 mode=fused order_index=1 "D:\Install\Dev\Projects\IA\Ejercise\cpu-native-arch\build\t0m_int8_probe.exe" --D 512 --S 1 --R 16 --mode fused --variant A --S-tile 8 --workers 4 --cpus 0,2,4,6 --rows-per-worker 128,128,128,128 --iterations 1 --timed-repetitions 8 --warmup 2
[100] speed S=1 R=16 run=10 mode=repeat order_index=2 "D:\Install\Dev\Projects\IA\Ejercise\cpu-native-arch\build\t0m_int8_probe.exe" --D 512 --S 1 --R 16 --mode repeat --variant A --S-tile 8 --workers 4 --cpus 0,2,4,6 --rows-per-worker 128,128,128,128 --iterations 1 --timed-repetitions 8 --warmup 2
[101] speed S=2 R=1 run=1 mode=repeat order_index=1 "D:\Install\Dev\Projects\IA\Ejercise\cpu-native-arch\build\t0m_int8_probe.exe" --D 512 --S 2 --R 1 --mode repeat --variant A --S-tile 8 --workers 4 --cpus 0,2,4,6 --rows-per-worker 128,128,128,128 --iterations 1 --timed-repetitions 8 --warmup 2
[102] speed S=2 R=1 run=1 mode=fused order_index=2 "D:\Install\Dev\Projects\IA\Ejercise\cpu-native-arch\build\t0m_int8_probe.exe" --D 512 --S 2 --R 1 --mode fused --variant A --S-tile 8 --workers 4 --cpus 0,2,4,6 --rows-per-worker 128,128,128,128 --iterations 1 --timed-repetitions 8 --warmup 2
[103] speed S=2 R=1 run=2 mode=fused order_index=1 "D:\Install\Dev\Projects\IA\Ejercise\cpu-native-arch\build\t0m_int8_probe.exe" --D 512 --S 2 --R 1 --mode fused --variant A --S-tile 8 --workers 4 --cpus 0,2,4,6 --rows-per-worker 128,128,128,128 --iterations 1 --timed-repetitions 8 --warmup 2
[104] speed S=2 R=1 run=2 mode=repeat order_index=2 "D:\Install\Dev\Projects\IA\Ejercise\cpu-native-arch\build\t0m_int8_probe.exe" --D 512 --S 2 --R 1 --mode repeat --variant A --S-tile 8 --workers 4 --cpus 0,2,4,6 --rows-per-worker 128,128,128,128 --iterations 1 --timed-repetitions 8 --warmup 2
[105] speed S=2 R=1 run=3 mode=repeat order_index=1 "D:\Install\Dev\Projects\IA\Ejercise\cpu-native-arch\build\t0m_int8_probe.exe" --D 512 --S 2 --R 1 --mode repeat --variant A --S-tile 8 --workers 4 --cpus 0,2,4,6 --rows-per-worker 128,128,128,128 --iterations 1 --timed-repetitions 8 --warmup 2
[106] speed S=2 R=1 run=3 mode=fused order_index=2 "D:\Install\Dev\Projects\IA\Ejercise\cpu-native-arch\build\t0m_int8_probe.exe" --D 512 --S 2 --R 1 --mode fused --variant A --S-tile 8 --workers 4 --cpus 0,2,4,6 --rows-per-worker 128,128,128,128 --iterations 1 --timed-repetitions 8 --warmup 2
[107] speed S=2 R=1 run=4 mode=fused order_index=1 "D:\Install\Dev\Projects\IA\Ejercise\cpu-native-arch\build\t0m_int8_probe.exe" --D 512 --S 2 --R 1 --mode fused --variant A --S-tile 8 --workers 4 --cpus 0,2,4,6 --rows-per-worker 128,128,128,128 --iterations 1 --timed-repetitions 8 --warmup 2
[108] speed S=2 R=1 run=4 mode=repeat order_index=2 "D:\Install\Dev\Projects\IA\Ejercise\cpu-native-arch\build\t0m_int8_probe.exe" --D 512 --S 2 --R 1 --mode repeat --variant A --S-tile 8 --workers 4 --cpus 0,2,4,6 --rows-per-worker 128,128,128,128 --iterations 1 --timed-repetitions 8 --warmup 2
[109] speed S=2 R=1 run=5 mode=repeat order_index=1 "D:\Install\Dev\Projects\IA\Ejercise\cpu-native-arch\build\t0m_int8_probe.exe" --D 512 --S 2 --R 1 --mode repeat --variant A --S-tile 8 --workers 4 --cpus 0,2,4,6 --rows-per-worker 128,128,128,128 --iterations 1 --timed-repetitions 8 --warmup 2
[110] speed S=2 R=1 run=5 mode=fused order_index=2 "D:\Install\Dev\Projects\IA\Ejercise\cpu-native-arch\build\t0m_int8_probe.exe" --D 512 --S 2 --R 1 --mode fused --variant A --S-tile 8 --workers 4 --cpus 0,2,4,6 --rows-per-worker 128,128,128,128 --iterations 1 --timed-repetitions 8 --warmup 2
[111] speed S=2 R=1 run=6 mode=fused order_index=1 "D:\Install\Dev\Projects\IA\Ejercise\cpu-native-arch\build\t0m_int8_probe.exe" --D 512 --S 2 --R 1 --mode fused --variant A --S-tile 8 --workers 4 --cpus 0,2,4,6 --rows-per-worker 128,128,128,128 --iterations 1 --timed-repetitions 8 --warmup 2
[112] speed S=2 R=1 run=6 mode=repeat order_index=2 "D:\Install\Dev\Projects\IA\Ejercise\cpu-native-arch\build\t0m_int8_probe.exe" --D 512 --S 2 --R 1 --mode repeat --variant A --S-tile 8 --workers 4 --cpus 0,2,4,6 --rows-per-worker 128,128,128,128 --iterations 1 --timed-repetitions 8 --warmup 2
[113] speed S=2 R=1 run=7 mode=repeat order_index=1 "D:\Install\Dev\Projects\IA\Ejercise\cpu-native-arch\build\t0m_int8_probe.exe" --D 512 --S 2 --R 1 --mode repeat --variant A --S-tile 8 --workers 4 --cpus 0,2,4,6 --rows-per-worker 128,128,128,128 --iterations 1 --timed-repetitions 8 --warmup 2
[114] speed S=2 R=1 run=7 mode=fused order_index=2 "D:\Install\Dev\Projects\IA\Ejercise\cpu-native-arch\build\t0m_int8_probe.exe" --D 512 --S 2 --R 1 --mode fused --variant A --S-tile 8 --workers 4 --cpus 0,2,4,6 --rows-per-worker 128,128,128,128 --iterations 1 --timed-repetitions 8 --warmup 2
[115] speed S=2 R=1 run=8 mode=fused order_index=1 "D:\Install\Dev\Projects\IA\Ejercise\cpu-native-arch\build\t0m_int8_probe.exe" --D 512 --S 2 --R 1 --mode fused --variant A --S-tile 8 --workers 4 --cpus 0,2,4,6 --rows-per-worker 128,128,128,128 --iterations 1 --timed-repetitions 8 --warmup 2
[116] speed S=2 R=1 run=8 mode=repeat order_index=2 "D:\Install\Dev\Projects\IA\Ejercise\cpu-native-arch\build\t0m_int8_probe.exe" --D 512 --S 2 --R 1 --mode repeat --variant A --S-tile 8 --workers 4 --cpus 0,2,4,6 --rows-per-worker 128,128,128,128 --iterations 1 --timed-repetitions 8 --warmup 2
[117] speed S=2 R=1 run=9 mode=repeat order_index=1 "D:\Install\Dev\Projects\IA\Ejercise\cpu-native-arch\build\t0m_int8_probe.exe" --D 512 --S 2 --R 1 --mode repeat --variant A --S-tile 8 --workers 4 --cpus 0,2,4,6 --rows-per-worker 128,128,128,128 --iterations 1 --timed-repetitions 8 --warmup 2
[118] speed S=2 R=1 run=9 mode=fused order_index=2 "D:\Install\Dev\Projects\IA\Ejercise\cpu-native-arch\build\t0m_int8_probe.exe" --D 512 --S 2 --R 1 --mode fused --variant A --S-tile 8 --workers 4 --cpus 0,2,4,6 --rows-per-worker 128,128,128,128 --iterations 1 --timed-repetitions 8 --warmup 2
[119] speed S=2 R=1 run=10 mode=fused order_index=1 "D:\Install\Dev\Projects\IA\Ejercise\cpu-native-arch\build\t0m_int8_probe.exe" --D 512 --S 2 --R 1 --mode fused --variant A --S-tile 8 --workers 4 --cpus 0,2,4,6 --rows-per-worker 128,128,128,128 --iterations 1 --timed-repetitions 8 --warmup 2
[120] speed S=2 R=1 run=10 mode=repeat order_index=2 "D:\Install\Dev\Projects\IA\Ejercise\cpu-native-arch\build\t0m_int8_probe.exe" --D 512 --S 2 --R 1 --mode repeat --variant A --S-tile 8 --workers 4 --cpus 0,2,4,6 --rows-per-worker 128,128,128,128 --iterations 1 --timed-repetitions 8 --warmup 2
[121] speed S=2 R=2 run=1 mode=repeat order_index=1 "D:\Install\Dev\Projects\IA\Ejercise\cpu-native-arch\build\t0m_int8_probe.exe" --D 512 --S 2 --R 2 --mode repeat --variant A --S-tile 8 --workers 4 --cpus 0,2,4,6 --rows-per-worker 128,128,128,128 --iterations 1 --timed-repetitions 8 --warmup 2
[122] speed S=2 R=2 run=1 mode=fused order_index=2 "D:\Install\Dev\Projects\IA\Ejercise\cpu-native-arch\build\t0m_int8_probe.exe" --D 512 --S 2 --R 2 --mode fused --variant A --S-tile 8 --workers 4 --cpus 0,2,4,6 --rows-per-worker 128,128,128,128 --iterations 1 --timed-repetitions 8 --warmup 2
[123] speed S=2 R=2 run=2 mode=fused order_index=1 "D:\Install\Dev\Projects\IA\Ejercise\cpu-native-arch\build\t0m_int8_probe.exe" --D 512 --S 2 --R 2 --mode fused --variant A --S-tile 8 --workers 4 --cpus 0,2,4,6 --rows-per-worker 128,128,128,128 --iterations 1 --timed-repetitions 8 --warmup 2
[124] speed S=2 R=2 run=2 mode=repeat order_index=2 "D:\Install\Dev\Projects\IA\Ejercise\cpu-native-arch\build\t0m_int8_probe.exe" --D 512 --S 2 --R 2 --mode repeat --variant A --S-tile 8 --workers 4 --cpus 0,2,4,6 --rows-per-worker 128,128,128,128 --iterations 1 --timed-repetitions 8 --warmup 2
[125] speed S=2 R=2 run=3 mode=repeat order_index=1 "D:\Install\Dev\Projects\IA\Ejercise\cpu-native-arch\build\t0m_int8_probe.exe" --D 512 --S 2 --R 2 --mode repeat --variant A --S-tile 8 --workers 4 --cpus 0,2,4,6 --rows-per-worker 128,128,128,128 --iterations 1 --timed-repetitions 8 --warmup 2
[126] speed S=2 R=2 run=3 mode=fused order_index=2 "D:\Install\Dev\Projects\IA\Ejercise\cpu-native-arch\build\t0m_int8_probe.exe" --D 512 --S 2 --R 2 --mode fused --variant A --S-tile 8 --workers 4 --cpus 0,2,4,6 --rows-per-worker 128,128,128,128 --iterations 1 --timed-repetitions 8 --warmup 2
[127] speed S=2 R=2 run=4 mode=fused order_index=1 "D:\Install\Dev\Projects\IA\Ejercise\cpu-native-arch\build\t0m_int8_probe.exe" --D 512 --S 2 --R 2 --mode fused --variant A --S-tile 8 --workers 4 --cpus 0,2,4,6 --rows-per-worker 128,128,128,128 --iterations 1 --timed-repetitions 8 --warmup 2
[128] speed S=2 R=2 run=4 mode=repeat order_index=2 "D:\Install\Dev\Projects\IA\Ejercise\cpu-native-arch\build\t0m_int8_probe.exe" --D 512 --S 2 --R 2 --mode repeat --variant A --S-tile 8 --workers 4 --cpus 0,2,4,6 --rows-per-worker 128,128,128,128 --iterations 1 --timed-repetitions 8 --warmup 2
[129] speed S=2 R=2 run=5 mode=repeat order_index=1 "D:\Install\Dev\Projects\IA\Ejercise\cpu-native-arch\build\t0m_int8_probe.exe" --D 512 --S 2 --R 2 --mode repeat --variant A --S-tile 8 --workers 4 --cpus 0,2,4,6 --rows-per-worker 128,128,128,128 --iterations 1 --timed-repetitions 8 --warmup 2
[130] speed S=2 R=2 run=5 mode=fused order_index=2 "D:\Install\Dev\Projects\IA\Ejercise\cpu-native-arch\build\t0m_int8_probe.exe" --D 512 --S 2 --R 2 --mode fused --variant A --S-tile 8 --workers 4 --cpus 0,2,4,6 --rows-per-worker 128,128,128,128 --iterations 1 --timed-repetitions 8 --warmup 2
[131] speed S=2 R=2 run=6 mode=fused order_index=1 "D:\Install\Dev\Projects\IA\Ejercise\cpu-native-arch\build\t0m_int8_probe.exe" --D 512 --S 2 --R 2 --mode fused --variant A --S-tile 8 --workers 4 --cpus 0,2,4,6 --rows-per-worker 128,128,128,128 --iterations 1 --timed-repetitions 8 --warmup 2
[132] speed S=2 R=2 run=6 mode=repeat order_index=2 "D:\Install\Dev\Projects\IA\Ejercise\cpu-native-arch\build\t0m_int8_probe.exe" --D 512 --S 2 --R 2 --mode repeat --variant A --S-tile 8 --workers 4 --cpus 0,2,4,6 --rows-per-worker 128,128,128,128 --iterations 1 --timed-repetitions 8 --warmup 2
[133] speed S=2 R=2 run=7 mode=repeat order_index=1 "D:\Install\Dev\Projects\IA\Ejercise\cpu-native-arch\build\t0m_int8_probe.exe" --D 512 --S 2 --R 2 --mode repeat --variant A --S-tile 8 --workers 4 --cpus 0,2,4,6 --rows-per-worker 128,128,128,128 --iterations 1 --timed-repetitions 8 --warmup 2
[134] speed S=2 R=2 run=7 mode=fused order_index=2 "D:\Install\Dev\Projects\IA\Ejercise\cpu-native-arch\build\t0m_int8_probe.exe" --D 512 --S 2 --R 2 --mode fused --variant A --S-tile 8 --workers 4 --cpus 0,2,4,6 --rows-per-worker 128,128,128,128 --iterations 1 --timed-repetitions 8 --warmup 2
[135] speed S=2 R=2 run=8 mode=fused order_index=1 "D:\Install\Dev\Projects\IA\Ejercise\cpu-native-arch\build\t0m_int8_probe.exe" --D 512 --S 2 --R 2 --mode fused --variant A --S-tile 8 --workers 4 --cpus 0,2,4,6 --rows-per-worker 128,128,128,128 --iterations 1 --timed-repetitions 8 --warmup 2
[136] speed S=2 R=2 run=8 mode=repeat order_index=2 "D:\Install\Dev\Projects\IA\Ejercise\cpu-native-arch\build\t0m_int8_probe.exe" --D 512 --S 2 --R 2 --mode repeat --variant A --S-tile 8 --workers 4 --cpus 0,2,4,6 --rows-per-worker 128,128,128,128 --iterations 1 --timed-repetitions 8 --warmup 2
[137] speed S=2 R=2 run=9 mode=repeat order_index=1 "D:\Install\Dev\Projects\IA\Ejercise\cpu-native-arch\build\t0m_int8_probe.exe" --D 512 --S 2 --R 2 --mode repeat --variant A --S-tile 8 --workers 4 --cpus 0,2,4,6 --rows-per-worker 128,128,128,128 --iterations 1 --timed-repetitions 8 --warmup 2
[138] speed S=2 R=2 run=9 mode=fused order_index=2 "D:\Install\Dev\Projects\IA\Ejercise\cpu-native-arch\build\t0m_int8_probe.exe" --D 512 --S 2 --R 2 --mode fused --variant A --S-tile 8 --workers 4 --cpus 0,2,4,6 --rows-per-worker 128,128,128,128 --iterations 1 --timed-repetitions 8 --warmup 2
[139] speed S=2 R=2 run=10 mode=fused order_index=1 "D:\Install\Dev\Projects\IA\Ejercise\cpu-native-arch\build\t0m_int8_probe.exe" --D 512 --S 2 --R 2 --mode fused --variant A --S-tile 8 --workers 4 --cpus 0,2,4,6 --rows-per-worker 128,128,128,128 --iterations 1 --timed-repetitions 8 --warmup 2
[140] speed S=2 R=2 run=10 mode=repeat order_index=2 "D:\Install\Dev\Projects\IA\Ejercise\cpu-native-arch\build\t0m_int8_probe.exe" --D 512 --S 2 --R 2 --mode repeat --variant A --S-tile 8 --workers 4 --cpus 0,2,4,6 --rows-per-worker 128,128,128,128 --iterations 1 --timed-repetitions 8 --warmup 2
[141] speed S=2 R=4 run=1 mode=repeat order_index=1 "D:\Install\Dev\Projects\IA\Ejercise\cpu-native-arch\build\t0m_int8_probe.exe" --D 512 --S 2 --R 4 --mode repeat --variant A --S-tile 8 --workers 4 --cpus 0,2,4,6 --rows-per-worker 128,128,128,128 --iterations 1 --timed-repetitions 8 --warmup 2
[142] speed S=2 R=4 run=1 mode=fused order_index=2 "D:\Install\Dev\Projects\IA\Ejercise\cpu-native-arch\build\t0m_int8_probe.exe" --D 512 --S 2 --R 4 --mode fused --variant A --S-tile 8 --workers 4 --cpus 0,2,4,6 --rows-per-worker 128,128,128,128 --iterations 1 --timed-repetitions 8 --warmup 2
[143] speed S=2 R=4 run=2 mode=fused order_index=1 "D:\Install\Dev\Projects\IA\Ejercise\cpu-native-arch\build\t0m_int8_probe.exe" --D 512 --S 2 --R 4 --mode fused --variant A --S-tile 8 --workers 4 --cpus 0,2,4,6 --rows-per-worker 128,128,128,128 --iterations 1 --timed-repetitions 8 --warmup 2
[144] speed S=2 R=4 run=2 mode=repeat order_index=2 "D:\Install\Dev\Projects\IA\Ejercise\cpu-native-arch\build\t0m_int8_probe.exe" --D 512 --S 2 --R 4 --mode repeat --variant A --S-tile 8 --workers 4 --cpus 0,2,4,6 --rows-per-worker 128,128,128,128 --iterations 1 --timed-repetitions 8 --warmup 2
[145] speed S=2 R=4 run=3 mode=repeat order_index=1 "D:\Install\Dev\Projects\IA\Ejercise\cpu-native-arch\build\t0m_int8_probe.exe" --D 512 --S 2 --R 4 --mode repeat --variant A --S-tile 8 --workers 4 --cpus 0,2,4,6 --rows-per-worker 128,128,128,128 --iterations 1 --timed-repetitions 8 --warmup 2
[146] speed S=2 R=4 run=3 mode=fused order_index=2 "D:\Install\Dev\Projects\IA\Ejercise\cpu-native-arch\build\t0m_int8_probe.exe" --D 512 --S 2 --R 4 --mode fused --variant A --S-tile 8 --workers 4 --cpus 0,2,4,6 --rows-per-worker 128,128,128,128 --iterations 1 --timed-repetitions 8 --warmup 2
[147] speed S=2 R=4 run=4 mode=fused order_index=1 "D:\Install\Dev\Projects\IA\Ejercise\cpu-native-arch\build\t0m_int8_probe.exe" --D 512 --S 2 --R 4 --mode fused --variant A --S-tile 8 --workers 4 --cpus 0,2,4,6 --rows-per-worker 128,128,128,128 --iterations 1 --timed-repetitions 8 --warmup 2
[148] speed S=2 R=4 run=4 mode=repeat order_index=2 "D:\Install\Dev\Projects\IA\Ejercise\cpu-native-arch\build\t0m_int8_probe.exe" --D 512 --S 2 --R 4 --mode repeat --variant A --S-tile 8 --workers 4 --cpus 0,2,4,6 --rows-per-worker 128,128,128,128 --iterations 1 --timed-repetitions 8 --warmup 2
[149] speed S=2 R=4 run=5 mode=repeat order_index=1 "D:\Install\Dev\Projects\IA\Ejercise\cpu-native-arch\build\t0m_int8_probe.exe" --D 512 --S 2 --R 4 --mode repeat --variant A --S-tile 8 --workers 4 --cpus 0,2,4,6 --rows-per-worker 128,128,128,128 --iterations 1 --timed-repetitions 8 --warmup 2
[150] speed S=2 R=4 run=5 mode=fused order_index=2 "D:\Install\Dev\Projects\IA\Ejercise\cpu-native-arch\build\t0m_int8_probe.exe" --D 512 --S 2 --R 4 --mode fused --variant A --S-tile 8 --workers 4 --cpus 0,2,4,6 --rows-per-worker 128,128,128,128 --iterations 1 --timed-repetitions 8 --warmup 2
[151] speed S=2 R=4 run=6 mode=fused order_index=1 "D:\Install\Dev\Projects\IA\Ejercise\cpu-native-arch\build\t0m_int8_probe.exe" --D 512 --S 2 --R 4 --mode fused --variant A --S-tile 8 --workers 4 --cpus 0,2,4,6 --rows-per-worker 128,128,128,128 --iterations 1 --timed-repetitions 8 --warmup 2
[152] speed S=2 R=4 run=6 mode=repeat order_index=2 "D:\Install\Dev\Projects\IA\Ejercise\cpu-native-arch\build\t0m_int8_probe.exe" --D 512 --S 2 --R 4 --mode repeat --variant A --S-tile 8 --workers 4 --cpus 0,2,4,6 --rows-per-worker 128,128,128,128 --iterations 1 --timed-repetitions 8 --warmup 2
[153] speed S=2 R=4 run=7 mode=repeat order_index=1 "D:\Install\Dev\Projects\IA\Ejercise\cpu-native-arch\build\t0m_int8_probe.exe" --D 512 --S 2 --R 4 --mode repeat --variant A --S-tile 8 --workers 4 --cpus 0,2,4,6 --rows-per-worker 128,128,128,128 --iterations 1 --timed-repetitions 8 --warmup 2
[154] speed S=2 R=4 run=7 mode=fused order_index=2 "D:\Install\Dev\Projects\IA\Ejercise\cpu-native-arch\build\t0m_int8_probe.exe" --D 512 --S 2 --R 4 --mode fused --variant A --S-tile 8 --workers 4 --cpus 0,2,4,6 --rows-per-worker 128,128,128,128 --iterations 1 --timed-repetitions 8 --warmup 2
[155] speed S=2 R=4 run=8 mode=fused order_index=1 "D:\Install\Dev\Projects\IA\Ejercise\cpu-native-arch\build\t0m_int8_probe.exe" --D 512 --S 2 --R 4 --mode fused --variant A --S-tile 8 --workers 4 --cpus 0,2,4,6 --rows-per-worker 128,128,128,128 --iterations 1 --timed-repetitions 8 --warmup 2
[156] speed S=2 R=4 run=8 mode=repeat order_index=2 "D:\Install\Dev\Projects\IA\Ejercise\cpu-native-arch\build\t0m_int8_probe.exe" --D 512 --S 2 --R 4 --mode repeat --variant A --S-tile 8 --workers 4 --cpus 0,2,4,6 --rows-per-worker 128,128,128,128 --iterations 1 --timed-repetitions 8 --warmup 2
[157] speed S=2 R=4 run=9 mode=repeat order_index=1 "D:\Install\Dev\Projects\IA\Ejercise\cpu-native-arch\build\t0m_int8_probe.exe" --D 512 --S 2 --R 4 --mode repeat --variant A --S-tile 8 --workers 4 --cpus 0,2,4,6 --rows-per-worker 128,128,128,128 --iterations 1 --timed-repetitions 8 --warmup 2
[158] speed S=2 R=4 run=9 mode=fused order_index=2 "D:\Install\Dev\Projects\IA\Ejercise\cpu-native-arch\build\t0m_int8_probe.exe" --D 512 --S 2 --R 4 --mode fused --variant A --S-tile 8 --workers 4 --cpus 0,2,4,6 --rows-per-worker 128,128,128,128 --iterations 1 --timed-repetitions 8 --warmup 2
[159] speed S=2 R=4 run=10 mode=fused order_index=1 "D:\Install\Dev\Projects\IA\Ejercise\cpu-native-arch\build\t0m_int8_probe.exe" --D 512 --S 2 --R 4 --mode fused --variant A --S-tile 8 --workers 4 --cpus 0,2,4,6 --rows-per-worker 128,128,128,128 --iterations 1 --timed-repetitions 8 --warmup 2
[160] speed S=2 R=4 run=10 mode=repeat order_index=2 "D:\Install\Dev\Projects\IA\Ejercise\cpu-native-arch\build\t0m_int8_probe.exe" --D 512 --S 2 --R 4 --mode repeat --variant A --S-tile 8 --workers 4 --cpus 0,2,4,6 --rows-per-worker 128,128,128,128 --iterations 1 --timed-repetitions 8 --warmup 2
[161] speed S=2 R=8 run=1 mode=repeat order_index=1 "D:\Install\Dev\Projects\IA\Ejercise\cpu-native-arch\build\t0m_int8_probe.exe" --D 512 --S 2 --R 8 --mode repeat --variant A --S-tile 8 --workers 4 --cpus 0,2,4,6 --rows-per-worker 128,128,128,128 --iterations 1 --timed-repetitions 8 --warmup 2
[162] speed S=2 R=8 run=1 mode=fused order_index=2 "D:\Install\Dev\Projects\IA\Ejercise\cpu-native-arch\build\t0m_int8_probe.exe" --D 512 --S 2 --R 8 --mode fused --variant A --S-tile 8 --workers 4 --cpus 0,2,4,6 --rows-per-worker 128,128,128,128 --iterations 1 --timed-repetitions 8 --warmup 2
[163] speed S=2 R=8 run=2 mode=fused order_index=1 "D:\Install\Dev\Projects\IA\Ejercise\cpu-native-arch\build\t0m_int8_probe.exe" --D 512 --S 2 --R 8 --mode fused --variant A --S-tile 8 --workers 4 --cpus 0,2,4,6 --rows-per-worker 128,128,128,128 --iterations 1 --timed-repetitions 8 --warmup 2
[164] speed S=2 R=8 run=2 mode=repeat order_index=2 "D:\Install\Dev\Projects\IA\Ejercise\cpu-native-arch\build\t0m_int8_probe.exe" --D 512 --S 2 --R 8 --mode repeat --variant A --S-tile 8 --workers 4 --cpus 0,2,4,6 --rows-per-worker 128,128,128,128 --iterations 1 --timed-repetitions 8 --warmup 2
[165] speed S=2 R=8 run=3 mode=repeat order_index=1 "D:\Install\Dev\Projects\IA\Ejercise\cpu-native-arch\build\t0m_int8_probe.exe" --D 512 --S 2 --R 8 --mode repeat --variant A --S-tile 8 --workers 4 --cpus 0,2,4,6 --rows-per-worker 128,128,128,128 --iterations 1 --timed-repetitions 8 --warmup 2
[166] speed S=2 R=8 run=3 mode=fused order_index=2 "D:\Install\Dev\Projects\IA\Ejercise\cpu-native-arch\build\t0m_int8_probe.exe" --D 512 --S 2 --R 8 --mode fused --variant A --S-tile 8 --workers 4 --cpus 0,2,4,6 --rows-per-worker 128,128,128,128 --iterations 1 --timed-repetitions 8 --warmup 2
[167] speed S=2 R=8 run=4 mode=fused order_index=1 "D:\Install\Dev\Projects\IA\Ejercise\cpu-native-arch\build\t0m_int8_probe.exe" --D 512 --S 2 --R 8 --mode fused --variant A --S-tile 8 --workers 4 --cpus 0,2,4,6 --rows-per-worker 128,128,128,128 --iterations 1 --timed-repetitions 8 --warmup 2
[168] speed S=2 R=8 run=4 mode=repeat order_index=2 "D:\Install\Dev\Projects\IA\Ejercise\cpu-native-arch\build\t0m_int8_probe.exe" --D 512 --S 2 --R 8 --mode repeat --variant A --S-tile 8 --workers 4 --cpus 0,2,4,6 --rows-per-worker 128,128,128,128 --iterations 1 --timed-repetitions 8 --warmup 2
[169] speed S=2 R=8 run=5 mode=repeat order_index=1 "D:\Install\Dev\Projects\IA\Ejercise\cpu-native-arch\build\t0m_int8_probe.exe" --D 512 --S 2 --R 8 --mode repeat --variant A --S-tile 8 --workers 4 --cpus 0,2,4,6 --rows-per-worker 128,128,128,128 --iterations 1 --timed-repetitions 8 --warmup 2
[170] speed S=2 R=8 run=5 mode=fused order_index=2 "D:\Install\Dev\Projects\IA\Ejercise\cpu-native-arch\build\t0m_int8_probe.exe" --D 512 --S 2 --R 8 --mode fused --variant A --S-tile 8 --workers 4 --cpus 0,2,4,6 --rows-per-worker 128,128,128,128 --iterations 1 --timed-repetitions 8 --warmup 2
[171] speed S=2 R=8 run=6 mode=fused order_index=1 "D:\Install\Dev\Projects\IA\Ejercise\cpu-native-arch\build\t0m_int8_probe.exe" --D 512 --S 2 --R 8 --mode fused --variant A --S-tile 8 --workers 4 --cpus 0,2,4,6 --rows-per-worker 128,128,128,128 --iterations 1 --timed-repetitions 8 --warmup 2
[172] speed S=2 R=8 run=6 mode=repeat order_index=2 "D:\Install\Dev\Projects\IA\Ejercise\cpu-native-arch\build\t0m_int8_probe.exe" --D 512 --S 2 --R 8 --mode repeat --variant A --S-tile 8 --workers 4 --cpus 0,2,4,6 --rows-per-worker 128,128,128,128 --iterations 1 --timed-repetitions 8 --warmup 2
[173] speed S=2 R=8 run=7 mode=repeat order_index=1 "D:\Install\Dev\Projects\IA\Ejercise\cpu-native-arch\build\t0m_int8_probe.exe" --D 512 --S 2 --R 8 --mode repeat --variant A --S-tile 8 --workers 4 --cpus 0,2,4,6 --rows-per-worker 128,128,128,128 --iterations 1 --timed-repetitions 8 --warmup 2
[174] speed S=2 R=8 run=7 mode=fused order_index=2 "D:\Install\Dev\Projects\IA\Ejercise\cpu-native-arch\build\t0m_int8_probe.exe" --D 512 --S 2 --R 8 --mode fused --variant A --S-tile 8 --workers 4 --cpus 0,2,4,6 --rows-per-worker 128,128,128,128 --iterations 1 --timed-repetitions 8 --warmup 2
[175] speed S=2 R=8 run=8 mode=fused order_index=1 "D:\Install\Dev\Projects\IA\Ejercise\cpu-native-arch\build\t0m_int8_probe.exe" --D 512 --S 2 --R 8 --mode fused --variant A --S-tile 8 --workers 4 --cpus 0,2,4,6 --rows-per-worker 128,128,128,128 --iterations 1 --timed-repetitions 8 --warmup 2
[176] speed S=2 R=8 run=8 mode=repeat order_index=2 "D:\Install\Dev\Projects\IA\Ejercise\cpu-native-arch\build\t0m_int8_probe.exe" --D 512 --S 2 --R 8 --mode repeat --variant A --S-tile 8 --workers 4 --cpus 0,2,4,6 --rows-per-worker 128,128,128,128 --iterations 1 --timed-repetitions 8 --warmup 2
[177] speed S=2 R=8 run=9 mode=repeat order_index=1 "D:\Install\Dev\Projects\IA\Ejercise\cpu-native-arch\build\t0m_int8_probe.exe" --D 512 --S 2 --R 8 --mode repeat --variant A --S-tile 8 --workers 4 --cpus 0,2,4,6 --rows-per-worker 128,128,128,128 --iterations 1 --timed-repetitions 8 --warmup 2
[178] speed S=2 R=8 run=9 mode=fused order_index=2 "D:\Install\Dev\Projects\IA\Ejercise\cpu-native-arch\build\t0m_int8_probe.exe" --D 512 --S 2 --R 8 --mode fused --variant A --S-tile 8 --workers 4 --cpus 0,2,4,6 --rows-per-worker 128,128,128,128 --iterations 1 --timed-repetitions 8 --warmup 2
[179] speed S=2 R=8 run=10 mode=fused order_index=1 "D:\Install\Dev\Projects\IA\Ejercise\cpu-native-arch\build\t0m_int8_probe.exe" --D 512 --S 2 --R 8 --mode fused --variant A --S-tile 8 --workers 4 --cpus 0,2,4,6 --rows-per-worker 128,128,128,128 --iterations 1 --timed-repetitions 8 --warmup 2
[180] speed S=2 R=8 run=10 mode=repeat order_index=2 "D:\Install\Dev\Projects\IA\Ejercise\cpu-native-arch\build\t0m_int8_probe.exe" --D 512 --S 2 --R 8 --mode repeat --variant A --S-tile 8 --workers 4 --cpus 0,2,4,6 --rows-per-worker 128,128,128,128 --iterations 1 --timed-repetitions 8 --warmup 2
[181] speed S=2 R=16 run=1 mode=repeat order_index=1 "D:\Install\Dev\Projects\IA\Ejercise\cpu-native-arch\build\t0m_int8_probe.exe" --D 512 --S 2 --R 16 --mode repeat --variant A --S-tile 8 --workers 4 --cpus 0,2,4,6 --rows-per-worker 128,128,128,128 --iterations 1 --timed-repetitions 8 --warmup 2
[182] speed S=2 R=16 run=1 mode=fused order_index=2 "D:\Install\Dev\Projects\IA\Ejercise\cpu-native-arch\build\t0m_int8_probe.exe" --D 512 --S 2 --R 16 --mode fused --variant A --S-tile 8 --workers 4 --cpus 0,2,4,6 --rows-per-worker 128,128,128,128 --iterations 1 --timed-repetitions 8 --warmup 2
[183] speed S=2 R=16 run=2 mode=fused order_index=1 "D:\Install\Dev\Projects\IA\Ejercise\cpu-native-arch\build\t0m_int8_probe.exe" --D 512 --S 2 --R 16 --mode fused --variant A --S-tile 8 --workers 4 --cpus 0,2,4,6 --rows-per-worker 128,128,128,128 --iterations 1 --timed-repetitions 8 --warmup 2
[184] speed S=2 R=16 run=2 mode=repeat order_index=2 "D:\Install\Dev\Projects\IA\Ejercise\cpu-native-arch\build\t0m_int8_probe.exe" --D 512 --S 2 --R 16 --mode repeat --variant A --S-tile 8 --workers 4 --cpus 0,2,4,6 --rows-per-worker 128,128,128,128 --iterations 1 --timed-repetitions 8 --warmup 2
[185] speed S=2 R=16 run=3 mode=repeat order_index=1 "D:\Install\Dev\Projects\IA\Ejercise\cpu-native-arch\build\t0m_int8_probe.exe" --D 512 --S 2 --R 16 --mode repeat --variant A --S-tile 8 --workers 4 --cpus 0,2,4,6 --rows-per-worker 128,128,128,128 --iterations 1 --timed-repetitions 8 --warmup 2
[186] speed S=2 R=16 run=3 mode=fused order_index=2 "D:\Install\Dev\Projects\IA\Ejercise\cpu-native-arch\build\t0m_int8_probe.exe" --D 512 --S 2 --R 16 --mode fused --variant A --S-tile 8 --workers 4 --cpus 0,2,4,6 --rows-per-worker 128,128,128,128 --iterations 1 --timed-repetitions 8 --warmup 2
[187] speed S=2 R=16 run=4 mode=fused order_index=1 "D:\Install\Dev\Projects\IA\Ejercise\cpu-native-arch\build\t0m_int8_probe.exe" --D 512 --S 2 --R 16 --mode fused --variant A --S-tile 8 --workers 4 --cpus 0,2,4,6 --rows-per-worker 128,128,128,128 --iterations 1 --timed-repetitions 8 --warmup 2
[188] speed S=2 R=16 run=4 mode=repeat order_index=2 "D:\Install\Dev\Projects\IA\Ejercise\cpu-native-arch\build\t0m_int8_probe.exe" --D 512 --S 2 --R 16 --mode repeat --variant A --S-tile 8 --workers 4 --cpus 0,2,4,6 --rows-per-worker 128,128,128,128 --iterations 1 --timed-repetitions 8 --warmup 2
[189] speed S=2 R=16 run=5 mode=repeat order_index=1 "D:\Install\Dev\Projects\IA\Ejercise\cpu-native-arch\build\t0m_int8_probe.exe" --D 512 --S 2 --R 16 --mode repeat --variant A --S-tile 8 --workers 4 --cpus 0,2,4,6 --rows-per-worker 128,128,128,128 --iterations 1 --timed-repetitions 8 --warmup 2
[190] speed S=2 R=16 run=5 mode=fused order_index=2 "D:\Install\Dev\Projects\IA\Ejercise\cpu-native-arch\build\t0m_int8_probe.exe" --D 512 --S 2 --R 16 --mode fused --variant A --S-tile 8 --workers 4 --cpus 0,2,4,6 --rows-per-worker 128,128,128,128 --iterations 1 --timed-repetitions 8 --warmup 2
[191] speed S=2 R=16 run=6 mode=fused order_index=1 "D:\Install\Dev\Projects\IA\Ejercise\cpu-native-arch\build\t0m_int8_probe.exe" --D 512 --S 2 --R 16 --mode fused --variant A --S-tile 8 --workers 4 --cpus 0,2,4,6 --rows-per-worker 128,128,128,128 --iterations 1 --timed-repetitions 8 --warmup 2
[192] speed S=2 R=16 run=6 mode=repeat order_index=2 "D:\Install\Dev\Projects\IA\Ejercise\cpu-native-arch\build\t0m_int8_probe.exe" --D 512 --S 2 --R 16 --mode repeat --variant A --S-tile 8 --workers 4 --cpus 0,2,4,6 --rows-per-worker 128,128,128,128 --iterations 1 --timed-repetitions 8 --warmup 2
[193] speed S=2 R=16 run=7 mode=repeat order_index=1 "D:\Install\Dev\Projects\IA\Ejercise\cpu-native-arch\build\t0m_int8_probe.exe" --D 512 --S 2 --R 16 --mode repeat --variant A --S-tile 8 --workers 4 --cpus 0,2,4,6 --rows-per-worker 128,128,128,128 --iterations 1 --timed-repetitions 8 --warmup 2
[194] speed S=2 R=16 run=7 mode=fused order_index=2 "D:\Install\Dev\Projects\IA\Ejercise\cpu-native-arch\build\t0m_int8_probe.exe" --D 512 --S 2 --R 16 --mode fused --variant A --S-tile 8 --workers 4 --cpus 0,2,4,6 --rows-per-worker 128,128,128,128 --iterations 1 --timed-repetitions 8 --warmup 2
[195] speed S=2 R=16 run=8 mode=fused order_index=1 "D:\Install\Dev\Projects\IA\Ejercise\cpu-native-arch\build\t0m_int8_probe.exe" --D 512 --S 2 --R 16 --mode fused --variant A --S-tile 8 --workers 4 --cpus 0,2,4,6 --rows-per-worker 128,128,128,128 --iterations 1 --timed-repetitions 8 --warmup 2
[196] speed S=2 R=16 run=8 mode=repeat order_index=2 "D:\Install\Dev\Projects\IA\Ejercise\cpu-native-arch\build\t0m_int8_probe.exe" --D 512 --S 2 --R 16 --mode repeat --variant A --S-tile 8 --workers 4 --cpus 0,2,4,6 --rows-per-worker 128,128,128,128 --iterations 1 --timed-repetitions 8 --warmup 2
[197] speed S=2 R=16 run=9 mode=repeat order_index=1 "D:\Install\Dev\Projects\IA\Ejercise\cpu-native-arch\build\t0m_int8_probe.exe" --D 512 --S 2 --R 16 --mode repeat --variant A --S-tile 8 --workers 4 --cpus 0,2,4,6 --rows-per-worker 128,128,128,128 --iterations 1 --timed-repetitions 8 --warmup 2
[198] speed S=2 R=16 run=9 mode=fused order_index=2 "D:\Install\Dev\Projects\IA\Ejercise\cpu-native-arch\build\t0m_int8_probe.exe" --D 512 --S 2 --R 16 --mode fused --variant A --S-tile 8 --workers 4 --cpus 0,2,4,6 --rows-per-worker 128,128,128,128 --iterations 1 --timed-repetitions 8 --warmup 2
[199] speed S=2 R=16 run=10 mode=fused order_index=1 "D:\Install\Dev\Projects\IA\Ejercise\cpu-native-arch\build\t0m_int8_probe.exe" --D 512 --S 2 --R 16 --mode fused --variant A --S-tile 8 --workers 4 --cpus 0,2,4,6 --rows-per-worker 128,128,128,128 --iterations 1 --timed-repetitions 8 --warmup 2
[200] speed S=2 R=16 run=10 mode=repeat order_index=2 "D:\Install\Dev\Projects\IA\Ejercise\cpu-native-arch\build\t0m_int8_probe.exe" --D 512 --S 2 --R 16 --mode repeat --variant A --S-tile 8 --workers 4 --cpus 0,2,4,6 --rows-per-worker 128,128,128,128 --iterations 1 --timed-repetitions 8 --warmup 2
[201] speed S=4 R=1 run=1 mode=repeat order_index=1 "D:\Install\Dev\Projects\IA\Ejercise\cpu-native-arch\build\t0m_int8_probe.exe" --D 512 --S 4 --R 1 --mode repeat --variant A --S-tile 8 --workers 4 --cpus 0,2,4,6 --rows-per-worker 128,128,128,128 --iterations 1 --timed-repetitions 8 --warmup 2
[202] speed S=4 R=1 run=1 mode=fused order_index=2 "D:\Install\Dev\Projects\IA\Ejercise\cpu-native-arch\build\t0m_int8_probe.exe" --D 512 --S 4 --R 1 --mode fused --variant A --S-tile 8 --workers 4 --cpus 0,2,4,6 --rows-per-worker 128,128,128,128 --iterations 1 --timed-repetitions 8 --warmup 2
[203] speed S=4 R=1 run=2 mode=fused order_index=1 "D:\Install\Dev\Projects\IA\Ejercise\cpu-native-arch\build\t0m_int8_probe.exe" --D 512 --S 4 --R 1 --mode fused --variant A --S-tile 8 --workers 4 --cpus 0,2,4,6 --rows-per-worker 128,128,128,128 --iterations 1 --timed-repetitions 8 --warmup 2
[204] speed S=4 R=1 run=2 mode=repeat order_index=2 "D:\Install\Dev\Projects\IA\Ejercise\cpu-native-arch\build\t0m_int8_probe.exe" --D 512 --S 4 --R 1 --mode repeat --variant A --S-tile 8 --workers 4 --cpus 0,2,4,6 --rows-per-worker 128,128,128,128 --iterations 1 --timed-repetitions 8 --warmup 2
[205] speed S=4 R=1 run=3 mode=repeat order_index=1 "D:\Install\Dev\Projects\IA\Ejercise\cpu-native-arch\build\t0m_int8_probe.exe" --D 512 --S 4 --R 1 --mode repeat --variant A --S-tile 8 --workers 4 --cpus 0,2,4,6 --rows-per-worker 128,128,128,128 --iterations 1 --timed-repetitions 8 --warmup 2
[206] speed S=4 R=1 run=3 mode=fused order_index=2 "D:\Install\Dev\Projects\IA\Ejercise\cpu-native-arch\build\t0m_int8_probe.exe" --D 512 --S 4 --R 1 --mode fused --variant A --S-tile 8 --workers 4 --cpus 0,2,4,6 --rows-per-worker 128,128,128,128 --iterations 1 --timed-repetitions 8 --warmup 2
[207] speed S=4 R=1 run=4 mode=fused order_index=1 "D:\Install\Dev\Projects\IA\Ejercise\cpu-native-arch\build\t0m_int8_probe.exe" --D 512 --S 4 --R 1 --mode fused --variant A --S-tile 8 --workers 4 --cpus 0,2,4,6 --rows-per-worker 128,128,128,128 --iterations 1 --timed-repetitions 8 --warmup 2
[208] speed S=4 R=1 run=4 mode=repeat order_index=2 "D:\Install\Dev\Projects\IA\Ejercise\cpu-native-arch\build\t0m_int8_probe.exe" --D 512 --S 4 --R 1 --mode repeat --variant A --S-tile 8 --workers 4 --cpus 0,2,4,6 --rows-per-worker 128,128,128,128 --iterations 1 --timed-repetitions 8 --warmup 2
[209] speed S=4 R=1 run=5 mode=repeat order_index=1 "D:\Install\Dev\Projects\IA\Ejercise\cpu-native-arch\build\t0m_int8_probe.exe" --D 512 --S 4 --R 1 --mode repeat --variant A --S-tile 8 --workers 4 --cpus 0,2,4,6 --rows-per-worker 128,128,128,128 --iterations 1 --timed-repetitions 8 --warmup 2
[210] speed S=4 R=1 run=5 mode=fused order_index=2 "D:\Install\Dev\Projects\IA\Ejercise\cpu-native-arch\build\t0m_int8_probe.exe" --D 512 --S 4 --R 1 --mode fused --variant A --S-tile 8 --workers 4 --cpus 0,2,4,6 --rows-per-worker 128,128,128,128 --iterations 1 --timed-repetitions 8 --warmup 2
[211] speed S=4 R=1 run=6 mode=fused order_index=1 "D:\Install\Dev\Projects\IA\Ejercise\cpu-native-arch\build\t0m_int8_probe.exe" --D 512 --S 4 --R 1 --mode fused --variant A --S-tile 8 --workers 4 --cpus 0,2,4,6 --rows-per-worker 128,128,128,128 --iterations 1 --timed-repetitions 8 --warmup 2
[212] speed S=4 R=1 run=6 mode=repeat order_index=2 "D:\Install\Dev\Projects\IA\Ejercise\cpu-native-arch\build\t0m_int8_probe.exe" --D 512 --S 4 --R 1 --mode repeat --variant A --S-tile 8 --workers 4 --cpus 0,2,4,6 --rows-per-worker 128,128,128,128 --iterations 1 --timed-repetitions 8 --warmup 2
[213] speed S=4 R=1 run=7 mode=repeat order_index=1 "D:\Install\Dev\Projects\IA\Ejercise\cpu-native-arch\build\t0m_int8_probe.exe" --D 512 --S 4 --R 1 --mode repeat --variant A --S-tile 8 --workers 4 --cpus 0,2,4,6 --rows-per-worker 128,128,128,128 --iterations 1 --timed-repetitions 8 --warmup 2
[214] speed S=4 R=1 run=7 mode=fused order_index=2 "D:\Install\Dev\Projects\IA\Ejercise\cpu-native-arch\build\t0m_int8_probe.exe" --D 512 --S 4 --R 1 --mode fused --variant A --S-tile 8 --workers 4 --cpus 0,2,4,6 --rows-per-worker 128,128,128,128 --iterations 1 --timed-repetitions 8 --warmup 2
[215] speed S=4 R=1 run=8 mode=fused order_index=1 "D:\Install\Dev\Projects\IA\Ejercise\cpu-native-arch\build\t0m_int8_probe.exe" --D 512 --S 4 --R 1 --mode fused --variant A --S-tile 8 --workers 4 --cpus 0,2,4,6 --rows-per-worker 128,128,128,128 --iterations 1 --timed-repetitions 8 --warmup 2
[216] speed S=4 R=1 run=8 mode=repeat order_index=2 "D:\Install\Dev\Projects\IA\Ejercise\cpu-native-arch\build\t0m_int8_probe.exe" --D 512 --S 4 --R 1 --mode repeat --variant A --S-tile 8 --workers 4 --cpus 0,2,4,6 --rows-per-worker 128,128,128,128 --iterations 1 --timed-repetitions 8 --warmup 2
[217] speed S=4 R=1 run=9 mode=repeat order_index=1 "D:\Install\Dev\Projects\IA\Ejercise\cpu-native-arch\build\t0m_int8_probe.exe" --D 512 --S 4 --R 1 --mode repeat --variant A --S-tile 8 --workers 4 --cpus 0,2,4,6 --rows-per-worker 128,128,128,128 --iterations 1 --timed-repetitions 8 --warmup 2
[218] speed S=4 R=1 run=9 mode=fused order_index=2 "D:\Install\Dev\Projects\IA\Ejercise\cpu-native-arch\build\t0m_int8_probe.exe" --D 512 --S 4 --R 1 --mode fused --variant A --S-tile 8 --workers 4 --cpus 0,2,4,6 --rows-per-worker 128,128,128,128 --iterations 1 --timed-repetitions 8 --warmup 2
[219] speed S=4 R=1 run=10 mode=fused order_index=1 "D:\Install\Dev\Projects\IA\Ejercise\cpu-native-arch\build\t0m_int8_probe.exe" --D 512 --S 4 --R 1 --mode fused --variant A --S-tile 8 --workers 4 --cpus 0,2,4,6 --rows-per-worker 128,128,128,128 --iterations 1 --timed-repetitions 8 --warmup 2
[220] speed S=4 R=1 run=10 mode=repeat order_index=2 "D:\Install\Dev\Projects\IA\Ejercise\cpu-native-arch\build\t0m_int8_probe.exe" --D 512 --S 4 --R 1 --mode repeat --variant A --S-tile 8 --workers 4 --cpus 0,2,4,6 --rows-per-worker 128,128,128,128 --iterations 1 --timed-repetitions 8 --warmup 2
[221] speed S=4 R=2 run=1 mode=repeat order_index=1 "D:\Install\Dev\Projects\IA\Ejercise\cpu-native-arch\build\t0m_int8_probe.exe" --D 512 --S 4 --R 2 --mode repeat --variant A --S-tile 8 --workers 4 --cpus 0,2,4,6 --rows-per-worker 128,128,128,128 --iterations 1 --timed-repetitions 8 --warmup 2
[222] speed S=4 R=2 run=1 mode=fused order_index=2 "D:\Install\Dev\Projects\IA\Ejercise\cpu-native-arch\build\t0m_int8_probe.exe" --D 512 --S 4 --R 2 --mode fused --variant A --S-tile 8 --workers 4 --cpus 0,2,4,6 --rows-per-worker 128,128,128,128 --iterations 1 --timed-repetitions 8 --warmup 2
[223] speed S=4 R=2 run=2 mode=fused order_index=1 "D:\Install\Dev\Projects\IA\Ejercise\cpu-native-arch\build\t0m_int8_probe.exe" --D 512 --S 4 --R 2 --mode fused --variant A --S-tile 8 --workers 4 --cpus 0,2,4,6 --rows-per-worker 128,128,128,128 --iterations 1 --timed-repetitions 8 --warmup 2
[224] speed S=4 R=2 run=2 mode=repeat order_index=2 "D:\Install\Dev\Projects\IA\Ejercise\cpu-native-arch\build\t0m_int8_probe.exe" --D 512 --S 4 --R 2 --mode repeat --variant A --S-tile 8 --workers 4 --cpus 0,2,4,6 --rows-per-worker 128,128,128,128 --iterations 1 --timed-repetitions 8 --warmup 2
[225] speed S=4 R=2 run=3 mode=repeat order_index=1 "D:\Install\Dev\Projects\IA\Ejercise\cpu-native-arch\build\t0m_int8_probe.exe" --D 512 --S 4 --R 2 --mode repeat --variant A --S-tile 8 --workers 4 --cpus 0,2,4,6 --rows-per-worker 128,128,128,128 --iterations 1 --timed-repetitions 8 --warmup 2
[226] speed S=4 R=2 run=3 mode=fused order_index=2 "D:\Install\Dev\Projects\IA\Ejercise\cpu-native-arch\build\t0m_int8_probe.exe" --D 512 --S 4 --R 2 --mode fused --variant A --S-tile 8 --workers 4 --cpus 0,2,4,6 --rows-per-worker 128,128,128,128 --iterations 1 --timed-repetitions 8 --warmup 2
[227] speed S=4 R=2 run=4 mode=fused order_index=1 "D:\Install\Dev\Projects\IA\Ejercise\cpu-native-arch\build\t0m_int8_probe.exe" --D 512 --S 4 --R 2 --mode fused --variant A --S-tile 8 --workers 4 --cpus 0,2,4,6 --rows-per-worker 128,128,128,128 --iterations 1 --timed-repetitions 8 --warmup 2
[228] speed S=4 R=2 run=4 mode=repeat order_index=2 "D:\Install\Dev\Projects\IA\Ejercise\cpu-native-arch\build\t0m_int8_probe.exe" --D 512 --S 4 --R 2 --mode repeat --variant A --S-tile 8 --workers 4 --cpus 0,2,4,6 --rows-per-worker 128,128,128,128 --iterations 1 --timed-repetitions 8 --warmup 2
[229] speed S=4 R=2 run=5 mode=repeat order_index=1 "D:\Install\Dev\Projects\IA\Ejercise\cpu-native-arch\build\t0m_int8_probe.exe" --D 512 --S 4 --R 2 --mode repeat --variant A --S-tile 8 --workers 4 --cpus 0,2,4,6 --rows-per-worker 128,128,128,128 --iterations 1 --timed-repetitions 8 --warmup 2
[230] speed S=4 R=2 run=5 mode=fused order_index=2 "D:\Install\Dev\Projects\IA\Ejercise\cpu-native-arch\build\t0m_int8_probe.exe" --D 512 --S 4 --R 2 --mode fused --variant A --S-tile 8 --workers 4 --cpus 0,2,4,6 --rows-per-worker 128,128,128,128 --iterations 1 --timed-repetitions 8 --warmup 2
[231] speed S=4 R=2 run=6 mode=fused order_index=1 "D:\Install\Dev\Projects\IA\Ejercise\cpu-native-arch\build\t0m_int8_probe.exe" --D 512 --S 4 --R 2 --mode fused --variant A --S-tile 8 --workers 4 --cpus 0,2,4,6 --rows-per-worker 128,128,128,128 --iterations 1 --timed-repetitions 8 --warmup 2
[232] speed S=4 R=2 run=6 mode=repeat order_index=2 "D:\Install\Dev\Projects\IA\Ejercise\cpu-native-arch\build\t0m_int8_probe.exe" --D 512 --S 4 --R 2 --mode repeat --variant A --S-tile 8 --workers 4 --cpus 0,2,4,6 --rows-per-worker 128,128,128,128 --iterations 1 --timed-repetitions 8 --warmup 2
[233] speed S=4 R=2 run=7 mode=repeat order_index=1 "D:\Install\Dev\Projects\IA\Ejercise\cpu-native-arch\build\t0m_int8_probe.exe" --D 512 --S 4 --R 2 --mode repeat --variant A --S-tile 8 --workers 4 --cpus 0,2,4,6 --rows-per-worker 128,128,128,128 --iterations 1 --timed-repetitions 8 --warmup 2
[234] speed S=4 R=2 run=7 mode=fused order_index=2 "D:\Install\Dev\Projects\IA\Ejercise\cpu-native-arch\build\t0m_int8_probe.exe" --D 512 --S 4 --R 2 --mode fused --variant A --S-tile 8 --workers 4 --cpus 0,2,4,6 --rows-per-worker 128,128,128,128 --iterations 1 --timed-repetitions 8 --warmup 2
[235] speed S=4 R=2 run=8 mode=fused order_index=1 "D:\Install\Dev\Projects\IA\Ejercise\cpu-native-arch\build\t0m_int8_probe.exe" --D 512 --S 4 --R 2 --mode fused --variant A --S-tile 8 --workers 4 --cpus 0,2,4,6 --rows-per-worker 128,128,128,128 --iterations 1 --timed-repetitions 8 --warmup 2
[236] speed S=4 R=2 run=8 mode=repeat order_index=2 "D:\Install\Dev\Projects\IA\Ejercise\cpu-native-arch\build\t0m_int8_probe.exe" --D 512 --S 4 --R 2 --mode repeat --variant A --S-tile 8 --workers 4 --cpus 0,2,4,6 --rows-per-worker 128,128,128,128 --iterations 1 --timed-repetitions 8 --warmup 2
[237] speed S=4 R=2 run=9 mode=repeat order_index=1 "D:\Install\Dev\Projects\IA\Ejercise\cpu-native-arch\build\t0m_int8_probe.exe" --D 512 --S 4 --R 2 --mode repeat --variant A --S-tile 8 --workers 4 --cpus 0,2,4,6 --rows-per-worker 128,128,128,128 --iterations 1 --timed-repetitions 8 --warmup 2
[238] speed S=4 R=2 run=9 mode=fused order_index=2 "D:\Install\Dev\Projects\IA\Ejercise\cpu-native-arch\build\t0m_int8_probe.exe" --D 512 --S 4 --R 2 --mode fused --variant A --S-tile 8 --workers 4 --cpus 0,2,4,6 --rows-per-worker 128,128,128,128 --iterations 1 --timed-repetitions 8 --warmup 2
[239] speed S=4 R=2 run=10 mode=fused order_index=1 "D:\Install\Dev\Projects\IA\Ejercise\cpu-native-arch\build\t0m_int8_probe.exe" --D 512 --S 4 --R 2 --mode fused --variant A --S-tile 8 --workers 4 --cpus 0,2,4,6 --rows-per-worker 128,128,128,128 --iterations 1 --timed-repetitions 8 --warmup 2
[240] speed S=4 R=2 run=10 mode=repeat order_index=2 "D:\Install\Dev\Projects\IA\Ejercise\cpu-native-arch\build\t0m_int8_probe.exe" --D 512 --S 4 --R 2 --mode repeat --variant A --S-tile 8 --workers 4 --cpus 0,2,4,6 --rows-per-worker 128,128,128,128 --iterations 1 --timed-repetitions 8 --warmup 2
[241] speed S=4 R=4 run=1 mode=repeat order_index=1 "D:\Install\Dev\Projects\IA\Ejercise\cpu-native-arch\build\t0m_int8_probe.exe" --D 512 --S 4 --R 4 --mode repeat --variant A --S-tile 8 --workers 4 --cpus 0,2,4,6 --rows-per-worker 128,128,128,128 --iterations 1 --timed-repetitions 8 --warmup 2
[242] speed S=4 R=4 run=1 mode=fused order_index=2 "D:\Install\Dev\Projects\IA\Ejercise\cpu-native-arch\build\t0m_int8_probe.exe" --D 512 --S 4 --R 4 --mode fused --variant A --S-tile 8 --workers 4 --cpus 0,2,4,6 --rows-per-worker 128,128,128,128 --iterations 1 --timed-repetitions 8 --warmup 2
[243] speed S=4 R=4 run=2 mode=fused order_index=1 "D:\Install\Dev\Projects\IA\Ejercise\cpu-native-arch\build\t0m_int8_probe.exe" --D 512 --S 4 --R 4 --mode fused --variant A --S-tile 8 --workers 4 --cpus 0,2,4,6 --rows-per-worker 128,128,128,128 --iterations 1 --timed-repetitions 8 --warmup 2
[244] speed S=4 R=4 run=2 mode=repeat order_index=2 "D:\Install\Dev\Projects\IA\Ejercise\cpu-native-arch\build\t0m_int8_probe.exe" --D 512 --S 4 --R 4 --mode repeat --variant A --S-tile 8 --workers 4 --cpus 0,2,4,6 --rows-per-worker 128,128,128,128 --iterations 1 --timed-repetitions 8 --warmup 2
[245] speed S=4 R=4 run=3 mode=repeat order_index=1 "D:\Install\Dev\Projects\IA\Ejercise\cpu-native-arch\build\t0m_int8_probe.exe" --D 512 --S 4 --R 4 --mode repeat --variant A --S-tile 8 --workers 4 --cpus 0,2,4,6 --rows-per-worker 128,128,128,128 --iterations 1 --timed-repetitions 8 --warmup 2
[246] speed S=4 R=4 run=3 mode=fused order_index=2 "D:\Install\Dev\Projects\IA\Ejercise\cpu-native-arch\build\t0m_int8_probe.exe" --D 512 --S 4 --R 4 --mode fused --variant A --S-tile 8 --workers 4 --cpus 0,2,4,6 --rows-per-worker 128,128,128,128 --iterations 1 --timed-repetitions 8 --warmup 2
[247] speed S=4 R=4 run=4 mode=fused order_index=1 "D:\Install\Dev\Projects\IA\Ejercise\cpu-native-arch\build\t0m_int8_probe.exe" --D 512 --S 4 --R 4 --mode fused --variant A --S-tile 8 --workers 4 --cpus 0,2,4,6 --rows-per-worker 128,128,128,128 --iterations 1 --timed-repetitions 8 --warmup 2
[248] speed S=4 R=4 run=4 mode=repeat order_index=2 "D:\Install\Dev\Projects\IA\Ejercise\cpu-native-arch\build\t0m_int8_probe.exe" --D 512 --S 4 --R 4 --mode repeat --variant A --S-tile 8 --workers 4 --cpus 0,2,4,6 --rows-per-worker 128,128,128,128 --iterations 1 --timed-repetitions 8 --warmup 2
[249] speed S=4 R=4 run=5 mode=repeat order_index=1 "D:\Install\Dev\Projects\IA\Ejercise\cpu-native-arch\build\t0m_int8_probe.exe" --D 512 --S 4 --R 4 --mode repeat --variant A --S-tile 8 --workers 4 --cpus 0,2,4,6 --rows-per-worker 128,128,128,128 --iterations 1 --timed-repetitions 8 --warmup 2
[250] speed S=4 R=4 run=5 mode=fused order_index=2 "D:\Install\Dev\Projects\IA\Ejercise\cpu-native-arch\build\t0m_int8_probe.exe" --D 512 --S 4 --R 4 --mode fused --variant A --S-tile 8 --workers 4 --cpus 0,2,4,6 --rows-per-worker 128,128,128,128 --iterations 1 --timed-repetitions 8 --warmup 2
[251] speed S=4 R=4 run=6 mode=fused order_index=1 "D:\Install\Dev\Projects\IA\Ejercise\cpu-native-arch\build\t0m_int8_probe.exe" --D 512 --S 4 --R 4 --mode fused --variant A --S-tile 8 --workers 4 --cpus 0,2,4,6 --rows-per-worker 128,128,128,128 --iterations 1 --timed-repetitions 8 --warmup 2
[252] speed S=4 R=4 run=6 mode=repeat order_index=2 "D:\Install\Dev\Projects\IA\Ejercise\cpu-native-arch\build\t0m_int8_probe.exe" --D 512 --S 4 --R 4 --mode repeat --variant A --S-tile 8 --workers 4 --cpus 0,2,4,6 --rows-per-worker 128,128,128,128 --iterations 1 --timed-repetitions 8 --warmup 2
[253] speed S=4 R=4 run=7 mode=repeat order_index=1 "D:\Install\Dev\Projects\IA\Ejercise\cpu-native-arch\build\t0m_int8_probe.exe" --D 512 --S 4 --R 4 --mode repeat --variant A --S-tile 8 --workers 4 --cpus 0,2,4,6 --rows-per-worker 128,128,128,128 --iterations 1 --timed-repetitions 8 --warmup 2
[254] speed S=4 R=4 run=7 mode=fused order_index=2 "D:\Install\Dev\Projects\IA\Ejercise\cpu-native-arch\build\t0m_int8_probe.exe" --D 512 --S 4 --R 4 --mode fused --variant A --S-tile 8 --workers 4 --cpus 0,2,4,6 --rows-per-worker 128,128,128,128 --iterations 1 --timed-repetitions 8 --warmup 2
[255] speed S=4 R=4 run=8 mode=fused order_index=1 "D:\Install\Dev\Projects\IA\Ejercise\cpu-native-arch\build\t0m_int8_probe.exe" --D 512 --S 4 --R 4 --mode fused --variant A --S-tile 8 --workers 4 --cpus 0,2,4,6 --rows-per-worker 128,128,128,128 --iterations 1 --timed-repetitions 8 --warmup 2
[256] speed S=4 R=4 run=8 mode=repeat order_index=2 "D:\Install\Dev\Projects\IA\Ejercise\cpu-native-arch\build\t0m_int8_probe.exe" --D 512 --S 4 --R 4 --mode repeat --variant A --S-tile 8 --workers 4 --cpus 0,2,4,6 --rows-per-worker 128,128,128,128 --iterations 1 --timed-repetitions 8 --warmup 2
[257] speed S=4 R=4 run=9 mode=repeat order_index=1 "D:\Install\Dev\Projects\IA\Ejercise\cpu-native-arch\build\t0m_int8_probe.exe" --D 512 --S 4 --R 4 --mode repeat --variant A --S-tile 8 --workers 4 --cpus 0,2,4,6 --rows-per-worker 128,128,128,128 --iterations 1 --timed-repetitions 8 --warmup 2
[258] speed S=4 R=4 run=9 mode=fused order_index=2 "D:\Install\Dev\Projects\IA\Ejercise\cpu-native-arch\build\t0m_int8_probe.exe" --D 512 --S 4 --R 4 --mode fused --variant A --S-tile 8 --workers 4 --cpus 0,2,4,6 --rows-per-worker 128,128,128,128 --iterations 1 --timed-repetitions 8 --warmup 2
[259] speed S=4 R=4 run=10 mode=fused order_index=1 "D:\Install\Dev\Projects\IA\Ejercise\cpu-native-arch\build\t0m_int8_probe.exe" --D 512 --S 4 --R 4 --mode fused --variant A --S-tile 8 --workers 4 --cpus 0,2,4,6 --rows-per-worker 128,128,128,128 --iterations 1 --timed-repetitions 8 --warmup 2
[260] speed S=4 R=4 run=10 mode=repeat order_index=2 "D:\Install\Dev\Projects\IA\Ejercise\cpu-native-arch\build\t0m_int8_probe.exe" --D 512 --S 4 --R 4 --mode repeat --variant A --S-tile 8 --workers 4 --cpus 0,2,4,6 --rows-per-worker 128,128,128,128 --iterations 1 --timed-repetitions 8 --warmup 2
[261] speed S=4 R=8 run=1 mode=repeat order_index=1 "D:\Install\Dev\Projects\IA\Ejercise\cpu-native-arch\build\t0m_int8_probe.exe" --D 512 --S 4 --R 8 --mode repeat --variant A --S-tile 8 --workers 4 --cpus 0,2,4,6 --rows-per-worker 128,128,128,128 --iterations 1 --timed-repetitions 8 --warmup 2
[262] speed S=4 R=8 run=1 mode=fused order_index=2 "D:\Install\Dev\Projects\IA\Ejercise\cpu-native-arch\build\t0m_int8_probe.exe" --D 512 --S 4 --R 8 --mode fused --variant A --S-tile 8 --workers 4 --cpus 0,2,4,6 --rows-per-worker 128,128,128,128 --iterations 1 --timed-repetitions 8 --warmup 2
[263] speed S=4 R=8 run=2 mode=fused order_index=1 "D:\Install\Dev\Projects\IA\Ejercise\cpu-native-arch\build\t0m_int8_probe.exe" --D 512 --S 4 --R 8 --mode fused --variant A --S-tile 8 --workers 4 --cpus 0,2,4,6 --rows-per-worker 128,128,128,128 --iterations 1 --timed-repetitions 8 --warmup 2
[264] speed S=4 R=8 run=2 mode=repeat order_index=2 "D:\Install\Dev\Projects\IA\Ejercise\cpu-native-arch\build\t0m_int8_probe.exe" --D 512 --S 4 --R 8 --mode repeat --variant A --S-tile 8 --workers 4 --cpus 0,2,4,6 --rows-per-worker 128,128,128,128 --iterations 1 --timed-repetitions 8 --warmup 2
[265] speed S=4 R=8 run=3 mode=repeat order_index=1 "D:\Install\Dev\Projects\IA\Ejercise\cpu-native-arch\build\t0m_int8_probe.exe" --D 512 --S 4 --R 8 --mode repeat --variant A --S-tile 8 --workers 4 --cpus 0,2,4,6 --rows-per-worker 128,128,128,128 --iterations 1 --timed-repetitions 8 --warmup 2
[266] speed S=4 R=8 run=3 mode=fused order_index=2 "D:\Install\Dev\Projects\IA\Ejercise\cpu-native-arch\build\t0m_int8_probe.exe" --D 512 --S 4 --R 8 --mode fused --variant A --S-tile 8 --workers 4 --cpus 0,2,4,6 --rows-per-worker 128,128,128,128 --iterations 1 --timed-repetitions 8 --warmup 2
[267] speed S=4 R=8 run=4 mode=fused order_index=1 "D:\Install\Dev\Projects\IA\Ejercise\cpu-native-arch\build\t0m_int8_probe.exe" --D 512 --S 4 --R 8 --mode fused --variant A --S-tile 8 --workers 4 --cpus 0,2,4,6 --rows-per-worker 128,128,128,128 --iterations 1 --timed-repetitions 8 --warmup 2
[268] speed S=4 R=8 run=4 mode=repeat order_index=2 "D:\Install\Dev\Projects\IA\Ejercise\cpu-native-arch\build\t0m_int8_probe.exe" --D 512 --S 4 --R 8 --mode repeat --variant A --S-tile 8 --workers 4 --cpus 0,2,4,6 --rows-per-worker 128,128,128,128 --iterations 1 --timed-repetitions 8 --warmup 2
[269] speed S=4 R=8 run=5 mode=repeat order_index=1 "D:\Install\Dev\Projects\IA\Ejercise\cpu-native-arch\build\t0m_int8_probe.exe" --D 512 --S 4 --R 8 --mode repeat --variant A --S-tile 8 --workers 4 --cpus 0,2,4,6 --rows-per-worker 128,128,128,128 --iterations 1 --timed-repetitions 8 --warmup 2
[270] speed S=4 R=8 run=5 mode=fused order_index=2 "D:\Install\Dev\Projects\IA\Ejercise\cpu-native-arch\build\t0m_int8_probe.exe" --D 512 --S 4 --R 8 --mode fused --variant A --S-tile 8 --workers 4 --cpus 0,2,4,6 --rows-per-worker 128,128,128,128 --iterations 1 --timed-repetitions 8 --warmup 2
[271] speed S=4 R=8 run=6 mode=fused order_index=1 "D:\Install\Dev\Projects\IA\Ejercise\cpu-native-arch\build\t0m_int8_probe.exe" --D 512 --S 4 --R 8 --mode fused --variant A --S-tile 8 --workers 4 --cpus 0,2,4,6 --rows-per-worker 128,128,128,128 --iterations 1 --timed-repetitions 8 --warmup 2
[272] speed S=4 R=8 run=6 mode=repeat order_index=2 "D:\Install\Dev\Projects\IA\Ejercise\cpu-native-arch\build\t0m_int8_probe.exe" --D 512 --S 4 --R 8 --mode repeat --variant A --S-tile 8 --workers 4 --cpus 0,2,4,6 --rows-per-worker 128,128,128,128 --iterations 1 --timed-repetitions 8 --warmup 2
[273] speed S=4 R=8 run=7 mode=repeat order_index=1 "D:\Install\Dev\Projects\IA\Ejercise\cpu-native-arch\build\t0m_int8_probe.exe" --D 512 --S 4 --R 8 --mode repeat --variant A --S-tile 8 --workers 4 --cpus 0,2,4,6 --rows-per-worker 128,128,128,128 --iterations 1 --timed-repetitions 8 --warmup 2
[274] speed S=4 R=8 run=7 mode=fused order_index=2 "D:\Install\Dev\Projects\IA\Ejercise\cpu-native-arch\build\t0m_int8_probe.exe" --D 512 --S 4 --R 8 --mode fused --variant A --S-tile 8 --workers 4 --cpus 0,2,4,6 --rows-per-worker 128,128,128,128 --iterations 1 --timed-repetitions 8 --warmup 2
[275] speed S=4 R=8 run=8 mode=fused order_index=1 "D:\Install\Dev\Projects\IA\Ejercise\cpu-native-arch\build\t0m_int8_probe.exe" --D 512 --S 4 --R 8 --mode fused --variant A --S-tile 8 --workers 4 --cpus 0,2,4,6 --rows-per-worker 128,128,128,128 --iterations 1 --timed-repetitions 8 --warmup 2
[276] speed S=4 R=8 run=8 mode=repeat order_index=2 "D:\Install\Dev\Projects\IA\Ejercise\cpu-native-arch\build\t0m_int8_probe.exe" --D 512 --S 4 --R 8 --mode repeat --variant A --S-tile 8 --workers 4 --cpus 0,2,4,6 --rows-per-worker 128,128,128,128 --iterations 1 --timed-repetitions 8 --warmup 2
[277] speed S=4 R=8 run=9 mode=repeat order_index=1 "D:\Install\Dev\Projects\IA\Ejercise\cpu-native-arch\build\t0m_int8_probe.exe" --D 512 --S 4 --R 8 --mode repeat --variant A --S-tile 8 --workers 4 --cpus 0,2,4,6 --rows-per-worker 128,128,128,128 --iterations 1 --timed-repetitions 8 --warmup 2
[278] speed S=4 R=8 run=9 mode=fused order_index=2 "D:\Install\Dev\Projects\IA\Ejercise\cpu-native-arch\build\t0m_int8_probe.exe" --D 512 --S 4 --R 8 --mode fused --variant A --S-tile 8 --workers 4 --cpus 0,2,4,6 --rows-per-worker 128,128,128,128 --iterations 1 --timed-repetitions 8 --warmup 2
[279] speed S=4 R=8 run=10 mode=fused order_index=1 "D:\Install\Dev\Projects\IA\Ejercise\cpu-native-arch\build\t0m_int8_probe.exe" --D 512 --S 4 --R 8 --mode fused --variant A --S-tile 8 --workers 4 --cpus 0,2,4,6 --rows-per-worker 128,128,128,128 --iterations 1 --timed-repetitions 8 --warmup 2
[280] speed S=4 R=8 run=10 mode=repeat order_index=2 "D:\Install\Dev\Projects\IA\Ejercise\cpu-native-arch\build\t0m_int8_probe.exe" --D 512 --S 4 --R 8 --mode repeat --variant A --S-tile 8 --workers 4 --cpus 0,2,4,6 --rows-per-worker 128,128,128,128 --iterations 1 --timed-repetitions 8 --warmup 2
[281] speed S=4 R=16 run=1 mode=repeat order_index=1 "D:\Install\Dev\Projects\IA\Ejercise\cpu-native-arch\build\t0m_int8_probe.exe" --D 512 --S 4 --R 16 --mode repeat --variant A --S-tile 8 --workers 4 --cpus 0,2,4,6 --rows-per-worker 128,128,128,128 --iterations 1 --timed-repetitions 8 --warmup 2
[282] speed S=4 R=16 run=1 mode=fused order_index=2 "D:\Install\Dev\Projects\IA\Ejercise\cpu-native-arch\build\t0m_int8_probe.exe" --D 512 --S 4 --R 16 --mode fused --variant A --S-tile 8 --workers 4 --cpus 0,2,4,6 --rows-per-worker 128,128,128,128 --iterations 1 --timed-repetitions 8 --warmup 2
[283] speed S=4 R=16 run=2 mode=fused order_index=1 "D:\Install\Dev\Projects\IA\Ejercise\cpu-native-arch\build\t0m_int8_probe.exe" --D 512 --S 4 --R 16 --mode fused --variant A --S-tile 8 --workers 4 --cpus 0,2,4,6 --rows-per-worker 128,128,128,128 --iterations 1 --timed-repetitions 8 --warmup 2
[284] speed S=4 R=16 run=2 mode=repeat order_index=2 "D:\Install\Dev\Projects\IA\Ejercise\cpu-native-arch\build\t0m_int8_probe.exe" --D 512 --S 4 --R 16 --mode repeat --variant A --S-tile 8 --workers 4 --cpus 0,2,4,6 --rows-per-worker 128,128,128,128 --iterations 1 --timed-repetitions 8 --warmup 2
[285] speed S=4 R=16 run=3 mode=repeat order_index=1 "D:\Install\Dev\Projects\IA\Ejercise\cpu-native-arch\build\t0m_int8_probe.exe" --D 512 --S 4 --R 16 --mode repeat --variant A --S-tile 8 --workers 4 --cpus 0,2,4,6 --rows-per-worker 128,128,128,128 --iterations 1 --timed-repetitions 8 --warmup 2
[286] speed S=4 R=16 run=3 mode=fused order_index=2 "D:\Install\Dev\Projects\IA\Ejercise\cpu-native-arch\build\t0m_int8_probe.exe" --D 512 --S 4 --R 16 --mode fused --variant A --S-tile 8 --workers 4 --cpus 0,2,4,6 --rows-per-worker 128,128,128,128 --iterations 1 --timed-repetitions 8 --warmup 2
[287] speed S=4 R=16 run=4 mode=fused order_index=1 "D:\Install\Dev\Projects\IA\Ejercise\cpu-native-arch\build\t0m_int8_probe.exe" --D 512 --S 4 --R 16 --mode fused --variant A --S-tile 8 --workers 4 --cpus 0,2,4,6 --rows-per-worker 128,128,128,128 --iterations 1 --timed-repetitions 8 --warmup 2
[288] speed S=4 R=16 run=4 mode=repeat order_index=2 "D:\Install\Dev\Projects\IA\Ejercise\cpu-native-arch\build\t0m_int8_probe.exe" --D 512 --S 4 --R 16 --mode repeat --variant A --S-tile 8 --workers 4 --cpus 0,2,4,6 --rows-per-worker 128,128,128,128 --iterations 1 --timed-repetitions 8 --warmup 2
[289] speed S=4 R=16 run=5 mode=repeat order_index=1 "D:\Install\Dev\Projects\IA\Ejercise\cpu-native-arch\build\t0m_int8_probe.exe" --D 512 --S 4 --R 16 --mode repeat --variant A --S-tile 8 --workers 4 --cpus 0,2,4,6 --rows-per-worker 128,128,128,128 --iterations 1 --timed-repetitions 8 --warmup 2
[290] speed S=4 R=16 run=5 mode=fused order_index=2 "D:\Install\Dev\Projects\IA\Ejercise\cpu-native-arch\build\t0m_int8_probe.exe" --D 512 --S 4 --R 16 --mode fused --variant A --S-tile 8 --workers 4 --cpus 0,2,4,6 --rows-per-worker 128,128,128,128 --iterations 1 --timed-repetitions 8 --warmup 2
[291] speed S=4 R=16 run=6 mode=fused order_index=1 "D:\Install\Dev\Projects\IA\Ejercise\cpu-native-arch\build\t0m_int8_probe.exe" --D 512 --S 4 --R 16 --mode fused --variant A --S-tile 8 --workers 4 --cpus 0,2,4,6 --rows-per-worker 128,128,128,128 --iterations 1 --timed-repetitions 8 --warmup 2
[292] speed S=4 R=16 run=6 mode=repeat order_index=2 "D:\Install\Dev\Projects\IA\Ejercise\cpu-native-arch\build\t0m_int8_probe.exe" --D 512 --S 4 --R 16 --mode repeat --variant A --S-tile 8 --workers 4 --cpus 0,2,4,6 --rows-per-worker 128,128,128,128 --iterations 1 --timed-repetitions 8 --warmup 2
[293] speed S=4 R=16 run=7 mode=repeat order_index=1 "D:\Install\Dev\Projects\IA\Ejercise\cpu-native-arch\build\t0m_int8_probe.exe" --D 512 --S 4 --R 16 --mode repeat --variant A --S-tile 8 --workers 4 --cpus 0,2,4,6 --rows-per-worker 128,128,128,128 --iterations 1 --timed-repetitions 8 --warmup 2
[294] speed S=4 R=16 run=7 mode=fused order_index=2 "D:\Install\Dev\Projects\IA\Ejercise\cpu-native-arch\build\t0m_int8_probe.exe" --D 512 --S 4 --R 16 --mode fused --variant A --S-tile 8 --workers 4 --cpus 0,2,4,6 --rows-per-worker 128,128,128,128 --iterations 1 --timed-repetitions 8 --warmup 2
[295] speed S=4 R=16 run=8 mode=fused order_index=1 "D:\Install\Dev\Projects\IA\Ejercise\cpu-native-arch\build\t0m_int8_probe.exe" --D 512 --S 4 --R 16 --mode fused --variant A --S-tile 8 --workers 4 --cpus 0,2,4,6 --rows-per-worker 128,128,128,128 --iterations 1 --timed-repetitions 8 --warmup 2
[296] speed S=4 R=16 run=8 mode=repeat order_index=2 "D:\Install\Dev\Projects\IA\Ejercise\cpu-native-arch\build\t0m_int8_probe.exe" --D 512 --S 4 --R 16 --mode repeat --variant A --S-tile 8 --workers 4 --cpus 0,2,4,6 --rows-per-worker 128,128,128,128 --iterations 1 --timed-repetitions 8 --warmup 2
[297] speed S=4 R=16 run=9 mode=repeat order_index=1 "D:\Install\Dev\Projects\IA\Ejercise\cpu-native-arch\build\t0m_int8_probe.exe" --D 512 --S 4 --R 16 --mode repeat --variant A --S-tile 8 --workers 4 --cpus 0,2,4,6 --rows-per-worker 128,128,128,128 --iterations 1 --timed-repetitions 8 --warmup 2
[298] speed S=4 R=16 run=9 mode=fused order_index=2 "D:\Install\Dev\Projects\IA\Ejercise\cpu-native-arch\build\t0m_int8_probe.exe" --D 512 --S 4 --R 16 --mode fused --variant A --S-tile 8 --workers 4 --cpus 0,2,4,6 --rows-per-worker 128,128,128,128 --iterations 1 --timed-repetitions 8 --warmup 2
[299] speed S=4 R=16 run=10 mode=fused order_index=1 "D:\Install\Dev\Projects\IA\Ejercise\cpu-native-arch\build\t0m_int8_probe.exe" --D 512 --S 4 --R 16 --mode fused --variant A --S-tile 8 --workers 4 --cpus 0,2,4,6 --rows-per-worker 128,128,128,128 --iterations 1 --timed-repetitions 8 --warmup 2
[300] speed S=4 R=16 run=10 mode=repeat order_index=2 "D:\Install\Dev\Projects\IA\Ejercise\cpu-native-arch\build\t0m_int8_probe.exe" --D 512 --S 4 --R 16 --mode repeat --variant A --S-tile 8 --workers 4 --cpus 0,2,4,6 --rows-per-worker 128,128,128,128 --iterations 1 --timed-repetitions 8 --warmup 2
[301] speed S=8 R=1 run=1 mode=repeat order_index=1 "D:\Install\Dev\Projects\IA\Ejercise\cpu-native-arch\build\t0m_int8_probe.exe" --D 512 --S 8 --R 1 --mode repeat --variant A --S-tile 8 --workers 4 --cpus 0,2,4,6 --rows-per-worker 128,128,128,128 --iterations 1 --timed-repetitions 8 --warmup 2
[302] speed S=8 R=1 run=1 mode=fused order_index=2 "D:\Install\Dev\Projects\IA\Ejercise\cpu-native-arch\build\t0m_int8_probe.exe" --D 512 --S 8 --R 1 --mode fused --variant A --S-tile 8 --workers 4 --cpus 0,2,4,6 --rows-per-worker 128,128,128,128 --iterations 1 --timed-repetitions 8 --warmup 2
[303] speed S=8 R=1 run=2 mode=fused order_index=1 "D:\Install\Dev\Projects\IA\Ejercise\cpu-native-arch\build\t0m_int8_probe.exe" --D 512 --S 8 --R 1 --mode fused --variant A --S-tile 8 --workers 4 --cpus 0,2,4,6 --rows-per-worker 128,128,128,128 --iterations 1 --timed-repetitions 8 --warmup 2
[304] speed S=8 R=1 run=2 mode=repeat order_index=2 "D:\Install\Dev\Projects\IA\Ejercise\cpu-native-arch\build\t0m_int8_probe.exe" --D 512 --S 8 --R 1 --mode repeat --variant A --S-tile 8 --workers 4 --cpus 0,2,4,6 --rows-per-worker 128,128,128,128 --iterations 1 --timed-repetitions 8 --warmup 2
[305] speed S=8 R=1 run=3 mode=repeat order_index=1 "D:\Install\Dev\Projects\IA\Ejercise\cpu-native-arch\build\t0m_int8_probe.exe" --D 512 --S 8 --R 1 --mode repeat --variant A --S-tile 8 --workers 4 --cpus 0,2,4,6 --rows-per-worker 128,128,128,128 --iterations 1 --timed-repetitions 8 --warmup 2
[306] speed S=8 R=1 run=3 mode=fused order_index=2 "D:\Install\Dev\Projects\IA\Ejercise\cpu-native-arch\build\t0m_int8_probe.exe" --D 512 --S 8 --R 1 --mode fused --variant A --S-tile 8 --workers 4 --cpus 0,2,4,6 --rows-per-worker 128,128,128,128 --iterations 1 --timed-repetitions 8 --warmup 2
[307] speed S=8 R=1 run=4 mode=fused order_index=1 "D:\Install\Dev\Projects\IA\Ejercise\cpu-native-arch\build\t0m_int8_probe.exe" --D 512 --S 8 --R 1 --mode fused --variant A --S-tile 8 --workers 4 --cpus 0,2,4,6 --rows-per-worker 128,128,128,128 --iterations 1 --timed-repetitions 8 --warmup 2
[308] speed S=8 R=1 run=4 mode=repeat order_index=2 "D:\Install\Dev\Projects\IA\Ejercise\cpu-native-arch\build\t0m_int8_probe.exe" --D 512 --S 8 --R 1 --mode repeat --variant A --S-tile 8 --workers 4 --cpus 0,2,4,6 --rows-per-worker 128,128,128,128 --iterations 1 --timed-repetitions 8 --warmup 2
[309] speed S=8 R=1 run=5 mode=repeat order_index=1 "D:\Install\Dev\Projects\IA\Ejercise\cpu-native-arch\build\t0m_int8_probe.exe" --D 512 --S 8 --R 1 --mode repeat --variant A --S-tile 8 --workers 4 --cpus 0,2,4,6 --rows-per-worker 128,128,128,128 --iterations 1 --timed-repetitions 8 --warmup 2
[310] speed S=8 R=1 run=5 mode=fused order_index=2 "D:\Install\Dev\Projects\IA\Ejercise\cpu-native-arch\build\t0m_int8_probe.exe" --D 512 --S 8 --R 1 --mode fused --variant A --S-tile 8 --workers 4 --cpus 0,2,4,6 --rows-per-worker 128,128,128,128 --iterations 1 --timed-repetitions 8 --warmup 2
[311] speed S=8 R=1 run=6 mode=fused order_index=1 "D:\Install\Dev\Projects\IA\Ejercise\cpu-native-arch\build\t0m_int8_probe.exe" --D 512 --S 8 --R 1 --mode fused --variant A --S-tile 8 --workers 4 --cpus 0,2,4,6 --rows-per-worker 128,128,128,128 --iterations 1 --timed-repetitions 8 --warmup 2
[312] speed S=8 R=1 run=6 mode=repeat order_index=2 "D:\Install\Dev\Projects\IA\Ejercise\cpu-native-arch\build\t0m_int8_probe.exe" --D 512 --S 8 --R 1 --mode repeat --variant A --S-tile 8 --workers 4 --cpus 0,2,4,6 --rows-per-worker 128,128,128,128 --iterations 1 --timed-repetitions 8 --warmup 2
[313] speed S=8 R=1 run=7 mode=repeat order_index=1 "D:\Install\Dev\Projects\IA\Ejercise\cpu-native-arch\build\t0m_int8_probe.exe" --D 512 --S 8 --R 1 --mode repeat --variant A --S-tile 8 --workers 4 --cpus 0,2,4,6 --rows-per-worker 128,128,128,128 --iterations 1 --timed-repetitions 8 --warmup 2
[314] speed S=8 R=1 run=7 mode=fused order_index=2 "D:\Install\Dev\Projects\IA\Ejercise\cpu-native-arch\build\t0m_int8_probe.exe" --D 512 --S 8 --R 1 --mode fused --variant A --S-tile 8 --workers 4 --cpus 0,2,4,6 --rows-per-worker 128,128,128,128 --iterations 1 --timed-repetitions 8 --warmup 2
[315] speed S=8 R=1 run=8 mode=fused order_index=1 "D:\Install\Dev\Projects\IA\Ejercise\cpu-native-arch\build\t0m_int8_probe.exe" --D 512 --S 8 --R 1 --mode fused --variant A --S-tile 8 --workers 4 --cpus 0,2,4,6 --rows-per-worker 128,128,128,128 --iterations 1 --timed-repetitions 8 --warmup 2
[316] speed S=8 R=1 run=8 mode=repeat order_index=2 "D:\Install\Dev\Projects\IA\Ejercise\cpu-native-arch\build\t0m_int8_probe.exe" --D 512 --S 8 --R 1 --mode repeat --variant A --S-tile 8 --workers 4 --cpus 0,2,4,6 --rows-per-worker 128,128,128,128 --iterations 1 --timed-repetitions 8 --warmup 2
[317] speed S=8 R=1 run=9 mode=repeat order_index=1 "D:\Install\Dev\Projects\IA\Ejercise\cpu-native-arch\build\t0m_int8_probe.exe" --D 512 --S 8 --R 1 --mode repeat --variant A --S-tile 8 --workers 4 --cpus 0,2,4,6 --rows-per-worker 128,128,128,128 --iterations 1 --timed-repetitions 8 --warmup 2
[318] speed S=8 R=1 run=9 mode=fused order_index=2 "D:\Install\Dev\Projects\IA\Ejercise\cpu-native-arch\build\t0m_int8_probe.exe" --D 512 --S 8 --R 1 --mode fused --variant A --S-tile 8 --workers 4 --cpus 0,2,4,6 --rows-per-worker 128,128,128,128 --iterations 1 --timed-repetitions 8 --warmup 2
[319] speed S=8 R=1 run=10 mode=fused order_index=1 "D:\Install\Dev\Projects\IA\Ejercise\cpu-native-arch\build\t0m_int8_probe.exe" --D 512 --S 8 --R 1 --mode fused --variant A --S-tile 8 --workers 4 --cpus 0,2,4,6 --rows-per-worker 128,128,128,128 --iterations 1 --timed-repetitions 8 --warmup 2
[320] speed S=8 R=1 run=10 mode=repeat order_index=2 "D:\Install\Dev\Projects\IA\Ejercise\cpu-native-arch\build\t0m_int8_probe.exe" --D 512 --S 8 --R 1 --mode repeat --variant A --S-tile 8 --workers 4 --cpus 0,2,4,6 --rows-per-worker 128,128,128,128 --iterations 1 --timed-repetitions 8 --warmup 2
[321] speed S=8 R=2 run=1 mode=repeat order_index=1 "D:\Install\Dev\Projects\IA\Ejercise\cpu-native-arch\build\t0m_int8_probe.exe" --D 512 --S 8 --R 2 --mode repeat --variant A --S-tile 8 --workers 4 --cpus 0,2,4,6 --rows-per-worker 128,128,128,128 --iterations 1 --timed-repetitions 8 --warmup 2
[322] speed S=8 R=2 run=1 mode=fused order_index=2 "D:\Install\Dev\Projects\IA\Ejercise\cpu-native-arch\build\t0m_int8_probe.exe" --D 512 --S 8 --R 2 --mode fused --variant A --S-tile 8 --workers 4 --cpus 0,2,4,6 --rows-per-worker 128,128,128,128 --iterations 1 --timed-repetitions 8 --warmup 2
[323] speed S=8 R=2 run=2 mode=fused order_index=1 "D:\Install\Dev\Projects\IA\Ejercise\cpu-native-arch\build\t0m_int8_probe.exe" --D 512 --S 8 --R 2 --mode fused --variant A --S-tile 8 --workers 4 --cpus 0,2,4,6 --rows-per-worker 128,128,128,128 --iterations 1 --timed-repetitions 8 --warmup 2
[324] speed S=8 R=2 run=2 mode=repeat order_index=2 "D:\Install\Dev\Projects\IA\Ejercise\cpu-native-arch\build\t0m_int8_probe.exe" --D 512 --S 8 --R 2 --mode repeat --variant A --S-tile 8 --workers 4 --cpus 0,2,4,6 --rows-per-worker 128,128,128,128 --iterations 1 --timed-repetitions 8 --warmup 2
[325] speed S=8 R=2 run=3 mode=repeat order_index=1 "D:\Install\Dev\Projects\IA\Ejercise\cpu-native-arch\build\t0m_int8_probe.exe" --D 512 --S 8 --R 2 --mode repeat --variant A --S-tile 8 --workers 4 --cpus 0,2,4,6 --rows-per-worker 128,128,128,128 --iterations 1 --timed-repetitions 8 --warmup 2
[326] speed S=8 R=2 run=3 mode=fused order_index=2 "D:\Install\Dev\Projects\IA\Ejercise\cpu-native-arch\build\t0m_int8_probe.exe" --D 512 --S 8 --R 2 --mode fused --variant A --S-tile 8 --workers 4 --cpus 0,2,4,6 --rows-per-worker 128,128,128,128 --iterations 1 --timed-repetitions 8 --warmup 2
[327] speed S=8 R=2 run=4 mode=fused order_index=1 "D:\Install\Dev\Projects\IA\Ejercise\cpu-native-arch\build\t0m_int8_probe.exe" --D 512 --S 8 --R 2 --mode fused --variant A --S-tile 8 --workers 4 --cpus 0,2,4,6 --rows-per-worker 128,128,128,128 --iterations 1 --timed-repetitions 8 --warmup 2
[328] speed S=8 R=2 run=4 mode=repeat order_index=2 "D:\Install\Dev\Projects\IA\Ejercise\cpu-native-arch\build\t0m_int8_probe.exe" --D 512 --S 8 --R 2 --mode repeat --variant A --S-tile 8 --workers 4 --cpus 0,2,4,6 --rows-per-worker 128,128,128,128 --iterations 1 --timed-repetitions 8 --warmup 2
[329] speed S=8 R=2 run=5 mode=repeat order_index=1 "D:\Install\Dev\Projects\IA\Ejercise\cpu-native-arch\build\t0m_int8_probe.exe" --D 512 --S 8 --R 2 --mode repeat --variant A --S-tile 8 --workers 4 --cpus 0,2,4,6 --rows-per-worker 128,128,128,128 --iterations 1 --timed-repetitions 8 --warmup 2
[330] speed S=8 R=2 run=5 mode=fused order_index=2 "D:\Install\Dev\Projects\IA\Ejercise\cpu-native-arch\build\t0m_int8_probe.exe" --D 512 --S 8 --R 2 --mode fused --variant A --S-tile 8 --workers 4 --cpus 0,2,4,6 --rows-per-worker 128,128,128,128 --iterations 1 --timed-repetitions 8 --warmup 2
[331] speed S=8 R=2 run=6 mode=fused order_index=1 "D:\Install\Dev\Projects\IA\Ejercise\cpu-native-arch\build\t0m_int8_probe.exe" --D 512 --S 8 --R 2 --mode fused --variant A --S-tile 8 --workers 4 --cpus 0,2,4,6 --rows-per-worker 128,128,128,128 --iterations 1 --timed-repetitions 8 --warmup 2
[332] speed S=8 R=2 run=6 mode=repeat order_index=2 "D:\Install\Dev\Projects\IA\Ejercise\cpu-native-arch\build\t0m_int8_probe.exe" --D 512 --S 8 --R 2 --mode repeat --variant A --S-tile 8 --workers 4 --cpus 0,2,4,6 --rows-per-worker 128,128,128,128 --iterations 1 --timed-repetitions 8 --warmup 2
[333] speed S=8 R=2 run=7 mode=repeat order_index=1 "D:\Install\Dev\Projects\IA\Ejercise\cpu-native-arch\build\t0m_int8_probe.exe" --D 512 --S 8 --R 2 --mode repeat --variant A --S-tile 8 --workers 4 --cpus 0,2,4,6 --rows-per-worker 128,128,128,128 --iterations 1 --timed-repetitions 8 --warmup 2
[334] speed S=8 R=2 run=7 mode=fused order_index=2 "D:\Install\Dev\Projects\IA\Ejercise\cpu-native-arch\build\t0m_int8_probe.exe" --D 512 --S 8 --R 2 --mode fused --variant A --S-tile 8 --workers 4 --cpus 0,2,4,6 --rows-per-worker 128,128,128,128 --iterations 1 --timed-repetitions 8 --warmup 2
[335] speed S=8 R=2 run=8 mode=fused order_index=1 "D:\Install\Dev\Projects\IA\Ejercise\cpu-native-arch\build\t0m_int8_probe.exe" --D 512 --S 8 --R 2 --mode fused --variant A --S-tile 8 --workers 4 --cpus 0,2,4,6 --rows-per-worker 128,128,128,128 --iterations 1 --timed-repetitions 8 --warmup 2
[336] speed S=8 R=2 run=8 mode=repeat order_index=2 "D:\Install\Dev\Projects\IA\Ejercise\cpu-native-arch\build\t0m_int8_probe.exe" --D 512 --S 8 --R 2 --mode repeat --variant A --S-tile 8 --workers 4 --cpus 0,2,4,6 --rows-per-worker 128,128,128,128 --iterations 1 --timed-repetitions 8 --warmup 2
[337] speed S=8 R=2 run=9 mode=repeat order_index=1 "D:\Install\Dev\Projects\IA\Ejercise\cpu-native-arch\build\t0m_int8_probe.exe" --D 512 --S 8 --R 2 --mode repeat --variant A --S-tile 8 --workers 4 --cpus 0,2,4,6 --rows-per-worker 128,128,128,128 --iterations 1 --timed-repetitions 8 --warmup 2
[338] speed S=8 R=2 run=9 mode=fused order_index=2 "D:\Install\Dev\Projects\IA\Ejercise\cpu-native-arch\build\t0m_int8_probe.exe" --D 512 --S 8 --R 2 --mode fused --variant A --S-tile 8 --workers 4 --cpus 0,2,4,6 --rows-per-worker 128,128,128,128 --iterations 1 --timed-repetitions 8 --warmup 2
[339] speed S=8 R=2 run=10 mode=fused order_index=1 "D:\Install\Dev\Projects\IA\Ejercise\cpu-native-arch\build\t0m_int8_probe.exe" --D 512 --S 8 --R 2 --mode fused --variant A --S-tile 8 --workers 4 --cpus 0,2,4,6 --rows-per-worker 128,128,128,128 --iterations 1 --timed-repetitions 8 --warmup 2
[340] speed S=8 R=2 run=10 mode=repeat order_index=2 "D:\Install\Dev\Projects\IA\Ejercise\cpu-native-arch\build\t0m_int8_probe.exe" --D 512 --S 8 --R 2 --mode repeat --variant A --S-tile 8 --workers 4 --cpus 0,2,4,6 --rows-per-worker 128,128,128,128 --iterations 1 --timed-repetitions 8 --warmup 2
[341] speed S=8 R=4 run=1 mode=repeat order_index=1 "D:\Install\Dev\Projects\IA\Ejercise\cpu-native-arch\build\t0m_int8_probe.exe" --D 512 --S 8 --R 4 --mode repeat --variant A --S-tile 8 --workers 4 --cpus 0,2,4,6 --rows-per-worker 128,128,128,128 --iterations 1 --timed-repetitions 8 --warmup 2
[342] speed S=8 R=4 run=1 mode=fused order_index=2 "D:\Install\Dev\Projects\IA\Ejercise\cpu-native-arch\build\t0m_int8_probe.exe" --D 512 --S 8 --R 4 --mode fused --variant A --S-tile 8 --workers 4 --cpus 0,2,4,6 --rows-per-worker 128,128,128,128 --iterations 1 --timed-repetitions 8 --warmup 2
[343] speed S=8 R=4 run=2 mode=fused order_index=1 "D:\Install\Dev\Projects\IA\Ejercise\cpu-native-arch\build\t0m_int8_probe.exe" --D 512 --S 8 --R 4 --mode fused --variant A --S-tile 8 --workers 4 --cpus 0,2,4,6 --rows-per-worker 128,128,128,128 --iterations 1 --timed-repetitions 8 --warmup 2
[344] speed S=8 R=4 run=2 mode=repeat order_index=2 "D:\Install\Dev\Projects\IA\Ejercise\cpu-native-arch\build\t0m_int8_probe.exe" --D 512 --S 8 --R 4 --mode repeat --variant A --S-tile 8 --workers 4 --cpus 0,2,4,6 --rows-per-worker 128,128,128,128 --iterations 1 --timed-repetitions 8 --warmup 2
[345] speed S=8 R=4 run=3 mode=repeat order_index=1 "D:\Install\Dev\Projects\IA\Ejercise\cpu-native-arch\build\t0m_int8_probe.exe" --D 512 --S 8 --R 4 --mode repeat --variant A --S-tile 8 --workers 4 --cpus 0,2,4,6 --rows-per-worker 128,128,128,128 --iterations 1 --timed-repetitions 8 --warmup 2
[346] speed S=8 R=4 run=3 mode=fused order_index=2 "D:\Install\Dev\Projects\IA\Ejercise\cpu-native-arch\build\t0m_int8_probe.exe" --D 512 --S 8 --R 4 --mode fused --variant A --S-tile 8 --workers 4 --cpus 0,2,4,6 --rows-per-worker 128,128,128,128 --iterations 1 --timed-repetitions 8 --warmup 2
[347] speed S=8 R=4 run=4 mode=fused order_index=1 "D:\Install\Dev\Projects\IA\Ejercise\cpu-native-arch\build\t0m_int8_probe.exe" --D 512 --S 8 --R 4 --mode fused --variant A --S-tile 8 --workers 4 --cpus 0,2,4,6 --rows-per-worker 128,128,128,128 --iterations 1 --timed-repetitions 8 --warmup 2
[348] speed S=8 R=4 run=4 mode=repeat order_index=2 "D:\Install\Dev\Projects\IA\Ejercise\cpu-native-arch\build\t0m_int8_probe.exe" --D 512 --S 8 --R 4 --mode repeat --variant A --S-tile 8 --workers 4 --cpus 0,2,4,6 --rows-per-worker 128,128,128,128 --iterations 1 --timed-repetitions 8 --warmup 2
[349] speed S=8 R=4 run=5 mode=repeat order_index=1 "D:\Install\Dev\Projects\IA\Ejercise\cpu-native-arch\build\t0m_int8_probe.exe" --D 512 --S 8 --R 4 --mode repeat --variant A --S-tile 8 --workers 4 --cpus 0,2,4,6 --rows-per-worker 128,128,128,128 --iterations 1 --timed-repetitions 8 --warmup 2
[350] speed S=8 R=4 run=5 mode=fused order_index=2 "D:\Install\Dev\Projects\IA\Ejercise\cpu-native-arch\build\t0m_int8_probe.exe" --D 512 --S 8 --R 4 --mode fused --variant A --S-tile 8 --workers 4 --cpus 0,2,4,6 --rows-per-worker 128,128,128,128 --iterations 1 --timed-repetitions 8 --warmup 2
[351] speed S=8 R=4 run=6 mode=fused order_index=1 "D:\Install\Dev\Projects\IA\Ejercise\cpu-native-arch\build\t0m_int8_probe.exe" --D 512 --S 8 --R 4 --mode fused --variant A --S-tile 8 --workers 4 --cpus 0,2,4,6 --rows-per-worker 128,128,128,128 --iterations 1 --timed-repetitions 8 --warmup 2
[352] speed S=8 R=4 run=6 mode=repeat order_index=2 "D:\Install\Dev\Projects\IA\Ejercise\cpu-native-arch\build\t0m_int8_probe.exe" --D 512 --S 8 --R 4 --mode repeat --variant A --S-tile 8 --workers 4 --cpus 0,2,4,6 --rows-per-worker 128,128,128,128 --iterations 1 --timed-repetitions 8 --warmup 2
[353] speed S=8 R=4 run=7 mode=repeat order_index=1 "D:\Install\Dev\Projects\IA\Ejercise\cpu-native-arch\build\t0m_int8_probe.exe" --D 512 --S 8 --R 4 --mode repeat --variant A --S-tile 8 --workers 4 --cpus 0,2,4,6 --rows-per-worker 128,128,128,128 --iterations 1 --timed-repetitions 8 --warmup 2
[354] speed S=8 R=4 run=7 mode=fused order_index=2 "D:\Install\Dev\Projects\IA\Ejercise\cpu-native-arch\build\t0m_int8_probe.exe" --D 512 --S 8 --R 4 --mode fused --variant A --S-tile 8 --workers 4 --cpus 0,2,4,6 --rows-per-worker 128,128,128,128 --iterations 1 --timed-repetitions 8 --warmup 2
[355] speed S=8 R=4 run=8 mode=fused order_index=1 "D:\Install\Dev\Projects\IA\Ejercise\cpu-native-arch\build\t0m_int8_probe.exe" --D 512 --S 8 --R 4 --mode fused --variant A --S-tile 8 --workers 4 --cpus 0,2,4,6 --rows-per-worker 128,128,128,128 --iterations 1 --timed-repetitions 8 --warmup 2
[356] speed S=8 R=4 run=8 mode=repeat order_index=2 "D:\Install\Dev\Projects\IA\Ejercise\cpu-native-arch\build\t0m_int8_probe.exe" --D 512 --S 8 --R 4 --mode repeat --variant A --S-tile 8 --workers 4 --cpus 0,2,4,6 --rows-per-worker 128,128,128,128 --iterations 1 --timed-repetitions 8 --warmup 2
[357] speed S=8 R=4 run=9 mode=repeat order_index=1 "D:\Install\Dev\Projects\IA\Ejercise\cpu-native-arch\build\t0m_int8_probe.exe" --D 512 --S 8 --R 4 --mode repeat --variant A --S-tile 8 --workers 4 --cpus 0,2,4,6 --rows-per-worker 128,128,128,128 --iterations 1 --timed-repetitions 8 --warmup 2
[358] speed S=8 R=4 run=9 mode=fused order_index=2 "D:\Install\Dev\Projects\IA\Ejercise\cpu-native-arch\build\t0m_int8_probe.exe" --D 512 --S 8 --R 4 --mode fused --variant A --S-tile 8 --workers 4 --cpus 0,2,4,6 --rows-per-worker 128,128,128,128 --iterations 1 --timed-repetitions 8 --warmup 2
[359] speed S=8 R=4 run=10 mode=fused order_index=1 "D:\Install\Dev\Projects\IA\Ejercise\cpu-native-arch\build\t0m_int8_probe.exe" --D 512 --S 8 --R 4 --mode fused --variant A --S-tile 8 --workers 4 --cpus 0,2,4,6 --rows-per-worker 128,128,128,128 --iterations 1 --timed-repetitions 8 --warmup 2
[360] speed S=8 R=4 run=10 mode=repeat order_index=2 "D:\Install\Dev\Projects\IA\Ejercise\cpu-native-arch\build\t0m_int8_probe.exe" --D 512 --S 8 --R 4 --mode repeat --variant A --S-tile 8 --workers 4 --cpus 0,2,4,6 --rows-per-worker 128,128,128,128 --iterations 1 --timed-repetitions 8 --warmup 2
[361] speed S=8 R=8 run=1 mode=repeat order_index=1 "D:\Install\Dev\Projects\IA\Ejercise\cpu-native-arch\build\t0m_int8_probe.exe" --D 512 --S 8 --R 8 --mode repeat --variant A --S-tile 8 --workers 4 --cpus 0,2,4,6 --rows-per-worker 128,128,128,128 --iterations 1 --timed-repetitions 8 --warmup 2
[362] speed S=8 R=8 run=1 mode=fused order_index=2 "D:\Install\Dev\Projects\IA\Ejercise\cpu-native-arch\build\t0m_int8_probe.exe" --D 512 --S 8 --R 8 --mode fused --variant A --S-tile 8 --workers 4 --cpus 0,2,4,6 --rows-per-worker 128,128,128,128 --iterations 1 --timed-repetitions 8 --warmup 2
[363] speed S=8 R=8 run=2 mode=fused order_index=1 "D:\Install\Dev\Projects\IA\Ejercise\cpu-native-arch\build\t0m_int8_probe.exe" --D 512 --S 8 --R 8 --mode fused --variant A --S-tile 8 --workers 4 --cpus 0,2,4,6 --rows-per-worker 128,128,128,128 --iterations 1 --timed-repetitions 8 --warmup 2
[364] speed S=8 R=8 run=2 mode=repeat order_index=2 "D:\Install\Dev\Projects\IA\Ejercise\cpu-native-arch\build\t0m_int8_probe.exe" --D 512 --S 8 --R 8 --mode repeat --variant A --S-tile 8 --workers 4 --cpus 0,2,4,6 --rows-per-worker 128,128,128,128 --iterations 1 --timed-repetitions 8 --warmup 2
[365] speed S=8 R=8 run=3 mode=repeat order_index=1 "D:\Install\Dev\Projects\IA\Ejercise\cpu-native-arch\build\t0m_int8_probe.exe" --D 512 --S 8 --R 8 --mode repeat --variant A --S-tile 8 --workers 4 --cpus 0,2,4,6 --rows-per-worker 128,128,128,128 --iterations 1 --timed-repetitions 8 --warmup 2
[366] speed S=8 R=8 run=3 mode=fused order_index=2 "D:\Install\Dev\Projects\IA\Ejercise\cpu-native-arch\build\t0m_int8_probe.exe" --D 512 --S 8 --R 8 --mode fused --variant A --S-tile 8 --workers 4 --cpus 0,2,4,6 --rows-per-worker 128,128,128,128 --iterations 1 --timed-repetitions 8 --warmup 2
[367] speed S=8 R=8 run=4 mode=fused order_index=1 "D:\Install\Dev\Projects\IA\Ejercise\cpu-native-arch\build\t0m_int8_probe.exe" --D 512 --S 8 --R 8 --mode fused --variant A --S-tile 8 --workers 4 --cpus 0,2,4,6 --rows-per-worker 128,128,128,128 --iterations 1 --timed-repetitions 8 --warmup 2
[368] speed S=8 R=8 run=4 mode=repeat order_index=2 "D:\Install\Dev\Projects\IA\Ejercise\cpu-native-arch\build\t0m_int8_probe.exe" --D 512 --S 8 --R 8 --mode repeat --variant A --S-tile 8 --workers 4 --cpus 0,2,4,6 --rows-per-worker 128,128,128,128 --iterations 1 --timed-repetitions 8 --warmup 2
[369] speed S=8 R=8 run=5 mode=repeat order_index=1 "D:\Install\Dev\Projects\IA\Ejercise\cpu-native-arch\build\t0m_int8_probe.exe" --D 512 --S 8 --R 8 --mode repeat --variant A --S-tile 8 --workers 4 --cpus 0,2,4,6 --rows-per-worker 128,128,128,128 --iterations 1 --timed-repetitions 8 --warmup 2
[370] speed S=8 R=8 run=5 mode=fused order_index=2 "D:\Install\Dev\Projects\IA\Ejercise\cpu-native-arch\build\t0m_int8_probe.exe" --D 512 --S 8 --R 8 --mode fused --variant A --S-tile 8 --workers 4 --cpus 0,2,4,6 --rows-per-worker 128,128,128,128 --iterations 1 --timed-repetitions 8 --warmup 2
[371] speed S=8 R=8 run=6 mode=fused order_index=1 "D:\Install\Dev\Projects\IA\Ejercise\cpu-native-arch\build\t0m_int8_probe.exe" --D 512 --S 8 --R 8 --mode fused --variant A --S-tile 8 --workers 4 --cpus 0,2,4,6 --rows-per-worker 128,128,128,128 --iterations 1 --timed-repetitions 8 --warmup 2
[372] speed S=8 R=8 run=6 mode=repeat order_index=2 "D:\Install\Dev\Projects\IA\Ejercise\cpu-native-arch\build\t0m_int8_probe.exe" --D 512 --S 8 --R 8 --mode repeat --variant A --S-tile 8 --workers 4 --cpus 0,2,4,6 --rows-per-worker 128,128,128,128 --iterations 1 --timed-repetitions 8 --warmup 2
[373] speed S=8 R=8 run=7 mode=repeat order_index=1 "D:\Install\Dev\Projects\IA\Ejercise\cpu-native-arch\build\t0m_int8_probe.exe" --D 512 --S 8 --R 8 --mode repeat --variant A --S-tile 8 --workers 4 --cpus 0,2,4,6 --rows-per-worker 128,128,128,128 --iterations 1 --timed-repetitions 8 --warmup 2
[374] speed S=8 R=8 run=7 mode=fused order_index=2 "D:\Install\Dev\Projects\IA\Ejercise\cpu-native-arch\build\t0m_int8_probe.exe" --D 512 --S 8 --R 8 --mode fused --variant A --S-tile 8 --workers 4 --cpus 0,2,4,6 --rows-per-worker 128,128,128,128 --iterations 1 --timed-repetitions 8 --warmup 2
[375] speed S=8 R=8 run=8 mode=fused order_index=1 "D:\Install\Dev\Projects\IA\Ejercise\cpu-native-arch\build\t0m_int8_probe.exe" --D 512 --S 8 --R 8 --mode fused --variant A --S-tile 8 --workers 4 --cpus 0,2,4,6 --rows-per-worker 128,128,128,128 --iterations 1 --timed-repetitions 8 --warmup 2
[376] speed S=8 R=8 run=8 mode=repeat order_index=2 "D:\Install\Dev\Projects\IA\Ejercise\cpu-native-arch\build\t0m_int8_probe.exe" --D 512 --S 8 --R 8 --mode repeat --variant A --S-tile 8 --workers 4 --cpus 0,2,4,6 --rows-per-worker 128,128,128,128 --iterations 1 --timed-repetitions 8 --warmup 2
[377] speed S=8 R=8 run=9 mode=repeat order_index=1 "D:\Install\Dev\Projects\IA\Ejercise\cpu-native-arch\build\t0m_int8_probe.exe" --D 512 --S 8 --R 8 --mode repeat --variant A --S-tile 8 --workers 4 --cpus 0,2,4,6 --rows-per-worker 128,128,128,128 --iterations 1 --timed-repetitions 8 --warmup 2
[378] speed S=8 R=8 run=9 mode=fused order_index=2 "D:\Install\Dev\Projects\IA\Ejercise\cpu-native-arch\build\t0m_int8_probe.exe" --D 512 --S 8 --R 8 --mode fused --variant A --S-tile 8 --workers 4 --cpus 0,2,4,6 --rows-per-worker 128,128,128,128 --iterations 1 --timed-repetitions 8 --warmup 2
[379] speed S=8 R=8 run=10 mode=fused order_index=1 "D:\Install\Dev\Projects\IA\Ejercise\cpu-native-arch\build\t0m_int8_probe.exe" --D 512 --S 8 --R 8 --mode fused --variant A --S-tile 8 --workers 4 --cpus 0,2,4,6 --rows-per-worker 128,128,128,128 --iterations 1 --timed-repetitions 8 --warmup 2
[380] speed S=8 R=8 run=10 mode=repeat order_index=2 "D:\Install\Dev\Projects\IA\Ejercise\cpu-native-arch\build\t0m_int8_probe.exe" --D 512 --S 8 --R 8 --mode repeat --variant A --S-tile 8 --workers 4 --cpus 0,2,4,6 --rows-per-worker 128,128,128,128 --iterations 1 --timed-repetitions 8 --warmup 2
[381] speed S=8 R=16 run=1 mode=repeat order_index=1 "D:\Install\Dev\Projects\IA\Ejercise\cpu-native-arch\build\t0m_int8_probe.exe" --D 512 --S 8 --R 16 --mode repeat --variant A --S-tile 8 --workers 4 --cpus 0,2,4,6 --rows-per-worker 128,128,128,128 --iterations 1 --timed-repetitions 8 --warmup 2
[382] speed S=8 R=16 run=1 mode=fused order_index=2 "D:\Install\Dev\Projects\IA\Ejercise\cpu-native-arch\build\t0m_int8_probe.exe" --D 512 --S 8 --R 16 --mode fused --variant A --S-tile 8 --workers 4 --cpus 0,2,4,6 --rows-per-worker 128,128,128,128 --iterations 1 --timed-repetitions 8 --warmup 2
[383] speed S=8 R=16 run=2 mode=fused order_index=1 "D:\Install\Dev\Projects\IA\Ejercise\cpu-native-arch\build\t0m_int8_probe.exe" --D 512 --S 8 --R 16 --mode fused --variant A --S-tile 8 --workers 4 --cpus 0,2,4,6 --rows-per-worker 128,128,128,128 --iterations 1 --timed-repetitions 8 --warmup 2
[384] speed S=8 R=16 run=2 mode=repeat order_index=2 "D:\Install\Dev\Projects\IA\Ejercise\cpu-native-arch\build\t0m_int8_probe.exe" --D 512 --S 8 --R 16 --mode repeat --variant A --S-tile 8 --workers 4 --cpus 0,2,4,6 --rows-per-worker 128,128,128,128 --iterations 1 --timed-repetitions 8 --warmup 2
[385] speed S=8 R=16 run=3 mode=repeat order_index=1 "D:\Install\Dev\Projects\IA\Ejercise\cpu-native-arch\build\t0m_int8_probe.exe" --D 512 --S 8 --R 16 --mode repeat --variant A --S-tile 8 --workers 4 --cpus 0,2,4,6 --rows-per-worker 128,128,128,128 --iterations 1 --timed-repetitions 8 --warmup 2
[386] speed S=8 R=16 run=3 mode=fused order_index=2 "D:\Install\Dev\Projects\IA\Ejercise\cpu-native-arch\build\t0m_int8_probe.exe" --D 512 --S 8 --R 16 --mode fused --variant A --S-tile 8 --workers 4 --cpus 0,2,4,6 --rows-per-worker 128,128,128,128 --iterations 1 --timed-repetitions 8 --warmup 2
[387] speed S=8 R=16 run=4 mode=fused order_index=1 "D:\Install\Dev\Projects\IA\Ejercise\cpu-native-arch\build\t0m_int8_probe.exe" --D 512 --S 8 --R 16 --mode fused --variant A --S-tile 8 --workers 4 --cpus 0,2,4,6 --rows-per-worker 128,128,128,128 --iterations 1 --timed-repetitions 8 --warmup 2
[388] speed S=8 R=16 run=4 mode=repeat order_index=2 "D:\Install\Dev\Projects\IA\Ejercise\cpu-native-arch\build\t0m_int8_probe.exe" --D 512 --S 8 --R 16 --mode repeat --variant A --S-tile 8 --workers 4 --cpus 0,2,4,6 --rows-per-worker 128,128,128,128 --iterations 1 --timed-repetitions 8 --warmup 2
[389] speed S=8 R=16 run=5 mode=repeat order_index=1 "D:\Install\Dev\Projects\IA\Ejercise\cpu-native-arch\build\t0m_int8_probe.exe" --D 512 --S 8 --R 16 --mode repeat --variant A --S-tile 8 --workers 4 --cpus 0,2,4,6 --rows-per-worker 128,128,128,128 --iterations 1 --timed-repetitions 8 --warmup 2
[390] speed S=8 R=16 run=5 mode=fused order_index=2 "D:\Install\Dev\Projects\IA\Ejercise\cpu-native-arch\build\t0m_int8_probe.exe" --D 512 --S 8 --R 16 --mode fused --variant A --S-tile 8 --workers 4 --cpus 0,2,4,6 --rows-per-worker 128,128,128,128 --iterations 1 --timed-repetitions 8 --warmup 2
[391] speed S=8 R=16 run=6 mode=fused order_index=1 "D:\Install\Dev\Projects\IA\Ejercise\cpu-native-arch\build\t0m_int8_probe.exe" --D 512 --S 8 --R 16 --mode fused --variant A --S-tile 8 --workers 4 --cpus 0,2,4,6 --rows-per-worker 128,128,128,128 --iterations 1 --timed-repetitions 8 --warmup 2
[392] speed S=8 R=16 run=6 mode=repeat order_index=2 "D:\Install\Dev\Projects\IA\Ejercise\cpu-native-arch\build\t0m_int8_probe.exe" --D 512 --S 8 --R 16 --mode repeat --variant A --S-tile 8 --workers 4 --cpus 0,2,4,6 --rows-per-worker 128,128,128,128 --iterations 1 --timed-repetitions 8 --warmup 2
[393] speed S=8 R=16 run=7 mode=repeat order_index=1 "D:\Install\Dev\Projects\IA\Ejercise\cpu-native-arch\build\t0m_int8_probe.exe" --D 512 --S 8 --R 16 --mode repeat --variant A --S-tile 8 --workers 4 --cpus 0,2,4,6 --rows-per-worker 128,128,128,128 --iterations 1 --timed-repetitions 8 --warmup 2
[394] speed S=8 R=16 run=7 mode=fused order_index=2 "D:\Install\Dev\Projects\IA\Ejercise\cpu-native-arch\build\t0m_int8_probe.exe" --D 512 --S 8 --R 16 --mode fused --variant A --S-tile 8 --workers 4 --cpus 0,2,4,6 --rows-per-worker 128,128,128,128 --iterations 1 --timed-repetitions 8 --warmup 2
[395] speed S=8 R=16 run=8 mode=fused order_index=1 "D:\Install\Dev\Projects\IA\Ejercise\cpu-native-arch\build\t0m_int8_probe.exe" --D 512 --S 8 --R 16 --mode fused --variant A --S-tile 8 --workers 4 --cpus 0,2,4,6 --rows-per-worker 128,128,128,128 --iterations 1 --timed-repetitions 8 --warmup 2
[396] speed S=8 R=16 run=8 mode=repeat order_index=2 "D:\Install\Dev\Projects\IA\Ejercise\cpu-native-arch\build\t0m_int8_probe.exe" --D 512 --S 8 --R 16 --mode repeat --variant A --S-tile 8 --workers 4 --cpus 0,2,4,6 --rows-per-worker 128,128,128,128 --iterations 1 --timed-repetitions 8 --warmup 2
[397] speed S=8 R=16 run=9 mode=repeat order_index=1 "D:\Install\Dev\Projects\IA\Ejercise\cpu-native-arch\build\t0m_int8_probe.exe" --D 512 --S 8 --R 16 --mode repeat --variant A --S-tile 8 --workers 4 --cpus 0,2,4,6 --rows-per-worker 128,128,128,128 --iterations 1 --timed-repetitions 8 --warmup 2
[398] speed S=8 R=16 run=9 mode=fused order_index=2 "D:\Install\Dev\Projects\IA\Ejercise\cpu-native-arch\build\t0m_int8_probe.exe" --D 512 --S 8 --R 16 --mode fused --variant A --S-tile 8 --workers 4 --cpus 0,2,4,6 --rows-per-worker 128,128,128,128 --iterations 1 --timed-repetitions 8 --warmup 2
[399] speed S=8 R=16 run=10 mode=fused order_index=1 "D:\Install\Dev\Projects\IA\Ejercise\cpu-native-arch\build\t0m_int8_probe.exe" --D 512 --S 8 --R 16 --mode fused --variant A --S-tile 8 --workers 4 --cpus 0,2,4,6 --rows-per-worker 128,128,128,128 --iterations 1 --timed-repetitions 8 --warmup 2
[400] speed S=8 R=16 run=10 mode=repeat order_index=2 "D:\Install\Dev\Projects\IA\Ejercise\cpu-native-arch\build\t0m_int8_probe.exe" --D 512 --S 8 --R 16 --mode repeat --variant A --S-tile 8 --workers 4 --cpus 0,2,4,6 --rows-per-worker 128,128,128,128 --iterations 1 --timed-repetitions 8 --warmup 2
[401] speed S=16 R=1 run=1 mode=repeat order_index=1 "D:\Install\Dev\Projects\IA\Ejercise\cpu-native-arch\build\t0m_int8_probe.exe" --D 512 --S 16 --R 1 --mode repeat --variant A --S-tile 8 --workers 4 --cpus 0,2,4,6 --rows-per-worker 128,128,128,128 --iterations 1 --timed-repetitions 8 --warmup 2
[402] speed S=16 R=1 run=1 mode=fused order_index=2 "D:\Install\Dev\Projects\IA\Ejercise\cpu-native-arch\build\t0m_int8_probe.exe" --D 512 --S 16 --R 1 --mode fused --variant A --S-tile 8 --workers 4 --cpus 0,2,4,6 --rows-per-worker 128,128,128,128 --iterations 1 --timed-repetitions 8 --warmup 2
[403] speed S=16 R=1 run=2 mode=fused order_index=1 "D:\Install\Dev\Projects\IA\Ejercise\cpu-native-arch\build\t0m_int8_probe.exe" --D 512 --S 16 --R 1 --mode fused --variant A --S-tile 8 --workers 4 --cpus 0,2,4,6 --rows-per-worker 128,128,128,128 --iterations 1 --timed-repetitions 8 --warmup 2
[404] speed S=16 R=1 run=2 mode=repeat order_index=2 "D:\Install\Dev\Projects\IA\Ejercise\cpu-native-arch\build\t0m_int8_probe.exe" --D 512 --S 16 --R 1 --mode repeat --variant A --S-tile 8 --workers 4 --cpus 0,2,4,6 --rows-per-worker 128,128,128,128 --iterations 1 --timed-repetitions 8 --warmup 2
[405] speed S=16 R=1 run=3 mode=repeat order_index=1 "D:\Install\Dev\Projects\IA\Ejercise\cpu-native-arch\build\t0m_int8_probe.exe" --D 512 --S 16 --R 1 --mode repeat --variant A --S-tile 8 --workers 4 --cpus 0,2,4,6 --rows-per-worker 128,128,128,128 --iterations 1 --timed-repetitions 8 --warmup 2
[406] speed S=16 R=1 run=3 mode=fused order_index=2 "D:\Install\Dev\Projects\IA\Ejercise\cpu-native-arch\build\t0m_int8_probe.exe" --D 512 --S 16 --R 1 --mode fused --variant A --S-tile 8 --workers 4 --cpus 0,2,4,6 --rows-per-worker 128,128,128,128 --iterations 1 --timed-repetitions 8 --warmup 2
[407] speed S=16 R=1 run=4 mode=fused order_index=1 "D:\Install\Dev\Projects\IA\Ejercise\cpu-native-arch\build\t0m_int8_probe.exe" --D 512 --S 16 --R 1 --mode fused --variant A --S-tile 8 --workers 4 --cpus 0,2,4,6 --rows-per-worker 128,128,128,128 --iterations 1 --timed-repetitions 8 --warmup 2
[408] speed S=16 R=1 run=4 mode=repeat order_index=2 "D:\Install\Dev\Projects\IA\Ejercise\cpu-native-arch\build\t0m_int8_probe.exe" --D 512 --S 16 --R 1 --mode repeat --variant A --S-tile 8 --workers 4 --cpus 0,2,4,6 --rows-per-worker 128,128,128,128 --iterations 1 --timed-repetitions 8 --warmup 2
[409] speed S=16 R=1 run=5 mode=repeat order_index=1 "D:\Install\Dev\Projects\IA\Ejercise\cpu-native-arch\build\t0m_int8_probe.exe" --D 512 --S 16 --R 1 --mode repeat --variant A --S-tile 8 --workers 4 --cpus 0,2,4,6 --rows-per-worker 128,128,128,128 --iterations 1 --timed-repetitions 8 --warmup 2
[410] speed S=16 R=1 run=5 mode=fused order_index=2 "D:\Install\Dev\Projects\IA\Ejercise\cpu-native-arch\build\t0m_int8_probe.exe" --D 512 --S 16 --R 1 --mode fused --variant A --S-tile 8 --workers 4 --cpus 0,2,4,6 --rows-per-worker 128,128,128,128 --iterations 1 --timed-repetitions 8 --warmup 2
[411] speed S=16 R=1 run=6 mode=fused order_index=1 "D:\Install\Dev\Projects\IA\Ejercise\cpu-native-arch\build\t0m_int8_probe.exe" --D 512 --S 16 --R 1 --mode fused --variant A --S-tile 8 --workers 4 --cpus 0,2,4,6 --rows-per-worker 128,128,128,128 --iterations 1 --timed-repetitions 8 --warmup 2
[412] speed S=16 R=1 run=6 mode=repeat order_index=2 "D:\Install\Dev\Projects\IA\Ejercise\cpu-native-arch\build\t0m_int8_probe.exe" --D 512 --S 16 --R 1 --mode repeat --variant A --S-tile 8 --workers 4 --cpus 0,2,4,6 --rows-per-worker 128,128,128,128 --iterations 1 --timed-repetitions 8 --warmup 2
[413] speed S=16 R=1 run=7 mode=repeat order_index=1 "D:\Install\Dev\Projects\IA\Ejercise\cpu-native-arch\build\t0m_int8_probe.exe" --D 512 --S 16 --R 1 --mode repeat --variant A --S-tile 8 --workers 4 --cpus 0,2,4,6 --rows-per-worker 128,128,128,128 --iterations 1 --timed-repetitions 8 --warmup 2
[414] speed S=16 R=1 run=7 mode=fused order_index=2 "D:\Install\Dev\Projects\IA\Ejercise\cpu-native-arch\build\t0m_int8_probe.exe" --D 512 --S 16 --R 1 --mode fused --variant A --S-tile 8 --workers 4 --cpus 0,2,4,6 --rows-per-worker 128,128,128,128 --iterations 1 --timed-repetitions 8 --warmup 2
[415] speed S=16 R=1 run=8 mode=fused order_index=1 "D:\Install\Dev\Projects\IA\Ejercise\cpu-native-arch\build\t0m_int8_probe.exe" --D 512 --S 16 --R 1 --mode fused --variant A --S-tile 8 --workers 4 --cpus 0,2,4,6 --rows-per-worker 128,128,128,128 --iterations 1 --timed-repetitions 8 --warmup 2
[416] speed S=16 R=1 run=8 mode=repeat order_index=2 "D:\Install\Dev\Projects\IA\Ejercise\cpu-native-arch\build\t0m_int8_probe.exe" --D 512 --S 16 --R 1 --mode repeat --variant A --S-tile 8 --workers 4 --cpus 0,2,4,6 --rows-per-worker 128,128,128,128 --iterations 1 --timed-repetitions 8 --warmup 2
[417] speed S=16 R=1 run=9 mode=repeat order_index=1 "D:\Install\Dev\Projects\IA\Ejercise\cpu-native-arch\build\t0m_int8_probe.exe" --D 512 --S 16 --R 1 --mode repeat --variant A --S-tile 8 --workers 4 --cpus 0,2,4,6 --rows-per-worker 128,128,128,128 --iterations 1 --timed-repetitions 8 --warmup 2
[418] speed S=16 R=1 run=9 mode=fused order_index=2 "D:\Install\Dev\Projects\IA\Ejercise\cpu-native-arch\build\t0m_int8_probe.exe" --D 512 --S 16 --R 1 --mode fused --variant A --S-tile 8 --workers 4 --cpus 0,2,4,6 --rows-per-worker 128,128,128,128 --iterations 1 --timed-repetitions 8 --warmup 2
[419] speed S=16 R=1 run=10 mode=fused order_index=1 "D:\Install\Dev\Projects\IA\Ejercise\cpu-native-arch\build\t0m_int8_probe.exe" --D 512 --S 16 --R 1 --mode fused --variant A --S-tile 8 --workers 4 --cpus 0,2,4,6 --rows-per-worker 128,128,128,128 --iterations 1 --timed-repetitions 8 --warmup 2
[420] speed S=16 R=1 run=10 mode=repeat order_index=2 "D:\Install\Dev\Projects\IA\Ejercise\cpu-native-arch\build\t0m_int8_probe.exe" --D 512 --S 16 --R 1 --mode repeat --variant A --S-tile 8 --workers 4 --cpus 0,2,4,6 --rows-per-worker 128,128,128,128 --iterations 1 --timed-repetitions 8 --warmup 2
[421] speed S=16 R=2 run=1 mode=repeat order_index=1 "D:\Install\Dev\Projects\IA\Ejercise\cpu-native-arch\build\t0m_int8_probe.exe" --D 512 --S 16 --R 2 --mode repeat --variant A --S-tile 8 --workers 4 --cpus 0,2,4,6 --rows-per-worker 128,128,128,128 --iterations 1 --timed-repetitions 8 --warmup 2
[422] speed S=16 R=2 run=1 mode=fused order_index=2 "D:\Install\Dev\Projects\IA\Ejercise\cpu-native-arch\build\t0m_int8_probe.exe" --D 512 --S 16 --R 2 --mode fused --variant A --S-tile 8 --workers 4 --cpus 0,2,4,6 --rows-per-worker 128,128,128,128 --iterations 1 --timed-repetitions 8 --warmup 2
[423] speed S=16 R=2 run=2 mode=fused order_index=1 "D:\Install\Dev\Projects\IA\Ejercise\cpu-native-arch\build\t0m_int8_probe.exe" --D 512 --S 16 --R 2 --mode fused --variant A --S-tile 8 --workers 4 --cpus 0,2,4,6 --rows-per-worker 128,128,128,128 --iterations 1 --timed-repetitions 8 --warmup 2
[424] speed S=16 R=2 run=2 mode=repeat order_index=2 "D:\Install\Dev\Projects\IA\Ejercise\cpu-native-arch\build\t0m_int8_probe.exe" --D 512 --S 16 --R 2 --mode repeat --variant A --S-tile 8 --workers 4 --cpus 0,2,4,6 --rows-per-worker 128,128,128,128 --iterations 1 --timed-repetitions 8 --warmup 2
[425] speed S=16 R=2 run=3 mode=repeat order_index=1 "D:\Install\Dev\Projects\IA\Ejercise\cpu-native-arch\build\t0m_int8_probe.exe" --D 512 --S 16 --R 2 --mode repeat --variant A --S-tile 8 --workers 4 --cpus 0,2,4,6 --rows-per-worker 128,128,128,128 --iterations 1 --timed-repetitions 8 --warmup 2
[426] speed S=16 R=2 run=3 mode=fused order_index=2 "D:\Install\Dev\Projects\IA\Ejercise\cpu-native-arch\build\t0m_int8_probe.exe" --D 512 --S 16 --R 2 --mode fused --variant A --S-tile 8 --workers 4 --cpus 0,2,4,6 --rows-per-worker 128,128,128,128 --iterations 1 --timed-repetitions 8 --warmup 2
[427] speed S=16 R=2 run=4 mode=fused order_index=1 "D:\Install\Dev\Projects\IA\Ejercise\cpu-native-arch\build\t0m_int8_probe.exe" --D 512 --S 16 --R 2 --mode fused --variant A --S-tile 8 --workers 4 --cpus 0,2,4,6 --rows-per-worker 128,128,128,128 --iterations 1 --timed-repetitions 8 --warmup 2
[428] speed S=16 R=2 run=4 mode=repeat order_index=2 "D:\Install\Dev\Projects\IA\Ejercise\cpu-native-arch\build\t0m_int8_probe.exe" --D 512 --S 16 --R 2 --mode repeat --variant A --S-tile 8 --workers 4 --cpus 0,2,4,6 --rows-per-worker 128,128,128,128 --iterations 1 --timed-repetitions 8 --warmup 2
[429] speed S=16 R=2 run=5 mode=repeat order_index=1 "D:\Install\Dev\Projects\IA\Ejercise\cpu-native-arch\build\t0m_int8_probe.exe" --D 512 --S 16 --R 2 --mode repeat --variant A --S-tile 8 --workers 4 --cpus 0,2,4,6 --rows-per-worker 128,128,128,128 --iterations 1 --timed-repetitions 8 --warmup 2
[430] speed S=16 R=2 run=5 mode=fused order_index=2 "D:\Install\Dev\Projects\IA\Ejercise\cpu-native-arch\build\t0m_int8_probe.exe" --D 512 --S 16 --R 2 --mode fused --variant A --S-tile 8 --workers 4 --cpus 0,2,4,6 --rows-per-worker 128,128,128,128 --iterations 1 --timed-repetitions 8 --warmup 2
[431] speed S=16 R=2 run=6 mode=fused order_index=1 "D:\Install\Dev\Projects\IA\Ejercise\cpu-native-arch\build\t0m_int8_probe.exe" --D 512 --S 16 --R 2 --mode fused --variant A --S-tile 8 --workers 4 --cpus 0,2,4,6 --rows-per-worker 128,128,128,128 --iterations 1 --timed-repetitions 8 --warmup 2
[432] speed S=16 R=2 run=6 mode=repeat order_index=2 "D:\Install\Dev\Projects\IA\Ejercise\cpu-native-arch\build\t0m_int8_probe.exe" --D 512 --S 16 --R 2 --mode repeat --variant A --S-tile 8 --workers 4 --cpus 0,2,4,6 --rows-per-worker 128,128,128,128 --iterations 1 --timed-repetitions 8 --warmup 2
[433] speed S=16 R=2 run=7 mode=repeat order_index=1 "D:\Install\Dev\Projects\IA\Ejercise\cpu-native-arch\build\t0m_int8_probe.exe" --D 512 --S 16 --R 2 --mode repeat --variant A --S-tile 8 --workers 4 --cpus 0,2,4,6 --rows-per-worker 128,128,128,128 --iterations 1 --timed-repetitions 8 --warmup 2
[434] speed S=16 R=2 run=7 mode=fused order_index=2 "D:\Install\Dev\Projects\IA\Ejercise\cpu-native-arch\build\t0m_int8_probe.exe" --D 512 --S 16 --R 2 --mode fused --variant A --S-tile 8 --workers 4 --cpus 0,2,4,6 --rows-per-worker 128,128,128,128 --iterations 1 --timed-repetitions 8 --warmup 2
[435] speed S=16 R=2 run=8 mode=fused order_index=1 "D:\Install\Dev\Projects\IA\Ejercise\cpu-native-arch\build\t0m_int8_probe.exe" --D 512 --S 16 --R 2 --mode fused --variant A --S-tile 8 --workers 4 --cpus 0,2,4,6 --rows-per-worker 128,128,128,128 --iterations 1 --timed-repetitions 8 --warmup 2
[436] speed S=16 R=2 run=8 mode=repeat order_index=2 "D:\Install\Dev\Projects\IA\Ejercise\cpu-native-arch\build\t0m_int8_probe.exe" --D 512 --S 16 --R 2 --mode repeat --variant A --S-tile 8 --workers 4 --cpus 0,2,4,6 --rows-per-worker 128,128,128,128 --iterations 1 --timed-repetitions 8 --warmup 2
[437] speed S=16 R=2 run=9 mode=repeat order_index=1 "D:\Install\Dev\Projects\IA\Ejercise\cpu-native-arch\build\t0m_int8_probe.exe" --D 512 --S 16 --R 2 --mode repeat --variant A --S-tile 8 --workers 4 --cpus 0,2,4,6 --rows-per-worker 128,128,128,128 --iterations 1 --timed-repetitions 8 --warmup 2
[438] speed S=16 R=2 run=9 mode=fused order_index=2 "D:\Install\Dev\Projects\IA\Ejercise\cpu-native-arch\build\t0m_int8_probe.exe" --D 512 --S 16 --R 2 --mode fused --variant A --S-tile 8 --workers 4 --cpus 0,2,4,6 --rows-per-worker 128,128,128,128 --iterations 1 --timed-repetitions 8 --warmup 2
[439] speed S=16 R=2 run=10 mode=fused order_index=1 "D:\Install\Dev\Projects\IA\Ejercise\cpu-native-arch\build\t0m_int8_probe.exe" --D 512 --S 16 --R 2 --mode fused --variant A --S-tile 8 --workers 4 --cpus 0,2,4,6 --rows-per-worker 128,128,128,128 --iterations 1 --timed-repetitions 8 --warmup 2
[440] speed S=16 R=2 run=10 mode=repeat order_index=2 "D:\Install\Dev\Projects\IA\Ejercise\cpu-native-arch\build\t0m_int8_probe.exe" --D 512 --S 16 --R 2 --mode repeat --variant A --S-tile 8 --workers 4 --cpus 0,2,4,6 --rows-per-worker 128,128,128,128 --iterations 1 --timed-repetitions 8 --warmup 2
[441] speed S=16 R=4 run=1 mode=repeat order_index=1 "D:\Install\Dev\Projects\IA\Ejercise\cpu-native-arch\build\t0m_int8_probe.exe" --D 512 --S 16 --R 4 --mode repeat --variant A --S-tile 8 --workers 4 --cpus 0,2,4,6 --rows-per-worker 128,128,128,128 --iterations 1 --timed-repetitions 8 --warmup 2
[442] speed S=16 R=4 run=1 mode=fused order_index=2 "D:\Install\Dev\Projects\IA\Ejercise\cpu-native-arch\build\t0m_int8_probe.exe" --D 512 --S 16 --R 4 --mode fused --variant A --S-tile 8 --workers 4 --cpus 0,2,4,6 --rows-per-worker 128,128,128,128 --iterations 1 --timed-repetitions 8 --warmup 2
[443] speed S=16 R=4 run=2 mode=fused order_index=1 "D:\Install\Dev\Projects\IA\Ejercise\cpu-native-arch\build\t0m_int8_probe.exe" --D 512 --S 16 --R 4 --mode fused --variant A --S-tile 8 --workers 4 --cpus 0,2,4,6 --rows-per-worker 128,128,128,128 --iterations 1 --timed-repetitions 8 --warmup 2
[444] speed S=16 R=4 run=2 mode=repeat order_index=2 "D:\Install\Dev\Projects\IA\Ejercise\cpu-native-arch\build\t0m_int8_probe.exe" --D 512 --S 16 --R 4 --mode repeat --variant A --S-tile 8 --workers 4 --cpus 0,2,4,6 --rows-per-worker 128,128,128,128 --iterations 1 --timed-repetitions 8 --warmup 2
[445] speed S=16 R=4 run=3 mode=repeat order_index=1 "D:\Install\Dev\Projects\IA\Ejercise\cpu-native-arch\build\t0m_int8_probe.exe" --D 512 --S 16 --R 4 --mode repeat --variant A --S-tile 8 --workers 4 --cpus 0,2,4,6 --rows-per-worker 128,128,128,128 --iterations 1 --timed-repetitions 8 --warmup 2
[446] speed S=16 R=4 run=3 mode=fused order_index=2 "D:\Install\Dev\Projects\IA\Ejercise\cpu-native-arch\build\t0m_int8_probe.exe" --D 512 --S 16 --R 4 --mode fused --variant A --S-tile 8 --workers 4 --cpus 0,2,4,6 --rows-per-worker 128,128,128,128 --iterations 1 --timed-repetitions 8 --warmup 2
[447] speed S=16 R=4 run=4 mode=fused order_index=1 "D:\Install\Dev\Projects\IA\Ejercise\cpu-native-arch\build\t0m_int8_probe.exe" --D 512 --S 16 --R 4 --mode fused --variant A --S-tile 8 --workers 4 --cpus 0,2,4,6 --rows-per-worker 128,128,128,128 --iterations 1 --timed-repetitions 8 --warmup 2
[448] speed S=16 R=4 run=4 mode=repeat order_index=2 "D:\Install\Dev\Projects\IA\Ejercise\cpu-native-arch\build\t0m_int8_probe.exe" --D 512 --S 16 --R 4 --mode repeat --variant A --S-tile 8 --workers 4 --cpus 0,2,4,6 --rows-per-worker 128,128,128,128 --iterations 1 --timed-repetitions 8 --warmup 2
[449] speed S=16 R=4 run=5 mode=repeat order_index=1 "D:\Install\Dev\Projects\IA\Ejercise\cpu-native-arch\build\t0m_int8_probe.exe" --D 512 --S 16 --R 4 --mode repeat --variant A --S-tile 8 --workers 4 --cpus 0,2,4,6 --rows-per-worker 128,128,128,128 --iterations 1 --timed-repetitions 8 --warmup 2
[450] speed S=16 R=4 run=5 mode=fused order_index=2 "D:\Install\Dev\Projects\IA\Ejercise\cpu-native-arch\build\t0m_int8_probe.exe" --D 512 --S 16 --R 4 --mode fused --variant A --S-tile 8 --workers 4 --cpus 0,2,4,6 --rows-per-worker 128,128,128,128 --iterations 1 --timed-repetitions 8 --warmup 2
[451] speed S=16 R=4 run=6 mode=fused order_index=1 "D:\Install\Dev\Projects\IA\Ejercise\cpu-native-arch\build\t0m_int8_probe.exe" --D 512 --S 16 --R 4 --mode fused --variant A --S-tile 8 --workers 4 --cpus 0,2,4,6 --rows-per-worker 128,128,128,128 --iterations 1 --timed-repetitions 8 --warmup 2
[452] speed S=16 R=4 run=6 mode=repeat order_index=2 "D:\Install\Dev\Projects\IA\Ejercise\cpu-native-arch\build\t0m_int8_probe.exe" --D 512 --S 16 --R 4 --mode repeat --variant A --S-tile 8 --workers 4 --cpus 0,2,4,6 --rows-per-worker 128,128,128,128 --iterations 1 --timed-repetitions 8 --warmup 2
[453] speed S=16 R=4 run=7 mode=repeat order_index=1 "D:\Install\Dev\Projects\IA\Ejercise\cpu-native-arch\build\t0m_int8_probe.exe" --D 512 --S 16 --R 4 --mode repeat --variant A --S-tile 8 --workers 4 --cpus 0,2,4,6 --rows-per-worker 128,128,128,128 --iterations 1 --timed-repetitions 8 --warmup 2
[454] speed S=16 R=4 run=7 mode=fused order_index=2 "D:\Install\Dev\Projects\IA\Ejercise\cpu-native-arch\build\t0m_int8_probe.exe" --D 512 --S 16 --R 4 --mode fused --variant A --S-tile 8 --workers 4 --cpus 0,2,4,6 --rows-per-worker 128,128,128,128 --iterations 1 --timed-repetitions 8 --warmup 2
[455] speed S=16 R=4 run=8 mode=fused order_index=1 "D:\Install\Dev\Projects\IA\Ejercise\cpu-native-arch\build\t0m_int8_probe.exe" --D 512 --S 16 --R 4 --mode fused --variant A --S-tile 8 --workers 4 --cpus 0,2,4,6 --rows-per-worker 128,128,128,128 --iterations 1 --timed-repetitions 8 --warmup 2
[456] speed S=16 R=4 run=8 mode=repeat order_index=2 "D:\Install\Dev\Projects\IA\Ejercise\cpu-native-arch\build\t0m_int8_probe.exe" --D 512 --S 16 --R 4 --mode repeat --variant A --S-tile 8 --workers 4 --cpus 0,2,4,6 --rows-per-worker 128,128,128,128 --iterations 1 --timed-repetitions 8 --warmup 2
[457] speed S=16 R=4 run=9 mode=repeat order_index=1 "D:\Install\Dev\Projects\IA\Ejercise\cpu-native-arch\build\t0m_int8_probe.exe" --D 512 --S 16 --R 4 --mode repeat --variant A --S-tile 8 --workers 4 --cpus 0,2,4,6 --rows-per-worker 128,128,128,128 --iterations 1 --timed-repetitions 8 --warmup 2
[458] speed S=16 R=4 run=9 mode=fused order_index=2 "D:\Install\Dev\Projects\IA\Ejercise\cpu-native-arch\build\t0m_int8_probe.exe" --D 512 --S 16 --R 4 --mode fused --variant A --S-tile 8 --workers 4 --cpus 0,2,4,6 --rows-per-worker 128,128,128,128 --iterations 1 --timed-repetitions 8 --warmup 2
[459] speed S=16 R=4 run=10 mode=fused order_index=1 "D:\Install\Dev\Projects\IA\Ejercise\cpu-native-arch\build\t0m_int8_probe.exe" --D 512 --S 16 --R 4 --mode fused --variant A --S-tile 8 --workers 4 --cpus 0,2,4,6 --rows-per-worker 128,128,128,128 --iterations 1 --timed-repetitions 8 --warmup 2
[460] speed S=16 R=4 run=10 mode=repeat order_index=2 "D:\Install\Dev\Projects\IA\Ejercise\cpu-native-arch\build\t0m_int8_probe.exe" --D 512 --S 16 --R 4 --mode repeat --variant A --S-tile 8 --workers 4 --cpus 0,2,4,6 --rows-per-worker 128,128,128,128 --iterations 1 --timed-repetitions 8 --warmup 2
[461] speed S=16 R=8 run=1 mode=repeat order_index=1 "D:\Install\Dev\Projects\IA\Ejercise\cpu-native-arch\build\t0m_int8_probe.exe" --D 512 --S 16 --R 8 --mode repeat --variant A --S-tile 8 --workers 4 --cpus 0,2,4,6 --rows-per-worker 128,128,128,128 --iterations 1 --timed-repetitions 8 --warmup 2
[462] speed S=16 R=8 run=1 mode=fused order_index=2 "D:\Install\Dev\Projects\IA\Ejercise\cpu-native-arch\build\t0m_int8_probe.exe" --D 512 --S 16 --R 8 --mode fused --variant A --S-tile 8 --workers 4 --cpus 0,2,4,6 --rows-per-worker 128,128,128,128 --iterations 1 --timed-repetitions 8 --warmup 2
[463] speed S=16 R=8 run=2 mode=fused order_index=1 "D:\Install\Dev\Projects\IA\Ejercise\cpu-native-arch\build\t0m_int8_probe.exe" --D 512 --S 16 --R 8 --mode fused --variant A --S-tile 8 --workers 4 --cpus 0,2,4,6 --rows-per-worker 128,128,128,128 --iterations 1 --timed-repetitions 8 --warmup 2
[464] speed S=16 R=8 run=2 mode=repeat order_index=2 "D:\Install\Dev\Projects\IA\Ejercise\cpu-native-arch\build\t0m_int8_probe.exe" --D 512 --S 16 --R 8 --mode repeat --variant A --S-tile 8 --workers 4 --cpus 0,2,4,6 --rows-per-worker 128,128,128,128 --iterations 1 --timed-repetitions 8 --warmup 2
[465] speed S=16 R=8 run=3 mode=repeat order_index=1 "D:\Install\Dev\Projects\IA\Ejercise\cpu-native-arch\build\t0m_int8_probe.exe" --D 512 --S 16 --R 8 --mode repeat --variant A --S-tile 8 --workers 4 --cpus 0,2,4,6 --rows-per-worker 128,128,128,128 --iterations 1 --timed-repetitions 8 --warmup 2
[466] speed S=16 R=8 run=3 mode=fused order_index=2 "D:\Install\Dev\Projects\IA\Ejercise\cpu-native-arch\build\t0m_int8_probe.exe" --D 512 --S 16 --R 8 --mode fused --variant A --S-tile 8 --workers 4 --cpus 0,2,4,6 --rows-per-worker 128,128,128,128 --iterations 1 --timed-repetitions 8 --warmup 2
[467] speed S=16 R=8 run=4 mode=fused order_index=1 "D:\Install\Dev\Projects\IA\Ejercise\cpu-native-arch\build\t0m_int8_probe.exe" --D 512 --S 16 --R 8 --mode fused --variant A --S-tile 8 --workers 4 --cpus 0,2,4,6 --rows-per-worker 128,128,128,128 --iterations 1 --timed-repetitions 8 --warmup 2
[468] speed S=16 R=8 run=4 mode=repeat order_index=2 "D:\Install\Dev\Projects\IA\Ejercise\cpu-native-arch\build\t0m_int8_probe.exe" --D 512 --S 16 --R 8 --mode repeat --variant A --S-tile 8 --workers 4 --cpus 0,2,4,6 --rows-per-worker 128,128,128,128 --iterations 1 --timed-repetitions 8 --warmup 2
[469] speed S=16 R=8 run=5 mode=repeat order_index=1 "D:\Install\Dev\Projects\IA\Ejercise\cpu-native-arch\build\t0m_int8_probe.exe" --D 512 --S 16 --R 8 --mode repeat --variant A --S-tile 8 --workers 4 --cpus 0,2,4,6 --rows-per-worker 128,128,128,128 --iterations 1 --timed-repetitions 8 --warmup 2
[470] speed S=16 R=8 run=5 mode=fused order_index=2 "D:\Install\Dev\Projects\IA\Ejercise\cpu-native-arch\build\t0m_int8_probe.exe" --D 512 --S 16 --R 8 --mode fused --variant A --S-tile 8 --workers 4 --cpus 0,2,4,6 --rows-per-worker 128,128,128,128 --iterations 1 --timed-repetitions 8 --warmup 2
[471] speed S=16 R=8 run=6 mode=fused order_index=1 "D:\Install\Dev\Projects\IA\Ejercise\cpu-native-arch\build\t0m_int8_probe.exe" --D 512 --S 16 --R 8 --mode fused --variant A --S-tile 8 --workers 4 --cpus 0,2,4,6 --rows-per-worker 128,128,128,128 --iterations 1 --timed-repetitions 8 --warmup 2
[472] speed S=16 R=8 run=6 mode=repeat order_index=2 "D:\Install\Dev\Projects\IA\Ejercise\cpu-native-arch\build\t0m_int8_probe.exe" --D 512 --S 16 --R 8 --mode repeat --variant A --S-tile 8 --workers 4 --cpus 0,2,4,6 --rows-per-worker 128,128,128,128 --iterations 1 --timed-repetitions 8 --warmup 2
[473] speed S=16 R=8 run=7 mode=repeat order_index=1 "D:\Install\Dev\Projects\IA\Ejercise\cpu-native-arch\build\t0m_int8_probe.exe" --D 512 --S 16 --R 8 --mode repeat --variant A --S-tile 8 --workers 4 --cpus 0,2,4,6 --rows-per-worker 128,128,128,128 --iterations 1 --timed-repetitions 8 --warmup 2
[474] speed S=16 R=8 run=7 mode=fused order_index=2 "D:\Install\Dev\Projects\IA\Ejercise\cpu-native-arch\build\t0m_int8_probe.exe" --D 512 --S 16 --R 8 --mode fused --variant A --S-tile 8 --workers 4 --cpus 0,2,4,6 --rows-per-worker 128,128,128,128 --iterations 1 --timed-repetitions 8 --warmup 2
[475] speed S=16 R=8 run=8 mode=fused order_index=1 "D:\Install\Dev\Projects\IA\Ejercise\cpu-native-arch\build\t0m_int8_probe.exe" --D 512 --S 16 --R 8 --mode fused --variant A --S-tile 8 --workers 4 --cpus 0,2,4,6 --rows-per-worker 128,128,128,128 --iterations 1 --timed-repetitions 8 --warmup 2
[476] speed S=16 R=8 run=8 mode=repeat order_index=2 "D:\Install\Dev\Projects\IA\Ejercise\cpu-native-arch\build\t0m_int8_probe.exe" --D 512 --S 16 --R 8 --mode repeat --variant A --S-tile 8 --workers 4 --cpus 0,2,4,6 --rows-per-worker 128,128,128,128 --iterations 1 --timed-repetitions 8 --warmup 2
[477] speed S=16 R=8 run=9 mode=repeat order_index=1 "D:\Install\Dev\Projects\IA\Ejercise\cpu-native-arch\build\t0m_int8_probe.exe" --D 512 --S 16 --R 8 --mode repeat --variant A --S-tile 8 --workers 4 --cpus 0,2,4,6 --rows-per-worker 128,128,128,128 --iterations 1 --timed-repetitions 8 --warmup 2
[478] speed S=16 R=8 run=9 mode=fused order_index=2 "D:\Install\Dev\Projects\IA\Ejercise\cpu-native-arch\build\t0m_int8_probe.exe" --D 512 --S 16 --R 8 --mode fused --variant A --S-tile 8 --workers 4 --cpus 0,2,4,6 --rows-per-worker 128,128,128,128 --iterations 1 --timed-repetitions 8 --warmup 2
[479] speed S=16 R=8 run=10 mode=fused order_index=1 "D:\Install\Dev\Projects\IA\Ejercise\cpu-native-arch\build\t0m_int8_probe.exe" --D 512 --S 16 --R 8 --mode fused --variant A --S-tile 8 --workers 4 --cpus 0,2,4,6 --rows-per-worker 128,128,128,128 --iterations 1 --timed-repetitions 8 --warmup 2
[480] speed S=16 R=8 run=10 mode=repeat order_index=2 "D:\Install\Dev\Projects\IA\Ejercise\cpu-native-arch\build\t0m_int8_probe.exe" --D 512 --S 16 --R 8 --mode repeat --variant A --S-tile 8 --workers 4 --cpus 0,2,4,6 --rows-per-worker 128,128,128,128 --iterations 1 --timed-repetitions 8 --warmup 2
[481] speed S=16 R=16 run=1 mode=repeat order_index=1 "D:\Install\Dev\Projects\IA\Ejercise\cpu-native-arch\build\t0m_int8_probe.exe" --D 512 --S 16 --R 16 --mode repeat --variant A --S-tile 8 --workers 4 --cpus 0,2,4,6 --rows-per-worker 128,128,128,128 --iterations 1 --timed-repetitions 8 --warmup 2
[482] speed S=16 R=16 run=1 mode=fused order_index=2 "D:\Install\Dev\Projects\IA\Ejercise\cpu-native-arch\build\t0m_int8_probe.exe" --D 512 --S 16 --R 16 --mode fused --variant A --S-tile 8 --workers 4 --cpus 0,2,4,6 --rows-per-worker 128,128,128,128 --iterations 1 --timed-repetitions 8 --warmup 2
[483] speed S=16 R=16 run=2 mode=fused order_index=1 "D:\Install\Dev\Projects\IA\Ejercise\cpu-native-arch\build\t0m_int8_probe.exe" --D 512 --S 16 --R 16 --mode fused --variant A --S-tile 8 --workers 4 --cpus 0,2,4,6 --rows-per-worker 128,128,128,128 --iterations 1 --timed-repetitions 8 --warmup 2
[484] speed S=16 R=16 run=2 mode=repeat order_index=2 "D:\Install\Dev\Projects\IA\Ejercise\cpu-native-arch\build\t0m_int8_probe.exe" --D 512 --S 16 --R 16 --mode repeat --variant A --S-tile 8 --workers 4 --cpus 0,2,4,6 --rows-per-worker 128,128,128,128 --iterations 1 --timed-repetitions 8 --warmup 2
[485] speed S=16 R=16 run=3 mode=repeat order_index=1 "D:\Install\Dev\Projects\IA\Ejercise\cpu-native-arch\build\t0m_int8_probe.exe" --D 512 --S 16 --R 16 --mode repeat --variant A --S-tile 8 --workers 4 --cpus 0,2,4,6 --rows-per-worker 128,128,128,128 --iterations 1 --timed-repetitions 8 --warmup 2
[486] speed S=16 R=16 run=3 mode=fused order_index=2 "D:\Install\Dev\Projects\IA\Ejercise\cpu-native-arch\build\t0m_int8_probe.exe" --D 512 --S 16 --R 16 --mode fused --variant A --S-tile 8 --workers 4 --cpus 0,2,4,6 --rows-per-worker 128,128,128,128 --iterations 1 --timed-repetitions 8 --warmup 2
[487] speed S=16 R=16 run=4 mode=fused order_index=1 "D:\Install\Dev\Projects\IA\Ejercise\cpu-native-arch\build\t0m_int8_probe.exe" --D 512 --S 16 --R 16 --mode fused --variant A --S-tile 8 --workers 4 --cpus 0,2,4,6 --rows-per-worker 128,128,128,128 --iterations 1 --timed-repetitions 8 --warmup 2
[488] speed S=16 R=16 run=4 mode=repeat order_index=2 "D:\Install\Dev\Projects\IA\Ejercise\cpu-native-arch\build\t0m_int8_probe.exe" --D 512 --S 16 --R 16 --mode repeat --variant A --S-tile 8 --workers 4 --cpus 0,2,4,6 --rows-per-worker 128,128,128,128 --iterations 1 --timed-repetitions 8 --warmup 2
[489] speed S=16 R=16 run=5 mode=repeat order_index=1 "D:\Install\Dev\Projects\IA\Ejercise\cpu-native-arch\build\t0m_int8_probe.exe" --D 512 --S 16 --R 16 --mode repeat --variant A --S-tile 8 --workers 4 --cpus 0,2,4,6 --rows-per-worker 128,128,128,128 --iterations 1 --timed-repetitions 8 --warmup 2
[490] speed S=16 R=16 run=5 mode=fused order_index=2 "D:\Install\Dev\Projects\IA\Ejercise\cpu-native-arch\build\t0m_int8_probe.exe" --D 512 --S 16 --R 16 --mode fused --variant A --S-tile 8 --workers 4 --cpus 0,2,4,6 --rows-per-worker 128,128,128,128 --iterations 1 --timed-repetitions 8 --warmup 2
[491] speed S=16 R=16 run=6 mode=fused order_index=1 "D:\Install\Dev\Projects\IA\Ejercise\cpu-native-arch\build\t0m_int8_probe.exe" --D 512 --S 16 --R 16 --mode fused --variant A --S-tile 8 --workers 4 --cpus 0,2,4,6 --rows-per-worker 128,128,128,128 --iterations 1 --timed-repetitions 8 --warmup 2
[492] speed S=16 R=16 run=6 mode=repeat order_index=2 "D:\Install\Dev\Projects\IA\Ejercise\cpu-native-arch\build\t0m_int8_probe.exe" --D 512 --S 16 --R 16 --mode repeat --variant A --S-tile 8 --workers 4 --cpus 0,2,4,6 --rows-per-worker 128,128,128,128 --iterations 1 --timed-repetitions 8 --warmup 2
[493] speed S=16 R=16 run=7 mode=repeat order_index=1 "D:\Install\Dev\Projects\IA\Ejercise\cpu-native-arch\build\t0m_int8_probe.exe" --D 512 --S 16 --R 16 --mode repeat --variant A --S-tile 8 --workers 4 --cpus 0,2,4,6 --rows-per-worker 128,128,128,128 --iterations 1 --timed-repetitions 8 --warmup 2
[494] speed S=16 R=16 run=7 mode=fused order_index=2 "D:\Install\Dev\Projects\IA\Ejercise\cpu-native-arch\build\t0m_int8_probe.exe" --D 512 --S 16 --R 16 --mode fused --variant A --S-tile 8 --workers 4 --cpus 0,2,4,6 --rows-per-worker 128,128,128,128 --iterations 1 --timed-repetitions 8 --warmup 2
[495] speed S=16 R=16 run=8 mode=fused order_index=1 "D:\Install\Dev\Projects\IA\Ejercise\cpu-native-arch\build\t0m_int8_probe.exe" --D 512 --S 16 --R 16 --mode fused --variant A --S-tile 8 --workers 4 --cpus 0,2,4,6 --rows-per-worker 128,128,128,128 --iterations 1 --timed-repetitions 8 --warmup 2
[496] speed S=16 R=16 run=8 mode=repeat order_index=2 "D:\Install\Dev\Projects\IA\Ejercise\cpu-native-arch\build\t0m_int8_probe.exe" --D 512 --S 16 --R 16 --mode repeat --variant A --S-tile 8 --workers 4 --cpus 0,2,4,6 --rows-per-worker 128,128,128,128 --iterations 1 --timed-repetitions 8 --warmup 2
[497] speed S=16 R=16 run=9 mode=repeat order_index=1 "D:\Install\Dev\Projects\IA\Ejercise\cpu-native-arch\build\t0m_int8_probe.exe" --D 512 --S 16 --R 16 --mode repeat --variant A --S-tile 8 --workers 4 --cpus 0,2,4,6 --rows-per-worker 128,128,128,128 --iterations 1 --timed-repetitions 8 --warmup 2
[498] speed S=16 R=16 run=9 mode=fused order_index=2 "D:\Install\Dev\Projects\IA\Ejercise\cpu-native-arch\build\t0m_int8_probe.exe" --D 512 --S 16 --R 16 --mode fused --variant A --S-tile 8 --workers 4 --cpus 0,2,4,6 --rows-per-worker 128,128,128,128 --iterations 1 --timed-repetitions 8 --warmup 2
[499] speed S=16 R=16 run=10 mode=fused order_index=1 "D:\Install\Dev\Projects\IA\Ejercise\cpu-native-arch\build\t0m_int8_probe.exe" --D 512 --S 16 --R 16 --mode fused --variant A --S-tile 8 --workers 4 --cpus 0,2,4,6 --rows-per-worker 128,128,128,128 --iterations 1 --timed-repetitions 8 --warmup 2
[500] speed S=16 R=16 run=10 mode=repeat order_index=2 "D:\Install\Dev\Projects\IA\Ejercise\cpu-native-arch\build\t0m_int8_probe.exe" --D 512 --S 16 --R 16 --mode repeat --variant A --S-tile 8 --workers 4 --cpus 0,2,4,6 --rows-per-worker 128,128,128,128 --iterations 1 --timed-repetitions 8 --warmup 2
