T0-M small static control stderr log
executable=D:\Install\Dev\Projects\IA\Ejercise\cpu-native-arch\build\t0m_int8_probe.exe
speed correction/autotest text is forbidden
preflight exit=0 stdout= stderr=T0-M correction passed: every Y[S x O_i] cell, fused/repeat/legacy/reference, A/B/C, S_tile=2/4/8, four shards, and one/four-worker accounting gate
[1] S=1 R=1 run=1 mode=repeat order_index=1 exit=0 stdout=D,S,R,O_i,B_i,rows_per_worker,bytes_per_worker,mode,variant,S_tile,iterations,timed_repetitions,warmup,worker_count,worker_list,affinity,affinity_error,affinity_succeeded,timed_repetitions_exact,avx2_supported,kernel_used,eviction_bytes,eviction_checksum,elapsed_seconds,mac_total,mac_per_second,checksum
512,1,1,"128,128,128,128","65536,65536,65536,65536","128,128,128,128","65536,65536,65536,65536",repeat,A,8,1,8,2,4,"0,2,4,6","true,true,true,true","0,0,0,0",true,true,true,avx2,0,0,0.0001029,2097152,2.03805e+10,18446744073692835539 stderr=
[2] S=1 R=1 run=1 mode=fused order_index=2 exit=0 stdout=D,S,R,O_i,B_i,rows_per_worker,bytes_per_worker,mode,variant,S_tile,iterations,timed_repetitions,warmup,worker_count,worker_list,affinity,affinity_error,affinity_succeeded,timed_repetitions_exact,avx2_supported,kernel_used,eviction_bytes,eviction_checksum,elapsed_seconds,mac_total,mac_per_second,checksum
512,1,1,"128,128,128,128","65536,65536,65536,65536","128,128,128,128","65536,65536,65536,65536",fused,A,8,1,8,2,4,"0,2,4,6","true,true,true,true","0,0,0,0",true,true,true,avx2,0,0,9.2e-05,2097152,2.27951e+10,18446744073692835539 stderr=
[3] S=1 R=1 run=2 mode=fused order_index=1 exit=0 stdout=D,S,R,O_i,B_i,rows_per_worker,bytes_per_worker,mode,variant,S_tile,iterations,timed_repetitions,warmup,worker_count,worker_list,affinity,affinity_error,affinity_succeeded,timed_repetitions_exact,avx2_supported,kernel_used,eviction_bytes,eviction_checksum,elapsed_seconds,mac_total,mac_per_second,checksum
512,1,1,"128,128,128,128","65536,65536,65536,65536","128,128,128,128","65536,65536,65536,65536",fused,A,8,1,8,2,4,"0,2,4,6","true,true,true,true","0,0,0,0",true,true,true,avx2,0,0,8.42e-05,2097152,2.49068e+10,18446744073692835539 stderr=
[4] S=1 R=1 run=2 mode=repeat order_index=2 exit=0 stdout=D,S,R,O_i,B_i,rows_per_worker,bytes_per_worker,mode,variant,S_tile,iterations,timed_repetitions,warmup,worker_count,worker_list,affinity,affinity_error,affinity_succeeded,timed_repetitions_exact,avx2_supported,kernel_used,eviction_bytes,eviction_checksum,elapsed_seconds,mac_total,mac_per_second,checksum
512,1,1,"128,128,128,128","65536,65536,65536,65536","128,128,128,128","65536,65536,65536,65536",repeat,A,8,1,8,2,4,"0,2,4,6","true,true,true,true","0,0,0,0",true,true,true,avx2,0,0,9.97e-05,2097152,2.10346e+10,18446744073692835539 stderr=
[5] S=1 R=1 run=3 mode=repeat order_index=1 exit=0 stdout=D,S,R,O_i,B_i,rows_per_worker,bytes_per_worker,mode,variant,S_tile,iterations,timed_repetitions,warmup,worker_count,worker_list,affinity,affinity_error,affinity_succeeded,timed_repetitions_exact,avx2_supported,kernel_used,eviction_bytes,eviction_checksum,elapsed_seconds,mac_total,mac_per_second,checksum
512,1,1,"128,128,128,128","65536,65536,65536,65536","128,128,128,128","65536,65536,65536,65536",repeat,A,8,1,8,2,4,"0,2,4,6","true,true,true,true","0,0,0,0",true,true,true,avx2,0,0,0.000148,2097152,1.41699e+10,18446744073692835539 stderr=
[6] S=1 R=1 run=3 mode=fused order_index=2 exit=0 stdout=D,S,R,O_i,B_i,rows_per_worker,bytes_per_worker,mode,variant,S_tile,iterations,timed_repetitions,warmup,worker_count,worker_list,affinity,affinity_error,affinity_succeeded,timed_repetitions_exact,avx2_supported,kernel_used,eviction_bytes,eviction_checksum,elapsed_seconds,mac_total,mac_per_second,checksum
512,1,1,"128,128,128,128","65536,65536,65536,65536","128,128,128,128","65536,65536,65536,65536",fused,A,8,1,8,2,4,"0,2,4,6","true,true,true,true","0,0,0,0",true,true,true,avx2,0,0,8.5e-05,2097152,2.46724e+10,18446744073692835539 stderr=
[7] S=1 R=1 run=4 mode=fused order_index=1 exit=0 stdout=D,S,R,O_i,B_i,rows_per_worker,bytes_per_worker,mode,variant,S_tile,iterations,timed_repetitions,warmup,worker_count,worker_list,affinity,affinity_error,affinity_succeeded,timed_repetitions_exact,avx2_supported,kernel_used,eviction_bytes,eviction_checksum,elapsed_seconds,mac_total,mac_per_second,checksum
512,1,1,"128,128,128,128","65536,65536,65536,65536","128,128,128,128","65536,65536,65536,65536",fused,A,8,1,8,2,4,"0,2,4,6","true,true,true,true","0,0,0,0",true,true,true,avx2,0,0,9.28e-05,2097152,2.25986e+10,18446744073692835539 stderr=
[8] S=1 R=1 run=4 mode=repeat order_index=2 exit=0 stdout=D,S,R,O_i,B_i,rows_per_worker,bytes_per_worker,mode,variant,S_tile,iterations,timed_repetitions,warmup,worker_count,worker_list,affinity,affinity_error,affinity_succeeded,timed_repetitions_exact,avx2_supported,kernel_used,eviction_bytes,eviction_checksum,elapsed_seconds,mac_total,mac_per_second,checksum
512,1,1,"128,128,128,128","65536,65536,65536,65536","128,128,128,128","65536,65536,65536,65536",repeat,A,8,1,8,2,4,"0,2,4,6","true,true,true,true","0,0,0,0",true,true,true,avx2,0,0,4.78e-05,2097152,4.38735e+10,18446744073692835539 stderr=
[9] S=1 R=1 run=5 mode=repeat order_index=1 exit=0 stdout=D,S,R,O_i,B_i,rows_per_worker,bytes_per_worker,mode,variant,S_tile,iterations,timed_repetitions,warmup,worker_count,worker_list,affinity,affinity_error,affinity_succeeded,timed_repetitions_exact,avx2_supported,kernel_used,eviction_bytes,eviction_checksum,elapsed_seconds,mac_total,mac_per_second,checksum
512,1,1,"128,128,128,128","65536,65536,65536,65536","128,128,128,128","65536,65536,65536,65536",repeat,A,8,1,8,2,4,"0,2,4,6","true,true,true,true","0,0,0,0",true,true,true,avx2,0,0,0.0001152,2097152,1.82044e+10,18446744073692835539 stderr=
[10] S=1 R=1 run=5 mode=fused order_index=2 exit=0 stdout=D,S,R,O_i,B_i,rows_per_worker,bytes_per_worker,mode,variant,S_tile,iterations,timed_repetitions,warmup,worker_count,worker_list,affinity,affinity_error,affinity_succeeded,timed_repetitions_exact,avx2_supported,kernel_used,eviction_bytes,eviction_checksum,elapsed_seconds,mac_total,mac_per_second,checksum
512,1,1,"128,128,128,128","65536,65536,65536,65536","128,128,128,128","65536,65536,65536,65536",fused,A,8,1,8,2,4,"0,2,4,6","true,true,true,true","0,0,0,0",true,true,true,avx2,0,0,3.71e-05,2097152,5.6527e+10,18446744073692835539 stderr=
[11] S=1 R=1 run=6 mode=fused order_index=1 exit=0 stdout=D,S,R,O_i,B_i,rows_per_worker,bytes_per_worker,mode,variant,S_tile,iterations,timed_repetitions,warmup,worker_count,worker_list,affinity,affinity_error,affinity_succeeded,timed_repetitions_exact,avx2_supported,kernel_used,eviction_bytes,eviction_checksum,elapsed_seconds,mac_total,mac_per_second,checksum
512,1,1,"128,128,128,128","65536,65536,65536,65536","128,128,128,128","65536,65536,65536,65536",fused,A,8,1,8,2,4,"0,2,4,6","true,true,true,true","0,0,0,0",true,true,true,avx2,0,0,4.93e-05,2097152,4.25386e+10,18446744073692835539 stderr=
[12] S=1 R=1 run=6 mode=repeat order_index=2 exit=0 stdout=D,S,R,O_i,B_i,rows_per_worker,bytes_per_worker,mode,variant,S_tile,iterations,timed_repetitions,warmup,worker_count,worker_list,affinity,affinity_error,affinity_succeeded,timed_repetitions_exact,avx2_supported,kernel_used,eviction_bytes,eviction_checksum,elapsed_seconds,mac_total,mac_per_second,checksum
512,1,1,"128,128,128,128","65536,65536,65536,65536","128,128,128,128","65536,65536,65536,65536",repeat,A,8,1,8,2,4,"0,2,4,6","true,true,true,true","0,0,0,0",true,true,true,avx2,0,0,9.04e-05,2097152,2.31986e+10,18446744073692835539 stderr=
[13] S=1 R=1 run=7 mode=repeat order_index=1 exit=0 stdout=D,S,R,O_i,B_i,rows_per_worker,bytes_per_worker,mode,variant,S_tile,iterations,timed_repetitions,warmup,worker_count,worker_list,affinity,affinity_error,affinity_succeeded,timed_repetitions_exact,avx2_supported,kernel_used,eviction_bytes,eviction_checksum,elapsed_seconds,mac_total,mac_per_second,checksum
512,1,1,"128,128,128,128","65536,65536,65536,65536","128,128,128,128","65536,65536,65536,65536",repeat,A,8,1,8,2,4,"0,2,4,6","true,true,true,true","0,0,0,0",true,true,true,avx2,0,0,3.99e-05,2097152,5.25602e+10,18446744073692835539 stderr=
[14] S=1 R=1 run=7 mode=fused order_index=2 exit=0 stdout=D,S,R,O_i,B_i,rows_per_worker,bytes_per_worker,mode,variant,S_tile,iterations,timed_repetitions,warmup,worker_count,worker_list,affinity,affinity_error,affinity_succeeded,timed_repetitions_exact,avx2_supported,kernel_used,eviction_bytes,eviction_checksum,elapsed_seconds,mac_total,mac_per_second,checksum
512,1,1,"128,128,128,128","65536,65536,65536,65536","128,128,128,128","65536,65536,65536,65536",fused,A,8,1,8,2,4,"0,2,4,6","true,true,true,true","0,0,0,0",true,true,true,avx2,0,0,3.89e-05,2097152,5.39114e+10,18446744073692835539 stderr=
[15] S=1 R=1 run=8 mode=fused order_index=1 exit=0 stdout=D,S,R,O_i,B_i,rows_per_worker,bytes_per_worker,mode,variant,S_tile,iterations,timed_repetitions,warmup,worker_count,worker_list,affinity,affinity_error,affinity_succeeded,timed_repetitions_exact,avx2_supported,kernel_used,eviction_bytes,eviction_checksum,elapsed_seconds,mac_total,mac_per_second,checksum
512,1,1,"128,128,128,128","65536,65536,65536,65536","128,128,128,128","65536,65536,65536,65536",fused,A,8,1,8,2,4,"0,2,4,6","true,true,true,true","0,0,0,0",true,true,true,avx2,0,0,5.81e-05,2097152,3.60956e+10,18446744073692835539 stderr=
[16] S=1 R=1 run=8 mode=repeat order_index=2 exit=0 stdout=D,S,R,O_i,B_i,rows_per_worker,bytes_per_worker,mode,variant,S_tile,iterations,timed_repetitions,warmup,worker_count,worker_list,affinity,affinity_error,affinity_succeeded,timed_repetitions_exact,avx2_supported,kernel_used,eviction_bytes,eviction_checksum,elapsed_seconds,mac_total,mac_per_second,checksum
512,1,1,"128,128,128,128","65536,65536,65536,65536","128,128,128,128","65536,65536,65536,65536",repeat,A,8,1,8,2,4,"0,2,4,6","true,true,true,true","0,0,0,0",true,true,true,avx2,0,0,8.85e-05,2097152,2.36966e+10,18446744073692835539 stderr=
[17] S=1 R=1 run=9 mode=repeat order_index=1 exit=0 stdout=D,S,R,O_i,B_i,rows_per_worker,bytes_per_worker,mode,variant,S_tile,iterations,timed_repetitions,warmup,worker_count,worker_list,affinity,affinity_error,affinity_succeeded,timed_repetitions_exact,avx2_supported,kernel_used,eviction_bytes,eviction_checksum,elapsed_seconds,mac_total,mac_per_second,checksum
512,1,1,"128,128,128,128","65536,65536,65536,65536","128,128,128,128","65536,65536,65536,65536",repeat,A,8,1,8,2,4,"0,2,4,6","true,true,true,true","0,0,0,0",true,true,true,avx2,0,0,8.3e-05,2097152,2.52669e+10,18446744073692835539 stderr=
[18] S=1 R=1 run=9 mode=fused order_index=2 exit=0 stdout=D,S,R,O_i,B_i,rows_per_worker,bytes_per_worker,mode,variant,S_tile,iterations,timed_repetitions,warmup,worker_count,worker_list,affinity,affinity_error,affinity_succeeded,timed_repetitions_exact,avx2_supported,kernel_used,eviction_bytes,eviction_checksum,elapsed_seconds,mac_total,mac_per_second,checksum
512,1,1,"128,128,128,128","65536,65536,65536,65536","128,128,128,128","65536,65536,65536,65536",fused,A,8,1,8,2,4,"0,2,4,6","true,true,true,true","0,0,0,0",true,true,true,avx2,0,0,0.0001197,2097152,1.75201e+10,18446744073692835539 stderr=
[19] S=1 R=1 run=10 mode=fused order_index=1 exit=0 stdout=D,S,R,O_i,B_i,rows_per_worker,bytes_per_worker,mode,variant,S_tile,iterations,timed_repetitions,warmup,worker_count,worker_list,affinity,affinity_error,affinity_succeeded,timed_repetitions_exact,avx2_supported,kernel_used,eviction_bytes,eviction_checksum,elapsed_seconds,mac_total,mac_per_second,checksum
512,1,1,"128,128,128,128","65536,65536,65536,65536","128,128,128,128","65536,65536,65536,65536",fused,A,8,1,8,2,4,"0,2,4,6","true,true,true,true","0,0,0,0",true,true,true,avx2,0,0,3.74e-05,2097152,5.60736e+10,18446744073692835539 stderr=
[20] S=1 R=1 run=10 mode=repeat order_index=2 exit=0 stdout=D,S,R,O_i,B_i,rows_per_worker,bytes_per_worker,mode,variant,S_tile,iterations,timed_repetitions,warmup,worker_count,worker_list,affinity,affinity_error,affinity_succeeded,timed_repetitions_exact,avx2_supported,kernel_used,eviction_bytes,eviction_checksum,elapsed_seconds,mac_total,mac_per_second,checksum
512,1,1,"128,128,128,128","65536,65536,65536,65536","128,128,128,128","65536,65536,65536,65536",repeat,A,8,1,8,2,4,"0,2,4,6","true,true,true,true","0,0,0,0",true,true,true,avx2,0,0,0.00011,2097152,1.9065e+10,18446744073692835539 stderr=
[21] S=1 R=2 run=1 mode=repeat order_index=1 exit=0 stdout=D,S,R,O_i,B_i,rows_per_worker,bytes_per_worker,mode,variant,S_tile,iterations,timed_repetitions,warmup,worker_count,worker_list,affinity,affinity_error,affinity_succeeded,timed_repetitions_exact,avx2_supported,kernel_used,eviction_bytes,eviction_checksum,elapsed_seconds,mac_total,mac_per_second,checksum
512,1,2,"128,128,128,128","65536,65536,65536,65536","128,128,128,128","65536,65536,65536,65536",repeat,A,8,1,8,2,4,"0,2,4,6","true,true,true,true","0,0,0,0",true,true,true,avx2,0,0,0.0001682,4194304,2.49364e+10,18446744073692835539 stderr=
[22] S=1 R=2 run=1 mode=fused order_index=2 exit=0 stdout=D,S,R,O_i,B_i,rows_per_worker,bytes_per_worker,mode,variant,S_tile,iterations,timed_repetitions,warmup,worker_count,worker_list,affinity,affinity_error,affinity_succeeded,timed_repetitions_exact,avx2_supported,kernel_used,eviction_bytes,eviction_checksum,elapsed_seconds,mac_total,mac_per_second,checksum
512,1,2,"128,128,128,128","65536,65536,65536,65536","128,128,128,128","65536,65536,65536,65536",fused,A,8,1,8,2,4,"0,2,4,6","true,true,true,true","0,0,0,0",true,true,true,avx2,0,0,8.96e-05,4194304,4.68114e+10,18446744073692835539 stderr=
[23] S=1 R=2 run=2 mode=fused order_index=1 exit=0 stdout=D,S,R,O_i,B_i,rows_per_worker,bytes_per_worker,mode,variant,S_tile,iterations,timed_repetitions,warmup,worker_count,worker_list,affinity,affinity_error,affinity_succeeded,timed_repetitions_exact,avx2_supported,kernel_used,eviction_bytes,eviction_checksum,elapsed_seconds,mac_total,mac_per_second,checksum
512,1,2,"128,128,128,128","65536,65536,65536,65536","128,128,128,128","65536,65536,65536,65536",fused,A,8,1,8,2,4,"0,2,4,6","true,true,true,true","0,0,0,0",true,true,true,avx2,0,0,0.0001987,4194304,2.11087e+10,18446744073692835539 stderr=
[24] S=1 R=2 run=2 mode=repeat order_index=2 exit=0 stdout=D,S,R,O_i,B_i,rows_per_worker,bytes_per_worker,mode,variant,S_tile,iterations,timed_repetitions,warmup,worker_count,worker_list,affinity,affinity_error,affinity_succeeded,timed_repetitions_exact,avx2_supported,kernel_used,eviction_bytes,eviction_checksum,elapsed_seconds,mac_total,mac_per_second,checksum
512,1,2,"128,128,128,128","65536,65536,65536,65536","128,128,128,128","65536,65536,65536,65536",repeat,A,8,1,8,2,4,"0,2,4,6","true,true,true,true","0,0,0,0",true,true,true,avx2,0,0,8.15e-05,4194304,5.14639e+10,18446744073692835539 stderr=
[25] S=1 R=2 run=3 mode=repeat order_index=1 exit=0 stdout=D,S,R,O_i,B_i,rows_per_worker,bytes_per_worker,mode,variant,S_tile,iterations,timed_repetitions,warmup,worker_count,worker_list,affinity,affinity_error,affinity_succeeded,timed_repetitions_exact,avx2_supported,kernel_used,eviction_bytes,eviction_checksum,elapsed_seconds,mac_total,mac_per_second,checksum
512,1,2,"128,128,128,128","65536,65536,65536,65536","128,128,128,128","65536,65536,65536,65536",repeat,A,8,1,8,2,4,"0,2,4,6","true,true,true,true","0,0,0,0",true,true,true,avx2,0,0,7.75e-05,4194304,5.41201e+10,18446744073692835539 stderr=
[26] S=1 R=2 run=3 mode=fused order_index=2 exit=0 stdout=D,S,R,O_i,B_i,rows_per_worker,bytes_per_worker,mode,variant,S_tile,iterations,timed_repetitions,warmup,worker_count,worker_list,affinity,affinity_error,affinity_succeeded,timed_repetitions_exact,avx2_supported,kernel_used,eviction_bytes,eviction_checksum,elapsed_seconds,mac_total,mac_per_second,checksum
512,1,2,"128,128,128,128","65536,65536,65536,65536","128,128,128,128","65536,65536,65536,65536",fused,A,8,1,8,2,4,"0,2,4,6","true,true,true,true","0,0,0,0",true,true,true,avx2,0,0,0.0001688,4194304,2.48478e+10,18446744073692835539 stderr=
[27] S=1 R=2 run=4 mode=fused order_index=1 exit=0 stdout=D,S,R,O_i,B_i,rows_per_worker,bytes_per_worker,mode,variant,S_tile,iterations,timed_repetitions,warmup,worker_count,worker_list,affinity,affinity_error,affinity_succeeded,timed_repetitions_exact,avx2_supported,kernel_used,eviction_bytes,eviction_checksum,elapsed_seconds,mac_total,mac_per_second,checksum
512,1,2,"128,128,128,128","65536,65536,65536,65536","128,128,128,128","65536,65536,65536,65536",fused,A,8,1,8,2,4,"0,2,4,6","true,true,true,true","0,0,0,0",true,true,true,avx2,0,0,7.91e-05,4194304,5.30253e+10,18446744073692835539 stderr=
[28] S=1 R=2 run=4 mode=repeat order_index=2 exit=0 stdout=D,S,R,O_i,B_i,rows_per_worker,bytes_per_worker,mode,variant,S_tile,iterations,timed_repetitions,warmup,worker_count,worker_list,affinity,affinity_error,affinity_succeeded,timed_repetitions_exact,avx2_supported,kernel_used,eviction_bytes,eviction_checksum,elapsed_seconds,mac_total,mac_per_second,checksum
512,1,2,"128,128,128,128","65536,65536,65536,65536","128,128,128,128","65536,65536,65536,65536",repeat,A,8,1,8,2,4,"0,2,4,6","true,true,true,true","0,0,0,0",true,true,true,avx2,0,0,0.0001953,4194304,2.14762e+10,18446744073692835539 stderr=
[29] S=1 R=2 run=5 mode=repeat order_index=1 exit=0 stdout=D,S,R,O_i,B_i,rows_per_worker,bytes_per_worker,mode,variant,S_tile,iterations,timed_repetitions,warmup,worker_count,worker_list,affinity,affinity_error,affinity_succeeded,timed_repetitions_exact,avx2_supported,kernel_used,eviction_bytes,eviction_checksum,elapsed_seconds,mac_total,mac_per_second,checksum
512,1,2,"128,128,128,128","65536,65536,65536,65536","128,128,128,128","65536,65536,65536,65536",repeat,A,8,1,8,2,4,"0,2,4,6","true,true,true,true","0,0,0,0",true,true,true,avx2,0,0,0.0003902,4194304,1.07491e+10,18446744073692835539 stderr=
[30] S=1 R=2 run=5 mode=fused order_index=2 exit=0 stdout=D,S,R,O_i,B_i,rows_per_worker,bytes_per_worker,mode,variant,S_tile,iterations,timed_repetitions,warmup,worker_count,worker_list,affinity,affinity_error,affinity_succeeded,timed_repetitions_exact,avx2_supported,kernel_used,eviction_bytes,eviction_checksum,elapsed_seconds,mac_total,mac_per_second,checksum
512,1,2,"128,128,128,128","65536,65536,65536,65536","128,128,128,128","65536,65536,65536,65536",fused,A,8,1,8,2,4,"0,2,4,6","true,true,true,true","0,0,0,0",true,true,true,avx2,0,0,7.83e-05,4194304,5.35671e+10,18446744073692835539 stderr=
[31] S=1 R=2 run=6 mode=fused order_index=1 exit=0 stdout=D,S,R,O_i,B_i,rows_per_worker,bytes_per_worker,mode,variant,S_tile,iterations,timed_repetitions,warmup,worker_count,worker_list,affinity,affinity_error,affinity_succeeded,timed_repetitions_exact,avx2_supported,kernel_used,eviction_bytes,eviction_checksum,elapsed_seconds,mac_total,mac_per_second,checksum
512,1,2,"128,128,128,128","65536,65536,65536,65536","128,128,128,128","65536,65536,65536,65536",fused,A,8,1,8,2,4,"0,2,4,6","true,true,true,true","0,0,0,0",true,true,true,avx2,0,0,7.47e-05,4194304,5.61486e+10,18446744073692835539 stderr=
[32] S=1 R=2 run=6 mode=repeat order_index=2 exit=0 stdout=D,S,R,O_i,B_i,rows_per_worker,bytes_per_worker,mode,variant,S_tile,iterations,timed_repetitions,warmup,worker_count,worker_list,affinity,affinity_error,affinity_succeeded,timed_repetitions_exact,avx2_supported,kernel_used,eviction_bytes,eviction_checksum,elapsed_seconds,mac_total,mac_per_second,checksum
512,1,2,"128,128,128,128","65536,65536,65536,65536","128,128,128,128","65536,65536,65536,65536",repeat,A,8,1,8,2,4,"0,2,4,6","true,true,true,true","0,0,0,0",true,true,true,avx2,0,0,0.0001965,4194304,2.13451e+10,18446744073692835539 stderr=
[33] S=1 R=2 run=7 mode=repeat order_index=1 exit=0 stdout=D,S,R,O_i,B_i,rows_per_worker,bytes_per_worker,mode,variant,S_tile,iterations,timed_repetitions,warmup,worker_count,worker_list,affinity,affinity_error,affinity_succeeded,timed_repetitions_exact,avx2_supported,kernel_used,eviction_bytes,eviction_checksum,elapsed_seconds,mac_total,mac_per_second,checksum
512,1,2,"128,128,128,128","65536,65536,65536,65536","128,128,128,128","65536,65536,65536,65536",repeat,A,8,1,8,2,4,"0,2,4,6","true,true,true,true","0,0,0,0",true,true,true,avx2,0,0,8.75e-05,4194304,4.79349e+10,18446744073692835539 stderr=
[34] S=1 R=2 run=7 mode=fused order_index=2 exit=0 stdout=D,S,R,O_i,B_i,rows_per_worker,bytes_per_worker,mode,variant,S_tile,iterations,timed_repetitions,warmup,worker_count,worker_list,affinity,affinity_error,affinity_succeeded,timed_repetitions_exact,avx2_supported,kernel_used,eviction_bytes,eviction_checksum,elapsed_seconds,mac_total,mac_per_second,checksum
512,1,2,"128,128,128,128","65536,65536,65536,65536","128,128,128,128","65536,65536,65536,65536",fused,A,8,1,8,2,4,"0,2,4,6","true,true,true,true","0,0,0,0",true,true,true,avx2,0,0,0.0002294,4194304,1.82838e+10,18446744073692835539 stderr=
[35] S=1 R=2 run=8 mode=fused order_index=1 exit=0 stdout=D,S,R,O_i,B_i,rows_per_worker,bytes_per_worker,mode,variant,S_tile,iterations,timed_repetitions,warmup,worker_count,worker_list,affinity,affinity_error,affinity_succeeded,timed_repetitions_exact,avx2_supported,kernel_used,eviction_bytes,eviction_checksum,elapsed_seconds,mac_total,mac_per_second,checksum
512,1,2,"128,128,128,128","65536,65536,65536,65536","128,128,128,128","65536,65536,65536,65536",fused,A,8,1,8,2,4,"0,2,4,6","true,true,true,true","0,0,0,0",true,true,true,avx2,0,0,0.0003469,4194304,1.20908e+10,18446744073692835539 stderr=
[36] S=1 R=2 run=8 mode=repeat order_index=2 exit=0 stdout=D,S,R,O_i,B_i,rows_per_worker,bytes_per_worker,mode,variant,S_tile,iterations,timed_repetitions,warmup,worker_count,worker_list,affinity,affinity_error,affinity_succeeded,timed_repetitions_exact,avx2_supported,kernel_used,eviction_bytes,eviction_checksum,elapsed_seconds,mac_total,mac_per_second,checksum
512,1,2,"128,128,128,128","65536,65536,65536,65536","128,128,128,128","65536,65536,65536,65536",repeat,A,8,1,8,2,4,"0,2,4,6","true,true,true,true","0,0,0,0",true,true,true,avx2,0,0,0.0002852,4194304,1.47065e+10,18446744073692835539 stderr=
[37] S=1 R=2 run=9 mode=repeat order_index=1 exit=0 stdout=D,S,R,O_i,B_i,rows_per_worker,bytes_per_worker,mode,variant,S_tile,iterations,timed_repetitions,warmup,worker_count,worker_list,affinity,affinity_error,affinity_succeeded,timed_repetitions_exact,avx2_supported,kernel_used,eviction_bytes,eviction_checksum,elapsed_seconds,mac_total,mac_per_second,checksum
512,1,2,"128,128,128,128","65536,65536,65536,65536","128,128,128,128","65536,65536,65536,65536",repeat,A,8,1,8,2,4,"0,2,4,6","true,true,true,true","0,0,0,0",true,true,true,avx2,0,0,0.0003655,4194304,1.14755e+10,18446744073692835539 stderr=
[38] S=1 R=2 run=9 mode=fused order_index=2 exit=0 stdout=D,S,R,O_i,B_i,rows_per_worker,bytes_per_worker,mode,variant,S_tile,iterations,timed_repetitions,warmup,worker_count,worker_list,affinity,affinity_error,affinity_succeeded,timed_repetitions_exact,avx2_supported,kernel_used,eviction_bytes,eviction_checksum,elapsed_seconds,mac_total,mac_per_second,checksum
512,1,2,"128,128,128,128","65536,65536,65536,65536","128,128,128,128","65536,65536,65536,65536",fused,A,8,1,8,2,4,"0,2,4,6","true,true,true,true","0,0,0,0",true,true,true,avx2,0,0,7.57e-05,4194304,5.54069e+10,18446744073692835539 stderr=
[39] S=1 R=2 run=10 mode=fused order_index=1 exit=0 stdout=D,S,R,O_i,B_i,rows_per_worker,bytes_per_worker,mode,variant,S_tile,iterations,timed_repetitions,warmup,worker_count,worker_list,affinity,affinity_error,affinity_succeeded,timed_repetitions_exact,avx2_supported,kernel_used,eviction_bytes,eviction_checksum,elapsed_seconds,mac_total,mac_per_second,checksum
512,1,2,"128,128,128,128","65536,65536,65536,65536","128,128,128,128","65536,65536,65536,65536",fused,A,8,1,8,2,4,"0,2,4,6","true,true,true,true","0,0,0,0",true,true,true,avx2,0,0,8.28e-05,4194304,5.06558e+10,18446744073692835539 stderr=
[40] S=1 R=2 run=10 mode=repeat order_index=2 exit=0 stdout=D,S,R,O_i,B_i,rows_per_worker,bytes_per_worker,mode,variant,S_tile,iterations,timed_repetitions,warmup,worker_count,worker_list,affinity,affinity_error,affinity_succeeded,timed_repetitions_exact,avx2_supported,kernel_used,eviction_bytes,eviction_checksum,elapsed_seconds,mac_total,mac_per_second,checksum
512,1,2,"128,128,128,128","65536,65536,65536,65536","128,128,128,128","65536,65536,65536,65536",repeat,A,8,1,8,2,4,"0,2,4,6","true,true,true,true","0,0,0,0",true,true,true,avx2,0,0,8.15e-05,4194304,5.14639e+10,18446744073692835539 stderr=
[41] S=1 R=4 run=1 mode=repeat order_index=1 exit=0 stdout=D,S,R,O_i,B_i,rows_per_worker,bytes_per_worker,mode,variant,S_tile,iterations,timed_repetitions,warmup,worker_count,worker_list,affinity,affinity_error,affinity_succeeded,timed_repetitions_exact,avx2_supported,kernel_used,eviction_bytes,eviction_checksum,elapsed_seconds,mac_total,mac_per_second,checksum
512,1,4,"128,128,128,128","65536,65536,65536,65536","128,128,128,128","65536,65536,65536,65536",repeat,A,8,1,8,2,4,"0,2,4,6","true,true,true,true","0,0,0,0",true,true,true,avx2,0,0,0.0004301,8388608,1.95039e+10,18446744073692835539 stderr=
[42] S=1 R=4 run=1 mode=fused order_index=2 exit=0 stdout=D,S,R,O_i,B_i,rows_per_worker,bytes_per_worker,mode,variant,S_tile,iterations,timed_repetitions,warmup,worker_count,worker_list,affinity,affinity_error,affinity_succeeded,timed_repetitions_exact,avx2_supported,kernel_used,eviction_bytes,eviction_checksum,elapsed_seconds,mac_total,mac_per_second,checksum
512,1,4,"128,128,128,128","65536,65536,65536,65536","128,128,128,128","65536,65536,65536,65536",fused,A,8,1,8,2,4,"0,2,4,6","true,true,true,true","0,0,0,0",true,true,true,avx2,0,0,0.000378,8388608,2.21921e+10,18446744073692835539 stderr=
[43] S=1 R=4 run=2 mode=fused order_index=1 exit=0 stdout=D,S,R,O_i,B_i,rows_per_worker,bytes_per_worker,mode,variant,S_tile,iterations,timed_repetitions,warmup,worker_count,worker_list,affinity,affinity_error,affinity_succeeded,timed_repetitions_exact,avx2_supported,kernel_used,eviction_bytes,eviction_checksum,elapsed_seconds,mac_total,mac_per_second,checksum
512,1,4,"128,128,128,128","65536,65536,65536,65536","128,128,128,128","65536,65536,65536,65536",fused,A,8,1,8,2,4,"0,2,4,6","true,true,true,true","0,0,0,0",true,true,true,avx2,0,0,0.0001538,8388608,5.45423e+10,18446744073692835539 stderr=
[44] S=1 R=4 run=2 mode=repeat order_index=2 exit=0 stdout=D,S,R,O_i,B_i,rows_per_worker,bytes_per_worker,mode,variant,S_tile,iterations,timed_repetitions,warmup,worker_count,worker_list,affinity,affinity_error,affinity_succeeded,timed_repetitions_exact,avx2_supported,kernel_used,eviction_bytes,eviction_checksum,elapsed_seconds,mac_total,mac_per_second,checksum
512,1,4,"128,128,128,128","65536,65536,65536,65536","128,128,128,128","65536,65536,65536,65536",repeat,A,8,1,8,2,4,"0,2,4,6","true,true,true,true","0,0,0,0",true,true,true,avx2,0,0,0.0001611,8388608,5.20708e+10,18446744073692835539 stderr=
[45] S=1 R=4 run=3 mode=repeat order_index=1 exit=0 stdout=D,S,R,O_i,B_i,rows_per_worker,bytes_per_worker,mode,variant,S_tile,iterations,timed_repetitions,warmup,worker_count,worker_list,affinity,affinity_error,affinity_succeeded,timed_repetitions_exact,avx2_supported,kernel_used,eviction_bytes,eviction_checksum,elapsed_seconds,mac_total,mac_per_second,checksum
512,1,4,"128,128,128,128","65536,65536,65536,65536","128,128,128,128","65536,65536,65536,65536",repeat,A,8,1,8,2,4,"0,2,4,6","true,true,true,true","0,0,0,0",true,true,true,avx2,0,0,0.0001748,8388608,4.79897e+10,18446744073692835539 stderr=
[46] S=1 R=4 run=3 mode=fused order_index=2 exit=0 stdout=D,S,R,O_i,B_i,rows_per_worker,bytes_per_worker,mode,variant,S_tile,iterations,timed_repetitions,warmup,worker_count,worker_list,affinity,affinity_error,affinity_succeeded,timed_repetitions_exact,avx2_supported,kernel_used,eviction_bytes,eviction_checksum,elapsed_seconds,mac_total,mac_per_second,checksum
512,1,4,"128,128,128,128","65536,65536,65536,65536","128,128,128,128","65536,65536,65536,65536",fused,A,8,1,8,2,4,"0,2,4,6","true,true,true,true","0,0,0,0",true,true,true,avx2,0,0,0.0001518,8388608,5.52609e+10,18446744073692835539 stderr=
[47] S=1 R=4 run=4 mode=fused order_index=1 exit=0 stdout=D,S,R,O_i,B_i,rows_per_worker,bytes_per_worker,mode,variant,S_tile,iterations,timed_repetitions,warmup,worker_count,worker_list,affinity,affinity_error,affinity_succeeded,timed_repetitions_exact,avx2_supported,kernel_used,eviction_bytes,eviction_checksum,elapsed_seconds,mac_total,mac_per_second,checksum
512,1,4,"128,128,128,128","65536,65536,65536,65536","128,128,128,128","65536,65536,65536,65536",fused,A,8,1,8,2,4,"0,2,4,6","true,true,true,true","0,0,0,0",true,true,true,avx2,0,0,0.0003701,8388608,2.26658e+10,18446744073692835539 stderr=
[48] S=1 R=4 run=4 mode=repeat order_index=2 exit=0 stdout=D,S,R,O_i,B_i,rows_per_worker,bytes_per_worker,mode,variant,S_tile,iterations,timed_repetitions,warmup,worker_count,worker_list,affinity,affinity_error,affinity_succeeded,timed_repetitions_exact,avx2_supported,kernel_used,eviction_bytes,eviction_checksum,elapsed_seconds,mac_total,mac_per_second,checksum
512,1,4,"128,128,128,128","65536,65536,65536,65536","128,128,128,128","65536,65536,65536,65536",repeat,A,8,1,8,2,4,"0,2,4,6","true,true,true,true","0,0,0,0",true,true,true,avx2,0,0,0.0004868,8388608,1.72321e+10,18446744073692835539 stderr=
[49] S=1 R=4 run=5 mode=repeat order_index=1 exit=0 stdout=D,S,R,O_i,B_i,rows_per_worker,bytes_per_worker,mode,variant,S_tile,iterations,timed_repetitions,warmup,worker_count,worker_list,affinity,affinity_error,affinity_succeeded,timed_repetitions_exact,avx2_supported,kernel_used,eviction_bytes,eviction_checksum,elapsed_seconds,mac_total,mac_per_second,checksum
512,1,4,"128,128,128,128","65536,65536,65536,65536","128,128,128,128","65536,65536,65536,65536",repeat,A,8,1,8,2,4,"0,2,4,6","true,true,true,true","0,0,0,0",true,true,true,avx2,0,0,0.0006762,8388608,1.24055e+10,18446744073692835539 stderr=
[50] S=1 R=4 run=5 mode=fused order_index=2 exit=0 stdout=D,S,R,O_i,B_i,rows_per_worker,bytes_per_worker,mode,variant,S_tile,iterations,timed_repetitions,warmup,worker_count,worker_list,affinity,affinity_error,affinity_succeeded,timed_repetitions_exact,avx2_supported,kernel_used,eviction_bytes,eviction_checksum,elapsed_seconds,mac_total,mac_per_second,checksum
512,1,4,"128,128,128,128","65536,65536,65536,65536","128,128,128,128","65536,65536,65536,65536",fused,A,8,1,8,2,4,"0,2,4,6","true,true,true,true","0,0,0,0",true,true,true,avx2,0,0,0.0001916,8388608,4.37819e+10,18446744073692835539 stderr=
[51] S=1 R=4 run=6 mode=fused order_index=1 exit=0 stdout=D,S,R,O_i,B_i,rows_per_worker,bytes_per_worker,mode,variant,S_tile,iterations,timed_repetitions,warmup,worker_count,worker_list,affinity,affinity_error,affinity_succeeded,timed_repetitions_exact,avx2_supported,kernel_used,eviction_bytes,eviction_checksum,elapsed_seconds,mac_total,mac_per_second,checksum
512,1,4,"128,128,128,128","65536,65536,65536,65536","128,128,128,128","65536,65536,65536,65536",fused,A,8,1,8,2,4,"0,2,4,6","true,true,true,true","0,0,0,0",true,true,true,avx2,0,0,0.0003561,8388608,2.35569e+10,18446744073692835539 stderr=
[52] S=1 R=4 run=6 mode=repeat order_index=2 exit=0 stdout=D,S,R,O_i,B_i,rows_per_worker,bytes_per_worker,mode,variant,S_tile,iterations,timed_repetitions,warmup,worker_count,worker_list,affinity,affinity_error,affinity_succeeded,timed_repetitions_exact,avx2_supported,kernel_used,eviction_bytes,eviction_checksum,elapsed_seconds,mac_total,mac_per_second,checksum
512,1,4,"128,128,128,128","65536,65536,65536,65536","128,128,128,128","65536,65536,65536,65536",repeat,A,8,1,8,2,4,"0,2,4,6","true,true,true,true","0,0,0,0",true,true,true,avx2,0,0,0.0001787,8388608,4.69424e+10,18446744073692835539 stderr=
[53] S=1 R=4 run=7 mode=repeat order_index=1 exit=0 stdout=D,S,R,O_i,B_i,rows_per_worker,bytes_per_worker,mode,variant,S_tile,iterations,timed_repetitions,warmup,worker_count,worker_list,affinity,affinity_error,affinity_succeeded,timed_repetitions_exact,avx2_supported,kernel_used,eviction_bytes,eviction_checksum,elapsed_seconds,mac_total,mac_per_second,checksum
512,1,4,"128,128,128,128","65536,65536,65536,65536","128,128,128,128","65536,65536,65536,65536",repeat,A,8,1,8,2,4,"0,2,4,6","true,true,true,true","0,0,0,0",true,true,true,avx2,0,0,0.0012433,8388608,6.74705e+09,18446744073692835539 stderr=
[54] S=1 R=4 run=7 mode=fused order_index=2 exit=0 stdout=D,S,R,O_i,B_i,rows_per_worker,bytes_per_worker,mode,variant,S_tile,iterations,timed_repetitions,warmup,worker_count,worker_list,affinity,affinity_error,affinity_succeeded,timed_repetitions_exact,avx2_supported,kernel_used,eviction_bytes,eviction_checksum,elapsed_seconds,mac_total,mac_per_second,checksum
512,1,4,"128,128,128,128","65536,65536,65536,65536","128,128,128,128","65536,65536,65536,65536",fused,A,8,1,8,2,4,"0,2,4,6","true,true,true,true","0,0,0,0",true,true,true,avx2,0,0,0.000331,8388608,2.53432e+10,18446744073692835539 stderr=
[55] S=1 R=4 run=8 mode=fused order_index=1 exit=0 stdout=D,S,R,O_i,B_i,rows_per_worker,bytes_per_worker,mode,variant,S_tile,iterations,timed_repetitions,warmup,worker_count,worker_list,affinity,affinity_error,affinity_succeeded,timed_repetitions_exact,avx2_supported,kernel_used,eviction_bytes,eviction_checksum,elapsed_seconds,mac_total,mac_per_second,checksum
512,1,4,"128,128,128,128","65536,65536,65536,65536","128,128,128,128","65536,65536,65536,65536",fused,A,8,1,8,2,4,"0,2,4,6","true,true,true,true","0,0,0,0",true,true,true,avx2,0,0,0.0001568,8388608,5.34988e+10,18446744073692835539 stderr=
[56] S=1 R=4 run=8 mode=repeat order_index=2 exit=0 stdout=D,S,R,O_i,B_i,rows_per_worker,bytes_per_worker,mode,variant,S_tile,iterations,timed_repetitions,warmup,worker_count,worker_list,affinity,affinity_error,affinity_succeeded,timed_repetitions_exact,avx2_supported,kernel_used,eviction_bytes,eviction_checksum,elapsed_seconds,mac_total,mac_per_second,checksum
512,1,4,"128,128,128,128","65536,65536,65536,65536","128,128,128,128","65536,65536,65536,65536",repeat,A,8,1,8,2,4,"0,2,4,6","true,true,true,true","0,0,0,0",true,true,true,avx2,0,0,0.0003955,8388608,2.12101e+10,18446744073692835539 stderr=
[57] S=1 R=4 run=9 mode=repeat order_index=1 exit=0 stdout=D,S,R,O_i,B_i,rows_per_worker,bytes_per_worker,mode,variant,S_tile,iterations,timed_repetitions,warmup,worker_count,worker_list,affinity,affinity_error,affinity_succeeded,timed_repetitions_exact,avx2_supported,kernel_used,eviction_bytes,eviction_checksum,elapsed_seconds,mac_total,mac_per_second,checksum
512,1,4,"128,128,128,128","65536,65536,65536,65536","128,128,128,128","65536,65536,65536,65536",repeat,A,8,1,8,2,4,"0,2,4,6","true,true,true,true","0,0,0,0",true,true,true,avx2,0,0,0.0001582,8388608,5.30253e+10,18446744073692835539 stderr=
[58] S=1 R=4 run=9 mode=fused order_index=2 exit=0 stdout=D,S,R,O_i,B_i,rows_per_worker,bytes_per_worker,mode,variant,S_tile,iterations,timed_repetitions,warmup,worker_count,worker_list,affinity,affinity_error,affinity_succeeded,timed_repetitions_exact,avx2_supported,kernel_used,eviction_bytes,eviction_checksum,elapsed_seconds,mac_total,mac_per_second,checksum
512,1,4,"128,128,128,128","65536,65536,65536,65536","128,128,128,128","65536,65536,65536,65536",fused,A,8,1,8,2,4,"0,2,4,6","true,true,true,true","0,0,0,0",true,true,true,avx2,0,0,0.0006692,8388608,1.25353e+10,18446744073692835539 stderr=
[59] S=1 R=4 run=10 mode=fused order_index=1 exit=0 stdout=D,S,R,O_i,B_i,rows_per_worker,bytes_per_worker,mode,variant,S_tile,iterations,timed_repetitions,warmup,worker_count,worker_list,affinity,affinity_error,affinity_succeeded,timed_repetitions_exact,avx2_supported,kernel_used,eviction_bytes,eviction_checksum,elapsed_seconds,mac_total,mac_per_second,checksum
512,1,4,"128,128,128,128","65536,65536,65536,65536","128,128,128,128","65536,65536,65536,65536",fused,A,8,1,8,2,4,"0,2,4,6","true,true,true,true","0,0,0,0",true,true,true,avx2,0,0,0.0001605,8388608,5.22655e+10,18446744073692835539 stderr=
[60] S=1 R=4 run=10 mode=repeat order_index=2 exit=0 stdout=D,S,R,O_i,B_i,rows_per_worker,bytes_per_worker,mode,variant,S_tile,iterations,timed_repetitions,warmup,worker_count,worker_list,affinity,affinity_error,affinity_succeeded,timed_repetitions_exact,avx2_supported,kernel_used,eviction_bytes,eviction_checksum,elapsed_seconds,mac_total,mac_per_second,checksum
512,1,4,"128,128,128,128","65536,65536,65536,65536","128,128,128,128","65536,65536,65536,65536",repeat,A,8,1,8,2,4,"0,2,4,6","true,true,true,true","0,0,0,0",true,true,true,avx2,0,0,0.0001608,8388608,5.2168e+10,18446744073692835539 stderr=
[61] S=1 R=8 run=1 mode=repeat order_index=1 exit=0 stdout=D,S,R,O_i,B_i,rows_per_worker,bytes_per_worker,mode,variant,S_tile,iterations,timed_repetitions,warmup,worker_count,worker_list,affinity,affinity_error,affinity_succeeded,timed_repetitions_exact,avx2_supported,kernel_used,eviction_bytes,eviction_checksum,elapsed_seconds,mac_total,mac_per_second,checksum
512,1,8,"128,128,128,128","65536,65536,65536,65536","128,128,128,128","65536,65536,65536,65536",repeat,A,8,1,8,2,4,"0,2,4,6","true,true,true,true","0,0,0,0",true,true,true,avx2,0,0,0.0003414,16777216,4.91424e+10,18446744073692835539 stderr=
[62] S=1 R=8 run=1 mode=fused order_index=2 exit=0 stdout=D,S,R,O_i,B_i,rows_per_worker,bytes_per_worker,mode,variant,S_tile,iterations,timed_repetitions,warmup,worker_count,worker_list,affinity,affinity_error,affinity_succeeded,timed_repetitions_exact,avx2_supported,kernel_used,eviction_bytes,eviction_checksum,elapsed_seconds,mac_total,mac_per_second,checksum
512,1,8,"128,128,128,128","65536,65536,65536,65536","128,128,128,128","65536,65536,65536,65536",fused,A,8,1,8,2,4,"0,2,4,6","true,true,true,true","0,0,0,0",true,true,true,avx2,0,0,0.0003112,16777216,5.39114e+10,18446744073692835539 stderr=
[63] S=1 R=8 run=2 mode=fused order_index=1 exit=0 stdout=D,S,R,O_i,B_i,rows_per_worker,bytes_per_worker,mode,variant,S_tile,iterations,timed_repetitions,warmup,worker_count,worker_list,affinity,affinity_error,affinity_succeeded,timed_repetitions_exact,avx2_supported,kernel_used,eviction_bytes,eviction_checksum,elapsed_seconds,mac_total,mac_per_second,checksum
512,1,8,"128,128,128,128","65536,65536,65536,65536","128,128,128,128","65536,65536,65536,65536",fused,A,8,1,8,2,4,"0,2,4,6","true,true,true,true","0,0,0,0",true,true,true,avx2,0,0,0.0003098,16777216,5.4155e+10,18446744073692835539 stderr=
[64] S=1 R=8 run=2 mode=repeat order_index=2 exit=0 stdout=D,S,R,O_i,B_i,rows_per_worker,bytes_per_worker,mode,variant,S_tile,iterations,timed_repetitions,warmup,worker_count,worker_list,affinity,affinity_error,affinity_succeeded,timed_repetitions_exact,avx2_supported,kernel_used,eviction_bytes,eviction_checksum,elapsed_seconds,mac_total,mac_per_second,checksum
512,1,8,"128,128,128,128","65536,65536,65536,65536","128,128,128,128","65536,65536,65536,65536",repeat,A,8,1,8,2,4,"0,2,4,6","true,true,true,true","0,0,0,0",true,true,true,avx2,0,0,0.0003303,16777216,5.07939e+10,18446744073692835539 stderr=
[65] S=1 R=8 run=3 mode=repeat order_index=1 exit=0 stdout=D,S,R,O_i,B_i,rows_per_worker,bytes_per_worker,mode,variant,S_tile,iterations,timed_repetitions,warmup,worker_count,worker_list,affinity,affinity_error,affinity_succeeded,timed_repetitions_exact,avx2_supported,kernel_used,eviction_bytes,eviction_checksum,elapsed_seconds,mac_total,mac_per_second,checksum
512,1,8,"128,128,128,128","65536,65536,65536,65536","128,128,128,128","65536,65536,65536,65536",repeat,A,8,1,8,2,4,"0,2,4,6","true,true,true,true","0,0,0,0",true,true,true,avx2,0,0,0.0003886,16777216,4.31735e+10,18446744073692835539 stderr=
[66] S=1 R=8 run=3 mode=fused order_index=2 exit=0 stdout=D,S,R,O_i,B_i,rows_per_worker,bytes_per_worker,mode,variant,S_tile,iterations,timed_repetitions,warmup,worker_count,worker_list,affinity,affinity_error,affinity_succeeded,timed_repetitions_exact,avx2_supported,kernel_used,eviction_bytes,eviction_checksum,elapsed_seconds,mac_total,mac_per_second,checksum
512,1,8,"128,128,128,128","65536,65536,65536,65536","128,128,128,128","65536,65536,65536,65536",fused,A,8,1,8,2,4,"0,2,4,6","true,true,true,true","0,0,0,0",true,true,true,avx2,0,0,0.0005766,16777216,2.90968e+10,18446744073692835539 stderr=
[67] S=1 R=8 run=4 mode=fused order_index=1 exit=0 stdout=D,S,R,O_i,B_i,rows_per_worker,bytes_per_worker,mode,variant,S_tile,iterations,timed_repetitions,warmup,worker_count,worker_list,affinity,affinity_error,affinity_succeeded,timed_repetitions_exact,avx2_supported,kernel_used,eviction_bytes,eviction_checksum,elapsed_seconds,mac_total,mac_per_second,checksum
512,1,8,"128,128,128,128","65536,65536,65536,65536","128,128,128,128","65536,65536,65536,65536",fused,A,8,1,8,2,4,"0,2,4,6","true,true,true,true","0,0,0,0",true,true,true,avx2,0,0,0.0003116,16777216,5.38422e+10,18446744073692835539 stderr=
[68] S=1 R=8 run=4 mode=repeat order_index=2 exit=0 stdout=D,S,R,O_i,B_i,rows_per_worker,bytes_per_worker,mode,variant,S_tile,iterations,timed_repetitions,warmup,worker_count,worker_list,affinity,affinity_error,affinity_succeeded,timed_repetitions_exact,avx2_supported,kernel_used,eviction_bytes,eviction_checksum,elapsed_seconds,mac_total,mac_per_second,checksum
512,1,8,"128,128,128,128","65536,65536,65536,65536","128,128,128,128","65536,65536,65536,65536",repeat,A,8,1,8,2,4,"0,2,4,6","true,true,true,true","0,0,0,0",true,true,true,avx2,0,0,0.0004457,16777216,3.76424e+10,18446744073692835539 stderr=
[69] S=1 R=8 run=5 mode=repeat order_index=1 exit=0 stdout=D,S,R,O_i,B_i,rows_per_worker,bytes_per_worker,mode,variant,S_tile,iterations,timed_repetitions,warmup,worker_count,worker_list,affinity,affinity_error,affinity_succeeded,timed_repetitions_exact,avx2_supported,kernel_used,eviction_bytes,eviction_checksum,elapsed_seconds,mac_total,mac_per_second,checksum
512,1,8,"128,128,128,128","65536,65536,65536,65536","128,128,128,128","65536,65536,65536,65536",repeat,A,8,1,8,2,4,"0,2,4,6","true,true,true,true","0,0,0,0",true,true,true,avx2,0,0,0.0004116,16777216,4.0761e+10,18446744073692835539 stderr=
[70] S=1 R=8 run=5 mode=fused order_index=2 exit=0 stdout=D,S,R,O_i,B_i,rows_per_worker,bytes_per_worker,mode,variant,S_tile,iterations,timed_repetitions,warmup,worker_count,worker_list,affinity,affinity_error,affinity_succeeded,timed_repetitions_exact,avx2_supported,kernel_used,eviction_bytes,eviction_checksum,elapsed_seconds,mac_total,mac_per_second,checksum
512,1,8,"128,128,128,128","65536,65536,65536,65536","128,128,128,128","65536,65536,65536,65536",fused,A,8,1,8,2,4,"0,2,4,6","true,true,true,true","0,0,0,0",true,true,true,avx2,0,0,0.0003148,16777216,5.32948e+10,18446744073692835539 stderr=
[71] S=1 R=8 run=6 mode=fused order_index=1 exit=0 stdout=D,S,R,O_i,B_i,rows_per_worker,bytes_per_worker,mode,variant,S_tile,iterations,timed_repetitions,warmup,worker_count,worker_list,affinity,affinity_error,affinity_succeeded,timed_repetitions_exact,avx2_supported,kernel_used,eviction_bytes,eviction_checksum,elapsed_seconds,mac_total,mac_per_second,checksum
512,1,8,"128,128,128,128","65536,65536,65536,65536","128,128,128,128","65536,65536,65536,65536",fused,A,8,1,8,2,4,"0,2,4,6","true,true,true,true","0,0,0,0",true,true,true,avx2,0,0,0.0003178,16777216,5.27917e+10,18446744073692835539 stderr=
[72] S=1 R=8 run=6 mode=repeat order_index=2 exit=0 stdout=D,S,R,O_i,B_i,rows_per_worker,bytes_per_worker,mode,variant,S_tile,iterations,timed_repetitions,warmup,worker_count,worker_list,affinity,affinity_error,affinity_succeeded,timed_repetitions_exact,avx2_supported,kernel_used,eviction_bytes,eviction_checksum,elapsed_seconds,mac_total,mac_per_second,checksum
512,1,8,"128,128,128,128","65536,65536,65536,65536","128,128,128,128","65536,65536,65536,65536",repeat,A,8,1,8,2,4,"0,2,4,6","true,true,true,true","0,0,0,0",true,true,true,avx2,0,0,0.0007567,16777216,2.21716e+10,18446744073692835539 stderr=
[73] S=1 R=8 run=7 mode=repeat order_index=1 exit=0 stdout=D,S,R,O_i,B_i,rows_per_worker,bytes_per_worker,mode,variant,S_tile,iterations,timed_repetitions,warmup,worker_count,worker_list,affinity,affinity_error,affinity_succeeded,timed_repetitions_exact,avx2_supported,kernel_used,eviction_bytes,eviction_checksum,elapsed_seconds,mac_total,mac_per_second,checksum
512,1,8,"128,128,128,128","65536,65536,65536,65536","128,128,128,128","65536,65536,65536,65536",repeat,A,8,1,8,2,4,"0,2,4,6","true,true,true,true","0,0,0,0",true,true,true,avx2,0,0,0.0003203,16777216,5.23797e+10,18446744073692835539 stderr=
[74] S=1 R=8 run=7 mode=fused order_index=2 exit=0 stdout=D,S,R,O_i,B_i,rows_per_worker,bytes_per_worker,mode,variant,S_tile,iterations,timed_repetitions,warmup,worker_count,worker_list,affinity,affinity_error,affinity_succeeded,timed_repetitions_exact,avx2_supported,kernel_used,eviction_bytes,eviction_checksum,elapsed_seconds,mac_total,mac_per_second,checksum
512,1,8,"128,128,128,128","65536,65536,65536,65536","128,128,128,128","65536,65536,65536,65536",fused,A,8,1,8,2,4,"0,2,4,6","true,true,true,true","0,0,0,0",true,true,true,avx2,0,0,0.0003204,16777216,5.23633e+10,18446744073692835539 stderr=
[75] S=1 R=8 run=8 mode=fused order_index=1 exit=0 stdout=D,S,R,O_i,B_i,rows_per_worker,bytes_per_worker,mode,variant,S_tile,iterations,timed_repetitions,warmup,worker_count,worker_list,affinity,affinity_error,affinity_succeeded,timed_repetitions_exact,avx2_supported,kernel_used,eviction_bytes,eviction_checksum,elapsed_seconds,mac_total,mac_per_second,checksum
512,1,8,"128,128,128,128","65536,65536,65536,65536","128,128,128,128","65536,65536,65536,65536",fused,A,8,1,8,2,4,"0,2,4,6","true,true,true,true","0,0,0,0",true,true,true,avx2,0,0,0.000308,16777216,5.44715e+10,18446744073692835539 stderr=
[76] S=1 R=8 run=8 mode=repeat order_index=2 exit=0 stdout=D,S,R,O_i,B_i,rows_per_worker,bytes_per_worker,mode,variant,S_tile,iterations,timed_repetitions,warmup,worker_count,worker_list,affinity,affinity_error,affinity_succeeded,timed_repetitions_exact,avx2_supported,kernel_used,eviction_bytes,eviction_checksum,elapsed_seconds,mac_total,mac_per_second,checksum
512,1,8,"128,128,128,128","65536,65536,65536,65536","128,128,128,128","65536,65536,65536,65536",repeat,A,8,1,8,2,4,"0,2,4,6","true,true,true,true","0,0,0,0",true,true,true,avx2,0,0,0.0003253,16777216,5.15746e+10,18446744073692835539 stderr=
[77] S=1 R=8 run=9 mode=repeat order_index=1 exit=0 stdout=D,S,R,O_i,B_i,rows_per_worker,bytes_per_worker,mode,variant,S_tile,iterations,timed_repetitions,warmup,worker_count,worker_list,affinity,affinity_error,affinity_succeeded,timed_repetitions_exact,avx2_supported,kernel_used,eviction_bytes,eviction_checksum,elapsed_seconds,mac_total,mac_per_second,checksum
512,1,8,"128,128,128,128","65536,65536,65536,65536","128,128,128,128","65536,65536,65536,65536",repeat,A,8,1,8,2,4,"0,2,4,6","true,true,true,true","0,0,0,0",true,true,true,avx2,0,0,0.0003594,16777216,4.66812e+10,18446744073692835539 stderr=
[78] S=1 R=8 run=9 mode=fused order_index=2 exit=0 stdout=D,S,R,O_i,B_i,rows_per_worker,bytes_per_worker,mode,variant,S_tile,iterations,timed_repetitions,warmup,worker_count,worker_list,affinity,affinity_error,affinity_succeeded,timed_repetitions_exact,avx2_supported,kernel_used,eviction_bytes,eviction_checksum,elapsed_seconds,mac_total,mac_per_second,checksum
512,1,8,"128,128,128,128","65536,65536,65536,65536","128,128,128,128","65536,65536,65536,65536",fused,A,8,1,8,2,4,"0,2,4,6","true,true,true,true","0,0,0,0",true,true,true,avx2,0,0,0.0005989,16777216,2.80134e+10,18446744073692835539 stderr=
[79] S=1 R=8 run=10 mode=fused order_index=1 exit=0 stdout=D,S,R,O_i,B_i,rows_per_worker,bytes_per_worker,mode,variant,S_tile,iterations,timed_repetitions,warmup,worker_count,worker_list,affinity,affinity_error,affinity_succeeded,timed_repetitions_exact,avx2_supported,kernel_used,eviction_bytes,eviction_checksum,elapsed_seconds,mac_total,mac_per_second,checksum
512,1,8,"128,128,128,128","65536,65536,65536,65536","128,128,128,128","65536,65536,65536,65536",fused,A,8,1,8,2,4,"0,2,4,6","true,true,true,true","0,0,0,0",true,true,true,avx2,0,0,0.0006942,16777216,2.41677e+10,18446744073692835539 stderr=
[80] S=1 R=8 run=10 mode=repeat order_index=2 exit=0 stdout=D,S,R,O_i,B_i,rows_per_worker,bytes_per_worker,mode,variant,S_tile,iterations,timed_repetitions,warmup,worker_count,worker_list,affinity,affinity_error,affinity_succeeded,timed_repetitions_exact,avx2_supported,kernel_used,eviction_bytes,eviction_checksum,elapsed_seconds,mac_total,mac_per_second,checksum
512,1,8,"128,128,128,128","65536,65536,65536,65536","128,128,128,128","65536,65536,65536,65536",repeat,A,8,1,8,2,4,"0,2,4,6","true,true,true,true","0,0,0,0",true,true,true,avx2,0,0,0.0003432,16777216,4.88847e+10,18446744073692835539 stderr=
[81] S=1 R=16 run=1 mode=repeat order_index=1 exit=0 stdout=D,S,R,O_i,B_i,rows_per_worker,bytes_per_worker,mode,variant,S_tile,iterations,timed_repetitions,warmup,worker_count,worker_list,affinity,affinity_error,affinity_succeeded,timed_repetitions_exact,avx2_supported,kernel_used,eviction_bytes,eviction_checksum,elapsed_seconds,mac_total,mac_per_second,checksum
512,1,16,"128,128,128,128","65536,65536,65536,65536","128,128,128,128","65536,65536,65536,65536",repeat,A,8,1,8,2,4,"0,2,4,6","true,true,true,true","0,0,0,0",true,true,true,avx2,0,0,0.0009981,33554432,3.36183e+10,18446744073692835539 stderr=
[82] S=1 R=16 run=1 mode=fused order_index=2 exit=0 stdout=D,S,R,O_i,B_i,rows_per_worker,bytes_per_worker,mode,variant,S_tile,iterations,timed_repetitions,warmup,worker_count,worker_list,affinity,affinity_error,affinity_succeeded,timed_repetitions_exact,avx2_supported,kernel_used,eviction_bytes,eviction_checksum,elapsed_seconds,mac_total,mac_per_second,checksum
512,1,16,"128,128,128,128","65536,65536,65536,65536","128,128,128,128","65536,65536,65536,65536",fused,A,8,1,8,2,4,"0,2,4,6","true,true,true,true","0,0,0,0",true,true,true,avx2,0,0,0.0006077,33554432,5.52155e+10,18446744073692835539 stderr=
[83] S=1 R=16 run=2 mode=fused order_index=1 exit=0 stdout=D,S,R,O_i,B_i,rows_per_worker,bytes_per_worker,mode,variant,S_tile,iterations,timed_repetitions,warmup,worker_count,worker_list,affinity,affinity_error,affinity_succeeded,timed_repetitions_exact,avx2_supported,kernel_used,eviction_bytes,eviction_checksum,elapsed_seconds,mac_total,mac_per_second,checksum
512,1,16,"128,128,128,128","65536,65536,65536,65536","128,128,128,128","65536,65536,65536,65536",fused,A,8,1,8,2,4,"0,2,4,6","true,true,true,true","0,0,0,0",true,true,true,avx2,0,0,0.0006653,33554432,5.0435e+10,18446744073692835539 stderr=
[84] S=1 R=16 run=2 mode=repeat order_index=2 exit=0 stdout=D,S,R,O_i,B_i,rows_per_worker,bytes_per_worker,mode,variant,S_tile,iterations,timed_repetitions,warmup,worker_count,worker_list,affinity,affinity_error,affinity_succeeded,timed_repetitions_exact,avx2_supported,kernel_used,eviction_bytes,eviction_checksum,elapsed_seconds,mac_total,mac_per_second,checksum
512,1,16,"128,128,128,128","65536,65536,65536,65536","128,128,128,128","65536,65536,65536,65536",repeat,A,8,1,8,2,4,"0,2,4,6","true,true,true,true","0,0,0,0",true,true,true,avx2,0,0,0.0012128,33554432,2.76669e+10,18446744073692835539 stderr=
[85] S=1 R=16 run=3 mode=repeat order_index=1 exit=0 stdout=D,S,R,O_i,B_i,rows_per_worker,bytes_per_worker,mode,variant,S_tile,iterations,timed_repetitions,warmup,worker_count,worker_list,affinity,affinity_error,affinity_succeeded,timed_repetitions_exact,avx2_supported,kernel_used,eviction_bytes,eviction_checksum,elapsed_seconds,mac_total,mac_per_second,checksum
512,1,16,"128,128,128,128","65536,65536,65536,65536","128,128,128,128","65536,65536,65536,65536",repeat,A,8,1,8,2,4,"0,2,4,6","true,true,true,true","0,0,0,0",true,true,true,avx2,0,0,0.0010244,33554432,3.27552e+10,18446744073692835539 stderr=
[86] S=1 R=16 run=3 mode=fused order_index=2 exit=0 stdout=D,S,R,O_i,B_i,rows_per_worker,bytes_per_worker,mode,variant,S_tile,iterations,timed_repetitions,warmup,worker_count,worker_list,affinity,affinity_error,affinity_succeeded,timed_repetitions_exact,avx2_supported,kernel_used,eviction_bytes,eviction_checksum,elapsed_seconds,mac_total,mac_per_second,checksum
512,1,16,"128,128,128,128","65536,65536,65536,65536","128,128,128,128","65536,65536,65536,65536",fused,A,8,1,8,2,4,"0,2,4,6","true,true,true,true","0,0,0,0",true,true,true,avx2,0,0,0.0014824,33554432,2.26352e+10,18446744073692835539 stderr=
[87] S=1 R=16 run=4 mode=fused order_index=1 exit=0 stdout=D,S,R,O_i,B_i,rows_per_worker,bytes_per_worker,mode,variant,S_tile,iterations,timed_repetitions,warmup,worker_count,worker_list,affinity,affinity_error,affinity_succeeded,timed_repetitions_exact,avx2_supported,kernel_used,eviction_bytes,eviction_checksum,elapsed_seconds,mac_total,mac_per_second,checksum
512,1,16,"128,128,128,128","65536,65536,65536,65536","128,128,128,128","65536,65536,65536,65536",fused,A,8,1,8,2,4,"0,2,4,6","true,true,true,true","0,0,0,0",true,true,true,avx2,0,0,0.0009972,33554432,3.36486e+10,18446744073692835539 stderr=
[88] S=1 R=16 run=4 mode=repeat order_index=2 exit=0 stdout=D,S,R,O_i,B_i,rows_per_worker,bytes_per_worker,mode,variant,S_tile,iterations,timed_repetitions,warmup,worker_count,worker_list,affinity,affinity_error,affinity_succeeded,timed_repetitions_exact,avx2_supported,kernel_used,eviction_bytes,eviction_checksum,elapsed_seconds,mac_total,mac_per_second,checksum
512,1,16,"128,128,128,128","65536,65536,65536,65536","128,128,128,128","65536,65536,65536,65536",repeat,A,8,1,8,2,4,"0,2,4,6","true,true,true,true","0,0,0,0",true,true,true,avx2,0,0,0.0006411,33554432,5.23388e+10,18446744073692835539 stderr=
[89] S=1 R=16 run=5 mode=repeat order_index=1 exit=0 stdout=D,S,R,O_i,B_i,rows_per_worker,bytes_per_worker,mode,variant,S_tile,iterations,timed_repetitions,warmup,worker_count,worker_list,affinity,affinity_error,affinity_succeeded,timed_repetitions_exact,avx2_supported,kernel_used,eviction_bytes,eviction_checksum,elapsed_seconds,mac_total,mac_per_second,checksum
512,1,16,"128,128,128,128","65536,65536,65536,65536","128,128,128,128","65536,65536,65536,65536",repeat,A,8,1,8,2,4,"0,2,4,6","true,true,true,true","0,0,0,0",true,true,true,avx2,0,0,0.000651,33554432,5.15429e+10,18446744073692835539 stderr=
[90] S=1 R=16 run=5 mode=fused order_index=2 exit=0 stdout=D,S,R,O_i,B_i,rows_per_worker,bytes_per_worker,mode,variant,S_tile,iterations,timed_repetitions,warmup,worker_count,worker_list,affinity,affinity_error,affinity_succeeded,timed_repetitions_exact,avx2_supported,kernel_used,eviction_bytes,eviction_checksum,elapsed_seconds,mac_total,mac_per_second,checksum
512,1,16,"128,128,128,128","65536,65536,65536,65536","128,128,128,128","65536,65536,65536,65536",fused,A,8,1,8,2,4,"0,2,4,6","true,true,true,true","0,0,0,0",true,true,true,avx2,0,0,0.0007494,33554432,4.47751e+10,18446744073692835539 stderr=
[91] S=1 R=16 run=6 mode=fused order_index=1 exit=0 stdout=D,S,R,O_i,B_i,rows_per_worker,bytes_per_worker,mode,variant,S_tile,iterations,timed_repetitions,warmup,worker_count,worker_list,affinity,affinity_error,affinity_succeeded,timed_repetitions_exact,avx2_supported,kernel_used,eviction_bytes,eviction_checksum,elapsed_seconds,mac_total,mac_per_second,checksum
512,1,16,"128,128,128,128","65536,65536,65536,65536","128,128,128,128","65536,65536,65536,65536",fused,A,8,1,8,2,4,"0,2,4,6","true,true,true,true","0,0,0,0",true,true,true,avx2,0,0,0.0006276,33554432,5.34647e+10,18446744073692835539 stderr=
[92] S=1 R=16 run=6 mode=repeat order_index=2 exit=0 stdout=D,S,R,O_i,B_i,rows_per_worker,bytes_per_worker,mode,variant,S_tile,iterations,timed_repetitions,warmup,worker_count,worker_list,affinity,affinity_error,affinity_succeeded,timed_repetitions_exact,avx2_supported,kernel_used,eviction_bytes,eviction_checksum,elapsed_seconds,mac_total,mac_per_second,checksum
512,1,16,"128,128,128,128","65536,65536,65536,65536","128,128,128,128","65536,65536,65536,65536",repeat,A,8,1,8,2,4,"0,2,4,6","true,true,true,true","0,0,0,0",true,true,true,avx2,0,0,0.0006641,33554432,5.05262e+10,18446744073692835539 stderr=
[93] S=1 R=16 run=7 mode=repeat order_index=1 exit=0 stdout=D,S,R,O_i,B_i,rows_per_worker,bytes_per_worker,mode,variant,S_tile,iterations,timed_repetitions,warmup,worker_count,worker_list,affinity,affinity_error,affinity_succeeded,timed_repetitions_exact,avx2_supported,kernel_used,eviction_bytes,eviction_checksum,elapsed_seconds,mac_total,mac_per_second,checksum
512,1,16,"128,128,128,128","65536,65536,65536,65536","128,128,128,128","65536,65536,65536,65536",repeat,A,8,1,8,2,4,"0,2,4,6","true,true,true,true","0,0,0,0",true,true,true,avx2,0,0,0.0006762,33554432,4.96221e+10,18446744073692835539 stderr=
[94] S=1 R=16 run=7 mode=fused order_index=2 exit=0 stdout=D,S,R,O_i,B_i,rows_per_worker,bytes_per_worker,mode,variant,S_tile,iterations,timed_repetitions,warmup,worker_count,worker_list,affinity,affinity_error,affinity_succeeded,timed_repetitions_exact,avx2_supported,kernel_used,eviction_bytes,eviction_checksum,elapsed_seconds,mac_total,mac_per_second,checksum
512,1,16,"128,128,128,128","65536,65536,65536,65536","128,128,128,128","65536,65536,65536,65536",fused,A,8,1,8,2,4,"0,2,4,6","true,true,true,true","0,0,0,0",true,true,true,avx2,0,0,0.0014074,33554432,2.38414e+10,18446744073692835539 stderr=
[95] S=1 R=16 run=8 mode=fused order_index=1 exit=0 stdout=D,S,R,O_i,B_i,rows_per_worker,bytes_per_worker,mode,variant,S_tile,iterations,timed_repetitions,warmup,worker_count,worker_list,affinity,affinity_error,affinity_succeeded,timed_repetitions_exact,avx2_supported,kernel_used,eviction_bytes,eviction_checksum,elapsed_seconds,mac_total,mac_per_second,checksum
512,1,16,"128,128,128,128","65536,65536,65536,65536","128,128,128,128","65536,65536,65536,65536",fused,A,8,1,8,2,4,"0,2,4,6","true,true,true,true","0,0,0,0",true,true,true,avx2,0,0,0.0010815,33554432,3.10258e+10,18446744073692835539 stderr=
[96] S=1 R=16 run=8 mode=repeat order_index=2 exit=0 stdout=D,S,R,O_i,B_i,rows_per_worker,bytes_per_worker,mode,variant,S_tile,iterations,timed_repetitions,warmup,worker_count,worker_list,affinity,affinity_error,affinity_succeeded,timed_repetitions_exact,avx2_supported,kernel_used,eviction_bytes,eviction_checksum,elapsed_seconds,mac_total,mac_per_second,checksum
512,1,16,"128,128,128,128","65536,65536,65536,65536","128,128,128,128","65536,65536,65536,65536",repeat,A,8,1,8,2,4,"0,2,4,6","true,true,true,true","0,0,0,0",true,true,true,avx2,0,0,0.0010801,33554432,3.1066e+10,18446744073692835539 stderr=
[97] S=1 R=16 run=9 mode=repeat order_index=1 exit=0 stdout=D,S,R,O_i,B_i,rows_per_worker,bytes_per_worker,mode,variant,S_tile,iterations,timed_repetitions,warmup,worker_count,worker_list,affinity,affinity_error,affinity_succeeded,timed_repetitions_exact,avx2_supported,kernel_used,eviction_bytes,eviction_checksum,elapsed_seconds,mac_total,mac_per_second,checksum
512,1,16,"128,128,128,128","65536,65536,65536,65536","128,128,128,128","65536,65536,65536,65536",repeat,A,8,1,8,2,4,"0,2,4,6","true,true,true,true","0,0,0,0",true,true,true,avx2,0,0,0.0006664,33554432,5.03518e+10,18446744073692835539 stderr=
[98] S=1 R=16 run=9 mode=fused order_index=2 exit=0 stdout=D,S,R,O_i,B_i,rows_per_worker,bytes_per_worker,mode,variant,S_tile,iterations,timed_repetitions,warmup,worker_count,worker_list,affinity,affinity_error,affinity_succeeded,timed_repetitions_exact,avx2_supported,kernel_used,eviction_bytes,eviction_checksum,elapsed_seconds,mac_total,mac_per_second,checksum
512,1,16,"128,128,128,128","65536,65536,65536,65536","128,128,128,128","65536,65536,65536,65536",fused,A,8,1,8,2,4,"0,2,4,6","true,true,true,true","0,0,0,0",true,true,true,avx2,0,0,0.0007689,33554432,4.36395e+10,18446744073692835539 stderr=
[99] S=1 R=16 run=10 mode=fused order_index=1 exit=0 stdout=D,S,R,O_i,B_i,rows_per_worker,bytes_per_worker,mode,variant,S_tile,iterations,timed_repetitions,warmup,worker_count,worker_list,affinity,affinity_error,affinity_succeeded,timed_repetitions_exact,avx2_supported,kernel_used,eviction_bytes,eviction_checksum,elapsed_seconds,mac_total,mac_per_second,checksum
512,1,16,"128,128,128,128","65536,65536,65536,65536","128,128,128,128","65536,65536,65536,65536",fused,A,8,1,8,2,4,"0,2,4,6","true,true,true,true","0,0,0,0",true,true,true,avx2,0,0,0.0040191,33554432,8.34874e+09,18446744073692835539 stderr=
[100] S=1 R=16 run=10 mode=repeat order_index=2 exit=0 stdout=D,S,R,O_i,B_i,rows_per_worker,bytes_per_worker,mode,variant,S_tile,iterations,timed_repetitions,warmup,worker_count,worker_list,affinity,affinity_error,affinity_succeeded,timed_repetitions_exact,avx2_supported,kernel_used,eviction_bytes,eviction_checksum,elapsed_seconds,mac_total,mac_per_second,checksum
512,1,16,"128,128,128,128","65536,65536,65536,65536","128,128,128,128","65536,65536,65536,65536",repeat,A,8,1,8,2,4,"0,2,4,6","true,true,true,true","0,0,0,0",true,true,true,avx2,0,0,0.0011276,33554432,2.97574e+10,18446744073692835539 stderr=
[101] S=2 R=1 run=1 mode=repeat order_index=1 exit=0 stdout=D,S,R,O_i,B_i,rows_per_worker,bytes_per_worker,mode,variant,S_tile,iterations,timed_repetitions,warmup,worker_count,worker_list,affinity,affinity_error,affinity_succeeded,timed_repetitions_exact,avx2_supported,kernel_used,eviction_bytes,eviction_checksum,elapsed_seconds,mac_total,mac_per_second,checksum
512,2,1,"128,128,128,128","65536,65536,65536,65536","128,128,128,128","65536,65536,65536,65536",repeat,A,8,1,8,2,4,"0,2,4,6","true,true,true,true","0,0,0,0",true,true,true,avx2,0,0,0.0001395,4194304,3.00667e+10,18446744073630106932 stderr=
[102] S=2 R=1 run=1 mode=fused order_index=2 exit=0 stdout=D,S,R,O_i,B_i,rows_per_worker,bytes_per_worker,mode,variant,S_tile,iterations,timed_repetitions,warmup,worker_count,worker_list,affinity,affinity_error,affinity_succeeded,timed_repetitions_exact,avx2_supported,kernel_used,eviction_bytes,eviction_checksum,elapsed_seconds,mac_total,mac_per_second,checksum
512,2,1,"128,128,128,128","65536,65536,65536,65536","128,128,128,128","65536,65536,65536,65536",fused,A,8,1,8,2,4,"0,2,4,6","true,true,true,true","0,0,0,0",true,true,true,avx2,0,0,8.18e-05,4194304,5.12751e+10,18446744073630106932 stderr=
[103] S=2 R=1 run=2 mode=fused order_index=1 exit=0 stdout=D,S,R,O_i,B_i,rows_per_worker,bytes_per_worker,mode,variant,S_tile,iterations,timed_repetitions,warmup,worker_count,worker_list,affinity,affinity_error,affinity_succeeded,timed_repetitions_exact,avx2_supported,kernel_used,eviction_bytes,eviction_checksum,elapsed_seconds,mac_total,mac_per_second,checksum
512,2,1,"128,128,128,128","65536,65536,65536,65536","128,128,128,128","65536,65536,65536,65536",fused,A,8,1,8,2,4,"0,2,4,6","true,true,true,true","0,0,0,0",true,true,true,avx2,0,0,8.74e-05,4194304,4.79897e+10,18446744073630106932 stderr=
[104] S=2 R=1 run=2 mode=repeat order_index=2 exit=0 stdout=D,S,R,O_i,B_i,rows_per_worker,bytes_per_worker,mode,variant,S_tile,iterations,timed_repetitions,warmup,worker_count,worker_list,affinity,affinity_error,affinity_succeeded,timed_repetitions_exact,avx2_supported,kernel_used,eviction_bytes,eviction_checksum,elapsed_seconds,mac_total,mac_per_second,checksum
512,2,1,"128,128,128,128","65536,65536,65536,65536","128,128,128,128","65536,65536,65536,65536",repeat,A,8,1,8,2,4,"0,2,4,6","true,true,true,true","0,0,0,0",true,true,true,avx2,0,0,0.000103,4194304,4.07214e+10,18446744073630106932 stderr=
[105] S=2 R=1 run=3 mode=repeat order_index=1 exit=0 stdout=D,S,R,O_i,B_i,rows_per_worker,bytes_per_worker,mode,variant,S_tile,iterations,timed_repetitions,warmup,worker_count,worker_list,affinity,affinity_error,affinity_succeeded,timed_repetitions_exact,avx2_supported,kernel_used,eviction_bytes,eviction_checksum,elapsed_seconds,mac_total,mac_per_second,checksum
512,2,1,"128,128,128,128","65536,65536,65536,65536","128,128,128,128","65536,65536,65536,65536",repeat,A,8,1,8,2,4,"0,2,4,6","true,true,true,true","0,0,0,0",true,true,true,avx2,0,0,0.0001505,4194304,2.78691e+10,18446744073630106932 stderr=
[106] S=2 R=1 run=3 mode=fused order_index=2 exit=0 stdout=D,S,R,O_i,B_i,rows_per_worker,bytes_per_worker,mode,variant,S_tile,iterations,timed_repetitions,warmup,worker_count,worker_list,affinity,affinity_error,affinity_succeeded,timed_repetitions_exact,avx2_supported,kernel_used,eviction_bytes,eviction_checksum,elapsed_seconds,mac_total,mac_per_second,checksum
512,2,1,"128,128,128,128","65536,65536,65536,65536","128,128,128,128","65536,65536,65536,65536",fused,A,8,1,8,2,4,"0,2,4,6","true,true,true,true","0,0,0,0",true,true,true,avx2,0,0,8.09e-05,4194304,5.18455e+10,18446744073630106932 stderr=
[107] S=2 R=1 run=4 mode=fused order_index=1 exit=0 stdout=D,S,R,O_i,B_i,rows_per_worker,bytes_per_worker,mode,variant,S_tile,iterations,timed_repetitions,warmup,worker_count,worker_list,affinity,affinity_error,affinity_succeeded,timed_repetitions_exact,avx2_supported,kernel_used,eviction_bytes,eviction_checksum,elapsed_seconds,mac_total,mac_per_second,checksum
512,2,1,"128,128,128,128","65536,65536,65536,65536","128,128,128,128","65536,65536,65536,65536",fused,A,8,1,8,2,4,"0,2,4,6","true,true,true,true","0,0,0,0",true,true,true,avx2,0,0,0.000203,4194304,2.06616e+10,18446744073630106932 stderr=
[108] S=2 R=1 run=4 mode=repeat order_index=2 exit=0 stdout=D,S,R,O_i,B_i,rows_per_worker,bytes_per_worker,mode,variant,S_tile,iterations,timed_repetitions,warmup,worker_count,worker_list,affinity,affinity_error,affinity_succeeded,timed_repetitions_exact,avx2_supported,kernel_used,eviction_bytes,eviction_checksum,elapsed_seconds,mac_total,mac_per_second,checksum
512,2,1,"128,128,128,128","65536,65536,65536,65536","128,128,128,128","65536,65536,65536,65536",repeat,A,8,1,8,2,4,"0,2,4,6","true,true,true,true","0,0,0,0",true,true,true,avx2,0,0,0.0001024,4194304,4.096e+10,18446744073630106932 stderr=
[109] S=2 R=1 run=5 mode=repeat order_index=1 exit=0 stdout=D,S,R,O_i,B_i,rows_per_worker,bytes_per_worker,mode,variant,S_tile,iterations,timed_repetitions,warmup,worker_count,worker_list,affinity,affinity_error,affinity_succeeded,timed_repetitions_exact,avx2_supported,kernel_used,eviction_bytes,eviction_checksum,elapsed_seconds,mac_total,mac_per_second,checksum
512,2,1,"128,128,128,128","65536,65536,65536,65536","128,128,128,128","65536,65536,65536,65536",repeat,A,8,1,8,2,4,"0,2,4,6","true,true,true,true","0,0,0,0",true,true,true,avx2,0,0,0.0001039,4194304,4.03687e+10,18446744073630106932 stderr=
[110] S=2 R=1 run=5 mode=fused order_index=2 exit=0 stdout=D,S,R,O_i,B_i,rows_per_worker,bytes_per_worker,mode,variant,S_tile,iterations,timed_repetitions,warmup,worker_count,worker_list,affinity,affinity_error,affinity_succeeded,timed_repetitions_exact,avx2_supported,kernel_used,eviction_bytes,eviction_checksum,elapsed_seconds,mac_total,mac_per_second,checksum
512,2,1,"128,128,128,128","65536,65536,65536,65536","128,128,128,128","65536,65536,65536,65536",fused,A,8,1,8,2,4,"0,2,4,6","true,true,true,true","0,0,0,0",true,true,true,avx2,0,0,0.0001178,4194304,3.56053e+10,18446744073630106932 stderr=
[111] S=2 R=1 run=6 mode=fused order_index=1 exit=0 stdout=D,S,R,O_i,B_i,rows_per_worker,bytes_per_worker,mode,variant,S_tile,iterations,timed_repetitions,warmup,worker_count,worker_list,affinity,affinity_error,affinity_succeeded,timed_repetitions_exact,avx2_supported,kernel_used,eviction_bytes,eviction_checksum,elapsed_seconds,mac_total,mac_per_second,checksum
512,2,1,"128,128,128,128","65536,65536,65536,65536","128,128,128,128","65536,65536,65536,65536",fused,A,8,1,8,2,4,"0,2,4,6","true,true,true,true","0,0,0,0",true,true,true,avx2,0,0,0.0001134,4194304,3.69868e+10,18446744073630106932 stderr=
[112] S=2 R=1 run=6 mode=repeat order_index=2 exit=0 stdout=D,S,R,O_i,B_i,rows_per_worker,bytes_per_worker,mode,variant,S_tile,iterations,timed_repetitions,warmup,worker_count,worker_list,affinity,affinity_error,affinity_succeeded,timed_repetitions_exact,avx2_supported,kernel_used,eviction_bytes,eviction_checksum,elapsed_seconds,mac_total,mac_per_second,checksum
512,2,1,"128,128,128,128","65536,65536,65536,65536","128,128,128,128","65536,65536,65536,65536",repeat,A,8,1,8,2,4,"0,2,4,6","true,true,true,true","0,0,0,0",true,true,true,avx2,0,0,0.0001832,4194304,2.28947e+10,18446744073630106932 stderr=
[113] S=2 R=1 run=7 mode=repeat order_index=1 exit=0 stdout=D,S,R,O_i,B_i,rows_per_worker,bytes_per_worker,mode,variant,S_tile,iterations,timed_repetitions,warmup,worker_count,worker_list,affinity,affinity_error,affinity_succeeded,timed_repetitions_exact,avx2_supported,kernel_used,eviction_bytes,eviction_checksum,elapsed_seconds,mac_total,mac_per_second,checksum
512,2,1,"128,128,128,128","65536,65536,65536,65536","128,128,128,128","65536,65536,65536,65536",repeat,A,8,1,8,2,4,"0,2,4,6","true,true,true,true","0,0,0,0",true,true,true,avx2,0,0,0.0002313,4194304,1.81336e+10,18446744073630106932 stderr=
[114] S=2 R=1 run=7 mode=fused order_index=2 exit=0 stdout=D,S,R,O_i,B_i,rows_per_worker,bytes_per_worker,mode,variant,S_tile,iterations,timed_repetitions,warmup,worker_count,worker_list,affinity,affinity_error,affinity_succeeded,timed_repetitions_exact,avx2_supported,kernel_used,eviction_bytes,eviction_checksum,elapsed_seconds,mac_total,mac_per_second,checksum
512,2,1,"128,128,128,128","65536,65536,65536,65536","128,128,128,128","65536,65536,65536,65536",fused,A,8,1,8,2,4,"0,2,4,6","true,true,true,true","0,0,0,0",true,true,true,avx2,0,0,8.9e-05,4194304,4.7127e+10,18446744073630106932 stderr=
[115] S=2 R=1 run=8 mode=fused order_index=1 exit=0 stdout=D,S,R,O_i,B_i,rows_per_worker,bytes_per_worker,mode,variant,S_tile,iterations,timed_repetitions,warmup,worker_count,worker_list,affinity,affinity_error,affinity_succeeded,timed_repetitions_exact,avx2_supported,kernel_used,eviction_bytes,eviction_checksum,elapsed_seconds,mac_total,mac_per_second,checksum
512,2,1,"128,128,128,128","65536,65536,65536,65536","128,128,128,128","65536,65536,65536,65536",fused,A,8,1,8,2,4,"0,2,4,6","true,true,true,true","0,0,0,0",true,true,true,avx2,0,0,0.0001118,4194304,3.75161e+10,18446744073630106932 stderr=
[116] S=2 R=1 run=8 mode=repeat order_index=2 exit=0 stdout=D,S,R,O_i,B_i,rows_per_worker,bytes_per_worker,mode,variant,S_tile,iterations,timed_repetitions,warmup,worker_count,worker_list,affinity,affinity_error,affinity_succeeded,timed_repetitions_exact,avx2_supported,kernel_used,eviction_bytes,eviction_checksum,elapsed_seconds,mac_total,mac_per_second,checksum
512,2,1,"128,128,128,128","65536,65536,65536,65536","128,128,128,128","65536,65536,65536,65536",repeat,A,8,1,8,2,4,"0,2,4,6","true,true,true,true","0,0,0,0",true,true,true,avx2,0,0,0.0001553,4194304,2.70078e+10,18446744073630106932 stderr=
[117] S=2 R=1 run=9 mode=repeat order_index=1 exit=0 stdout=D,S,R,O_i,B_i,rows_per_worker,bytes_per_worker,mode,variant,S_tile,iterations,timed_repetitions,warmup,worker_count,worker_list,affinity,affinity_error,affinity_succeeded,timed_repetitions_exact,avx2_supported,kernel_used,eviction_bytes,eviction_checksum,elapsed_seconds,mac_total,mac_per_second,checksum
512,2,1,"128,128,128,128","65536,65536,65536,65536","128,128,128,128","65536,65536,65536,65536",repeat,A,8,1,8,2,4,"0,2,4,6","true,true,true,true","0,0,0,0",true,true,true,avx2,0,0,0.0001627,4194304,2.57794e+10,18446744073630106932 stderr=
[118] S=2 R=1 run=9 mode=fused order_index=2 exit=0 stdout=D,S,R,O_i,B_i,rows_per_worker,bytes_per_worker,mode,variant,S_tile,iterations,timed_repetitions,warmup,worker_count,worker_list,affinity,affinity_error,affinity_succeeded,timed_repetitions_exact,avx2_supported,kernel_used,eviction_bytes,eviction_checksum,elapsed_seconds,mac_total,mac_per_second,checksum
512,2,1,"128,128,128,128","65536,65536,65536,65536","128,128,128,128","65536,65536,65536,65536",fused,A,8,1,8,2,4,"0,2,4,6","true,true,true,true","0,0,0,0",true,true,true,avx2,0,0,0.000118,4194304,3.55449e+10,18446744073630106932 stderr=
[119] S=2 R=1 run=10 mode=fused order_index=1 exit=0 stdout=D,S,R,O_i,B_i,rows_per_worker,bytes_per_worker,mode,variant,S_tile,iterations,timed_repetitions,warmup,worker_count,worker_list,affinity,affinity_error,affinity_succeeded,timed_repetitions_exact,avx2_supported,kernel_used,eviction_bytes,eviction_checksum,elapsed_seconds,mac_total,mac_per_second,checksum
512,2,1,"128,128,128,128","65536,65536,65536,65536","128,128,128,128","65536,65536,65536,65536",fused,A,8,1,8,2,4,"0,2,4,6","true,true,true,true","0,0,0,0",true,true,true,avx2,0,0,0.0001053,4194304,3.98319e+10,18446744073630106932 stderr=
[120] S=2 R=1 run=10 mode=repeat order_index=2 exit=0 stdout=D,S,R,O_i,B_i,rows_per_worker,bytes_per_worker,mode,variant,S_tile,iterations,timed_repetitions,warmup,worker_count,worker_list,affinity,affinity_error,affinity_succeeded,timed_repetitions_exact,avx2_supported,kernel_used,eviction_bytes,eviction_checksum,elapsed_seconds,mac_total,mac_per_second,checksum
512,2,1,"128,128,128,128","65536,65536,65536,65536","128,128,128,128","65536,65536,65536,65536",repeat,A,8,1,8,2,4,"0,2,4,6","true,true,true,true","0,0,0,0",true,true,true,avx2,0,0,0.0001845,4194304,2.27334e+10,18446744073630106932 stderr=
[121] S=2 R=2 run=1 mode=repeat order_index=1 exit=0 stdout=D,S,R,O_i,B_i,rows_per_worker,bytes_per_worker,mode,variant,S_tile,iterations,timed_repetitions,warmup,worker_count,worker_list,affinity,affinity_error,affinity_succeeded,timed_repetitions_exact,avx2_supported,kernel_used,eviction_bytes,eviction_checksum,elapsed_seconds,mac_total,mac_per_second,checksum
512,2,2,"128,128,128,128","65536,65536,65536,65536","128,128,128,128","65536,65536,65536,65536",repeat,A,8,1,8,2,4,"0,2,4,6","true,true,true,true","0,0,0,0",true,true,true,avx2,0,0,0.0003647,8388608,2.30014e+10,18446744073630106932 stderr=
[122] S=2 R=2 run=1 mode=fused order_index=2 exit=0 stdout=D,S,R,O_i,B_i,rows_per_worker,bytes_per_worker,mode,variant,S_tile,iterations,timed_repetitions,warmup,worker_count,worker_list,affinity,affinity_error,affinity_succeeded,timed_repetitions_exact,avx2_supported,kernel_used,eviction_bytes,eviction_checksum,elapsed_seconds,mac_total,mac_per_second,checksum
512,2,2,"128,128,128,128","65536,65536,65536,65536","128,128,128,128","65536,65536,65536,65536",fused,A,8,1,8,2,4,"0,2,4,6","true,true,true,true","0,0,0,0",true,true,true,avx2,0,0,0.0002051,8388608,4.09001e+10,18446744073630106932 stderr=
[123] S=2 R=2 run=2 mode=fused order_index=1 exit=0 stdout=D,S,R,O_i,B_i,rows_per_worker,bytes_per_worker,mode,variant,S_tile,iterations,timed_repetitions,warmup,worker_count,worker_list,affinity,affinity_error,affinity_succeeded,timed_repetitions_exact,avx2_supported,kernel_used,eviction_bytes,eviction_checksum,elapsed_seconds,mac_total,mac_per_second,checksum
512,2,2,"128,128,128,128","65536,65536,65536,65536","128,128,128,128","65536,65536,65536,65536",fused,A,8,1,8,2,4,"0,2,4,6","true,true,true,true","0,0,0,0",true,true,true,avx2,0,0,0.0002396,8388608,3.50109e+10,18446744073630106932 stderr=
[124] S=2 R=2 run=2 mode=repeat order_index=2 exit=0 stdout=D,S,R,O_i,B_i,rows_per_worker,bytes_per_worker,mode,variant,S_tile,iterations,timed_repetitions,warmup,worker_count,worker_list,affinity,affinity_error,affinity_succeeded,timed_repetitions_exact,avx2_supported,kernel_used,eviction_bytes,eviction_checksum,elapsed_seconds,mac_total,mac_per_second,checksum
512,2,2,"128,128,128,128","65536,65536,65536,65536","128,128,128,128","65536,65536,65536,65536",repeat,A,8,1,8,2,4,"0,2,4,6","true,true,true,true","0,0,0,0",true,true,true,avx2,0,0,0.0003198,8388608,2.62308e+10,18446744073630106932 stderr=
[125] S=2 R=2 run=3 mode=repeat order_index=1 exit=0 stdout=D,S,R,O_i,B_i,rows_per_worker,bytes_per_worker,mode,variant,S_tile,iterations,timed_repetitions,warmup,worker_count,worker_list,affinity,affinity_error,affinity_succeeded,timed_repetitions_exact,avx2_supported,kernel_used,eviction_bytes,eviction_checksum,elapsed_seconds,mac_total,mac_per_second,checksum
512,2,2,"128,128,128,128","65536,65536,65536,65536","128,128,128,128","65536,65536,65536,65536",repeat,A,8,1,8,2,4,"0,2,4,6","true,true,true,true","0,0,0,0",true,true,true,avx2,0,0,0.0012936,8388608,6.4847e+09,18446744073630106932 stderr=
[126] S=2 R=2 run=3 mode=fused order_index=2 exit=0 stdout=D,S,R,O_i,B_i,rows_per_worker,bytes_per_worker,mode,variant,S_tile,iterations,timed_repetitions,warmup,worker_count,worker_list,affinity,affinity_error,affinity_succeeded,timed_repetitions_exact,avx2_supported,kernel_used,eviction_bytes,eviction_checksum,elapsed_seconds,mac_total,mac_per_second,checksum
512,2,2,"128,128,128,128","65536,65536,65536,65536","128,128,128,128","65536,65536,65536,65536",fused,A,8,1,8,2,4,"0,2,4,6","true,true,true,true","0,0,0,0",true,true,true,avx2,0,0,0.0002307,8388608,3.63615e+10,18446744073630106932 stderr=
[127] S=2 R=2 run=4 mode=fused order_index=1 exit=0 stdout=D,S,R,O_i,B_i,rows_per_worker,bytes_per_worker,mode,variant,S_tile,iterations,timed_repetitions,warmup,worker_count,worker_list,affinity,affinity_error,affinity_succeeded,timed_repetitions_exact,avx2_supported,kernel_used,eviction_bytes,eviction_checksum,elapsed_seconds,mac_total,mac_per_second,checksum
512,2,2,"128,128,128,128","65536,65536,65536,65536","128,128,128,128","65536,65536,65536,65536",fused,A,8,1,8,2,4,"0,2,4,6","true,true,true,true","0,0,0,0",true,true,true,avx2,0,0,0.0002422,8388608,3.4635e+10,18446744073630106932 stderr=
[128] S=2 R=2 run=4 mode=repeat order_index=2 exit=0 stdout=D,S,R,O_i,B_i,rows_per_worker,bytes_per_worker,mode,variant,S_tile,iterations,timed_repetitions,warmup,worker_count,worker_list,affinity,affinity_error,affinity_succeeded,timed_repetitions_exact,avx2_supported,kernel_used,eviction_bytes,eviction_checksum,elapsed_seconds,mac_total,mac_per_second,checksum
512,2,2,"128,128,128,128","65536,65536,65536,65536","128,128,128,128","65536,65536,65536,65536",repeat,A,8,1,8,2,4,"0,2,4,6","true,true,true,true","0,0,0,0",true,true,true,avx2,0,0,0.0003467,8388608,2.41956e+10,18446744073630106932 stderr=
[129] S=2 R=2 run=5 mode=repeat order_index=1 exit=0 stdout=D,S,R,O_i,B_i,rows_per_worker,bytes_per_worker,mode,variant,S_tile,iterations,timed_repetitions,warmup,worker_count,worker_list,affinity,affinity_error,affinity_succeeded,timed_repetitions_exact,avx2_supported,kernel_used,eviction_bytes,eviction_checksum,elapsed_seconds,mac_total,mac_per_second,checksum
512,2,2,"128,128,128,128","65536,65536,65536,65536","128,128,128,128","65536,65536,65536,65536",repeat,A,8,1,8,2,4,"0,2,4,6","true,true,true,true","0,0,0,0",true,true,true,avx2,0,0,0.0003564,8388608,2.35371e+10,18446744073630106932 stderr=
[130] S=2 R=2 run=5 mode=fused order_index=2 exit=0 stdout=D,S,R,O_i,B_i,rows_per_worker,bytes_per_worker,mode,variant,S_tile,iterations,timed_repetitions,warmup,worker_count,worker_list,affinity,affinity_error,affinity_succeeded,timed_repetitions_exact,avx2_supported,kernel_used,eviction_bytes,eviction_checksum,elapsed_seconds,mac_total,mac_per_second,checksum
512,2,2,"128,128,128,128","65536,65536,65536,65536","128,128,128,128","65536,65536,65536,65536",fused,A,8,1,8,2,4,"0,2,4,6","true,true,true,true","0,0,0,0",true,true,true,avx2,0,0,0.0002348,8388608,3.57266e+10,18446744073630106932 stderr=
[131] S=2 R=2 run=6 mode=fused order_index=1 exit=0 stdout=D,S,R,O_i,B_i,rows_per_worker,bytes_per_worker,mode,variant,S_tile,iterations,timed_repetitions,warmup,worker_count,worker_list,affinity,affinity_error,affinity_succeeded,timed_repetitions_exact,avx2_supported,kernel_used,eviction_bytes,eviction_checksum,elapsed_seconds,mac_total,mac_per_second,checksum
512,2,2,"128,128,128,128","65536,65536,65536,65536","128,128,128,128","65536,65536,65536,65536",fused,A,8,1,8,2,4,"0,2,4,6","true,true,true,true","0,0,0,0",true,true,true,avx2,0,0,0.0002375,8388608,3.53205e+10,18446744073630106932 stderr=
[132] S=2 R=2 run=6 mode=repeat order_index=2 exit=0 stdout=D,S,R,O_i,B_i,rows_per_worker,bytes_per_worker,mode,variant,S_tile,iterations,timed_repetitions,warmup,worker_count,worker_list,affinity,affinity_error,affinity_succeeded,timed_repetitions_exact,avx2_supported,kernel_used,eviction_bytes,eviction_checksum,elapsed_seconds,mac_total,mac_per_second,checksum
512,2,2,"128,128,128,128","65536,65536,65536,65536","128,128,128,128","65536,65536,65536,65536",repeat,A,8,1,8,2,4,"0,2,4,6","true,true,true,true","0,0,0,0",true,true,true,avx2,0,0,0.0003647,8388608,2.30014e+10,18446744073630106932 stderr=
[133] S=2 R=2 run=7 mode=repeat order_index=1 exit=0 stdout=D,S,R,O_i,B_i,rows_per_worker,bytes_per_worker,mode,variant,S_tile,iterations,timed_repetitions,warmup,worker_count,worker_list,affinity,affinity_error,affinity_succeeded,timed_repetitions_exact,avx2_supported,kernel_used,eviction_bytes,eviction_checksum,elapsed_seconds,mac_total,mac_per_second,checksum
512,2,2,"128,128,128,128","65536,65536,65536,65536","128,128,128,128","65536,65536,65536,65536",repeat,A,8,1,8,2,4,"0,2,4,6","true,true,true,true","0,0,0,0",true,true,true,avx2,0,0,0.0003595,8388608,2.33341e+10,18446744073630106932 stderr=
[134] S=2 R=2 run=7 mode=fused order_index=2 exit=0 stdout=D,S,R,O_i,B_i,rows_per_worker,bytes_per_worker,mode,variant,S_tile,iterations,timed_repetitions,warmup,worker_count,worker_list,affinity,affinity_error,affinity_succeeded,timed_repetitions_exact,avx2_supported,kernel_used,eviction_bytes,eviction_checksum,elapsed_seconds,mac_total,mac_per_second,checksum
512,2,2,"128,128,128,128","65536,65536,65536,65536","128,128,128,128","65536,65536,65536,65536",fused,A,8,1,8,2,4,"0,2,4,6","true,true,true,true","0,0,0,0",true,true,true,avx2,0,0,0.0002497,8388608,3.35947e+10,18446744073630106932 stderr=
[135] S=2 R=2 run=8 mode=fused order_index=1 exit=0 stdout=D,S,R,O_i,B_i,rows_per_worker,bytes_per_worker,mode,variant,S_tile,iterations,timed_repetitions,warmup,worker_count,worker_list,affinity,affinity_error,affinity_succeeded,timed_repetitions_exact,avx2_supported,kernel_used,eviction_bytes,eviction_checksum,elapsed_seconds,mac_total,mac_per_second,checksum
512,2,2,"128,128,128,128","65536,65536,65536,65536","128,128,128,128","65536,65536,65536,65536",fused,A,8,1,8,2,4,"0,2,4,6","true,true,true,true","0,0,0,0",true,true,true,avx2,0,0,0.0002148,8388608,3.90531e+10,18446744073630106932 stderr=
[136] S=2 R=2 run=8 mode=repeat order_index=2 exit=0 stdout=D,S,R,O_i,B_i,rows_per_worker,bytes_per_worker,mode,variant,S_tile,iterations,timed_repetitions,warmup,worker_count,worker_list,affinity,affinity_error,affinity_succeeded,timed_repetitions_exact,avx2_supported,kernel_used,eviction_bytes,eviction_checksum,elapsed_seconds,mac_total,mac_per_second,checksum
512,2,2,"128,128,128,128","65536,65536,65536,65536","128,128,128,128","65536,65536,65536,65536",repeat,A,8,1,8,2,4,"0,2,4,6","true,true,true,true","0,0,0,0",true,true,true,avx2,0,0,0.0003637,8388608,2.30646e+10,18446744073630106932 stderr=
[137] S=2 R=2 run=9 mode=repeat order_index=1 exit=0 stdout=D,S,R,O_i,B_i,rows_per_worker,bytes_per_worker,mode,variant,S_tile,iterations,timed_repetitions,warmup,worker_count,worker_list,affinity,affinity_error,affinity_succeeded,timed_repetitions_exact,avx2_supported,kernel_used,eviction_bytes,eviction_checksum,elapsed_seconds,mac_total,mac_per_second,checksum
512,2,2,"128,128,128,128","65536,65536,65536,65536","128,128,128,128","65536,65536,65536,65536",repeat,A,8,1,8,2,4,"0,2,4,6","true,true,true,true","0,0,0,0",true,true,true,avx2,0,0,0.0003503,8388608,2.39469e+10,18446744073630106932 stderr=
[138] S=2 R=2 run=9 mode=fused order_index=2 exit=0 stdout=D,S,R,O_i,B_i,rows_per_worker,bytes_per_worker,mode,variant,S_tile,iterations,timed_repetitions,warmup,worker_count,worker_list,affinity,affinity_error,affinity_succeeded,timed_repetitions_exact,avx2_supported,kernel_used,eviction_bytes,eviction_checksum,elapsed_seconds,mac_total,mac_per_second,checksum
512,2,2,"128,128,128,128","65536,65536,65536,65536","128,128,128,128","65536,65536,65536,65536",fused,A,8,1,8,2,4,"0,2,4,6","true,true,true,true","0,0,0,0",true,true,true,avx2,0,0,0.0002398,8388608,3.49817e+10,18446744073630106932 stderr=
[139] S=2 R=2 run=10 mode=fused order_index=1 exit=0 stdout=D,S,R,O_i,B_i,rows_per_worker,bytes_per_worker,mode,variant,S_tile,iterations,timed_repetitions,warmup,worker_count,worker_list,affinity,affinity_error,affinity_succeeded,timed_repetitions_exact,avx2_supported,kernel_used,eviction_bytes,eviction_checksum,elapsed_seconds,mac_total,mac_per_second,checksum
512,2,2,"128,128,128,128","65536,65536,65536,65536","128,128,128,128","65536,65536,65536,65536",fused,A,8,1,8,2,4,"0,2,4,6","true,true,true,true","0,0,0,0",true,true,true,avx2,0,0,0.0002304,8388608,3.64089e+10,18446744073630106932 stderr=
[140] S=2 R=2 run=10 mode=repeat order_index=2 exit=0 stdout=D,S,R,O_i,B_i,rows_per_worker,bytes_per_worker,mode,variant,S_tile,iterations,timed_repetitions,warmup,worker_count,worker_list,affinity,affinity_error,affinity_succeeded,timed_repetitions_exact,avx2_supported,kernel_used,eviction_bytes,eviction_checksum,elapsed_seconds,mac_total,mac_per_second,checksum
512,2,2,"128,128,128,128","65536,65536,65536,65536","128,128,128,128","65536,65536,65536,65536",repeat,A,8,1,8,2,4,"0,2,4,6","true,true,true,true","0,0,0,0",true,true,true,avx2,0,0,0.0004954,8388608,1.6933e+10,18446744073630106932 stderr=
[141] S=2 R=4 run=1 mode=repeat order_index=1 exit=0 stdout=D,S,R,O_i,B_i,rows_per_worker,bytes_per_worker,mode,variant,S_tile,iterations,timed_repetitions,warmup,worker_count,worker_list,affinity,affinity_error,affinity_succeeded,timed_repetitions_exact,avx2_supported,kernel_used,eviction_bytes,eviction_checksum,elapsed_seconds,mac_total,mac_per_second,checksum
512,2,4,"128,128,128,128","65536,65536,65536,65536","128,128,128,128","65536,65536,65536,65536",repeat,A,8,1,8,2,4,"0,2,4,6","true,true,true,true","0,0,0,0",true,true,true,avx2,0,0,0.0006039,16777216,2.77814e+10,18446744073630106932 stderr=
[142] S=2 R=4 run=1 mode=fused order_index=2 exit=0 stdout=D,S,R,O_i,B_i,rows_per_worker,bytes_per_worker,mode,variant,S_tile,iterations,timed_repetitions,warmup,worker_count,worker_list,affinity,affinity_error,affinity_succeeded,timed_repetitions_exact,avx2_supported,kernel_used,eviction_bytes,eviction_checksum,elapsed_seconds,mac_total,mac_per_second,checksum
512,2,4,"128,128,128,128","65536,65536,65536,65536","128,128,128,128","65536,65536,65536,65536",fused,A,8,1,8,2,4,"0,2,4,6","true,true,true,true","0,0,0,0",true,true,true,avx2,0,0,0.0012435,16777216,1.34919e+10,18446744073630106932 stderr=
[143] S=2 R=4 run=2 mode=fused order_index=1 exit=0 stdout=D,S,R,O_i,B_i,rows_per_worker,bytes_per_worker,mode,variant,S_tile,iterations,timed_repetitions,warmup,worker_count,worker_list,affinity,affinity_error,affinity_succeeded,timed_repetitions_exact,avx2_supported,kernel_used,eviction_bytes,eviction_checksum,elapsed_seconds,mac_total,mac_per_second,checksum
512,2,4,"128,128,128,128","65536,65536,65536,65536","128,128,128,128","65536,65536,65536,65536",fused,A,8,1,8,2,4,"0,2,4,6","true,true,true,true","0,0,0,0",true,true,true,avx2,0,0,0.0004044,16777216,4.14867e+10,18446744073630106932 stderr=
[144] S=2 R=4 run=2 mode=repeat order_index=2 exit=0 stdout=D,S,R,O_i,B_i,rows_per_worker,bytes_per_worker,mode,variant,S_tile,iterations,timed_repetitions,warmup,worker_count,worker_list,affinity,affinity_error,affinity_succeeded,timed_repetitions_exact,avx2_supported,kernel_used,eviction_bytes,eviction_checksum,elapsed_seconds,mac_total,mac_per_second,checksum
512,2,4,"128,128,128,128","65536,65536,65536,65536","128,128,128,128","65536,65536,65536,65536",repeat,A,8,1,8,2,4,"0,2,4,6","true,true,true,true","0,0,0,0",true,true,true,avx2,0,0,0.0006415,16777216,2.61531e+10,18446744073630106932 stderr=
[145] S=2 R=4 run=3 mode=repeat order_index=1 exit=0 stdout=D,S,R,O_i,B_i,rows_per_worker,bytes_per_worker,mode,variant,S_tile,iterations,timed_repetitions,warmup,worker_count,worker_list,affinity,affinity_error,affinity_succeeded,timed_repetitions_exact,avx2_supported,kernel_used,eviction_bytes,eviction_checksum,elapsed_seconds,mac_total,mac_per_second,checksum
512,2,4,"128,128,128,128","65536,65536,65536,65536","128,128,128,128","65536,65536,65536,65536",repeat,A,8,1,8,2,4,"0,2,4,6","true,true,true,true","0,0,0,0",true,true,true,avx2,0,0,0.0006159,16777216,2.72402e+10,18446744073630106932 stderr=
[146] S=2 R=4 run=3 mode=fused order_index=2 exit=0 stdout=D,S,R,O_i,B_i,rows_per_worker,bytes_per_worker,mode,variant,S_tile,iterations,timed_repetitions,warmup,worker_count,worker_list,affinity,affinity_error,affinity_succeeded,timed_repetitions_exact,avx2_supported,kernel_used,eviction_bytes,eviction_checksum,elapsed_seconds,mac_total,mac_per_second,checksum
512,2,4,"128,128,128,128","65536,65536,65536,65536","128,128,128,128","65536,65536,65536,65536",fused,A,8,1,8,2,4,"0,2,4,6","true,true,true,true","0,0,0,0",true,true,true,avx2,0,0,0.0004134,16777216,4.05835e+10,18446744073630106932 stderr=
[147] S=2 R=4 run=4 mode=fused order_index=1 exit=0 stdout=D,S,R,O_i,B_i,rows_per_worker,bytes_per_worker,mode,variant,S_tile,iterations,timed_repetitions,warmup,worker_count,worker_list,affinity,affinity_error,affinity_succeeded,timed_repetitions_exact,avx2_supported,kernel_used,eviction_bytes,eviction_checksum,elapsed_seconds,mac_total,mac_per_second,checksum
512,2,4,"128,128,128,128","65536,65536,65536,65536","128,128,128,128","65536,65536,65536,65536",fused,A,8,1,8,2,4,"0,2,4,6","true,true,true,true","0,0,0,0",true,true,true,avx2,0,0,0.000413,16777216,4.06228e+10,18446744073630106932 stderr=
[148] S=2 R=4 run=4 mode=repeat order_index=2 exit=0 stdout=D,S,R,O_i,B_i,rows_per_worker,bytes_per_worker,mode,variant,S_tile,iterations,timed_repetitions,warmup,worker_count,worker_list,affinity,affinity_error,affinity_succeeded,timed_repetitions_exact,avx2_supported,kernel_used,eviction_bytes,eviction_checksum,elapsed_seconds,mac_total,mac_per_second,checksum
512,2,4,"128,128,128,128","65536,65536,65536,65536","128,128,128,128","65536,65536,65536,65536",repeat,A,8,1,8,2,4,"0,2,4,6","true,true,true,true","0,0,0,0",true,true,true,avx2,0,0,0.0006292,16777216,2.66644e+10,18446744073630106932 stderr=
[149] S=2 R=4 run=5 mode=repeat order_index=1 exit=0 stdout=D,S,R,O_i,B_i,rows_per_worker,bytes_per_worker,mode,variant,S_tile,iterations,timed_repetitions,warmup,worker_count,worker_list,affinity,affinity_error,affinity_succeeded,timed_repetitions_exact,avx2_supported,kernel_used,eviction_bytes,eviction_checksum,elapsed_seconds,mac_total,mac_per_second,checksum
512,2,4,"128,128,128,128","65536,65536,65536,65536","128,128,128,128","65536,65536,65536,65536",repeat,A,8,1,8,2,4,"0,2,4,6","true,true,true,true","0,0,0,0",true,true,true,avx2,0,0,0.0006282,16777216,2.67068e+10,18446744073630106932 stderr=
[150] S=2 R=4 run=5 mode=fused order_index=2 exit=0 stdout=D,S,R,O_i,B_i,rows_per_worker,bytes_per_worker,mode,variant,S_tile,iterations,timed_repetitions,warmup,worker_count,worker_list,affinity,affinity_error,affinity_succeeded,timed_repetitions_exact,avx2_supported,kernel_used,eviction_bytes,eviction_checksum,elapsed_seconds,mac_total,mac_per_second,checksum
512,2,4,"128,128,128,128","65536,65536,65536,65536","128,128,128,128","65536,65536,65536,65536",fused,A,8,1,8,2,4,"0,2,4,6","true,true,true,true","0,0,0,0",true,true,true,avx2,0,0,0.000399,16777216,4.20482e+10,18446744073630106932 stderr=
[151] S=2 R=4 run=6 mode=fused order_index=1 exit=0 stdout=D,S,R,O_i,B_i,rows_per_worker,bytes_per_worker,mode,variant,S_tile,iterations,timed_repetitions,warmup,worker_count,worker_list,affinity,affinity_error,affinity_succeeded,timed_repetitions_exact,avx2_supported,kernel_used,eviction_bytes,eviction_checksum,elapsed_seconds,mac_total,mac_per_second,checksum
512,2,4,"128,128,128,128","65536,65536,65536,65536","128,128,128,128","65536,65536,65536,65536",fused,A,8,1,8,2,4,"0,2,4,6","true,true,true,true","0,0,0,0",true,true,true,avx2,0,0,0.0004229,16777216,3.96718e+10,18446744073630106932 stderr=
[152] S=2 R=4 run=6 mode=repeat order_index=2 exit=0 stdout=D,S,R,O_i,B_i,rows_per_worker,bytes_per_worker,mode,variant,S_tile,iterations,timed_repetitions,warmup,worker_count,worker_list,affinity,affinity_error,affinity_succeeded,timed_repetitions_exact,avx2_supported,kernel_used,eviction_bytes,eviction_checksum,elapsed_seconds,mac_total,mac_per_second,checksum
512,2,4,"128,128,128,128","65536,65536,65536,65536","128,128,128,128","65536,65536,65536,65536",repeat,A,8,1,8,2,4,"0,2,4,6","true,true,true,true","0,0,0,0",true,true,true,avx2,0,0,0.0006375,16777216,2.63172e+10,18446744073630106932 stderr=
[153] S=2 R=4 run=7 mode=repeat order_index=1 exit=0 stdout=D,S,R,O_i,B_i,rows_per_worker,bytes_per_worker,mode,variant,S_tile,iterations,timed_repetitions,warmup,worker_count,worker_list,affinity,affinity_error,affinity_succeeded,timed_repetitions_exact,avx2_supported,kernel_used,eviction_bytes,eviction_checksum,elapsed_seconds,mac_total,mac_per_second,checksum
512,2,4,"128,128,128,128","65536,65536,65536,65536","128,128,128,128","65536,65536,65536,65536",repeat,A,8,1,8,2,4,"0,2,4,6","true,true,true,true","0,0,0,0",true,true,true,avx2,0,0,0.0006746,16777216,2.48699e+10,18446744073630106932 stderr=
[154] S=2 R=4 run=7 mode=fused order_index=2 exit=0 stdout=D,S,R,O_i,B_i,rows_per_worker,bytes_per_worker,mode,variant,S_tile,iterations,timed_repetitions,warmup,worker_count,worker_list,affinity,affinity_error,affinity_succeeded,timed_repetitions_exact,avx2_supported,kernel_used,eviction_bytes,eviction_checksum,elapsed_seconds,mac_total,mac_per_second,checksum
512,2,4,"128,128,128,128","65536,65536,65536,65536","128,128,128,128","65536,65536,65536,65536",fused,A,8,1,8,2,4,"0,2,4,6","true,true,true,true","0,0,0,0",true,true,true,avx2,0,0,0.0004068,16777216,4.12419e+10,18446744073630106932 stderr=
[155] S=2 R=4 run=8 mode=fused order_index=1 exit=0 stdout=D,S,R,O_i,B_i,rows_per_worker,bytes_per_worker,mode,variant,S_tile,iterations,timed_repetitions,warmup,worker_count,worker_list,affinity,affinity_error,affinity_succeeded,timed_repetitions_exact,avx2_supported,kernel_used,eviction_bytes,eviction_checksum,elapsed_seconds,mac_total,mac_per_second,checksum
512,2,4,"128,128,128,128","65536,65536,65536,65536","128,128,128,128","65536,65536,65536,65536",fused,A,8,1,8,2,4,"0,2,4,6","true,true,true,true","0,0,0,0",true,true,true,avx2,0,0,0.0004129,16777216,4.06326e+10,18446744073630106932 stderr=
[156] S=2 R=4 run=8 mode=repeat order_index=2 exit=0 stdout=D,S,R,O_i,B_i,rows_per_worker,bytes_per_worker,mode,variant,S_tile,iterations,timed_repetitions,warmup,worker_count,worker_list,affinity,affinity_error,affinity_succeeded,timed_repetitions_exact,avx2_supported,kernel_used,eviction_bytes,eviction_checksum,elapsed_seconds,mac_total,mac_per_second,checksum
512,2,4,"128,128,128,128","65536,65536,65536,65536","128,128,128,128","65536,65536,65536,65536",repeat,A,8,1,8,2,4,"0,2,4,6","true,true,true,true","0,0,0,0",true,true,true,avx2,0,0,0.0006275,16777216,2.67366e+10,18446744073630106932 stderr=
[157] S=2 R=4 run=9 mode=repeat order_index=1 exit=0 stdout=D,S,R,O_i,B_i,rows_per_worker,bytes_per_worker,mode,variant,S_tile,iterations,timed_repetitions,warmup,worker_count,worker_list,affinity,affinity_error,affinity_succeeded,timed_repetitions_exact,avx2_supported,kernel_used,eviction_bytes,eviction_checksum,elapsed_seconds,mac_total,mac_per_second,checksum
512,2,4,"128,128,128,128","65536,65536,65536,65536","128,128,128,128","65536,65536,65536,65536",repeat,A,8,1,8,2,4,"0,2,4,6","true,true,true,true","0,0,0,0",true,true,true,avx2,0,0,0.0003968,16777216,4.22813e+10,18446744073630106932 stderr=
[158] S=2 R=4 run=9 mode=fused order_index=2 exit=0 stdout=D,S,R,O_i,B_i,rows_per_worker,bytes_per_worker,mode,variant,S_tile,iterations,timed_repetitions,warmup,worker_count,worker_list,affinity,affinity_error,affinity_succeeded,timed_repetitions_exact,avx2_supported,kernel_used,eviction_bytes,eviction_checksum,elapsed_seconds,mac_total,mac_per_second,checksum
512,2,4,"128,128,128,128","65536,65536,65536,65536","128,128,128,128","65536,65536,65536,65536",fused,A,8,1,8,2,4,"0,2,4,6","true,true,true,true","0,0,0,0",true,true,true,avx2,0,0,0.0015202,16777216,1.10362e+10,18446744073630106932 stderr=
[159] S=2 R=4 run=10 mode=fused order_index=1 exit=0 stdout=D,S,R,O_i,B_i,rows_per_worker,bytes_per_worker,mode,variant,S_tile,iterations,timed_repetitions,warmup,worker_count,worker_list,affinity,affinity_error,affinity_succeeded,timed_repetitions_exact,avx2_supported,kernel_used,eviction_bytes,eviction_checksum,elapsed_seconds,mac_total,mac_per_second,checksum
512,2,4,"128,128,128,128","65536,65536,65536,65536","128,128,128,128","65536,65536,65536,65536",fused,A,8,1,8,2,4,"0,2,4,6","true,true,true,true","0,0,0,0",true,true,true,avx2,0,0,0.0003377,16777216,4.96808e+10,18446744073630106932 stderr=
[160] S=2 R=4 run=10 mode=repeat order_index=2 exit=0 stdout=D,S,R,O_i,B_i,rows_per_worker,bytes_per_worker,mode,variant,S_tile,iterations,timed_repetitions,warmup,worker_count,worker_list,affinity,affinity_error,affinity_succeeded,timed_repetitions_exact,avx2_supported,kernel_used,eviction_bytes,eviction_checksum,elapsed_seconds,mac_total,mac_per_second,checksum
512,2,4,"128,128,128,128","65536,65536,65536,65536","128,128,128,128","65536,65536,65536,65536",repeat,A,8,1,8,2,4,"0,2,4,6","true,true,true,true","0,0,0,0",true,true,true,avx2,0,0,0.0004045,16777216,4.14764e+10,18446744073630106932 stderr=
[161] S=2 R=8 run=1 mode=repeat order_index=1 exit=0 stdout=D,S,R,O_i,B_i,rows_per_worker,bytes_per_worker,mode,variant,S_tile,iterations,timed_repetitions,warmup,worker_count,worker_list,affinity,affinity_error,affinity_succeeded,timed_repetitions_exact,avx2_supported,kernel_used,eviction_bytes,eviction_checksum,elapsed_seconds,mac_total,mac_per_second,checksum
512,2,8,"128,128,128,128","65536,65536,65536,65536","128,128,128,128","65536,65536,65536,65536",repeat,A,8,1,8,2,4,"0,2,4,6","true,true,true,true","0,0,0,0",true,true,true,avx2,0,0,0.0008416,33554432,3.98698e+10,18446744073630106932 stderr=
[162] S=2 R=8 run=1 mode=fused order_index=2 exit=0 stdout=D,S,R,O_i,B_i,rows_per_worker,bytes_per_worker,mode,variant,S_tile,iterations,timed_repetitions,warmup,worker_count,worker_list,affinity,affinity_error,affinity_succeeded,timed_repetitions_exact,avx2_supported,kernel_used,eviction_bytes,eviction_checksum,elapsed_seconds,mac_total,mac_per_second,checksum
512,2,8,"128,128,128,128","65536,65536,65536,65536","128,128,128,128","65536,65536,65536,65536",fused,A,8,1,8,2,4,"0,2,4,6","true,true,true,true","0,0,0,0",true,true,true,avx2,0,0,0.0007324,33554432,4.58144e+10,18446744073630106932 stderr=
[163] S=2 R=8 run=2 mode=fused order_index=1 exit=0 stdout=D,S,R,O_i,B_i,rows_per_worker,bytes_per_worker,mode,variant,S_tile,iterations,timed_repetitions,warmup,worker_count,worker_list,affinity,affinity_error,affinity_succeeded,timed_repetitions_exact,avx2_supported,kernel_used,eviction_bytes,eviction_checksum,elapsed_seconds,mac_total,mac_per_second,checksum
512,2,8,"128,128,128,128","65536,65536,65536,65536","128,128,128,128","65536,65536,65536,65536",fused,A,8,1,8,2,4,"0,2,4,6","true,true,true,true","0,0,0,0",true,true,true,avx2,0,0,0.0006798,33554432,4.93593e+10,18446744073630106932 stderr=
[164] S=2 R=8 run=2 mode=repeat order_index=2 exit=0 stdout=D,S,R,O_i,B_i,rows_per_worker,bytes_per_worker,mode,variant,S_tile,iterations,timed_repetitions,warmup,worker_count,worker_list,affinity,affinity_error,affinity_succeeded,timed_repetitions_exact,avx2_supported,kernel_used,eviction_bytes,eviction_checksum,elapsed_seconds,mac_total,mac_per_second,checksum
512,2,8,"128,128,128,128","65536,65536,65536,65536","128,128,128,128","65536,65536,65536,65536",repeat,A,8,1,8,2,4,"0,2,4,6","true,true,true,true","0,0,0,0",true,true,true,avx2,0,0,0.0008082,33554432,4.15175e+10,18446744073630106932 stderr=
[165] S=2 R=8 run=3 mode=repeat order_index=1 exit=0 stdout=D,S,R,O_i,B_i,rows_per_worker,bytes_per_worker,mode,variant,S_tile,iterations,timed_repetitions,warmup,worker_count,worker_list,affinity,affinity_error,affinity_succeeded,timed_repetitions_exact,avx2_supported,kernel_used,eviction_bytes,eviction_checksum,elapsed_seconds,mac_total,mac_per_second,checksum
512,2,8,"128,128,128,128","65536,65536,65536,65536","128,128,128,128","65536,65536,65536,65536",repeat,A,8,1,8,2,4,"0,2,4,6","true,true,true,true","0,0,0,0",true,true,true,avx2,0,0,0.0008504,33554432,3.94572e+10,18446744073630106932 stderr=
[166] S=2 R=8 run=3 mode=fused order_index=2 exit=0 stdout=D,S,R,O_i,B_i,rows_per_worker,bytes_per_worker,mode,variant,S_tile,iterations,timed_repetitions,warmup,worker_count,worker_list,affinity,affinity_error,affinity_succeeded,timed_repetitions_exact,avx2_supported,kernel_used,eviction_bytes,eviction_checksum,elapsed_seconds,mac_total,mac_per_second,checksum
512,2,8,"128,128,128,128","65536,65536,65536,65536","128,128,128,128","65536,65536,65536,65536",fused,A,8,1,8,2,4,"0,2,4,6","true,true,true,true","0,0,0,0",true,true,true,avx2,0,0,0.0009355,33554432,3.58679e+10,18446744073630106932 stderr=
[167] S=2 R=8 run=4 mode=fused order_index=1 exit=0 stdout=D,S,R,O_i,B_i,rows_per_worker,bytes_per_worker,mode,variant,S_tile,iterations,timed_repetitions,warmup,worker_count,worker_list,affinity,affinity_error,affinity_succeeded,timed_repetitions_exact,avx2_supported,kernel_used,eviction_bytes,eviction_checksum,elapsed_seconds,mac_total,mac_per_second,checksum
512,2,8,"128,128,128,128","65536,65536,65536,65536","128,128,128,128","65536,65536,65536,65536",fused,A,8,1,8,2,4,"0,2,4,6","true,true,true,true","0,0,0,0",true,true,true,avx2,0,0,0.0009571,33554432,3.50584e+10,18446744073630106932 stderr=
[168] S=2 R=8 run=4 mode=repeat order_index=2 exit=0 stdout=D,S,R,O_i,B_i,rows_per_worker,bytes_per_worker,mode,variant,S_tile,iterations,timed_repetitions,warmup,worker_count,worker_list,affinity,affinity_error,affinity_succeeded,timed_repetitions_exact,avx2_supported,kernel_used,eviction_bytes,eviction_checksum,elapsed_seconds,mac_total,mac_per_second,checksum
512,2,8,"128,128,128,128","65536,65536,65536,65536","128,128,128,128","65536,65536,65536,65536",repeat,A,8,1,8,2,4,"0,2,4,6","true,true,true,true","0,0,0,0",true,true,true,avx2,0,0,0.0009682,33554432,3.46565e+10,18446744073630106932 stderr=
[169] S=2 R=8 run=5 mode=repeat order_index=1 exit=0 stdout=D,S,R,O_i,B_i,rows_per_worker,bytes_per_worker,mode,variant,S_tile,iterations,timed_repetitions,warmup,worker_count,worker_list,affinity,affinity_error,affinity_succeeded,timed_repetitions_exact,avx2_supported,kernel_used,eviction_bytes,eviction_checksum,elapsed_seconds,mac_total,mac_per_second,checksum
512,2,8,"128,128,128,128","65536,65536,65536,65536","128,128,128,128","65536,65536,65536,65536",repeat,A,8,1,8,2,4,"0,2,4,6","true,true,true,true","0,0,0,0",true,true,true,avx2,0,0,0.0035087,33554432,9.56321e+09,18446744073630106932 stderr=
[170] S=2 R=8 run=5 mode=fused order_index=2 exit=0 stdout=D,S,R,O_i,B_i,rows_per_worker,bytes_per_worker,mode,variant,S_tile,iterations,timed_repetitions,warmup,worker_count,worker_list,affinity,affinity_error,affinity_succeeded,timed_repetitions_exact,avx2_supported,kernel_used,eviction_bytes,eviction_checksum,elapsed_seconds,mac_total,mac_per_second,checksum
512,2,8,"128,128,128,128","65536,65536,65536,65536","128,128,128,128","65536,65536,65536,65536",fused,A,8,1,8,2,4,"0,2,4,6","true,true,true,true","0,0,0,0",true,true,true,avx2,0,0,0.0008918,33554432,3.76255e+10,18446744073630106932 stderr=
[171] S=2 R=8 run=6 mode=fused order_index=1 exit=0 stdout=D,S,R,O_i,B_i,rows_per_worker,bytes_per_worker,mode,variant,S_tile,iterations,timed_repetitions,warmup,worker_count,worker_list,affinity,affinity_error,affinity_succeeded,timed_repetitions_exact,avx2_supported,kernel_used,eviction_bytes,eviction_checksum,elapsed_seconds,mac_total,mac_per_second,checksum
512,2,8,"128,128,128,128","65536,65536,65536,65536","128,128,128,128","65536,65536,65536,65536",fused,A,8,1,8,2,4,"0,2,4,6","true,true,true,true","0,0,0,0",true,true,true,avx2,0,0,0.0008064,33554432,4.16102e+10,18446744073630106932 stderr=
[172] S=2 R=8 run=6 mode=repeat order_index=2 exit=0 stdout=D,S,R,O_i,B_i,rows_per_worker,bytes_per_worker,mode,variant,S_tile,iterations,timed_repetitions,warmup,worker_count,worker_list,affinity,affinity_error,affinity_succeeded,timed_repetitions_exact,avx2_supported,kernel_used,eviction_bytes,eviction_checksum,elapsed_seconds,mac_total,mac_per_second,checksum
512,2,8,"128,128,128,128","65536,65536,65536,65536","128,128,128,128","65536,65536,65536,65536",repeat,A,8,1,8,2,4,"0,2,4,6","true,true,true,true","0,0,0,0",true,true,true,avx2,0,0,0.0010962,33554432,3.06098e+10,18446744073630106932 stderr=
[173] S=2 R=8 run=7 mode=repeat order_index=1 exit=0 stdout=D,S,R,O_i,B_i,rows_per_worker,bytes_per_worker,mode,variant,S_tile,iterations,timed_repetitions,warmup,worker_count,worker_list,affinity,affinity_error,affinity_succeeded,timed_repetitions_exact,avx2_supported,kernel_used,eviction_bytes,eviction_checksum,elapsed_seconds,mac_total,mac_per_second,checksum
512,2,8,"128,128,128,128","65536,65536,65536,65536","128,128,128,128","65536,65536,65536,65536",repeat,A,8,1,8,2,4,"0,2,4,6","true,true,true,true","0,0,0,0",true,true,true,avx2,0,0,0.0015361,33554432,2.18439e+10,18446744073630106932 stderr=
[174] S=2 R=8 run=7 mode=fused order_index=2 exit=0 stdout=D,S,R,O_i,B_i,rows_per_worker,bytes_per_worker,mode,variant,S_tile,iterations,timed_repetitions,warmup,worker_count,worker_list,affinity,affinity_error,affinity_succeeded,timed_repetitions_exact,avx2_supported,kernel_used,eviction_bytes,eviction_checksum,elapsed_seconds,mac_total,mac_per_second,checksum
512,2,8,"128,128,128,128","65536,65536,65536,65536","128,128,128,128","65536,65536,65536,65536",fused,A,8,1,8,2,4,"0,2,4,6","true,true,true,true","0,0,0,0",true,true,true,avx2,0,0,0.0013594,33554432,2.46833e+10,18446744073630106932 stderr=
[175] S=2 R=8 run=8 mode=fused order_index=1 exit=0 stdout=D,S,R,O_i,B_i,rows_per_worker,bytes_per_worker,mode,variant,S_tile,iterations,timed_repetitions,warmup,worker_count,worker_list,affinity,affinity_error,affinity_succeeded,timed_repetitions_exact,avx2_supported,kernel_used,eviction_bytes,eviction_checksum,elapsed_seconds,mac_total,mac_per_second,checksum
512,2,8,"128,128,128,128","65536,65536,65536,65536","128,128,128,128","65536,65536,65536,65536",fused,A,8,1,8,2,4,"0,2,4,6","true,true,true,true","0,0,0,0",true,true,true,avx2,0,0,0.0007009,33554432,4.78734e+10,18446744073630106932 stderr=
[176] S=2 R=8 run=8 mode=repeat order_index=2 exit=0 stdout=D,S,R,O_i,B_i,rows_per_worker,bytes_per_worker,mode,variant,S_tile,iterations,timed_repetitions,warmup,worker_count,worker_list,affinity,affinity_error,affinity_succeeded,timed_repetitions_exact,avx2_supported,kernel_used,eviction_bytes,eviction_checksum,elapsed_seconds,mac_total,mac_per_second,checksum
512,2,8,"128,128,128,128","65536,65536,65536,65536","128,128,128,128","65536,65536,65536,65536",repeat,A,8,1,8,2,4,"0,2,4,6","true,true,true,true","0,0,0,0",true,true,true,avx2,0,0,0.0008091,33554432,4.14713e+10,18446744073630106932 stderr=
[177] S=2 R=8 run=9 mode=repeat order_index=1 exit=0 stdout=D,S,R,O_i,B_i,rows_per_worker,bytes_per_worker,mode,variant,S_tile,iterations,timed_repetitions,warmup,worker_count,worker_list,affinity,affinity_error,affinity_succeeded,timed_repetitions_exact,avx2_supported,kernel_used,eviction_bytes,eviction_checksum,elapsed_seconds,mac_total,mac_per_second,checksum
512,2,8,"128,128,128,128","65536,65536,65536,65536","128,128,128,128","65536,65536,65536,65536",repeat,A,8,1,8,2,4,"0,2,4,6","true,true,true,true","0,0,0,0",true,true,true,avx2,0,0,0.0010934,33554432,3.06882e+10,18446744073630106932 stderr=
[178] S=2 R=8 run=9 mode=fused order_index=2 exit=0 stdout=D,S,R,O_i,B_i,rows_per_worker,bytes_per_worker,mode,variant,S_tile,iterations,timed_repetitions,warmup,worker_count,worker_list,affinity,affinity_error,affinity_succeeded,timed_repetitions_exact,avx2_supported,kernel_used,eviction_bytes,eviction_checksum,elapsed_seconds,mac_total,mac_per_second,checksum
512,2,8,"128,128,128,128","65536,65536,65536,65536","128,128,128,128","65536,65536,65536,65536",fused,A,8,1,8,2,4,"0,2,4,6","true,true,true,true","0,0,0,0",true,true,true,avx2,0,0,0.0006713,33554432,4.99843e+10,18446744073630106932 stderr=
[179] S=2 R=8 run=10 mode=fused order_index=1 exit=0 stdout=D,S,R,O_i,B_i,rows_per_worker,bytes_per_worker,mode,variant,S_tile,iterations,timed_repetitions,warmup,worker_count,worker_list,affinity,affinity_error,affinity_succeeded,timed_repetitions_exact,avx2_supported,kernel_used,eviction_bytes,eviction_checksum,elapsed_seconds,mac_total,mac_per_second,checksum
512,2,8,"128,128,128,128","65536,65536,65536,65536","128,128,128,128","65536,65536,65536,65536",fused,A,8,1,8,2,4,"0,2,4,6","true,true,true,true","0,0,0,0",true,true,true,avx2,0,0,0.0006766,33554432,4.95927e+10,18446744073630106932 stderr=
[180] S=2 R=8 run=10 mode=repeat order_index=2 exit=0 stdout=D,S,R,O_i,B_i,rows_per_worker,bytes_per_worker,mode,variant,S_tile,iterations,timed_repetitions,warmup,worker_count,worker_list,affinity,affinity_error,affinity_succeeded,timed_repetitions_exact,avx2_supported,kernel_used,eviction_bytes,eviction_checksum,elapsed_seconds,mac_total,mac_per_second,checksum
512,2,8,"128,128,128,128","65536,65536,65536,65536","128,128,128,128","65536,65536,65536,65536",repeat,A,8,1,8,2,4,"0,2,4,6","true,true,true,true","0,0,0,0",true,true,true,avx2,0,0,0.0008082,33554432,4.15175e+10,18446744073630106932 stderr=
[181] S=2 R=16 run=1 mode=repeat order_index=1 exit=0 stdout=D,S,R,O_i,B_i,rows_per_worker,bytes_per_worker,mode,variant,S_tile,iterations,timed_repetitions,warmup,worker_count,worker_list,affinity,affinity_error,affinity_succeeded,timed_repetitions_exact,avx2_supported,kernel_used,eviction_bytes,eviction_checksum,elapsed_seconds,mac_total,mac_per_second,checksum
512,2,16,"128,128,128,128","65536,65536,65536,65536","128,128,128,128","65536,65536,65536,65536",repeat,A,8,1,8,2,4,"0,2,4,6","true,true,true,true","0,0,0,0",true,true,true,avx2,0,0,0.001636,67108864,4.10201e+10,18446744073630106932 stderr=
[182] S=2 R=16 run=1 mode=fused order_index=2 exit=0 stdout=D,S,R,O_i,B_i,rows_per_worker,bytes_per_worker,mode,variant,S_tile,iterations,timed_repetitions,warmup,worker_count,worker_list,affinity,affinity_error,affinity_succeeded,timed_repetitions_exact,avx2_supported,kernel_used,eviction_bytes,eviction_checksum,elapsed_seconds,mac_total,mac_per_second,checksum
512,2,16,"128,128,128,128","65536,65536,65536,65536","128,128,128,128","65536,65536,65536,65536",fused,A,8,1,8,2,4,"0,2,4,6","true,true,true,true","0,0,0,0",true,true,true,avx2,0,0,0.0013708,67108864,4.8956e+10,18446744073630106932 stderr=
[183] S=2 R=16 run=2 mode=fused order_index=1 exit=0 stdout=D,S,R,O_i,B_i,rows_per_worker,bytes_per_worker,mode,variant,S_tile,iterations,timed_repetitions,warmup,worker_count,worker_list,affinity,affinity_error,affinity_succeeded,timed_repetitions_exact,avx2_supported,kernel_used,eviction_bytes,eviction_checksum,elapsed_seconds,mac_total,mac_per_second,checksum
512,2,16,"128,128,128,128","65536,65536,65536,65536","128,128,128,128","65536,65536,65536,65536",fused,A,8,1,8,2,4,"0,2,4,6","true,true,true,true","0,0,0,0",true,true,true,avx2,0,0,0.0017428,67108864,3.85063e+10,18446744073630106932 stderr=
[184] S=2 R=16 run=2 mode=repeat order_index=2 exit=0 stdout=D,S,R,O_i,B_i,rows_per_worker,bytes_per_worker,mode,variant,S_tile,iterations,timed_repetitions,warmup,worker_count,worker_list,affinity,affinity_error,affinity_succeeded,timed_repetitions_exact,avx2_supported,kernel_used,eviction_bytes,eviction_checksum,elapsed_seconds,mac_total,mac_per_second,checksum
512,2,16,"128,128,128,128","65536,65536,65536,65536","128,128,128,128","65536,65536,65536,65536",repeat,A,8,1,8,2,4,"0,2,4,6","true,true,true,true","0,0,0,0",true,true,true,avx2,0,0,0.0026459,67108864,2.53633e+10,18446744073630106932 stderr=
[185] S=2 R=16 run=3 mode=repeat order_index=1 exit=0 stdout=D,S,R,O_i,B_i,rows_per_worker,bytes_per_worker,mode,variant,S_tile,iterations,timed_repetitions,warmup,worker_count,worker_list,affinity,affinity_error,affinity_succeeded,timed_repetitions_exact,avx2_supported,kernel_used,eviction_bytes,eviction_checksum,elapsed_seconds,mac_total,mac_per_second,checksum
512,2,16,"128,128,128,128","65536,65536,65536,65536","128,128,128,128","65536,65536,65536,65536",repeat,A,8,1,8,2,4,"0,2,4,6","true,true,true,true","0,0,0,0",true,true,true,avx2,0,0,0.0022115,67108864,3.03454e+10,18446744073630106932 stderr=
[186] S=2 R=16 run=3 mode=fused order_index=2 exit=0 stdout=D,S,R,O_i,B_i,rows_per_worker,bytes_per_worker,mode,variant,S_tile,iterations,timed_repetitions,warmup,worker_count,worker_list,affinity,affinity_error,affinity_succeeded,timed_repetitions_exact,avx2_supported,kernel_used,eviction_bytes,eviction_checksum,elapsed_seconds,mac_total,mac_per_second,checksum
512,2,16,"128,128,128,128","65536,65536,65536,65536","128,128,128,128","65536,65536,65536,65536",fused,A,8,1,8,2,4,"0,2,4,6","true,true,true,true","0,0,0,0",true,true,true,avx2,0,0,0.0017245,67108864,3.8915e+10,18446744073630106932 stderr=
[187] S=2 R=16 run=4 mode=fused order_index=1 exit=0 stdout=D,S,R,O_i,B_i,rows_per_worker,bytes_per_worker,mode,variant,S_tile,iterations,timed_repetitions,warmup,worker_count,worker_list,affinity,affinity_error,affinity_succeeded,timed_repetitions_exact,avx2_supported,kernel_used,eviction_bytes,eviction_checksum,elapsed_seconds,mac_total,mac_per_second,checksum
512,2,16,"128,128,128,128","65536,65536,65536,65536","128,128,128,128","65536,65536,65536,65536",fused,A,8,1,8,2,4,"0,2,4,6","true,true,true,true","0,0,0,0",true,true,true,avx2,0,0,0.001658,67108864,4.04758e+10,18446744073630106932 stderr=
[188] S=2 R=16 run=4 mode=repeat order_index=2 exit=0 stdout=D,S,R,O_i,B_i,rows_per_worker,bytes_per_worker,mode,variant,S_tile,iterations,timed_repetitions,warmup,worker_count,worker_list,affinity,affinity_error,affinity_succeeded,timed_repetitions_exact,avx2_supported,kernel_used,eviction_bytes,eviction_checksum,elapsed_seconds,mac_total,mac_per_second,checksum
512,2,16,"128,128,128,128","65536,65536,65536,65536","128,128,128,128","65536,65536,65536,65536",repeat,A,8,1,8,2,4,"0,2,4,6","true,true,true,true","0,0,0,0",true,true,true,avx2,0,0,0.0016599,67108864,4.04295e+10,18446744073630106932 stderr=
[189] S=2 R=16 run=5 mode=repeat order_index=1 exit=0 stdout=D,S,R,O_i,B_i,rows_per_worker,bytes_per_worker,mode,variant,S_tile,iterations,timed_repetitions,warmup,worker_count,worker_list,affinity,affinity_error,affinity_succeeded,timed_repetitions_exact,avx2_supported,kernel_used,eviction_bytes,eviction_checksum,elapsed_seconds,mac_total,mac_per_second,checksum
512,2,16,"128,128,128,128","65536,65536,65536,65536","128,128,128,128","65536,65536,65536,65536",repeat,A,8,1,8,2,4,"0,2,4,6","true,true,true,true","0,0,0,0",true,true,true,avx2,0,0,0.0016941,67108864,3.96133e+10,18446744073630106932 stderr=
[190] S=2 R=16 run=5 mode=fused order_index=2 exit=0 stdout=D,S,R,O_i,B_i,rows_per_worker,bytes_per_worker,mode,variant,S_tile,iterations,timed_repetitions,warmup,worker_count,worker_list,affinity,affinity_error,affinity_succeeded,timed_repetitions_exact,avx2_supported,kernel_used,eviction_bytes,eviction_checksum,elapsed_seconds,mac_total,mac_per_second,checksum
512,2,16,"128,128,128,128","65536,65536,65536,65536","128,128,128,128","65536,65536,65536,65536",fused,A,8,1,8,2,4,"0,2,4,6","true,true,true,true","0,0,0,0",true,true,true,avx2,0,0,0.0016359,67108864,4.10226e+10,18446744073630106932 stderr=
[191] S=2 R=16 run=6 mode=fused order_index=1 exit=0 stdout=D,S,R,O_i,B_i,rows_per_worker,bytes_per_worker,mode,variant,S_tile,iterations,timed_repetitions,warmup,worker_count,worker_list,affinity,affinity_error,affinity_succeeded,timed_repetitions_exact,avx2_supported,kernel_used,eviction_bytes,eviction_checksum,elapsed_seconds,mac_total,mac_per_second,checksum
512,2,16,"128,128,128,128","65536,65536,65536,65536","128,128,128,128","65536,65536,65536,65536",fused,A,8,1,8,2,4,"0,2,4,6","true,true,true,true","0,0,0,0",true,true,true,avx2,0,0,0.0013487,67108864,4.97582e+10,18446744073630106932 stderr=
[192] S=2 R=16 run=6 mode=repeat order_index=2 exit=0 stdout=D,S,R,O_i,B_i,rows_per_worker,bytes_per_worker,mode,variant,S_tile,iterations,timed_repetitions,warmup,worker_count,worker_list,affinity,affinity_error,affinity_succeeded,timed_repetitions_exact,avx2_supported,kernel_used,eviction_bytes,eviction_checksum,elapsed_seconds,mac_total,mac_per_second,checksum
512,2,16,"128,128,128,128","65536,65536,65536,65536","128,128,128,128","65536,65536,65536,65536",repeat,A,8,1,8,2,4,"0,2,4,6","true,true,true,true","0,0,0,0",true,true,true,avx2,0,0,0.0016196,67108864,4.14355e+10,18446744073630106932 stderr=
[193] S=2 R=16 run=7 mode=repeat order_index=1 exit=0 stdout=D,S,R,O_i,B_i,rows_per_worker,bytes_per_worker,mode,variant,S_tile,iterations,timed_repetitions,warmup,worker_count,worker_list,affinity,affinity_error,affinity_succeeded,timed_repetitions_exact,avx2_supported,kernel_used,eviction_bytes,eviction_checksum,elapsed_seconds,mac_total,mac_per_second,checksum
512,2,16,"128,128,128,128","65536,65536,65536,65536","128,128,128,128","65536,65536,65536,65536",repeat,A,8,1,8,2,4,"0,2,4,6","true,true,true,true","0,0,0,0",true,true,true,avx2,0,0,0.0016212,67108864,4.13946e+10,18446744073630106932 stderr=
[194] S=2 R=16 run=7 mode=fused order_index=2 exit=0 stdout=D,S,R,O_i,B_i,rows_per_worker,bytes_per_worker,mode,variant,S_tile,iterations,timed_repetitions,warmup,worker_count,worker_list,affinity,affinity_error,affinity_succeeded,timed_repetitions_exact,avx2_supported,kernel_used,eviction_bytes,eviction_checksum,elapsed_seconds,mac_total,mac_per_second,checksum
512,2,16,"128,128,128,128","65536,65536,65536,65536","128,128,128,128","65536,65536,65536,65536",fused,A,8,1,8,2,4,"0,2,4,6","true,true,true,true","0,0,0,0",true,true,true,avx2,0,0,0.0017121,67108864,3.91968e+10,18446744073630106932 stderr=
[195] S=2 R=16 run=8 mode=fused order_index=1 exit=0 stdout=D,S,R,O_i,B_i,rows_per_worker,bytes_per_worker,mode,variant,S_tile,iterations,timed_repetitions,warmup,worker_count,worker_list,affinity,affinity_error,affinity_succeeded,timed_repetitions_exact,avx2_supported,kernel_used,eviction_bytes,eviction_checksum,elapsed_seconds,mac_total,mac_per_second,checksum
512,2,16,"128,128,128,128","65536,65536,65536,65536","128,128,128,128","65536,65536,65536,65536",fused,A,8,1,8,2,4,"0,2,4,6","true,true,true,true","0,0,0,0",true,true,true,avx2,0,0,0.001454,67108864,4.61547e+10,18446744073630106932 stderr=
[196] S=2 R=16 run=8 mode=repeat order_index=2 exit=0 stdout=D,S,R,O_i,B_i,rows_per_worker,bytes_per_worker,mode,variant,S_tile,iterations,timed_repetitions,warmup,worker_count,worker_list,affinity,affinity_error,affinity_succeeded,timed_repetitions_exact,avx2_supported,kernel_used,eviction_bytes,eviction_checksum,elapsed_seconds,mac_total,mac_per_second,checksum
512,2,16,"128,128,128,128","65536,65536,65536,65536","128,128,128,128","65536,65536,65536,65536",repeat,A,8,1,8,2,4,"0,2,4,6","true,true,true,true","0,0,0,0",true,true,true,avx2,0,0,0.0016652,67108864,4.03008e+10,18446744073630106932 stderr=
[197] S=2 R=16 run=9 mode=repeat order_index=1 exit=0 stdout=D,S,R,O_i,B_i,rows_per_worker,bytes_per_worker,mode,variant,S_tile,iterations,timed_repetitions,warmup,worker_count,worker_list,affinity,affinity_error,affinity_succeeded,timed_repetitions_exact,avx2_supported,kernel_used,eviction_bytes,eviction_checksum,elapsed_seconds,mac_total,mac_per_second,checksum
512,2,16,"128,128,128,128","65536,65536,65536,65536","128,128,128,128","65536,65536,65536,65536",repeat,A,8,1,8,2,4,"0,2,4,6","true,true,true,true","0,0,0,0",true,true,true,avx2,0,0,0.00189,67108864,3.55073e+10,18446744073630106932 stderr=
[198] S=2 R=16 run=9 mode=fused order_index=2 exit=0 stdout=D,S,R,O_i,B_i,rows_per_worker,bytes_per_worker,mode,variant,S_tile,iterations,timed_repetitions,warmup,worker_count,worker_list,affinity,affinity_error,affinity_succeeded,timed_repetitions_exact,avx2_supported,kernel_used,eviction_bytes,eviction_checksum,elapsed_seconds,mac_total,mac_per_second,checksum
512,2,16,"128,128,128,128","65536,65536,65536,65536","128,128,128,128","65536,65536,65536,65536",fused,A,8,1,8,2,4,"0,2,4,6","true,true,true,true","0,0,0,0",true,true,true,avx2,0,0,0.0013488,67108864,4.97545e+10,18446744073630106932 stderr=
[199] S=2 R=16 run=10 mode=fused order_index=1 exit=0 stdout=D,S,R,O_i,B_i,rows_per_worker,bytes_per_worker,mode,variant,S_tile,iterations,timed_repetitions,warmup,worker_count,worker_list,affinity,affinity_error,affinity_succeeded,timed_repetitions_exact,avx2_supported,kernel_used,eviction_bytes,eviction_checksum,elapsed_seconds,mac_total,mac_per_second,checksum
512,2,16,"128,128,128,128","65536,65536,65536,65536","128,128,128,128","65536,65536,65536,65536",fused,A,8,1,8,2,4,"0,2,4,6","true,true,true,true","0,0,0,0",true,true,true,avx2,0,0,0.0013548,67108864,4.95341e+10,18446744073630106932 stderr=
[200] S=2 R=16 run=10 mode=repeat order_index=2 exit=0 stdout=D,S,R,O_i,B_i,rows_per_worker,bytes_per_worker,mode,variant,S_tile,iterations,timed_repetitions,warmup,worker_count,worker_list,affinity,affinity_error,affinity_succeeded,timed_repetitions_exact,avx2_supported,kernel_used,eviction_bytes,eviction_checksum,elapsed_seconds,mac_total,mac_per_second,checksum
512,2,16,"128,128,128,128","65536,65536,65536,65536","128,128,128,128","65536,65536,65536,65536",repeat,A,8,1,8,2,4,"0,2,4,6","true,true,true,true","0,0,0,0",true,true,true,avx2,0,0,0.0026346,67108864,2.54721e+10,18446744073630106932 stderr=
[201] S=4 R=1 run=1 mode=repeat order_index=1 exit=0 stdout=D,S,R,O_i,B_i,rows_per_worker,bytes_per_worker,mode,variant,S_tile,iterations,timed_repetitions,warmup,worker_count,worker_list,affinity,affinity_error,affinity_succeeded,timed_repetitions_exact,avx2_supported,kernel_used,eviction_bytes,eviction_checksum,elapsed_seconds,mac_total,mac_per_second,checksum
512,4,1,"128,128,128,128","65536,65536,65536,65536","128,128,128,128","65536,65536,65536,65536",repeat,A,8,1,8,2,4,"0,2,4,6","true,true,true,true","0,0,0,0",true,true,true,avx2,0,0,0.0001661,8388608,5.05034e+10,18446744073562895020 stderr=
[202] S=4 R=1 run=1 mode=fused order_index=2 exit=0 stdout=D,S,R,O_i,B_i,rows_per_worker,bytes_per_worker,mode,variant,S_tile,iterations,timed_repetitions,warmup,worker_count,worker_list,affinity,affinity_error,affinity_succeeded,timed_repetitions_exact,avx2_supported,kernel_used,eviction_bytes,eviction_checksum,elapsed_seconds,mac_total,mac_per_second,checksum
512,4,1,"128,128,128,128","65536,65536,65536,65536","128,128,128,128","65536,65536,65536,65536",fused,A,8,1,8,2,4,"0,2,4,6","true,true,true,true","0,0,0,0",true,true,true,avx2,0,0,0.0001113,8388608,7.53693e+10,18446744073562895020 stderr=
[203] S=4 R=1 run=2 mode=fused order_index=1 exit=0 stdout=D,S,R,O_i,B_i,rows_per_worker,bytes_per_worker,mode,variant,S_tile,iterations,timed_repetitions,warmup,worker_count,worker_list,affinity,affinity_error,affinity_succeeded,timed_repetitions_exact,avx2_supported,kernel_used,eviction_bytes,eviction_checksum,elapsed_seconds,mac_total,mac_per_second,checksum
512,4,1,"128,128,128,128","65536,65536,65536,65536","128,128,128,128","65536,65536,65536,65536",fused,A,8,1,8,2,4,"0,2,4,6","true,true,true,true","0,0,0,0",true,true,true,avx2,0,0,0.0001213,8388608,6.91559e+10,18446744073562895020 stderr=
[204] S=4 R=1 run=2 mode=repeat order_index=2 exit=0 stdout=D,S,R,O_i,B_i,rows_per_worker,bytes_per_worker,mode,variant,S_tile,iterations,timed_repetitions,warmup,worker_count,worker_list,affinity,affinity_error,affinity_succeeded,timed_repetitions_exact,avx2_supported,kernel_used,eviction_bytes,eviction_checksum,elapsed_seconds,mac_total,mac_per_second,checksum
512,4,1,"128,128,128,128","65536,65536,65536,65536","128,128,128,128","65536,65536,65536,65536",repeat,A,8,1,8,2,4,"0,2,4,6","true,true,true,true","0,0,0,0",true,true,true,avx2,0,0,0.000283,8388608,2.96417e+10,18446744073562895020 stderr=
[205] S=4 R=1 run=3 mode=repeat order_index=1 exit=0 stdout=D,S,R,O_i,B_i,rows_per_worker,bytes_per_worker,mode,variant,S_tile,iterations,timed_repetitions,warmup,worker_count,worker_list,affinity,affinity_error,affinity_succeeded,timed_repetitions_exact,avx2_supported,kernel_used,eviction_bytes,eviction_checksum,elapsed_seconds,mac_total,mac_per_second,checksum
512,4,1,"128,128,128,128","65536,65536,65536,65536","128,128,128,128","65536,65536,65536,65536",repeat,A,8,1,8,2,4,"0,2,4,6","true,true,true,true","0,0,0,0",true,true,true,avx2,0,0,0.0001702,8388608,4.92868e+10,18446744073562895020 stderr=
[206] S=4 R=1 run=3 mode=fused order_index=2 exit=0 stdout=D,S,R,O_i,B_i,rows_per_worker,bytes_per_worker,mode,variant,S_tile,iterations,timed_repetitions,warmup,worker_count,worker_list,affinity,affinity_error,affinity_succeeded,timed_repetitions_exact,avx2_supported,kernel_used,eviction_bytes,eviction_checksum,elapsed_seconds,mac_total,mac_per_second,checksum
512,4,1,"128,128,128,128","65536,65536,65536,65536","128,128,128,128","65536,65536,65536,65536",fused,A,8,1,8,2,4,"0,2,4,6","true,true,true,true","0,0,0,0",true,true,true,avx2,0,0,0.0001302,8388608,6.44286e+10,18446744073562895020 stderr=
[207] S=4 R=1 run=4 mode=fused order_index=1 exit=0 stdout=D,S,R,O_i,B_i,rows_per_worker,bytes_per_worker,mode,variant,S_tile,iterations,timed_repetitions,warmup,worker_count,worker_list,affinity,affinity_error,affinity_succeeded,timed_repetitions_exact,avx2_supported,kernel_used,eviction_bytes,eviction_checksum,elapsed_seconds,mac_total,mac_per_second,checksum
512,4,1,"128,128,128,128","65536,65536,65536,65536","128,128,128,128","65536,65536,65536,65536",fused,A,8,1,8,2,4,"0,2,4,6","true,true,true,true","0,0,0,0",true,true,true,avx2,0,0,0.0001433,8388608,5.85388e+10,18446744073562895020 stderr=
[208] S=4 R=1 run=4 mode=repeat order_index=2 exit=0 stdout=D,S,R,O_i,B_i,rows_per_worker,bytes_per_worker,mode,variant,S_tile,iterations,timed_repetitions,warmup,worker_count,worker_list,affinity,affinity_error,affinity_succeeded,timed_repetitions_exact,avx2_supported,kernel_used,eviction_bytes,eviction_checksum,elapsed_seconds,mac_total,mac_per_second,checksum
512,4,1,"128,128,128,128","65536,65536,65536,65536","128,128,128,128","65536,65536,65536,65536",repeat,A,8,1,8,2,4,"0,2,4,6","true,true,true,true","0,0,0,0",true,true,true,avx2,0,0,0.0001744,8388608,4.80998e+10,18446744073562895020 stderr=
[209] S=4 R=1 run=5 mode=repeat order_index=1 exit=0 stdout=D,S,R,O_i,B_i,rows_per_worker,bytes_per_worker,mode,variant,S_tile,iterations,timed_repetitions,warmup,worker_count,worker_list,affinity,affinity_error,affinity_succeeded,timed_repetitions_exact,avx2_supported,kernel_used,eviction_bytes,eviction_checksum,elapsed_seconds,mac_total,mac_per_second,checksum
512,4,1,"128,128,128,128","65536,65536,65536,65536","128,128,128,128","65536,65536,65536,65536",repeat,A,8,1,8,2,4,"0,2,4,6","true,true,true,true","0,0,0,0",true,true,true,avx2,0,0,0.000189,8388608,4.43842e+10,18446744073562895020 stderr=
[210] S=4 R=1 run=5 mode=fused order_index=2 exit=0 stdout=D,S,R,O_i,B_i,rows_per_worker,bytes_per_worker,mode,variant,S_tile,iterations,timed_repetitions,warmup,worker_count,worker_list,affinity,affinity_error,affinity_succeeded,timed_repetitions_exact,avx2_supported,kernel_used,eviction_bytes,eviction_checksum,elapsed_seconds,mac_total,mac_per_second,checksum
512,4,1,"128,128,128,128","65536,65536,65536,65536","128,128,128,128","65536,65536,65536,65536",fused,A,8,1,8,2,4,"0,2,4,6","true,true,true,true","0,0,0,0",true,true,true,avx2,0,0,7.76e-05,8388608,1.08101e+11,18446744073562895020 stderr=
[211] S=4 R=1 run=6 mode=fused order_index=1 exit=0 stdout=D,S,R,O_i,B_i,rows_per_worker,bytes_per_worker,mode,variant,S_tile,iterations,timed_repetitions,warmup,worker_count,worker_list,affinity,affinity_error,affinity_succeeded,timed_repetitions_exact,avx2_supported,kernel_used,eviction_bytes,eviction_checksum,elapsed_seconds,mac_total,mac_per_second,checksum
512,4,1,"128,128,128,128","65536,65536,65536,65536","128,128,128,128","65536,65536,65536,65536",fused,A,8,1,8,2,4,"0,2,4,6","true,true,true,true","0,0,0,0",true,true,true,avx2,0,0,0.0001275,8388608,6.5793e+10,18446744073562895020 stderr=
[212] S=4 R=1 run=6 mode=repeat order_index=2 exit=0 stdout=D,S,R,O_i,B_i,rows_per_worker,bytes_per_worker,mode,variant,S_tile,iterations,timed_repetitions,warmup,worker_count,worker_list,affinity,affinity_error,affinity_succeeded,timed_repetitions_exact,avx2_supported,kernel_used,eviction_bytes,eviction_checksum,elapsed_seconds,mac_total,mac_per_second,checksum
512,4,1,"128,128,128,128","65536,65536,65536,65536","128,128,128,128","65536,65536,65536,65536",repeat,A,8,1,8,2,4,"0,2,4,6","true,true,true,true","0,0,0,0",true,true,true,avx2,0,0,0.000189,8388608,4.43842e+10,18446744073562895020 stderr=
[213] S=4 R=1 run=7 mode=repeat order_index=1 exit=0 stdout=D,S,R,O_i,B_i,rows_per_worker,bytes_per_worker,mode,variant,S_tile,iterations,timed_repetitions,warmup,worker_count,worker_list,affinity,affinity_error,affinity_succeeded,timed_repetitions_exact,avx2_supported,kernel_used,eviction_bytes,eviction_checksum,elapsed_seconds,mac_total,mac_per_second,checksum
512,4,1,"128,128,128,128","65536,65536,65536,65536","128,128,128,128","65536,65536,65536,65536",repeat,A,8,1,8,2,4,"0,2,4,6","true,true,true,true","0,0,0,0",true,true,true,avx2,0,0,0.0001834,8388608,4.57394e+10,18446744073562895020 stderr=
[214] S=4 R=1 run=7 mode=fused order_index=2 exit=0 stdout=D,S,R,O_i,B_i,rows_per_worker,bytes_per_worker,mode,variant,S_tile,iterations,timed_repetitions,warmup,worker_count,worker_list,affinity,affinity_error,affinity_succeeded,timed_repetitions_exact,avx2_supported,kernel_used,eviction_bytes,eviction_checksum,elapsed_seconds,mac_total,mac_per_second,checksum
512,4,1,"128,128,128,128","65536,65536,65536,65536","128,128,128,128","65536,65536,65536,65536",fused,A,8,1,8,2,4,"0,2,4,6","true,true,true,true","0,0,0,0",true,true,true,avx2,0,0,8.12e-05,8388608,1.03308e+11,18446744073562895020 stderr=
[215] S=4 R=1 run=8 mode=fused order_index=1 exit=0 stdout=D,S,R,O_i,B_i,rows_per_worker,bytes_per_worker,mode,variant,S_tile,iterations,timed_repetitions,warmup,worker_count,worker_list,affinity,affinity_error,affinity_succeeded,timed_repetitions_exact,avx2_supported,kernel_used,eviction_bytes,eviction_checksum,elapsed_seconds,mac_total,mac_per_second,checksum
512,4,1,"128,128,128,128","65536,65536,65536,65536","128,128,128,128","65536,65536,65536,65536",fused,A,8,1,8,2,4,"0,2,4,6","true,true,true,true","0,0,0,0",true,true,true,avx2,0,0,0.0001982,8388608,4.2324e+10,18446744073562895020 stderr=
[216] S=4 R=1 run=8 mode=repeat order_index=2 exit=0 stdout=D,S,R,O_i,B_i,rows_per_worker,bytes_per_worker,mode,variant,S_tile,iterations,timed_repetitions,warmup,worker_count,worker_list,affinity,affinity_error,affinity_succeeded,timed_repetitions_exact,avx2_supported,kernel_used,eviction_bytes,eviction_checksum,elapsed_seconds,mac_total,mac_per_second,checksum
512,4,1,"128,128,128,128","65536,65536,65536,65536","128,128,128,128","65536,65536,65536,65536",repeat,A,8,1,8,2,4,"0,2,4,6","true,true,true,true","0,0,0,0",true,true,true,avx2,0,0,0.0002231,8388608,3.76002e+10,18446744073562895020 stderr=
[217] S=4 R=1 run=9 mode=repeat order_index=1 exit=0 stdout=D,S,R,O_i,B_i,rows_per_worker,bytes_per_worker,mode,variant,S_tile,iterations,timed_repetitions,warmup,worker_count,worker_list,affinity,affinity_error,affinity_succeeded,timed_repetitions_exact,avx2_supported,kernel_used,eviction_bytes,eviction_checksum,elapsed_seconds,mac_total,mac_per_second,checksum
512,4,1,"128,128,128,128","65536,65536,65536,65536","128,128,128,128","65536,65536,65536,65536",repeat,A,8,1,8,2,4,"0,2,4,6","true,true,true,true","0,0,0,0",true,true,true,avx2,0,0,0.0003544,8388608,2.36699e+10,18446744073562895020 stderr=
[218] S=4 R=1 run=9 mode=fused order_index=2 exit=0 stdout=D,S,R,O_i,B_i,rows_per_worker,bytes_per_worker,mode,variant,S_tile,iterations,timed_repetitions,warmup,worker_count,worker_list,affinity,affinity_error,affinity_succeeded,timed_repetitions_exact,avx2_supported,kernel_used,eviction_bytes,eviction_checksum,elapsed_seconds,mac_total,mac_per_second,checksum
512,4,1,"128,128,128,128","65536,65536,65536,65536","128,128,128,128","65536,65536,65536,65536",fused,A,8,1,8,2,4,"0,2,4,6","true,true,true,true","0,0,0,0",true,true,true,avx2,0,0,0.0001341,8388608,6.25549e+10,18446744073562895020 stderr=
[219] S=4 R=1 run=10 mode=fused order_index=1 exit=0 stdout=D,S,R,O_i,B_i,rows_per_worker,bytes_per_worker,mode,variant,S_tile,iterations,timed_repetitions,warmup,worker_count,worker_list,affinity,affinity_error,affinity_succeeded,timed_repetitions_exact,avx2_supported,kernel_used,eviction_bytes,eviction_checksum,elapsed_seconds,mac_total,mac_per_second,checksum
512,4,1,"128,128,128,128","65536,65536,65536,65536","128,128,128,128","65536,65536,65536,65536",fused,A,8,1,8,2,4,"0,2,4,6","true,true,true,true","0,0,0,0",true,true,true,avx2,0,0,0.0001398,8388608,6.00043e+10,18446744073562895020 stderr=
[220] S=4 R=1 run=10 mode=repeat order_index=2 exit=0 stdout=D,S,R,O_i,B_i,rows_per_worker,bytes_per_worker,mode,variant,S_tile,iterations,timed_repetitions,warmup,worker_count,worker_list,affinity,affinity_error,affinity_succeeded,timed_repetitions_exact,avx2_supported,kernel_used,eviction_bytes,eviction_checksum,elapsed_seconds,mac_total,mac_per_second,checksum
512,4,1,"128,128,128,128","65536,65536,65536,65536","128,128,128,128","65536,65536,65536,65536",repeat,A,8,1,8,2,4,"0,2,4,6","true,true,true,true","0,0,0,0",true,true,true,avx2,0,0,0.0003185,8388608,2.63379e+10,18446744073562895020 stderr=
[221] S=4 R=2 run=1 mode=repeat order_index=1 exit=0 stdout=D,S,R,O_i,B_i,rows_per_worker,bytes_per_worker,mode,variant,S_tile,iterations,timed_repetitions,warmup,worker_count,worker_list,affinity,affinity_error,affinity_succeeded,timed_repetitions_exact,avx2_supported,kernel_used,eviction_bytes,eviction_checksum,elapsed_seconds,mac_total,mac_per_second,checksum
512,4,2,"128,128,128,128","65536,65536,65536,65536","128,128,128,128","65536,65536,65536,65536",repeat,A,8,1,8,2,4,"0,2,4,6","true,true,true,true","0,0,0,0",true,true,true,avx2,0,0,0.0003527,16777216,4.7568e+10,18446744073562895020 stderr=
[222] S=4 R=2 run=1 mode=fused order_index=2 exit=0 stdout=D,S,R,O_i,B_i,rows_per_worker,bytes_per_worker,mode,variant,S_tile,iterations,timed_repetitions,warmup,worker_count,worker_list,affinity,affinity_error,affinity_succeeded,timed_repetitions_exact,avx2_supported,kernel_used,eviction_bytes,eviction_checksum,elapsed_seconds,mac_total,mac_per_second,checksum
512,4,2,"128,128,128,128","65536,65536,65536,65536","128,128,128,128","65536,65536,65536,65536",fused,A,8,1,8,2,4,"0,2,4,6","true,true,true,true","0,0,0,0",true,true,true,avx2,0,0,0.0002214,16777216,7.57779e+10,18446744073562895020 stderr=
[223] S=4 R=2 run=2 mode=fused order_index=1 exit=0 stdout=D,S,R,O_i,B_i,rows_per_worker,bytes_per_worker,mode,variant,S_tile,iterations,timed_repetitions,warmup,worker_count,worker_list,affinity,affinity_error,affinity_succeeded,timed_repetitions_exact,avx2_supported,kernel_used,eviction_bytes,eviction_checksum,elapsed_seconds,mac_total,mac_per_second,checksum
512,4,2,"128,128,128,128","65536,65536,65536,65536","128,128,128,128","65536,65536,65536,65536",fused,A,8,1,8,2,4,"0,2,4,6","true,true,true,true","0,0,0,0",true,true,true,avx2,0,0,0.0001674,16777216,1.00222e+11,18446744073562895020 stderr=
[224] S=4 R=2 run=2 mode=repeat order_index=2 exit=0 stdout=D,S,R,O_i,B_i,rows_per_worker,bytes_per_worker,mode,variant,S_tile,iterations,timed_repetitions,warmup,worker_count,worker_list,affinity,affinity_error,affinity_succeeded,timed_repetitions_exact,avx2_supported,kernel_used,eviction_bytes,eviction_checksum,elapsed_seconds,mac_total,mac_per_second,checksum
512,4,2,"128,128,128,128","65536,65536,65536,65536","128,128,128,128","65536,65536,65536,65536",repeat,A,8,1,8,2,4,"0,2,4,6","true,true,true,true","0,0,0,0",true,true,true,avx2,0,0,0.0006219,16777216,2.69774e+10,18446744073562895020 stderr=
[225] S=4 R=2 run=3 mode=repeat order_index=1 exit=0 stdout=D,S,R,O_i,B_i,rows_per_worker,bytes_per_worker,mode,variant,S_tile,iterations,timed_repetitions,warmup,worker_count,worker_list,affinity,affinity_error,affinity_succeeded,timed_repetitions_exact,avx2_supported,kernel_used,eviction_bytes,eviction_checksum,elapsed_seconds,mac_total,mac_per_second,checksum
512,4,2,"128,128,128,128","65536,65536,65536,65536","128,128,128,128","65536,65536,65536,65536",repeat,A,8,1,8,2,4,"0,2,4,6","true,true,true,true","0,0,0,0",true,true,true,avx2,0,0,0.0004417,16777216,3.79833e+10,18446744073562895020 stderr=
[226] S=4 R=2 run=3 mode=fused order_index=2 exit=0 stdout=D,S,R,O_i,B_i,rows_per_worker,bytes_per_worker,mode,variant,S_tile,iterations,timed_repetitions,warmup,worker_count,worker_list,affinity,affinity_error,affinity_succeeded,timed_repetitions_exact,avx2_supported,kernel_used,eviction_bytes,eviction_checksum,elapsed_seconds,mac_total,mac_per_second,checksum
512,4,2,"128,128,128,128","65536,65536,65536,65536","128,128,128,128","65536,65536,65536,65536",fused,A,8,1,8,2,4,"0,2,4,6","true,true,true,true","0,0,0,0",true,true,true,avx2,0,0,0.0003503,16777216,4.78939e+10,18446744073562895020 stderr=
[227] S=4 R=2 run=4 mode=fused order_index=1 exit=0 stdout=D,S,R,O_i,B_i,rows_per_worker,bytes_per_worker,mode,variant,S_tile,iterations,timed_repetitions,warmup,worker_count,worker_list,affinity,affinity_error,affinity_succeeded,timed_repetitions_exact,avx2_supported,kernel_used,eviction_bytes,eviction_checksum,elapsed_seconds,mac_total,mac_per_second,checksum
512,4,2,"128,128,128,128","65536,65536,65536,65536","128,128,128,128","65536,65536,65536,65536",fused,A,8,1,8,2,4,"0,2,4,6","true,true,true,true","0,0,0,0",true,true,true,avx2,0,0,0.000297,16777216,5.64889e+10,18446744073562895020 stderr=
[228] S=4 R=2 run=4 mode=repeat order_index=2 exit=0 stdout=D,S,R,O_i,B_i,rows_per_worker,bytes_per_worker,mode,variant,S_tile,iterations,timed_repetitions,warmup,worker_count,worker_list,affinity,affinity_error,affinity_succeeded,timed_repetitions_exact,avx2_supported,kernel_used,eviction_bytes,eviction_checksum,elapsed_seconds,mac_total,mac_per_second,checksum
512,4,2,"128,128,128,128","65536,65536,65536,65536","128,128,128,128","65536,65536,65536,65536",repeat,A,8,1,8,2,4,"0,2,4,6","true,true,true,true","0,0,0,0",true,true,true,avx2,0,0,0.0003457,16777216,4.85311e+10,18446744073562895020 stderr=
[229] S=4 R=2 run=5 mode=repeat order_index=1 exit=0 stdout=D,S,R,O_i,B_i,rows_per_worker,bytes_per_worker,mode,variant,S_tile,iterations,timed_repetitions,warmup,worker_count,worker_list,affinity,affinity_error,affinity_succeeded,timed_repetitions_exact,avx2_supported,kernel_used,eviction_bytes,eviction_checksum,elapsed_seconds,mac_total,mac_per_second,checksum
512,4,2,"128,128,128,128","65536,65536,65536,65536","128,128,128,128","65536,65536,65536,65536",repeat,A,8,1,8,2,4,"0,2,4,6","true,true,true,true","0,0,0,0",true,true,true,avx2,0,0,0.0005764,16777216,2.91069e+10,18446744073562895020 stderr=
[230] S=4 R=2 run=5 mode=fused order_index=2 exit=0 stdout=D,S,R,O_i,B_i,rows_per_worker,bytes_per_worker,mode,variant,S_tile,iterations,timed_repetitions,warmup,worker_count,worker_list,affinity,affinity_error,affinity_succeeded,timed_repetitions_exact,avx2_supported,kernel_used,eviction_bytes,eviction_checksum,elapsed_seconds,mac_total,mac_per_second,checksum
512,4,2,"128,128,128,128","65536,65536,65536,65536","128,128,128,128","65536,65536,65536,65536",fused,A,8,1,8,2,4,"0,2,4,6","true,true,true,true","0,0,0,0",true,true,true,avx2,0,0,0.0001703,16777216,9.85157e+10,18446744073562895020 stderr=
[231] S=4 R=2 run=6 mode=fused order_index=1 exit=0 stdout=D,S,R,O_i,B_i,rows_per_worker,bytes_per_worker,mode,variant,S_tile,iterations,timed_repetitions,warmup,worker_count,worker_list,affinity,affinity_error,affinity_succeeded,timed_repetitions_exact,avx2_supported,kernel_used,eviction_bytes,eviction_checksum,elapsed_seconds,mac_total,mac_per_second,checksum
512,4,2,"128,128,128,128","65536,65536,65536,65536","128,128,128,128","65536,65536,65536,65536",fused,A,8,1,8,2,4,"0,2,4,6","true,true,true,true","0,0,0,0",true,true,true,avx2,0,0,0.0002307,16777216,7.27231e+10,18446744073562895020 stderr=
[232] S=4 R=2 run=6 mode=repeat order_index=2 exit=0 stdout=D,S,R,O_i,B_i,rows_per_worker,bytes_per_worker,mode,variant,S_tile,iterations,timed_repetitions,warmup,worker_count,worker_list,affinity,affinity_error,affinity_succeeded,timed_repetitions_exact,avx2_supported,kernel_used,eviction_bytes,eviction_checksum,elapsed_seconds,mac_total,mac_per_second,checksum
512,4,2,"128,128,128,128","65536,65536,65536,65536","128,128,128,128","65536,65536,65536,65536",repeat,A,8,1,8,2,4,"0,2,4,6","true,true,true,true","0,0,0,0",true,true,true,avx2,0,0,0.0003281,16777216,5.11345e+10,18446744073562895020 stderr=
[233] S=4 R=2 run=7 mode=repeat order_index=1 exit=0 stdout=D,S,R,O_i,B_i,rows_per_worker,bytes_per_worker,mode,variant,S_tile,iterations,timed_repetitions,warmup,worker_count,worker_list,affinity,affinity_error,affinity_succeeded,timed_repetitions_exact,avx2_supported,kernel_used,eviction_bytes,eviction_checksum,elapsed_seconds,mac_total,mac_per_second,checksum
512,4,2,"128,128,128,128","65536,65536,65536,65536","128,128,128,128","65536,65536,65536,65536",repeat,A,8,1,8,2,4,"0,2,4,6","true,true,true,true","0,0,0,0",true,true,true,avx2,0,0,0.0005984,16777216,2.80368e+10,18446744073562895020 stderr=
[234] S=4 R=2 run=7 mode=fused order_index=2 exit=0 stdout=D,S,R,O_i,B_i,rows_per_worker,bytes_per_worker,mode,variant,S_tile,iterations,timed_repetitions,warmup,worker_count,worker_list,affinity,affinity_error,affinity_succeeded,timed_repetitions_exact,avx2_supported,kernel_used,eviction_bytes,eviction_checksum,elapsed_seconds,mac_total,mac_per_second,checksum
512,4,2,"128,128,128,128","65536,65536,65536,65536","128,128,128,128","65536,65536,65536,65536",fused,A,8,1,8,2,4,"0,2,4,6","true,true,true,true","0,0,0,0",true,true,true,avx2,0,0,0.0002722,16777216,6.16356e+10,18446744073562895020 stderr=
[235] S=4 R=2 run=8 mode=fused order_index=1 exit=0 stdout=D,S,R,O_i,B_i,rows_per_worker,bytes_per_worker,mode,variant,S_tile,iterations,timed_repetitions,warmup,worker_count,worker_list,affinity,affinity_error,affinity_succeeded,timed_repetitions_exact,avx2_supported,kernel_used,eviction_bytes,eviction_checksum,elapsed_seconds,mac_total,mac_per_second,checksum
512,4,2,"128,128,128,128","65536,65536,65536,65536","128,128,128,128","65536,65536,65536,65536",fused,A,8,1,8,2,4,"0,2,4,6","true,true,true,true","0,0,0,0",true,true,true,avx2,0,0,0.0003033,16777216,5.53156e+10,18446744073562895020 stderr=
[236] S=4 R=2 run=8 mode=repeat order_index=2 exit=0 stdout=D,S,R,O_i,B_i,rows_per_worker,bytes_per_worker,mode,variant,S_tile,iterations,timed_repetitions,warmup,worker_count,worker_list,affinity,affinity_error,affinity_succeeded,timed_repetitions_exact,avx2_supported,kernel_used,eviction_bytes,eviction_checksum,elapsed_seconds,mac_total,mac_per_second,checksum
512,4,2,"128,128,128,128","65536,65536,65536,65536","128,128,128,128","65536,65536,65536,65536",repeat,A,8,1,8,2,4,"0,2,4,6","true,true,true,true","0,0,0,0",true,true,true,avx2,0,0,0.0003661,16777216,4.58269e+10,18446744073562895020 stderr=
[237] S=4 R=2 run=9 mode=repeat order_index=1 exit=0 stdout=D,S,R,O_i,B_i,rows_per_worker,bytes_per_worker,mode,variant,S_tile,iterations,timed_repetitions,warmup,worker_count,worker_list,affinity,affinity_error,affinity_succeeded,timed_repetitions_exact,avx2_supported,kernel_used,eviction_bytes,eviction_checksum,elapsed_seconds,mac_total,mac_per_second,checksum
512,4,2,"128,128,128,128","65536,65536,65536,65536","128,128,128,128","65536,65536,65536,65536",repeat,A,8,1,8,2,4,"0,2,4,6","true,true,true,true","0,0,0,0",true,true,true,avx2,0,0,0.000331,16777216,5.06865e+10,18446744073562895020 stderr=
[238] S=4 R=2 run=9 mode=fused order_index=2 exit=0 stdout=D,S,R,O_i,B_i,rows_per_worker,bytes_per_worker,mode,variant,S_tile,iterations,timed_repetitions,warmup,worker_count,worker_list,affinity,affinity_error,affinity_succeeded,timed_repetitions_exact,avx2_supported,kernel_used,eviction_bytes,eviction_checksum,elapsed_seconds,mac_total,mac_per_second,checksum
512,4,2,"128,128,128,128","65536,65536,65536,65536","128,128,128,128","65536,65536,65536,65536",fused,A,8,1,8,2,4,"0,2,4,6","true,true,true,true","0,0,0,0",true,true,true,avx2,0,0,0.0001652,16777216,1.01557e+11,18446744073562895020 stderr=
[239] S=4 R=2 run=10 mode=fused order_index=1 exit=0 stdout=D,S,R,O_i,B_i,rows_per_worker,bytes_per_worker,mode,variant,S_tile,iterations,timed_repetitions,warmup,worker_count,worker_list,affinity,affinity_error,affinity_succeeded,timed_repetitions_exact,avx2_supported,kernel_used,eviction_bytes,eviction_checksum,elapsed_seconds,mac_total,mac_per_second,checksum
512,4,2,"128,128,128,128","65536,65536,65536,65536","128,128,128,128","65536,65536,65536,65536",fused,A,8,1,8,2,4,"0,2,4,6","true,true,true,true","0,0,0,0",true,true,true,avx2,0,0,0.0002555,16777216,6.56643e+10,18446744073562895020 stderr=
[240] S=4 R=2 run=10 mode=repeat order_index=2 exit=0 stdout=D,S,R,O_i,B_i,rows_per_worker,bytes_per_worker,mode,variant,S_tile,iterations,timed_repetitions,warmup,worker_count,worker_list,affinity,affinity_error,affinity_succeeded,timed_repetitions_exact,avx2_supported,kernel_used,eviction_bytes,eviction_checksum,elapsed_seconds,mac_total,mac_per_second,checksum
512,4,2,"128,128,128,128","65536,65536,65536,65536","128,128,128,128","65536,65536,65536,65536",repeat,A,8,1,8,2,4,"0,2,4,6","true,true,true,true","0,0,0,0",true,true,true,avx2,0,0,0.0003573,16777216,4.69555e+10,18446744073562895020 stderr=
[241] S=4 R=4 run=1 mode=repeat order_index=1 exit=0 stdout=D,S,R,O_i,B_i,rows_per_worker,bytes_per_worker,mode,variant,S_tile,iterations,timed_repetitions,warmup,worker_count,worker_list,affinity,affinity_error,affinity_succeeded,timed_repetitions_exact,avx2_supported,kernel_used,eviction_bytes,eviction_checksum,elapsed_seconds,mac_total,mac_per_second,checksum
512,4,4,"128,128,128,128","65536,65536,65536,65536","128,128,128,128","65536,65536,65536,65536",repeat,A,8,1,8,2,4,"0,2,4,6","true,true,true,true","0,0,0,0",true,true,true,avx2,0,0,0.0006732,33554432,4.98432e+10,18446744073562895020 stderr=
[242] S=4 R=4 run=1 mode=fused order_index=2 exit=0 stdout=D,S,R,O_i,B_i,rows_per_worker,bytes_per_worker,mode,variant,S_tile,iterations,timed_repetitions,warmup,worker_count,worker_list,affinity,affinity_error,affinity_succeeded,timed_repetitions_exact,avx2_supported,kernel_used,eviction_bytes,eviction_checksum,elapsed_seconds,mac_total,mac_per_second,checksum
512,4,4,"128,128,128,128","65536,65536,65536,65536","128,128,128,128","65536,65536,65536,65536",fused,A,8,1,8,2,4,"0,2,4,6","true,true,true,true","0,0,0,0",true,true,true,avx2,0,0,0.0003391,33554432,9.89514e+10,18446744073562895020 stderr=
[243] S=4 R=4 run=2 mode=fused order_index=1 exit=0 stdout=D,S,R,O_i,B_i,rows_per_worker,bytes_per_worker,mode,variant,S_tile,iterations,timed_repetitions,warmup,worker_count,worker_list,affinity,affinity_error,affinity_succeeded,timed_repetitions_exact,avx2_supported,kernel_used,eviction_bytes,eviction_checksum,elapsed_seconds,mac_total,mac_per_second,checksum
512,4,4,"128,128,128,128","65536,65536,65536,65536","128,128,128,128","65536,65536,65536,65536",fused,A,8,1,8,2,4,"0,2,4,6","true,true,true,true","0,0,0,0",true,true,true,avx2,0,0,0.0003449,33554432,9.72874e+10,18446744073562895020 stderr=
[244] S=4 R=4 run=2 mode=repeat order_index=2 exit=0 stdout=D,S,R,O_i,B_i,rows_per_worker,bytes_per_worker,mode,variant,S_tile,iterations,timed_repetitions,warmup,worker_count,worker_list,affinity,affinity_error,affinity_succeeded,timed_repetitions_exact,avx2_supported,kernel_used,eviction_bytes,eviction_checksum,elapsed_seconds,mac_total,mac_per_second,checksum
512,4,4,"128,128,128,128","65536,65536,65536,65536","128,128,128,128","65536,65536,65536,65536",repeat,A,8,1,8,2,4,"0,2,4,6","true,true,true,true","0,0,0,0",true,true,true,avx2,0,0,0.000675,33554432,4.97103e+10,18446744073562895020 stderr=
[245] S=4 R=4 run=3 mode=repeat order_index=1 exit=0 stdout=D,S,R,O_i,B_i,rows_per_worker,bytes_per_worker,mode,variant,S_tile,iterations,timed_repetitions,warmup,worker_count,worker_list,affinity,affinity_error,affinity_succeeded,timed_repetitions_exact,avx2_supported,kernel_used,eviction_bytes,eviction_checksum,elapsed_seconds,mac_total,mac_per_second,checksum
512,4,4,"128,128,128,128","65536,65536,65536,65536","128,128,128,128","65536,65536,65536,65536",repeat,A,8,1,8,2,4,"0,2,4,6","true,true,true,true","0,0,0,0",true,true,true,avx2,0,0,0.0006697,33554432,5.01037e+10,18446744073562895020 stderr=
[246] S=4 R=4 run=3 mode=fused order_index=2 exit=0 stdout=D,S,R,O_i,B_i,rows_per_worker,bytes_per_worker,mode,variant,S_tile,iterations,timed_repetitions,warmup,worker_count,worker_list,affinity,affinity_error,affinity_succeeded,timed_repetitions_exact,avx2_supported,kernel_used,eviction_bytes,eviction_checksum,elapsed_seconds,mac_total,mac_per_second,checksum
512,4,4,"128,128,128,128","65536,65536,65536,65536","128,128,128,128","65536,65536,65536,65536",fused,A,8,1,8,2,4,"0,2,4,6","true,true,true,true","0,0,0,0",true,true,true,avx2,0,0,0.0007429,33554432,4.51668e+10,18446744073562895020 stderr=
[247] S=4 R=4 run=4 mode=fused order_index=1 exit=0 stdout=D,S,R,O_i,B_i,rows_per_worker,bytes_per_worker,mode,variant,S_tile,iterations,timed_repetitions,warmup,worker_count,worker_list,affinity,affinity_error,affinity_succeeded,timed_repetitions_exact,avx2_supported,kernel_used,eviction_bytes,eviction_checksum,elapsed_seconds,mac_total,mac_per_second,checksum
512,4,4,"128,128,128,128","65536,65536,65536,65536","128,128,128,128","65536,65536,65536,65536",fused,A,8,1,8,2,4,"0,2,4,6","true,true,true,true","0,0,0,0",true,true,true,avx2,0,0,0.0005033,33554432,6.66688e+10,18446744073562895020 stderr=
[248] S=4 R=4 run=4 mode=repeat order_index=2 exit=0 stdout=D,S,R,O_i,B_i,rows_per_worker,bytes_per_worker,mode,variant,S_tile,iterations,timed_repetitions,warmup,worker_count,worker_list,affinity,affinity_error,affinity_succeeded,timed_repetitions_exact,avx2_supported,kernel_used,eviction_bytes,eviction_checksum,elapsed_seconds,mac_total,mac_per_second,checksum
512,4,4,"128,128,128,128","65536,65536,65536,65536","128,128,128,128","65536,65536,65536,65536",repeat,A,8,1,8,2,4,"0,2,4,6","true,true,true,true","0,0,0,0",true,true,true,avx2,0,0,0.0006739,33554432,4.97914e+10,18446744073562895020 stderr=
[249] S=4 R=4 run=5 mode=repeat order_index=1 exit=0 stdout=D,S,R,O_i,B_i,rows_per_worker,bytes_per_worker,mode,variant,S_tile,iterations,timed_repetitions,warmup,worker_count,worker_list,affinity,affinity_error,affinity_succeeded,timed_repetitions_exact,avx2_supported,kernel_used,eviction_bytes,eviction_checksum,elapsed_seconds,mac_total,mac_per_second,checksum
512,4,4,"128,128,128,128","65536,65536,65536,65536","128,128,128,128","65536,65536,65536,65536",repeat,A,8,1,8,2,4,"0,2,4,6","true,true,true,true","0,0,0,0",true,true,true,avx2,0,0,0.0008255,33554432,4.06474e+10,18446744073562895020 stderr=
[250] S=4 R=4 run=5 mode=fused order_index=2 exit=0 stdout=D,S,R,O_i,B_i,rows_per_worker,bytes_per_worker,mode,variant,S_tile,iterations,timed_repetitions,warmup,worker_count,worker_list,affinity,affinity_error,affinity_succeeded,timed_repetitions_exact,avx2_supported,kernel_used,eviction_bytes,eviction_checksum,elapsed_seconds,mac_total,mac_per_second,checksum
512,4,4,"128,128,128,128","65536,65536,65536,65536","128,128,128,128","65536,65536,65536,65536",fused,A,8,1,8,2,4,"0,2,4,6","true,true,true,true","0,0,0,0",true,true,true,avx2,0,0,0.0003468,33554432,9.67544e+10,18446744073562895020 stderr=
[251] S=4 R=4 run=6 mode=fused order_index=1 exit=0 stdout=D,S,R,O_i,B_i,rows_per_worker,bytes_per_worker,mode,variant,S_tile,iterations,timed_repetitions,warmup,worker_count,worker_list,affinity,affinity_error,affinity_succeeded,timed_repetitions_exact,avx2_supported,kernel_used,eviction_bytes,eviction_checksum,elapsed_seconds,mac_total,mac_per_second,checksum
512,4,4,"128,128,128,128","65536,65536,65536,65536","128,128,128,128","65536,65536,65536,65536",fused,A,8,1,8,2,4,"0,2,4,6","true,true,true,true","0,0,0,0",true,true,true,avx2,0,0,0.0003692,33554432,9.08842e+10,18446744073562895020 stderr=
[252] S=4 R=4 run=6 mode=repeat order_index=2 exit=0 stdout=D,S,R,O_i,B_i,rows_per_worker,bytes_per_worker,mode,variant,S_tile,iterations,timed_repetitions,warmup,worker_count,worker_list,affinity,affinity_error,affinity_succeeded,timed_repetitions_exact,avx2_supported,kernel_used,eviction_bytes,eviction_checksum,elapsed_seconds,mac_total,mac_per_second,checksum
512,4,4,"128,128,128,128","65536,65536,65536,65536","128,128,128,128","65536,65536,65536,65536",repeat,A,8,1,8,2,4,"0,2,4,6","true,true,true,true","0,0,0,0",true,true,true,avx2,0,0,0.000681,33554432,4.92723e+10,18446744073562895020 stderr=
[253] S=4 R=4 run=7 mode=repeat order_index=1 exit=0 stdout=D,S,R,O_i,B_i,rows_per_worker,bytes_per_worker,mode,variant,S_tile,iterations,timed_repetitions,warmup,worker_count,worker_list,affinity,affinity_error,affinity_succeeded,timed_repetitions_exact,avx2_supported,kernel_used,eviction_bytes,eviction_checksum,elapsed_seconds,mac_total,mac_per_second,checksum
512,4,4,"128,128,128,128","65536,65536,65536,65536","128,128,128,128","65536,65536,65536,65536",repeat,A,8,1,8,2,4,"0,2,4,6","true,true,true,true","0,0,0,0",true,true,true,avx2,0,0,0.0006601,33554432,5.08323e+10,18446744073562895020 stderr=
[254] S=4 R=4 run=7 mode=fused order_index=2 exit=0 stdout=D,S,R,O_i,B_i,rows_per_worker,bytes_per_worker,mode,variant,S_tile,iterations,timed_repetitions,warmup,worker_count,worker_list,affinity,affinity_error,affinity_succeeded,timed_repetitions_exact,avx2_supported,kernel_used,eviction_bytes,eviction_checksum,elapsed_seconds,mac_total,mac_per_second,checksum
512,4,4,"128,128,128,128","65536,65536,65536,65536","128,128,128,128","65536,65536,65536,65536",fused,A,8,1,8,2,4,"0,2,4,6","true,true,true,true","0,0,0,0",true,true,true,avx2,0,0,0.0003471,33554432,9.66708e+10,18446744073562895020 stderr=
[255] S=4 R=4 run=8 mode=fused order_index=1 exit=0 stdout=D,S,R,O_i,B_i,rows_per_worker,bytes_per_worker,mode,variant,S_tile,iterations,timed_repetitions,warmup,worker_count,worker_list,affinity,affinity_error,affinity_succeeded,timed_repetitions_exact,avx2_supported,kernel_used,eviction_bytes,eviction_checksum,elapsed_seconds,mac_total,mac_per_second,checksum
512,4,4,"128,128,128,128","65536,65536,65536,65536","128,128,128,128","65536,65536,65536,65536",fused,A,8,1,8,2,4,"0,2,4,6","true,true,true,true","0,0,0,0",true,true,true,avx2,0,0,0.0008011,33554432,4.18854e+10,18446744073562895020 stderr=
[256] S=4 R=4 run=8 mode=repeat order_index=2 exit=0 stdout=D,S,R,O_i,B_i,rows_per_worker,bytes_per_worker,mode,variant,S_tile,iterations,timed_repetitions,warmup,worker_count,worker_list,affinity,affinity_error,affinity_succeeded,timed_repetitions_exact,avx2_supported,kernel_used,eviction_bytes,eviction_checksum,elapsed_seconds,mac_total,mac_per_second,checksum
512,4,4,"128,128,128,128","65536,65536,65536,65536","128,128,128,128","65536,65536,65536,65536",repeat,A,8,1,8,2,4,"0,2,4,6","true,true,true,true","0,0,0,0",true,true,true,avx2,0,0,0.000678,33554432,4.94903e+10,18446744073562895020 stderr=
[257] S=4 R=4 run=9 mode=repeat order_index=1 exit=0 stdout=D,S,R,O_i,B_i,rows_per_worker,bytes_per_worker,mode,variant,S_tile,iterations,timed_repetitions,warmup,worker_count,worker_list,affinity,affinity_error,affinity_succeeded,timed_repetitions_exact,avx2_supported,kernel_used,eviction_bytes,eviction_checksum,elapsed_seconds,mac_total,mac_per_second,checksum
512,4,4,"128,128,128,128","65536,65536,65536,65536","128,128,128,128","65536,65536,65536,65536",repeat,A,8,1,8,2,4,"0,2,4,6","true,true,true,true","0,0,0,0",true,true,true,avx2,0,0,0.000946,33554432,3.54698e+10,18446744073562895020 stderr=
[258] S=4 R=4 run=9 mode=fused order_index=2 exit=0 stdout=D,S,R,O_i,B_i,rows_per_worker,bytes_per_worker,mode,variant,S_tile,iterations,timed_repetitions,warmup,worker_count,worker_list,affinity,affinity_error,affinity_succeeded,timed_repetitions_exact,avx2_supported,kernel_used,eviction_bytes,eviction_checksum,elapsed_seconds,mac_total,mac_per_second,checksum
512,4,4,"128,128,128,128","65536,65536,65536,65536","128,128,128,128","65536,65536,65536,65536",fused,A,8,1,8,2,4,"0,2,4,6","true,true,true,true","0,0,0,0",true,true,true,avx2,0,0,0.0003408,33554432,9.84578e+10,18446744073562895020 stderr=
[259] S=4 R=4 run=10 mode=fused order_index=1 exit=0 stdout=D,S,R,O_i,B_i,rows_per_worker,bytes_per_worker,mode,variant,S_tile,iterations,timed_repetitions,warmup,worker_count,worker_list,affinity,affinity_error,affinity_succeeded,timed_repetitions_exact,avx2_supported,kernel_used,eviction_bytes,eviction_checksum,elapsed_seconds,mac_total,mac_per_second,checksum
512,4,4,"128,128,128,128","65536,65536,65536,65536","128,128,128,128","65536,65536,65536,65536",fused,A,8,1,8,2,4,"0,2,4,6","true,true,true,true","0,0,0,0",true,true,true,avx2,0,0,0.0005057,33554432,6.63524e+10,18446744073562895020 stderr=
[260] S=4 R=4 run=10 mode=repeat order_index=2 exit=0 stdout=D,S,R,O_i,B_i,rows_per_worker,bytes_per_worker,mode,variant,S_tile,iterations,timed_repetitions,warmup,worker_count,worker_list,affinity,affinity_error,affinity_succeeded,timed_repetitions_exact,avx2_supported,kernel_used,eviction_bytes,eviction_checksum,elapsed_seconds,mac_total,mac_per_second,checksum
512,4,4,"128,128,128,128","65536,65536,65536,65536","128,128,128,128","65536,65536,65536,65536",repeat,A,8,1,8,2,4,"0,2,4,6","true,true,true,true","0,0,0,0",true,true,true,avx2,0,0,0.0010236,33554432,3.27808e+10,18446744073562895020 stderr=
[261] S=4 R=8 run=1 mode=repeat order_index=1 exit=0 stdout=D,S,R,O_i,B_i,rows_per_worker,bytes_per_worker,mode,variant,S_tile,iterations,timed_repetitions,warmup,worker_count,worker_list,affinity,affinity_error,affinity_succeeded,timed_repetitions_exact,avx2_supported,kernel_used,eviction_bytes,eviction_checksum,elapsed_seconds,mac_total,mac_per_second,checksum
512,4,8,"128,128,128,128","65536,65536,65536,65536","128,128,128,128","65536,65536,65536,65536",repeat,A,8,1,8,2,4,"0,2,4,6","true,true,true,true","0,0,0,0",true,true,true,avx2,0,0,0.0017571,67108864,3.8193e+10,18446744073562895020 stderr=
[262] S=4 R=8 run=1 mode=fused order_index=2 exit=0 stdout=D,S,R,O_i,B_i,rows_per_worker,bytes_per_worker,mode,variant,S_tile,iterations,timed_repetitions,warmup,worker_count,worker_list,affinity,affinity_error,affinity_succeeded,timed_repetitions_exact,avx2_supported,kernel_used,eviction_bytes,eviction_checksum,elapsed_seconds,mac_total,mac_per_second,checksum
512,4,8,"128,128,128,128","65536,65536,65536,65536","128,128,128,128","65536,65536,65536,65536",fused,A,8,1,8,2,4,"0,2,4,6","true,true,true,true","0,0,0,0",true,true,true,avx2,0,0,0.0007747,67108864,8.66256e+10,18446744073562895020 stderr=
[263] S=4 R=8 run=2 mode=fused order_index=1 exit=0 stdout=D,S,R,O_i,B_i,rows_per_worker,bytes_per_worker,mode,variant,S_tile,iterations,timed_repetitions,warmup,worker_count,worker_list,affinity,affinity_error,affinity_succeeded,timed_repetitions_exact,avx2_supported,kernel_used,eviction_bytes,eviction_checksum,elapsed_seconds,mac_total,mac_per_second,checksum
512,4,8,"128,128,128,128","65536,65536,65536,65536","128,128,128,128","65536,65536,65536,65536",fused,A,8,1,8,2,4,"0,2,4,6","true,true,true,true","0,0,0,0",true,true,true,avx2,0,0,0.0007,67108864,9.58698e+10,18446744073562895020 stderr=
[264] S=4 R=8 run=2 mode=repeat order_index=2 exit=0 stdout=D,S,R,O_i,B_i,rows_per_worker,bytes_per_worker,mode,variant,S_tile,iterations,timed_repetitions,warmup,worker_count,worker_list,affinity,affinity_error,affinity_succeeded,timed_repetitions_exact,avx2_supported,kernel_used,eviction_bytes,eviction_checksum,elapsed_seconds,mac_total,mac_per_second,checksum
512,4,8,"128,128,128,128","65536,65536,65536,65536","128,128,128,128","65536,65536,65536,65536",repeat,A,8,1,8,2,4,"0,2,4,6","true,true,true,true","0,0,0,0",true,true,true,avx2,0,0,0.0016607,67108864,4.041e+10,18446744073562895020 stderr=
[265] S=4 R=8 run=3 mode=repeat order_index=1 exit=0 stdout=D,S,R,O_i,B_i,rows_per_worker,bytes_per_worker,mode,variant,S_tile,iterations,timed_repetitions,warmup,worker_count,worker_list,affinity,affinity_error,affinity_succeeded,timed_repetitions_exact,avx2_supported,kernel_used,eviction_bytes,eviction_checksum,elapsed_seconds,mac_total,mac_per_second,checksum
512,4,8,"128,128,128,128","65536,65536,65536,65536","128,128,128,128","65536,65536,65536,65536",repeat,A,8,1,8,2,4,"0,2,4,6","true,true,true,true","0,0,0,0",true,true,true,avx2,0,0,0.0013988,67108864,4.7976e+10,18446744073562895020 stderr=
[266] S=4 R=8 run=3 mode=fused order_index=2 exit=0 stdout=D,S,R,O_i,B_i,rows_per_worker,bytes_per_worker,mode,variant,S_tile,iterations,timed_repetitions,warmup,worker_count,worker_list,affinity,affinity_error,affinity_succeeded,timed_repetitions_exact,avx2_supported,kernel_used,eviction_bytes,eviction_checksum,elapsed_seconds,mac_total,mac_per_second,checksum
512,4,8,"128,128,128,128","65536,65536,65536,65536","128,128,128,128","65536,65536,65536,65536",fused,A,8,1,8,2,4,"0,2,4,6","true,true,true,true","0,0,0,0",true,true,true,avx2,0,0,0.0006797,67108864,9.87331e+10,18446744073562895020 stderr=
[267] S=4 R=8 run=4 mode=fused order_index=1 exit=0 stdout=D,S,R,O_i,B_i,rows_per_worker,bytes_per_worker,mode,variant,S_tile,iterations,timed_repetitions,warmup,worker_count,worker_list,affinity,affinity_error,affinity_succeeded,timed_repetitions_exact,avx2_supported,kernel_used,eviction_bytes,eviction_checksum,elapsed_seconds,mac_total,mac_per_second,checksum
512,4,8,"128,128,128,128","65536,65536,65536,65536","128,128,128,128","65536,65536,65536,65536",fused,A,8,1,8,2,4,"0,2,4,6","true,true,true,true","0,0,0,0",true,true,true,avx2,0,0,0.0010643,67108864,6.30545e+10,18446744073562895020 stderr=
[268] S=4 R=8 run=4 mode=repeat order_index=2 exit=0 stdout=D,S,R,O_i,B_i,rows_per_worker,bytes_per_worker,mode,variant,S_tile,iterations,timed_repetitions,warmup,worker_count,worker_list,affinity,affinity_error,affinity_succeeded,timed_repetitions_exact,avx2_supported,kernel_used,eviction_bytes,eviction_checksum,elapsed_seconds,mac_total,mac_per_second,checksum
512,4,8,"128,128,128,128","65536,65536,65536,65536","128,128,128,128","65536,65536,65536,65536",repeat,A,8,1,8,2,4,"0,2,4,6","true,true,true,true","0,0,0,0",true,true,true,avx2,0,0,0.0013532,67108864,4.95927e+10,18446744073562895020 stderr=
[269] S=4 R=8 run=5 mode=repeat order_index=1 exit=0 stdout=D,S,R,O_i,B_i,rows_per_worker,bytes_per_worker,mode,variant,S_tile,iterations,timed_repetitions,warmup,worker_count,worker_list,affinity,affinity_error,affinity_succeeded,timed_repetitions_exact,avx2_supported,kernel_used,eviction_bytes,eviction_checksum,elapsed_seconds,mac_total,mac_per_second,checksum
512,4,8,"128,128,128,128","65536,65536,65536,65536","128,128,128,128","65536,65536,65536,65536",repeat,A,8,1,8,2,4,"0,2,4,6","true,true,true,true","0,0,0,0",true,true,true,avx2,0,0,0.0014165,67108864,4.73765e+10,18446744073562895020 stderr=
[270] S=4 R=8 run=5 mode=fused order_index=2 exit=0 stdout=D,S,R,O_i,B_i,rows_per_worker,bytes_per_worker,mode,variant,S_tile,iterations,timed_repetitions,warmup,worker_count,worker_list,affinity,affinity_error,affinity_succeeded,timed_repetitions_exact,avx2_supported,kernel_used,eviction_bytes,eviction_checksum,elapsed_seconds,mac_total,mac_per_second,checksum
512,4,8,"128,128,128,128","65536,65536,65536,65536","128,128,128,128","65536,65536,65536,65536",fused,A,8,1,8,2,4,"0,2,4,6","true,true,true,true","0,0,0,0",true,true,true,avx2,0,0,0.0006866,67108864,9.77408e+10,18446744073562895020 stderr=
[271] S=4 R=8 run=6 mode=fused order_index=1 exit=0 stdout=D,S,R,O_i,B_i,rows_per_worker,bytes_per_worker,mode,variant,S_tile,iterations,timed_repetitions,warmup,worker_count,worker_list,affinity,affinity_error,affinity_succeeded,timed_repetitions_exact,avx2_supported,kernel_used,eviction_bytes,eviction_checksum,elapsed_seconds,mac_total,mac_per_second,checksum
512,4,8,"128,128,128,128","65536,65536,65536,65536","128,128,128,128","65536,65536,65536,65536",fused,A,8,1,8,2,4,"0,2,4,6","true,true,true,true","0,0,0,0",true,true,true,avx2,0,0,0.0006824,67108864,9.83424e+10,18446744073562895020 stderr=
[272] S=4 R=8 run=6 mode=repeat order_index=2 exit=0 stdout=D,S,R,O_i,B_i,rows_per_worker,bytes_per_worker,mode,variant,S_tile,iterations,timed_repetitions,warmup,worker_count,worker_list,affinity,affinity_error,affinity_succeeded,timed_repetitions_exact,avx2_supported,kernel_used,eviction_bytes,eviction_checksum,elapsed_seconds,mac_total,mac_per_second,checksum
512,4,8,"128,128,128,128","65536,65536,65536,65536","128,128,128,128","65536,65536,65536,65536",repeat,A,8,1,8,2,4,"0,2,4,6","true,true,true,true","0,0,0,0",true,true,true,avx2,0,0,0.0013463,67108864,4.98469e+10,18446744073562895020 stderr=
[273] S=4 R=8 run=7 mode=repeat order_index=1 exit=0 stdout=D,S,R,O_i,B_i,rows_per_worker,bytes_per_worker,mode,variant,S_tile,iterations,timed_repetitions,warmup,worker_count,worker_list,affinity,affinity_error,affinity_succeeded,timed_repetitions_exact,avx2_supported,kernel_used,eviction_bytes,eviction_checksum,elapsed_seconds,mac_total,mac_per_second,checksum
512,4,8,"128,128,128,128","65536,65536,65536,65536","128,128,128,128","65536,65536,65536,65536",repeat,A,8,1,8,2,4,"0,2,4,6","true,true,true,true","0,0,0,0",true,true,true,avx2,0,0,0.0014321,67108864,4.68605e+10,18446744073562895020 stderr=
[274] S=4 R=8 run=7 mode=fused order_index=2 exit=0 stdout=D,S,R,O_i,B_i,rows_per_worker,bytes_per_worker,mode,variant,S_tile,iterations,timed_repetitions,warmup,worker_count,worker_list,affinity,affinity_error,affinity_succeeded,timed_repetitions_exact,avx2_supported,kernel_used,eviction_bytes,eviction_checksum,elapsed_seconds,mac_total,mac_per_second,checksum
512,4,8,"128,128,128,128","65536,65536,65536,65536","128,128,128,128","65536,65536,65536,65536",fused,A,8,1,8,2,4,"0,2,4,6","true,true,true,true","0,0,0,0",true,true,true,avx2,0,0,0.0006829,67108864,9.82704e+10,18446744073562895020 stderr=
[275] S=4 R=8 run=8 mode=fused order_index=1 exit=0 stdout=D,S,R,O_i,B_i,rows_per_worker,bytes_per_worker,mode,variant,S_tile,iterations,timed_repetitions,warmup,worker_count,worker_list,affinity,affinity_error,affinity_succeeded,timed_repetitions_exact,avx2_supported,kernel_used,eviction_bytes,eviction_checksum,elapsed_seconds,mac_total,mac_per_second,checksum
512,4,8,"128,128,128,128","65536,65536,65536,65536","128,128,128,128","65536,65536,65536,65536",fused,A,8,1,8,2,4,"0,2,4,6","true,true,true,true","0,0,0,0",true,true,true,avx2,0,0,0.0006757,67108864,9.93175e+10,18446744073562895020 stderr=
[276] S=4 R=8 run=8 mode=repeat order_index=2 exit=0 stdout=D,S,R,O_i,B_i,rows_per_worker,bytes_per_worker,mode,variant,S_tile,iterations,timed_repetitions,warmup,worker_count,worker_list,affinity,affinity_error,affinity_succeeded,timed_repetitions_exact,avx2_supported,kernel_used,eviction_bytes,eviction_checksum,elapsed_seconds,mac_total,mac_per_second,checksum
512,4,8,"128,128,128,128","65536,65536,65536,65536","128,128,128,128","65536,65536,65536,65536",repeat,A,8,1,8,2,4,"0,2,4,6","true,true,true,true","0,0,0,0",true,true,true,avx2,0,0,0.001329,67108864,5.04958e+10,18446744073562895020 stderr=
[277] S=4 R=8 run=9 mode=repeat order_index=1 exit=0 stdout=D,S,R,O_i,B_i,rows_per_worker,bytes_per_worker,mode,variant,S_tile,iterations,timed_repetitions,warmup,worker_count,worker_list,affinity,affinity_error,affinity_succeeded,timed_repetitions_exact,avx2_supported,kernel_used,eviction_bytes,eviction_checksum,elapsed_seconds,mac_total,mac_per_second,checksum
512,4,8,"128,128,128,128","65536,65536,65536,65536","128,128,128,128","65536,65536,65536,65536",repeat,A,8,1,8,2,4,"0,2,4,6","true,true,true,true","0,0,0,0",true,true,true,avx2,0,0,0.0024535,67108864,2.73523e+10,18446744073562895020 stderr=
[278] S=4 R=8 run=9 mode=fused order_index=2 exit=0 stdout=D,S,R,O_i,B_i,rows_per_worker,bytes_per_worker,mode,variant,S_tile,iterations,timed_repetitions,warmup,worker_count,worker_list,affinity,affinity_error,affinity_succeeded,timed_repetitions_exact,avx2_supported,kernel_used,eviction_bytes,eviction_checksum,elapsed_seconds,mac_total,mac_per_second,checksum
512,4,8,"128,128,128,128","65536,65536,65536,65536","128,128,128,128","65536,65536,65536,65536",fused,A,8,1,8,2,4,"0,2,4,6","true,true,true,true","0,0,0,0",true,true,true,avx2,0,0,0.0012463,67108864,5.38465e+10,18446744073562895020 stderr=
[279] S=4 R=8 run=10 mode=fused order_index=1 exit=0 stdout=D,S,R,O_i,B_i,rows_per_worker,bytes_per_worker,mode,variant,S_tile,iterations,timed_repetitions,warmup,worker_count,worker_list,affinity,affinity_error,affinity_succeeded,timed_repetitions_exact,avx2_supported,kernel_used,eviction_bytes,eviction_checksum,elapsed_seconds,mac_total,mac_per_second,checksum
512,4,8,"128,128,128,128","65536,65536,65536,65536","128,128,128,128","65536,65536,65536,65536",fused,A,8,1,8,2,4,"0,2,4,6","true,true,true,true","0,0,0,0",true,true,true,avx2,0,0,0.0006774,67108864,9.90683e+10,18446744073562895020 stderr=
[280] S=4 R=8 run=10 mode=repeat order_index=2 exit=0 stdout=D,S,R,O_i,B_i,rows_per_worker,bytes_per_worker,mode,variant,S_tile,iterations,timed_repetitions,warmup,worker_count,worker_list,affinity,affinity_error,affinity_succeeded,timed_repetitions_exact,avx2_supported,kernel_used,eviction_bytes,eviction_checksum,elapsed_seconds,mac_total,mac_per_second,checksum
512,4,8,"128,128,128,128","65536,65536,65536,65536","128,128,128,128","65536,65536,65536,65536",repeat,A,8,1,8,2,4,"0,2,4,6","true,true,true,true","0,0,0,0",true,true,true,avx2,0,0,0.0013314,67108864,5.04047e+10,18446744073562895020 stderr=
[281] S=4 R=16 run=1 mode=repeat order_index=1 exit=0 stdout=D,S,R,O_i,B_i,rows_per_worker,bytes_per_worker,mode,variant,S_tile,iterations,timed_repetitions,warmup,worker_count,worker_list,affinity,affinity_error,affinity_succeeded,timed_repetitions_exact,avx2_supported,kernel_used,eviction_bytes,eviction_checksum,elapsed_seconds,mac_total,mac_per_second,checksum
512,4,16,"128,128,128,128","65536,65536,65536,65536","128,128,128,128","65536,65536,65536,65536",repeat,A,8,1,8,2,4,"0,2,4,6","true,true,true,true","0,0,0,0",true,true,true,avx2,0,0,0.0058718,134217728,2.2858e+10,18446744073562895020 stderr=
[282] S=4 R=16 run=1 mode=fused order_index=2 exit=0 stdout=D,S,R,O_i,B_i,rows_per_worker,bytes_per_worker,mode,variant,S_tile,iterations,timed_repetitions,warmup,worker_count,worker_list,affinity,affinity_error,affinity_succeeded,timed_repetitions_exact,avx2_supported,kernel_used,eviction_bytes,eviction_checksum,elapsed_seconds,mac_total,mac_per_second,checksum
512,4,16,"128,128,128,128","65536,65536,65536,65536","128,128,128,128","65536,65536,65536,65536",fused,A,8,1,8,2,4,"0,2,4,6","true,true,true,true","0,0,0,0",true,true,true,avx2,0,0,0.0027446,134217728,4.89025e+10,18446744073562895020 stderr=
[283] S=4 R=16 run=2 mode=fused order_index=1 exit=0 stdout=D,S,R,O_i,B_i,rows_per_worker,bytes_per_worker,mode,variant,S_tile,iterations,timed_repetitions,warmup,worker_count,worker_list,affinity,affinity_error,affinity_succeeded,timed_repetitions_exact,avx2_supported,kernel_used,eviction_bytes,eviction_checksum,elapsed_seconds,mac_total,mac_per_second,checksum
512,4,16,"128,128,128,128","65536,65536,65536,65536","128,128,128,128","65536,65536,65536,65536",fused,A,8,1,8,2,4,"0,2,4,6","true,true,true,true","0,0,0,0",true,true,true,avx2,0,0,0.0021009,134217728,6.38858e+10,18446744073562895020 stderr=
[284] S=4 R=16 run=2 mode=repeat order_index=2 exit=0 stdout=D,S,R,O_i,B_i,rows_per_worker,bytes_per_worker,mode,variant,S_tile,iterations,timed_repetitions,warmup,worker_count,worker_list,affinity,affinity_error,affinity_succeeded,timed_repetitions_exact,avx2_supported,kernel_used,eviction_bytes,eviction_checksum,elapsed_seconds,mac_total,mac_per_second,checksum
512,4,16,"128,128,128,128","65536,65536,65536,65536","128,128,128,128","65536,65536,65536,65536",repeat,A,8,1,8,2,4,"0,2,4,6","true,true,true,true","0,0,0,0",true,true,true,avx2,0,0,0.0034331,134217728,3.90952e+10,18446744073562895020 stderr=
[285] S=4 R=16 run=3 mode=repeat order_index=1 exit=0 stdout=D,S,R,O_i,B_i,rows_per_worker,bytes_per_worker,mode,variant,S_tile,iterations,timed_repetitions,warmup,worker_count,worker_list,affinity,affinity_error,affinity_succeeded,timed_repetitions_exact,avx2_supported,kernel_used,eviction_bytes,eviction_checksum,elapsed_seconds,mac_total,mac_per_second,checksum
512,4,16,"128,128,128,128","65536,65536,65536,65536","128,128,128,128","65536,65536,65536,65536",repeat,A,8,1,8,2,4,"0,2,4,6","true,true,true,true","0,0,0,0",true,true,true,avx2,0,0,0.0052407,134217728,2.56106e+10,18446744073562895020 stderr=
[286] S=4 R=16 run=3 mode=fused order_index=2 exit=0 stdout=D,S,R,O_i,B_i,rows_per_worker,bytes_per_worker,mode,variant,S_tile,iterations,timed_repetitions,warmup,worker_count,worker_list,affinity,affinity_error,affinity_succeeded,timed_repetitions_exact,avx2_supported,kernel_used,eviction_bytes,eviction_checksum,elapsed_seconds,mac_total,mac_per_second,checksum
512,4,16,"128,128,128,128","65536,65536,65536,65536","128,128,128,128","65536,65536,65536,65536",fused,A,8,1,8,2,4,"0,2,4,6","true,true,true,true","0,0,0,0",true,true,true,avx2,0,0,0.00196,134217728,6.84784e+10,18446744073562895020 stderr=
[287] S=4 R=16 run=4 mode=fused order_index=1 exit=0 stdout=D,S,R,O_i,B_i,rows_per_worker,bytes_per_worker,mode,variant,S_tile,iterations,timed_repetitions,warmup,worker_count,worker_list,affinity,affinity_error,affinity_succeeded,timed_repetitions_exact,avx2_supported,kernel_used,eviction_bytes,eviction_checksum,elapsed_seconds,mac_total,mac_per_second,checksum
512,4,16,"128,128,128,128","65536,65536,65536,65536","128,128,128,128","65536,65536,65536,65536",fused,A,8,1,8,2,4,"0,2,4,6","true,true,true,true","0,0,0,0",true,true,true,avx2,0,0,0.0015678,134217728,8.5609e+10,18446744073562895020 stderr=
[288] S=4 R=16 run=4 mode=repeat order_index=2 exit=0 stdout=D,S,R,O_i,B_i,rows_per_worker,bytes_per_worker,mode,variant,S_tile,iterations,timed_repetitions,warmup,worker_count,worker_list,affinity,affinity_error,affinity_succeeded,timed_repetitions_exact,avx2_supported,kernel_used,eviction_bytes,eviction_checksum,elapsed_seconds,mac_total,mac_per_second,checksum
512,4,16,"128,128,128,128","65536,65536,65536,65536","128,128,128,128","65536,65536,65536,65536",repeat,A,8,1,8,2,4,"0,2,4,6","true,true,true,true","0,0,0,0",true,true,true,avx2,0,0,0.0033997,134217728,3.94793e+10,18446744073562895020 stderr=
[289] S=4 R=16 run=5 mode=repeat order_index=1 exit=0 stdout=D,S,R,O_i,B_i,rows_per_worker,bytes_per_worker,mode,variant,S_tile,iterations,timed_repetitions,warmup,worker_count,worker_list,affinity,affinity_error,affinity_succeeded,timed_repetitions_exact,avx2_supported,kernel_used,eviction_bytes,eviction_checksum,elapsed_seconds,mac_total,mac_per_second,checksum
512,4,16,"128,128,128,128","65536,65536,65536,65536","128,128,128,128","65536,65536,65536,65536",repeat,A,8,1,8,2,4,"0,2,4,6","true,true,true,true","0,0,0,0",true,true,true,avx2,0,0,0.0026961,134217728,4.97822e+10,18446744073562895020 stderr=
[290] S=4 R=16 run=5 mode=fused order_index=2 exit=0 stdout=D,S,R,O_i,B_i,rows_per_worker,bytes_per_worker,mode,variant,S_tile,iterations,timed_repetitions,warmup,worker_count,worker_list,affinity,affinity_error,affinity_succeeded,timed_repetitions_exact,avx2_supported,kernel_used,eviction_bytes,eviction_checksum,elapsed_seconds,mac_total,mac_per_second,checksum
512,4,16,"128,128,128,128","65536,65536,65536,65536","128,128,128,128","65536,65536,65536,65536",fused,A,8,1,8,2,4,"0,2,4,6","true,true,true,true","0,0,0,0",true,true,true,avx2,0,0,0.0019574,134217728,6.85694e+10,18446744073562895020 stderr=
[291] S=4 R=16 run=6 mode=fused order_index=1 exit=0 stdout=D,S,R,O_i,B_i,rows_per_worker,bytes_per_worker,mode,variant,S_tile,iterations,timed_repetitions,warmup,worker_count,worker_list,affinity,affinity_error,affinity_succeeded,timed_repetitions_exact,avx2_supported,kernel_used,eviction_bytes,eviction_checksum,elapsed_seconds,mac_total,mac_per_second,checksum
512,4,16,"128,128,128,128","65536,65536,65536,65536","128,128,128,128","65536,65536,65536,65536",fused,A,8,1,8,2,4,"0,2,4,6","true,true,true,true","0,0,0,0",true,true,true,avx2,0,0,0.0014105,134217728,9.51561e+10,18446744073562895020 stderr=
[292] S=4 R=16 run=6 mode=repeat order_index=2 exit=0 stdout=D,S,R,O_i,B_i,rows_per_worker,bytes_per_worker,mode,variant,S_tile,iterations,timed_repetitions,warmup,worker_count,worker_list,affinity,affinity_error,affinity_succeeded,timed_repetitions_exact,avx2_supported,kernel_used,eviction_bytes,eviction_checksum,elapsed_seconds,mac_total,mac_per_second,checksum
512,4,16,"128,128,128,128","65536,65536,65536,65536","128,128,128,128","65536,65536,65536,65536",repeat,A,8,1,8,2,4,"0,2,4,6","true,true,true,true","0,0,0,0",true,true,true,avx2,0,0,0.0026545,134217728,5.05623e+10,18446744073562895020 stderr=
[293] S=4 R=16 run=7 mode=repeat order_index=1 exit=0 stdout=D,S,R,O_i,B_i,rows_per_worker,bytes_per_worker,mode,variant,S_tile,iterations,timed_repetitions,warmup,worker_count,worker_list,affinity,affinity_error,affinity_succeeded,timed_repetitions_exact,avx2_supported,kernel_used,eviction_bytes,eviction_checksum,elapsed_seconds,mac_total,mac_per_second,checksum
512,4,16,"128,128,128,128","65536,65536,65536,65536","128,128,128,128","65536,65536,65536,65536",repeat,A,8,1,8,2,4,"0,2,4,6","true,true,true,true","0,0,0,0",true,true,true,avx2,0,0,0.0042797,134217728,3.13615e+10,18446744073562895020 stderr=
[294] S=4 R=16 run=7 mode=fused order_index=2 exit=0 stdout=D,S,R,O_i,B_i,rows_per_worker,bytes_per_worker,mode,variant,S_tile,iterations,timed_repetitions,warmup,worker_count,worker_list,affinity,affinity_error,affinity_succeeded,timed_repetitions_exact,avx2_supported,kernel_used,eviction_bytes,eviction_checksum,elapsed_seconds,mac_total,mac_per_second,checksum
512,4,16,"128,128,128,128","65536,65536,65536,65536","128,128,128,128","65536,65536,65536,65536",fused,A,8,1,8,2,4,"0,2,4,6","true,true,true,true","0,0,0,0",true,true,true,avx2,0,0,0.0017173,134217728,7.81562e+10,18446744073562895020 stderr=
[295] S=4 R=16 run=8 mode=fused order_index=1 exit=0 stdout=D,S,R,O_i,B_i,rows_per_worker,bytes_per_worker,mode,variant,S_tile,iterations,timed_repetitions,warmup,worker_count,worker_list,affinity,affinity_error,affinity_succeeded,timed_repetitions_exact,avx2_supported,kernel_used,eviction_bytes,eviction_checksum,elapsed_seconds,mac_total,mac_per_second,checksum
512,4,16,"128,128,128,128","65536,65536,65536,65536","128,128,128,128","65536,65536,65536,65536",fused,A,8,1,8,2,4,"0,2,4,6","true,true,true,true","0,0,0,0",true,true,true,avx2,0,0,0.0013911,134217728,9.64832e+10,18446744073562895020 stderr=
[296] S=4 R=16 run=8 mode=repeat order_index=2 exit=0 stdout=D,S,R,O_i,B_i,rows_per_worker,bytes_per_worker,mode,variant,S_tile,iterations,timed_repetitions,warmup,worker_count,worker_list,affinity,affinity_error,affinity_succeeded,timed_repetitions_exact,avx2_supported,kernel_used,eviction_bytes,eviction_checksum,elapsed_seconds,mac_total,mac_per_second,checksum
512,4,16,"128,128,128,128","65536,65536,65536,65536","128,128,128,128","65536,65536,65536,65536",repeat,A,8,1,8,2,4,"0,2,4,6","true,true,true,true","0,0,0,0",true,true,true,avx2,0,0,0.0026865,134217728,4.99601e+10,18446744073562895020 stderr=
[297] S=4 R=16 run=9 mode=repeat order_index=1 exit=0 stdout=D,S,R,O_i,B_i,rows_per_worker,bytes_per_worker,mode,variant,S_tile,iterations,timed_repetitions,warmup,worker_count,worker_list,affinity,affinity_error,affinity_succeeded,timed_repetitions_exact,avx2_supported,kernel_used,eviction_bytes,eviction_checksum,elapsed_seconds,mac_total,mac_per_second,checksum
512,4,16,"128,128,128,128","65536,65536,65536,65536","128,128,128,128","65536,65536,65536,65536",repeat,A,8,1,8,2,4,"0,2,4,6","true,true,true,true","0,0,0,0",true,true,true,avx2,0,0,0.0038233,134217728,3.51052e+10,18446744073562895020 stderr=
[298] S=4 R=16 run=9 mode=fused order_index=2 exit=0 stdout=D,S,R,O_i,B_i,rows_per_worker,bytes_per_worker,mode,variant,S_tile,iterations,timed_repetitions,warmup,worker_count,worker_list,affinity,affinity_error,affinity_succeeded,timed_repetitions_exact,avx2_supported,kernel_used,eviction_bytes,eviction_checksum,elapsed_seconds,mac_total,mac_per_second,checksum
512,4,16,"128,128,128,128","65536,65536,65536,65536","128,128,128,128","65536,65536,65536,65536",fused,A,8,1,8,2,4,"0,2,4,6","true,true,true,true","0,0,0,0",true,true,true,avx2,0,0,0.0012906,134217728,1.03996e+11,18446744073562895020 stderr=
[299] S=4 R=16 run=10 mode=fused order_index=1 exit=0 stdout=D,S,R,O_i,B_i,rows_per_worker,bytes_per_worker,mode,variant,S_tile,iterations,timed_repetitions,warmup,worker_count,worker_list,affinity,affinity_error,affinity_succeeded,timed_repetitions_exact,avx2_supported,kernel_used,eviction_bytes,eviction_checksum,elapsed_seconds,mac_total,mac_per_second,checksum
512,4,16,"128,128,128,128","65536,65536,65536,65536","128,128,128,128","65536,65536,65536,65536",fused,A,8,1,8,2,4,"0,2,4,6","true,true,true,true","0,0,0,0",true,true,true,avx2,0,0,0.0018061,134217728,7.43136e+10,18446744073562895020 stderr=
[300] S=4 R=16 run=10 mode=repeat order_index=2 exit=0 stdout=D,S,R,O_i,B_i,rows_per_worker,bytes_per_worker,mode,variant,S_tile,iterations,timed_repetitions,warmup,worker_count,worker_list,affinity,affinity_error,affinity_succeeded,timed_repetitions_exact,avx2_supported,kernel_used,eviction_bytes,eviction_checksum,elapsed_seconds,mac_total,mac_per_second,checksum
512,4,16,"128,128,128,128","65536,65536,65536,65536","128,128,128,128","65536,65536,65536,65536",repeat,A,8,1,8,2,4,"0,2,4,6","true,true,true,true","0,0,0,0",true,true,true,avx2,0,0,0.0059216,134217728,2.26658e+10,18446744073562895020 stderr=
[301] S=8 R=1 run=1 mode=repeat order_index=1 exit=0 stdout=D,S,R,O_i,B_i,rows_per_worker,bytes_per_worker,mode,variant,S_tile,iterations,timed_repetitions,warmup,worker_count,worker_list,affinity,affinity_error,affinity_succeeded,timed_repetitions_exact,avx2_supported,kernel_used,eviction_bytes,eviction_checksum,elapsed_seconds,mac_total,mac_per_second,checksum
512,8,1,"128,128,128,128","65536,65536,65536,65536","128,128,128,128","65536,65536,65536,65536",repeat,A,8,1,8,2,4,"0,2,4,6","true,true,true,true","0,0,0,0",true,true,true,avx2,0,0,0.0003105,16777216,5.40329e+10,18446744072986663060 stderr=
[302] S=8 R=1 run=1 mode=fused order_index=2 exit=0 stdout=D,S,R,O_i,B_i,rows_per_worker,bytes_per_worker,mode,variant,S_tile,iterations,timed_repetitions,warmup,worker_count,worker_list,affinity,affinity_error,affinity_succeeded,timed_repetitions_exact,avx2_supported,kernel_used,eviction_bytes,eviction_checksum,elapsed_seconds,mac_total,mac_per_second,checksum
512,8,1,"128,128,128,128","65536,65536,65536,65536","128,128,128,128","65536,65536,65536,65536",fused,A,8,1,8,2,4,"0,2,4,6","true,true,true,true","0,0,0,0",true,true,true,avx2,0,0,0.0001988,16777216,8.43924e+10,18446744072986663060 stderr=
[303] S=8 R=1 run=2 mode=fused order_index=1 exit=0 stdout=D,S,R,O_i,B_i,rows_per_worker,bytes_per_worker,mode,variant,S_tile,iterations,timed_repetitions,warmup,worker_count,worker_list,affinity,affinity_error,affinity_succeeded,timed_repetitions_exact,avx2_supported,kernel_used,eviction_bytes,eviction_checksum,elapsed_seconds,mac_total,mac_per_second,checksum
512,8,1,"128,128,128,128","65536,65536,65536,65536","128,128,128,128","65536,65536,65536,65536",fused,A,8,1,8,2,4,"0,2,4,6","true,true,true,true","0,0,0,0",true,true,true,avx2,0,0,0.0001798,16777216,9.33104e+10,18446744072986663060 stderr=
[304] S=8 R=1 run=2 mode=repeat order_index=2 exit=0 stdout=D,S,R,O_i,B_i,rows_per_worker,bytes_per_worker,mode,variant,S_tile,iterations,timed_repetitions,warmup,worker_count,worker_list,affinity,affinity_error,affinity_succeeded,timed_repetitions_exact,avx2_supported,kernel_used,eviction_bytes,eviction_checksum,elapsed_seconds,mac_total,mac_per_second,checksum
512,8,1,"128,128,128,128","65536,65536,65536,65536","128,128,128,128","65536,65536,65536,65536",repeat,A,8,1,8,2,4,"0,2,4,6","true,true,true,true","0,0,0,0",true,true,true,avx2,0,0,0.000319,16777216,5.25932e+10,18446744072986663060 stderr=
[305] S=8 R=1 run=3 mode=repeat order_index=1 exit=0 stdout=D,S,R,O_i,B_i,rows_per_worker,bytes_per_worker,mode,variant,S_tile,iterations,timed_repetitions,warmup,worker_count,worker_list,affinity,affinity_error,affinity_succeeded,timed_repetitions_exact,avx2_supported,kernel_used,eviction_bytes,eviction_checksum,elapsed_seconds,mac_total,mac_per_second,checksum
512,8,1,"128,128,128,128","65536,65536,65536,65536","128,128,128,128","65536,65536,65536,65536",repeat,A,8,1,8,2,4,"0,2,4,6","true,true,true,true","0,0,0,0",true,true,true,avx2,0,0,0.0003234,16777216,5.18776e+10,18446744072986663060 stderr=
[306] S=8 R=1 run=3 mode=fused order_index=2 exit=0 stdout=D,S,R,O_i,B_i,rows_per_worker,bytes_per_worker,mode,variant,S_tile,iterations,timed_repetitions,warmup,worker_count,worker_list,affinity,affinity_error,affinity_succeeded,timed_repetitions_exact,avx2_supported,kernel_used,eviction_bytes,eviction_checksum,elapsed_seconds,mac_total,mac_per_second,checksum
512,8,1,"128,128,128,128","65536,65536,65536,65536","128,128,128,128","65536,65536,65536,65536",fused,A,8,1,8,2,4,"0,2,4,6","true,true,true,true","0,0,0,0",true,true,true,avx2,0,0,0.0001401,16777216,1.19752e+11,18446744072986663060 stderr=
[307] S=8 R=1 run=4 mode=fused order_index=1 exit=0 stdout=D,S,R,O_i,B_i,rows_per_worker,bytes_per_worker,mode,variant,S_tile,iterations,timed_repetitions,warmup,worker_count,worker_list,affinity,affinity_error,affinity_succeeded,timed_repetitions_exact,avx2_supported,kernel_used,eviction_bytes,eviction_checksum,elapsed_seconds,mac_total,mac_per_second,checksum
512,8,1,"128,128,128,128","65536,65536,65536,65536","128,128,128,128","65536,65536,65536,65536",fused,A,8,1,8,2,4,"0,2,4,6","true,true,true,true","0,0,0,0",true,true,true,avx2,0,0,0.0001376,16777216,1.21927e+11,18446744072986663060 stderr=
[308] S=8 R=1 run=4 mode=repeat order_index=2 exit=0 stdout=D,S,R,O_i,B_i,rows_per_worker,bytes_per_worker,mode,variant,S_tile,iterations,timed_repetitions,warmup,worker_count,worker_list,affinity,affinity_error,affinity_succeeded,timed_repetitions_exact,avx2_supported,kernel_used,eviction_bytes,eviction_checksum,elapsed_seconds,mac_total,mac_per_second,checksum
512,8,1,"128,128,128,128","65536,65536,65536,65536","128,128,128,128","65536,65536,65536,65536",repeat,A,8,1,8,2,4,"0,2,4,6","true,true,true,true","0,0,0,0",true,true,true,avx2,0,0,0.0011005,16777216,1.52451e+10,18446744072986663060 stderr=
[309] S=8 R=1 run=5 mode=repeat order_index=1 exit=0 stdout=D,S,R,O_i,B_i,rows_per_worker,bytes_per_worker,mode,variant,S_tile,iterations,timed_repetitions,warmup,worker_count,worker_list,affinity,affinity_error,affinity_succeeded,timed_repetitions_exact,avx2_supported,kernel_used,eviction_bytes,eviction_checksum,elapsed_seconds,mac_total,mac_per_second,checksum
512,8,1,"128,128,128,128","65536,65536,65536,65536","128,128,128,128","65536,65536,65536,65536",repeat,A,8,1,8,2,4,"0,2,4,6","true,true,true,true","0,0,0,0",true,true,true,avx2,0,0,0.000295,16777216,5.68719e+10,18446744072986663060 stderr=
[310] S=8 R=1 run=5 mode=fused order_index=2 exit=0 stdout=D,S,R,O_i,B_i,rows_per_worker,bytes_per_worker,mode,variant,S_tile,iterations,timed_repetitions,warmup,worker_count,worker_list,affinity,affinity_error,affinity_succeeded,timed_repetitions_exact,avx2_supported,kernel_used,eviction_bytes,eviction_checksum,elapsed_seconds,mac_total,mac_per_second,checksum
512,8,1,"128,128,128,128","65536,65536,65536,65536","128,128,128,128","65536,65536,65536,65536",fused,A,8,1,8,2,4,"0,2,4,6","true,true,true,true","0,0,0,0",true,true,true,avx2,0,0,0.0002155,16777216,7.78525e+10,18446744072986663060 stderr=
[311] S=8 R=1 run=6 mode=fused order_index=1 exit=0 stdout=D,S,R,O_i,B_i,rows_per_worker,bytes_per_worker,mode,variant,S_tile,iterations,timed_repetitions,warmup,worker_count,worker_list,affinity,affinity_error,affinity_succeeded,timed_repetitions_exact,avx2_supported,kernel_used,eviction_bytes,eviction_checksum,elapsed_seconds,mac_total,mac_per_second,checksum
512,8,1,"128,128,128,128","65536,65536,65536,65536","128,128,128,128","65536,65536,65536,65536",fused,A,8,1,8,2,4,"0,2,4,6","true,true,true,true","0,0,0,0",true,true,true,avx2,0,0,0.0002321,16777216,7.22844e+10,18446744072986663060 stderr=
[312] S=8 R=1 run=6 mode=repeat order_index=2 exit=0 stdout=D,S,R,O_i,B_i,rows_per_worker,bytes_per_worker,mode,variant,S_tile,iterations,timed_repetitions,warmup,worker_count,worker_list,affinity,affinity_error,affinity_succeeded,timed_repetitions_exact,avx2_supported,kernel_used,eviction_bytes,eviction_checksum,elapsed_seconds,mac_total,mac_per_second,checksum
512,8,1,"128,128,128,128","65536,65536,65536,65536","128,128,128,128","65536,65536,65536,65536",repeat,A,8,1,8,2,4,"0,2,4,6","true,true,true,true","0,0,0,0",true,true,true,avx2,0,0,0.0004643,16777216,3.61344e+10,18446744072986663060 stderr=
[313] S=8 R=1 run=7 mode=repeat order_index=1 exit=0 stdout=D,S,R,O_i,B_i,rows_per_worker,bytes_per_worker,mode,variant,S_tile,iterations,timed_repetitions,warmup,worker_count,worker_list,affinity,affinity_error,affinity_succeeded,timed_repetitions_exact,avx2_supported,kernel_used,eviction_bytes,eviction_checksum,elapsed_seconds,mac_total,mac_per_second,checksum
512,8,1,"128,128,128,128","65536,65536,65536,65536","128,128,128,128","65536,65536,65536,65536",repeat,A,8,1,8,2,4,"0,2,4,6","true,true,true,true","0,0,0,0",true,true,true,avx2,0,0,0.0003369,16777216,4.97988e+10,18446744072986663060 stderr=
[314] S=8 R=1 run=7 mode=fused order_index=2 exit=0 stdout=D,S,R,O_i,B_i,rows_per_worker,bytes_per_worker,mode,variant,S_tile,iterations,timed_repetitions,warmup,worker_count,worker_list,affinity,affinity_error,affinity_succeeded,timed_repetitions_exact,avx2_supported,kernel_used,eviction_bytes,eviction_checksum,elapsed_seconds,mac_total,mac_per_second,checksum
512,8,1,"128,128,128,128","65536,65536,65536,65536","128,128,128,128","65536,65536,65536,65536",fused,A,8,1,8,2,4,"0,2,4,6","true,true,true,true","0,0,0,0",true,true,true,avx2,0,0,0.0001515,16777216,1.10741e+11,18446744072986663060 stderr=
[315] S=8 R=1 run=8 mode=fused order_index=1 exit=0 stdout=D,S,R,O_i,B_i,rows_per_worker,bytes_per_worker,mode,variant,S_tile,iterations,timed_repetitions,warmup,worker_count,worker_list,affinity,affinity_error,affinity_succeeded,timed_repetitions_exact,avx2_supported,kernel_used,eviction_bytes,eviction_checksum,elapsed_seconds,mac_total,mac_per_second,checksum
512,8,1,"128,128,128,128","65536,65536,65536,65536","128,128,128,128","65536,65536,65536,65536",fused,A,8,1,8,2,4,"0,2,4,6","true,true,true,true","0,0,0,0",true,true,true,avx2,0,0,0.0002457,16777216,6.82833e+10,18446744072986663060 stderr=
[316] S=8 R=1 run=8 mode=repeat order_index=2 exit=0 stdout=D,S,R,O_i,B_i,rows_per_worker,bytes_per_worker,mode,variant,S_tile,iterations,timed_repetitions,warmup,worker_count,worker_list,affinity,affinity_error,affinity_succeeded,timed_repetitions_exact,avx2_supported,kernel_used,eviction_bytes,eviction_checksum,elapsed_seconds,mac_total,mac_per_second,checksum
512,8,1,"128,128,128,128","65536,65536,65536,65536","128,128,128,128","65536,65536,65536,65536",repeat,A,8,1,8,2,4,"0,2,4,6","true,true,true,true","0,0,0,0",true,true,true,avx2,0,0,0.0004943,16777216,3.39414e+10,18446744072986663060 stderr=
[317] S=8 R=1 run=9 mode=repeat order_index=1 exit=0 stdout=D,S,R,O_i,B_i,rows_per_worker,bytes_per_worker,mode,variant,S_tile,iterations,timed_repetitions,warmup,worker_count,worker_list,affinity,affinity_error,affinity_succeeded,timed_repetitions_exact,avx2_supported,kernel_used,eviction_bytes,eviction_checksum,elapsed_seconds,mac_total,mac_per_second,checksum
512,8,1,"128,128,128,128","65536,65536,65536,65536","128,128,128,128","65536,65536,65536,65536",repeat,A,8,1,8,2,4,"0,2,4,6","true,true,true,true","0,0,0,0",true,true,true,avx2,0,0,0.0003687,16777216,4.55037e+10,18446744072986663060 stderr=
[318] S=8 R=1 run=9 mode=fused order_index=2 exit=0 stdout=D,S,R,O_i,B_i,rows_per_worker,bytes_per_worker,mode,variant,S_tile,iterations,timed_repetitions,warmup,worker_count,worker_list,affinity,affinity_error,affinity_succeeded,timed_repetitions_exact,avx2_supported,kernel_used,eviction_bytes,eviction_checksum,elapsed_seconds,mac_total,mac_per_second,checksum
512,8,1,"128,128,128,128","65536,65536,65536,65536","128,128,128,128","65536,65536,65536,65536",fused,A,8,1,8,2,4,"0,2,4,6","true,true,true,true","0,0,0,0",true,true,true,avx2,0,0,0.0001813,16777216,9.25384e+10,18446744072986663060 stderr=
[319] S=8 R=1 run=10 mode=fused order_index=1 exit=0 stdout=D,S,R,O_i,B_i,rows_per_worker,bytes_per_worker,mode,variant,S_tile,iterations,timed_repetitions,warmup,worker_count,worker_list,affinity,affinity_error,affinity_succeeded,timed_repetitions_exact,avx2_supported,kernel_used,eviction_bytes,eviction_checksum,elapsed_seconds,mac_total,mac_per_second,checksum
512,8,1,"128,128,128,128","65536,65536,65536,65536","128,128,128,128","65536,65536,65536,65536",fused,A,8,1,8,2,4,"0,2,4,6","true,true,true,true","0,0,0,0",true,true,true,avx2,0,0,0.0002754,16777216,6.09194e+10,18446744072986663060 stderr=
[320] S=8 R=1 run=10 mode=repeat order_index=2 exit=0 stdout=D,S,R,O_i,B_i,rows_per_worker,bytes_per_worker,mode,variant,S_tile,iterations,timed_repetitions,warmup,worker_count,worker_list,affinity,affinity_error,affinity_succeeded,timed_repetitions_exact,avx2_supported,kernel_used,eviction_bytes,eviction_checksum,elapsed_seconds,mac_total,mac_per_second,checksum
512,8,1,"128,128,128,128","65536,65536,65536,65536","128,128,128,128","65536,65536,65536,65536",repeat,A,8,1,8,2,4,"0,2,4,6","true,true,true,true","0,0,0,0",true,true,true,avx2,0,0,0.0004877,16777216,3.44007e+10,18446744072986663060 stderr=
[321] S=8 R=2 run=1 mode=repeat order_index=1 exit=0 stdout=D,S,R,O_i,B_i,rows_per_worker,bytes_per_worker,mode,variant,S_tile,iterations,timed_repetitions,warmup,worker_count,worker_list,affinity,affinity_error,affinity_succeeded,timed_repetitions_exact,avx2_supported,kernel_used,eviction_bytes,eviction_checksum,elapsed_seconds,mac_total,mac_per_second,checksum
512,8,2,"128,128,128,128","65536,65536,65536,65536","128,128,128,128","65536,65536,65536,65536",repeat,A,8,1,8,2,4,"0,2,4,6","true,true,true,true","0,0,0,0",true,true,true,avx2,0,0,0.0006003,33554432,5.58961e+10,18446744072986663060 stderr=
[322] S=8 R=2 run=1 mode=fused order_index=2 exit=0 stdout=D,S,R,O_i,B_i,rows_per_worker,bytes_per_worker,mode,variant,S_tile,iterations,timed_repetitions,warmup,worker_count,worker_list,affinity,affinity_error,affinity_succeeded,timed_repetitions_exact,avx2_supported,kernel_used,eviction_bytes,eviction_checksum,elapsed_seconds,mac_total,mac_per_second,checksum
512,8,2,"128,128,128,128","65536,65536,65536,65536","128,128,128,128","65536,65536,65536,65536",fused,A,8,1,8,2,4,"0,2,4,6","true,true,true,true","0,0,0,0",true,true,true,avx2,0,0,0.0002821,33554432,1.18945e+11,18446744072986663060 stderr=
[323] S=8 R=2 run=2 mode=fused order_index=1 exit=0 stdout=D,S,R,O_i,B_i,rows_per_worker,bytes_per_worker,mode,variant,S_tile,iterations,timed_repetitions,warmup,worker_count,worker_list,affinity,affinity_error,affinity_succeeded,timed_repetitions_exact,avx2_supported,kernel_used,eviction_bytes,eviction_checksum,elapsed_seconds,mac_total,mac_per_second,checksum
512,8,2,"128,128,128,128","65536,65536,65536,65536","128,128,128,128","65536,65536,65536,65536",fused,A,8,1,8,2,4,"0,2,4,6","true,true,true,true","0,0,0,0",true,true,true,avx2,0,0,0.0002816,33554432,1.19156e+11,18446744072986663060 stderr=
[324] S=8 R=2 run=2 mode=repeat order_index=2 exit=0 stdout=D,S,R,O_i,B_i,rows_per_worker,bytes_per_worker,mode,variant,S_tile,iterations,timed_repetitions,warmup,worker_count,worker_list,affinity,affinity_error,affinity_succeeded,timed_repetitions_exact,avx2_supported,kernel_used,eviction_bytes,eviction_checksum,elapsed_seconds,mac_total,mac_per_second,checksum
512,8,2,"128,128,128,128","65536,65536,65536,65536","128,128,128,128","65536,65536,65536,65536",repeat,A,8,1,8,2,4,"0,2,4,6","true,true,true,true","0,0,0,0",true,true,true,avx2,0,0,0.0007201,33554432,4.65969e+10,18446744072986663060 stderr=
[325] S=8 R=2 run=3 mode=repeat order_index=1 exit=0 stdout=D,S,R,O_i,B_i,rows_per_worker,bytes_per_worker,mode,variant,S_tile,iterations,timed_repetitions,warmup,worker_count,worker_list,affinity,affinity_error,affinity_succeeded,timed_repetitions_exact,avx2_supported,kernel_used,eviction_bytes,eviction_checksum,elapsed_seconds,mac_total,mac_per_second,checksum
512,8,2,"128,128,128,128","65536,65536,65536,65536","128,128,128,128","65536,65536,65536,65536",repeat,A,8,1,8,2,4,"0,2,4,6","true,true,true,true","0,0,0,0",true,true,true,avx2,0,0,0.0010901,33554432,3.07811e+10,18446744072986663060 stderr=
[326] S=8 R=2 run=3 mode=fused order_index=2 exit=0 stdout=D,S,R,O_i,B_i,rows_per_worker,bytes_per_worker,mode,variant,S_tile,iterations,timed_repetitions,warmup,worker_count,worker_list,affinity,affinity_error,affinity_succeeded,timed_repetitions_exact,avx2_supported,kernel_used,eviction_bytes,eviction_checksum,elapsed_seconds,mac_total,mac_per_second,checksum
512,8,2,"128,128,128,128","65536,65536,65536,65536","128,128,128,128","65536,65536,65536,65536",fused,A,8,1,8,2,4,"0,2,4,6","true,true,true,true","0,0,0,0",true,true,true,avx2,0,0,0.0002849,33554432,1.17776e+11,18446744072986663060 stderr=
[327] S=8 R=2 run=4 mode=fused order_index=1 exit=0 stdout=D,S,R,O_i,B_i,rows_per_worker,bytes_per_worker,mode,variant,S_tile,iterations,timed_repetitions,warmup,worker_count,worker_list,affinity,affinity_error,affinity_succeeded,timed_repetitions_exact,avx2_supported,kernel_used,eviction_bytes,eviction_checksum,elapsed_seconds,mac_total,mac_per_second,checksum
512,8,2,"128,128,128,128","65536,65536,65536,65536","128,128,128,128","65536,65536,65536,65536",fused,A,8,1,8,2,4,"0,2,4,6","true,true,true,true","0,0,0,0",true,true,true,avx2,0,0,0.000489,33554432,6.86185e+10,18446744072986663060 stderr=
[328] S=8 R=2 run=4 mode=repeat order_index=2 exit=0 stdout=D,S,R,O_i,B_i,rows_per_worker,bytes_per_worker,mode,variant,S_tile,iterations,timed_repetitions,warmup,worker_count,worker_list,affinity,affinity_error,affinity_succeeded,timed_repetitions_exact,avx2_supported,kernel_used,eviction_bytes,eviction_checksum,elapsed_seconds,mac_total,mac_per_second,checksum
512,8,2,"128,128,128,128","65536,65536,65536,65536","128,128,128,128","65536,65536,65536,65536",repeat,A,8,1,8,2,4,"0,2,4,6","true,true,true,true","0,0,0,0",true,true,true,avx2,0,0,0.0006711,33554432,4.99992e+10,18446744072986663060 stderr=
[329] S=8 R=2 run=5 mode=repeat order_index=1 exit=0 stdout=D,S,R,O_i,B_i,rows_per_worker,bytes_per_worker,mode,variant,S_tile,iterations,timed_repetitions,warmup,worker_count,worker_list,affinity,affinity_error,affinity_succeeded,timed_repetitions_exact,avx2_supported,kernel_used,eviction_bytes,eviction_checksum,elapsed_seconds,mac_total,mac_per_second,checksum
512,8,2,"128,128,128,128","65536,65536,65536,65536","128,128,128,128","65536,65536,65536,65536",repeat,A,8,1,8,2,4,"0,2,4,6","true,true,true,true","0,0,0,0",true,true,true,avx2,0,0,0.0007989,33554432,4.20008e+10,18446744072986663060 stderr=
[330] S=8 R=2 run=5 mode=fused order_index=2 exit=0 stdout=D,S,R,O_i,B_i,rows_per_worker,bytes_per_worker,mode,variant,S_tile,iterations,timed_repetitions,warmup,worker_count,worker_list,affinity,affinity_error,affinity_succeeded,timed_repetitions_exact,avx2_supported,kernel_used,eviction_bytes,eviction_checksum,elapsed_seconds,mac_total,mac_per_second,checksum
512,8,2,"128,128,128,128","65536,65536,65536,65536","128,128,128,128","65536,65536,65536,65536",fused,A,8,1,8,2,4,"0,2,4,6","true,true,true,true","0,0,0,0",true,true,true,avx2,0,0,0.0002992,33554432,1.12147e+11,18446744072986663060 stderr=
[331] S=8 R=2 run=6 mode=fused order_index=1 exit=0 stdout=D,S,R,O_i,B_i,rows_per_worker,bytes_per_worker,mode,variant,S_tile,iterations,timed_repetitions,warmup,worker_count,worker_list,affinity,affinity_error,affinity_succeeded,timed_repetitions_exact,avx2_supported,kernel_used,eviction_bytes,eviction_checksum,elapsed_seconds,mac_total,mac_per_second,checksum
512,8,2,"128,128,128,128","65536,65536,65536,65536","128,128,128,128","65536,65536,65536,65536",fused,A,8,1,8,2,4,"0,2,4,6","true,true,true,true","0,0,0,0",true,true,true,avx2,0,0,0.0002848,33554432,1.17818e+11,18446744072986663060 stderr=
[332] S=8 R=2 run=6 mode=repeat order_index=2 exit=0 stdout=D,S,R,O_i,B_i,rows_per_worker,bytes_per_worker,mode,variant,S_tile,iterations,timed_repetitions,warmup,worker_count,worker_list,affinity,affinity_error,affinity_succeeded,timed_repetitions_exact,avx2_supported,kernel_used,eviction_bytes,eviction_checksum,elapsed_seconds,mac_total,mac_per_second,checksum
512,8,2,"128,128,128,128","65536,65536,65536,65536","128,128,128,128","65536,65536,65536,65536",repeat,A,8,1,8,2,4,"0,2,4,6","true,true,true,true","0,0,0,0",true,true,true,avx2,0,0,0.0006328,33554432,5.30253e+10,18446744072986663060 stderr=
[333] S=8 R=2 run=7 mode=repeat order_index=1 exit=0 stdout=D,S,R,O_i,B_i,rows_per_worker,bytes_per_worker,mode,variant,S_tile,iterations,timed_repetitions,warmup,worker_count,worker_list,affinity,affinity_error,affinity_succeeded,timed_repetitions_exact,avx2_supported,kernel_used,eviction_bytes,eviction_checksum,elapsed_seconds,mac_total,mac_per_second,checksum
512,8,2,"128,128,128,128","65536,65536,65536,65536","128,128,128,128","65536,65536,65536,65536",repeat,A,8,1,8,2,4,"0,2,4,6","true,true,true,true","0,0,0,0",true,true,true,avx2,0,0,0.0006258,33554432,5.36185e+10,18446744072986663060 stderr=
[334] S=8 R=2 run=7 mode=fused order_index=2 exit=0 stdout=D,S,R,O_i,B_i,rows_per_worker,bytes_per_worker,mode,variant,S_tile,iterations,timed_repetitions,warmup,worker_count,worker_list,affinity,affinity_error,affinity_succeeded,timed_repetitions_exact,avx2_supported,kernel_used,eviction_bytes,eviction_checksum,elapsed_seconds,mac_total,mac_per_second,checksum
512,8,2,"128,128,128,128","65536,65536,65536,65536","128,128,128,128","65536,65536,65536,65536",fused,A,8,1,8,2,4,"0,2,4,6","true,true,true,true","0,0,0,0",true,true,true,avx2,0,0,0.0002869,33554432,1.16955e+11,18446744072986663060 stderr=
[335] S=8 R=2 run=8 mode=fused order_index=1 exit=0 stdout=D,S,R,O_i,B_i,rows_per_worker,bytes_per_worker,mode,variant,S_tile,iterations,timed_repetitions,warmup,worker_count,worker_list,affinity,affinity_error,affinity_succeeded,timed_repetitions_exact,avx2_supported,kernel_used,eviction_bytes,eviction_checksum,elapsed_seconds,mac_total,mac_per_second,checksum
512,8,2,"128,128,128,128","65536,65536,65536,65536","128,128,128,128","65536,65536,65536,65536",fused,A,8,1,8,2,4,"0,2,4,6","true,true,true,true","0,0,0,0",true,true,true,avx2,0,0,0.0002816,33554432,1.19156e+11,18446744072986663060 stderr=
[336] S=8 R=2 run=8 mode=repeat order_index=2 exit=0 stdout=D,S,R,O_i,B_i,rows_per_worker,bytes_per_worker,mode,variant,S_tile,iterations,timed_repetitions,warmup,worker_count,worker_list,affinity,affinity_error,affinity_succeeded,timed_repetitions_exact,avx2_supported,kernel_used,eviction_bytes,eviction_checksum,elapsed_seconds,mac_total,mac_per_second,checksum
512,8,2,"128,128,128,128","65536,65536,65536,65536","128,128,128,128","65536,65536,65536,65536",repeat,A,8,1,8,2,4,"0,2,4,6","true,true,true,true","0,0,0,0",true,true,true,avx2,0,0,0.0006253,33554432,5.36613e+10,18446744072986663060 stderr=
[337] S=8 R=2 run=9 mode=repeat order_index=1 exit=0 stdout=D,S,R,O_i,B_i,rows_per_worker,bytes_per_worker,mode,variant,S_tile,iterations,timed_repetitions,warmup,worker_count,worker_list,affinity,affinity_error,affinity_succeeded,timed_repetitions_exact,avx2_supported,kernel_used,eviction_bytes,eviction_checksum,elapsed_seconds,mac_total,mac_per_second,checksum
512,8,2,"128,128,128,128","65536,65536,65536,65536","128,128,128,128","65536,65536,65536,65536",repeat,A,8,1,8,2,4,"0,2,4,6","true,true,true,true","0,0,0,0",true,true,true,avx2,0,0,0.0006316,33554432,5.31261e+10,18446744072986663060 stderr=
[338] S=8 R=2 run=9 mode=fused order_index=2 exit=0 stdout=D,S,R,O_i,B_i,rows_per_worker,bytes_per_worker,mode,variant,S_tile,iterations,timed_repetitions,warmup,worker_count,worker_list,affinity,affinity_error,affinity_succeeded,timed_repetitions_exact,avx2_supported,kernel_used,eviction_bytes,eviction_checksum,elapsed_seconds,mac_total,mac_per_second,checksum
512,8,2,"128,128,128,128","65536,65536,65536,65536","128,128,128,128","65536,65536,65536,65536",fused,A,8,1,8,2,4,"0,2,4,6","true,true,true,true","0,0,0,0",true,true,true,avx2,0,0,0.0003759,33554432,8.92643e+10,18446744072986663060 stderr=
[339] S=8 R=2 run=10 mode=fused order_index=1 exit=0 stdout=D,S,R,O_i,B_i,rows_per_worker,bytes_per_worker,mode,variant,S_tile,iterations,timed_repetitions,warmup,worker_count,worker_list,affinity,affinity_error,affinity_succeeded,timed_repetitions_exact,avx2_supported,kernel_used,eviction_bytes,eviction_checksum,elapsed_seconds,mac_total,mac_per_second,checksum
512,8,2,"128,128,128,128","65536,65536,65536,65536","128,128,128,128","65536,65536,65536,65536",fused,A,8,1,8,2,4,"0,2,4,6","true,true,true,true","0,0,0,0",true,true,true,avx2,0,0,0.0002823,33554432,1.18861e+11,18446744072986663060 stderr=
[340] S=8 R=2 run=10 mode=repeat order_index=2 exit=0 stdout=D,S,R,O_i,B_i,rows_per_worker,bytes_per_worker,mode,variant,S_tile,iterations,timed_repetitions,warmup,worker_count,worker_list,affinity,affinity_error,affinity_succeeded,timed_repetitions_exact,avx2_supported,kernel_used,eviction_bytes,eviction_checksum,elapsed_seconds,mac_total,mac_per_second,checksum
512,8,2,"128,128,128,128","65536,65536,65536,65536","128,128,128,128","65536,65536,65536,65536",repeat,A,8,1,8,2,4,"0,2,4,6","true,true,true,true","0,0,0,0",true,true,true,avx2,0,0,0.0008051,33554432,4.16773e+10,18446744072986663060 stderr=
[341] S=8 R=4 run=1 mode=repeat order_index=1 exit=0 stdout=D,S,R,O_i,B_i,rows_per_worker,bytes_per_worker,mode,variant,S_tile,iterations,timed_repetitions,warmup,worker_count,worker_list,affinity,affinity_error,affinity_succeeded,timed_repetitions_exact,avx2_supported,kernel_used,eviction_bytes,eviction_checksum,elapsed_seconds,mac_total,mac_per_second,checksum
512,8,4,"128,128,128,128","65536,65536,65536,65536","128,128,128,128","65536,65536,65536,65536",repeat,A,8,1,8,2,4,"0,2,4,6","true,true,true,true","0,0,0,0",true,true,true,avx2,0,0,0.0018477,67108864,3.63202e+10,18446744072986663060 stderr=
[342] S=8 R=4 run=1 mode=fused order_index=2 exit=0 stdout=D,S,R,O_i,B_i,rows_per_worker,bytes_per_worker,mode,variant,S_tile,iterations,timed_repetitions,warmup,worker_count,worker_list,affinity,affinity_error,affinity_succeeded,timed_repetitions_exact,avx2_supported,kernel_used,eviction_bytes,eviction_checksum,elapsed_seconds,mac_total,mac_per_second,checksum
512,8,4,"128,128,128,128","65536,65536,65536,65536","128,128,128,128","65536,65536,65536,65536",fused,A,8,1,8,2,4,"0,2,4,6","true,true,true,true","0,0,0,0",true,true,true,avx2,0,0,0.0005693,67108864,1.1788e+11,18446744072986663060 stderr=
[343] S=8 R=4 run=2 mode=fused order_index=1 exit=0 stdout=D,S,R,O_i,B_i,rows_per_worker,bytes_per_worker,mode,variant,S_tile,iterations,timed_repetitions,warmup,worker_count,worker_list,affinity,affinity_error,affinity_succeeded,timed_repetitions_exact,avx2_supported,kernel_used,eviction_bytes,eviction_checksum,elapsed_seconds,mac_total,mac_per_second,checksum
512,8,4,"128,128,128,128","65536,65536,65536,65536","128,128,128,128","65536,65536,65536,65536",fused,A,8,1,8,2,4,"0,2,4,6","true,true,true,true","0,0,0,0",true,true,true,avx2,0,0,0.0006072,67108864,1.10522e+11,18446744072986663060 stderr=
[344] S=8 R=4 run=2 mode=repeat order_index=2 exit=0 stdout=D,S,R,O_i,B_i,rows_per_worker,bytes_per_worker,mode,variant,S_tile,iterations,timed_repetitions,warmup,worker_count,worker_list,affinity,affinity_error,affinity_succeeded,timed_repetitions_exact,avx2_supported,kernel_used,eviction_bytes,eviction_checksum,elapsed_seconds,mac_total,mac_per_second,checksum
512,8,4,"128,128,128,128","65536,65536,65536,65536","128,128,128,128","65536,65536,65536,65536",repeat,A,8,1,8,2,4,"0,2,4,6","true,true,true,true","0,0,0,0",true,true,true,avx2,0,0,0.0012656,67108864,5.30253e+10,18446744072986663060 stderr=
[345] S=8 R=4 run=3 mode=repeat order_index=1 exit=0 stdout=D,S,R,O_i,B_i,rows_per_worker,bytes_per_worker,mode,variant,S_tile,iterations,timed_repetitions,warmup,worker_count,worker_list,affinity,affinity_error,affinity_succeeded,timed_repetitions_exact,avx2_supported,kernel_used,eviction_bytes,eviction_checksum,elapsed_seconds,mac_total,mac_per_second,checksum
512,8,4,"128,128,128,128","65536,65536,65536,65536","128,128,128,128","65536,65536,65536,65536",repeat,A,8,1,8,2,4,"0,2,4,6","true,true,true,true","0,0,0,0",true,true,true,avx2,0,0,0.0012231,67108864,5.48678e+10,18446744072986663060 stderr=
[346] S=8 R=4 run=3 mode=fused order_index=2 exit=0 stdout=D,S,R,O_i,B_i,rows_per_worker,bytes_per_worker,mode,variant,S_tile,iterations,timed_repetitions,warmup,worker_count,worker_list,affinity,affinity_error,affinity_succeeded,timed_repetitions_exact,avx2_supported,kernel_used,eviction_bytes,eviction_checksum,elapsed_seconds,mac_total,mac_per_second,checksum
512,8,4,"128,128,128,128","65536,65536,65536,65536","128,128,128,128","65536,65536,65536,65536",fused,A,8,1,8,2,4,"0,2,4,6","true,true,true,true","0,0,0,0",true,true,true,avx2,0,0,0.0005804,67108864,1.15625e+11,18446744072986663060 stderr=
[347] S=8 R=4 run=4 mode=fused order_index=1 exit=0 stdout=D,S,R,O_i,B_i,rows_per_worker,bytes_per_worker,mode,variant,S_tile,iterations,timed_repetitions,warmup,worker_count,worker_list,affinity,affinity_error,affinity_succeeded,timed_repetitions_exact,avx2_supported,kernel_used,eviction_bytes,eviction_checksum,elapsed_seconds,mac_total,mac_per_second,checksum
512,8,4,"128,128,128,128","65536,65536,65536,65536","128,128,128,128","65536,65536,65536,65536",fused,A,8,1,8,2,4,"0,2,4,6","true,true,true,true","0,0,0,0",true,true,true,avx2,0,0,0.0005798,67108864,1.15745e+11,18446744072986663060 stderr=
[348] S=8 R=4 run=4 mode=repeat order_index=2 exit=0 stdout=D,S,R,O_i,B_i,rows_per_worker,bytes_per_worker,mode,variant,S_tile,iterations,timed_repetitions,warmup,worker_count,worker_list,affinity,affinity_error,affinity_succeeded,timed_repetitions_exact,avx2_supported,kernel_used,eviction_bytes,eviction_checksum,elapsed_seconds,mac_total,mac_per_second,checksum
512,8,4,"128,128,128,128","65536,65536,65536,65536","128,128,128,128","65536,65536,65536,65536",repeat,A,8,1,8,2,4,"0,2,4,6","true,true,true,true","0,0,0,0",true,true,true,avx2,0,0,0.0012114,67108864,5.53978e+10,18446744072986663060 stderr=
[349] S=8 R=4 run=5 mode=repeat order_index=1 exit=0 stdout=D,S,R,O_i,B_i,rows_per_worker,bytes_per_worker,mode,variant,S_tile,iterations,timed_repetitions,warmup,worker_count,worker_list,affinity,affinity_error,affinity_succeeded,timed_repetitions_exact,avx2_supported,kernel_used,eviction_bytes,eviction_checksum,elapsed_seconds,mac_total,mac_per_second,checksum
512,8,4,"128,128,128,128","65536,65536,65536,65536","128,128,128,128","65536,65536,65536,65536",repeat,A,8,1,8,2,4,"0,2,4,6","true,true,true,true","0,0,0,0",true,true,true,avx2,0,0,0.0024932,67108864,2.69168e+10,18446744072986663060 stderr=
[350] S=8 R=4 run=5 mode=fused order_index=2 exit=0 stdout=D,S,R,O_i,B_i,rows_per_worker,bytes_per_worker,mode,variant,S_tile,iterations,timed_repetitions,warmup,worker_count,worker_list,affinity,affinity_error,affinity_succeeded,timed_repetitions_exact,avx2_supported,kernel_used,eviction_bytes,eviction_checksum,elapsed_seconds,mac_total,mac_per_second,checksum
512,8,4,"128,128,128,128","65536,65536,65536,65536","128,128,128,128","65536,65536,65536,65536",fused,A,8,1,8,2,4,"0,2,4,6","true,true,true,true","0,0,0,0",true,true,true,avx2,0,0,0.0007178,67108864,9.34924e+10,18446744072986663060 stderr=
[351] S=8 R=4 run=6 mode=fused order_index=1 exit=0 stdout=D,S,R,O_i,B_i,rows_per_worker,bytes_per_worker,mode,variant,S_tile,iterations,timed_repetitions,warmup,worker_count,worker_list,affinity,affinity_error,affinity_succeeded,timed_repetitions_exact,avx2_supported,kernel_used,eviction_bytes,eviction_checksum,elapsed_seconds,mac_total,mac_per_second,checksum
512,8,4,"128,128,128,128","65536,65536,65536,65536","128,128,128,128","65536,65536,65536,65536",fused,A,8,1,8,2,4,"0,2,4,6","true,true,true,true","0,0,0,0",true,true,true,avx2,0,0,0.0005664,67108864,1.18483e+11,18446744072986663060 stderr=
[352] S=8 R=4 run=6 mode=repeat order_index=2 exit=0 stdout=D,S,R,O_i,B_i,rows_per_worker,bytes_per_worker,mode,variant,S_tile,iterations,timed_repetitions,warmup,worker_count,worker_list,affinity,affinity_error,affinity_succeeded,timed_repetitions_exact,avx2_supported,kernel_used,eviction_bytes,eviction_checksum,elapsed_seconds,mac_total,mac_per_second,checksum
512,8,4,"128,128,128,128","65536,65536,65536,65536","128,128,128,128","65536,65536,65536,65536",repeat,A,8,1,8,2,4,"0,2,4,6","true,true,true,true","0,0,0,0",true,true,true,avx2,0,0,0.0014437,67108864,4.64839e+10,18446744072986663060 stderr=
[353] S=8 R=4 run=7 mode=repeat order_index=1 exit=0 stdout=D,S,R,O_i,B_i,rows_per_worker,bytes_per_worker,mode,variant,S_tile,iterations,timed_repetitions,warmup,worker_count,worker_list,affinity,affinity_error,affinity_succeeded,timed_repetitions_exact,avx2_supported,kernel_used,eviction_bytes,eviction_checksum,elapsed_seconds,mac_total,mac_per_second,checksum
512,8,4,"128,128,128,128","65536,65536,65536,65536","128,128,128,128","65536,65536,65536,65536",repeat,A,8,1,8,2,4,"0,2,4,6","true,true,true,true","0,0,0,0",true,true,true,avx2,0,0,0.0013252,67108864,5.06406e+10,18446744072986663060 stderr=
[354] S=8 R=4 run=7 mode=fused order_index=2 exit=0 stdout=D,S,R,O_i,B_i,rows_per_worker,bytes_per_worker,mode,variant,S_tile,iterations,timed_repetitions,warmup,worker_count,worker_list,affinity,affinity_error,affinity_succeeded,timed_repetitions_exact,avx2_supported,kernel_used,eviction_bytes,eviction_checksum,elapsed_seconds,mac_total,mac_per_second,checksum
512,8,4,"128,128,128,128","65536,65536,65536,65536","128,128,128,128","65536,65536,65536,65536",fused,A,8,1,8,2,4,"0,2,4,6","true,true,true,true","0,0,0,0",true,true,true,avx2,0,0,0.0008023,67108864,8.36456e+10,18446744072986663060 stderr=
[355] S=8 R=4 run=8 mode=fused order_index=1 exit=0 stdout=D,S,R,O_i,B_i,rows_per_worker,bytes_per_worker,mode,variant,S_tile,iterations,timed_repetitions,warmup,worker_count,worker_list,affinity,affinity_error,affinity_succeeded,timed_repetitions_exact,avx2_supported,kernel_used,eviction_bytes,eviction_checksum,elapsed_seconds,mac_total,mac_per_second,checksum
512,8,4,"128,128,128,128","65536,65536,65536,65536","128,128,128,128","65536,65536,65536,65536",fused,A,8,1,8,2,4,"0,2,4,6","true,true,true,true","0,0,0,0",true,true,true,avx2,0,0,0.0009197,67108864,7.29682e+10,18446744072986663060 stderr=
[356] S=8 R=4 run=8 mode=repeat order_index=2 exit=0 stdout=D,S,R,O_i,B_i,rows_per_worker,bytes_per_worker,mode,variant,S_tile,iterations,timed_repetitions,warmup,worker_count,worker_list,affinity,affinity_error,affinity_succeeded,timed_repetitions_exact,avx2_supported,kernel_used,eviction_bytes,eviction_checksum,elapsed_seconds,mac_total,mac_per_second,checksum
512,8,4,"128,128,128,128","65536,65536,65536,65536","128,128,128,128","65536,65536,65536,65536",repeat,A,8,1,8,2,4,"0,2,4,6","true,true,true,true","0,0,0,0",true,true,true,avx2,0,0,0.0012864,67108864,5.2168e+10,18446744072986663060 stderr=
[357] S=8 R=4 run=9 mode=repeat order_index=1 exit=0 stdout=D,S,R,O_i,B_i,rows_per_worker,bytes_per_worker,mode,variant,S_tile,iterations,timed_repetitions,warmup,worker_count,worker_list,affinity,affinity_error,affinity_succeeded,timed_repetitions_exact,avx2_supported,kernel_used,eviction_bytes,eviction_checksum,elapsed_seconds,mac_total,mac_per_second,checksum
512,8,4,"128,128,128,128","65536,65536,65536,65536","128,128,128,128","65536,65536,65536,65536",repeat,A,8,1,8,2,4,"0,2,4,6","true,true,true,true","0,0,0,0",true,true,true,avx2,0,0,0.0013332,67108864,5.03367e+10,18446744072986663060 stderr=
[358] S=8 R=4 run=9 mode=fused order_index=2 exit=0 stdout=D,S,R,O_i,B_i,rows_per_worker,bytes_per_worker,mode,variant,S_tile,iterations,timed_repetitions,warmup,worker_count,worker_list,affinity,affinity_error,affinity_succeeded,timed_repetitions_exact,avx2_supported,kernel_used,eviction_bytes,eviction_checksum,elapsed_seconds,mac_total,mac_per_second,checksum
512,8,4,"128,128,128,128","65536,65536,65536,65536","128,128,128,128","65536,65536,65536,65536",fused,A,8,1,8,2,4,"0,2,4,6","true,true,true,true","0,0,0,0",true,true,true,avx2,0,0,0.0009804,67108864,6.84505e+10,18446744072986663060 stderr=
[359] S=8 R=4 run=10 mode=fused order_index=1 exit=0 stdout=D,S,R,O_i,B_i,rows_per_worker,bytes_per_worker,mode,variant,S_tile,iterations,timed_repetitions,warmup,worker_count,worker_list,affinity,affinity_error,affinity_succeeded,timed_repetitions_exact,avx2_supported,kernel_used,eviction_bytes,eviction_checksum,elapsed_seconds,mac_total,mac_per_second,checksum
512,8,4,"128,128,128,128","65536,65536,65536,65536","128,128,128,128","65536,65536,65536,65536",fused,A,8,1,8,2,4,"0,2,4,6","true,true,true,true","0,0,0,0",true,true,true,avx2,0,0,0.0005965,67108864,1.12504e+11,18446744072986663060 stderr=
[360] S=8 R=4 run=10 mode=repeat order_index=2 exit=0 stdout=D,S,R,O_i,B_i,rows_per_worker,bytes_per_worker,mode,variant,S_tile,iterations,timed_repetitions,warmup,worker_count,worker_list,affinity,affinity_error,affinity_succeeded,timed_repetitions_exact,avx2_supported,kernel_used,eviction_bytes,eviction_checksum,elapsed_seconds,mac_total,mac_per_second,checksum
512,8,4,"128,128,128,128","65536,65536,65536,65536","128,128,128,128","65536,65536,65536,65536",repeat,A,8,1,8,2,4,"0,2,4,6","true,true,true,true","0,0,0,0",true,true,true,avx2,0,0,0.0018813,67108864,3.56715e+10,18446744072986663060 stderr=
[361] S=8 R=8 run=1 mode=repeat order_index=1 exit=0 stdout=D,S,R,O_i,B_i,rows_per_worker,bytes_per_worker,mode,variant,S_tile,iterations,timed_repetitions,warmup,worker_count,worker_list,affinity,affinity_error,affinity_succeeded,timed_repetitions_exact,avx2_supported,kernel_used,eviction_bytes,eviction_checksum,elapsed_seconds,mac_total,mac_per_second,checksum
512,8,8,"128,128,128,128","65536,65536,65536,65536","128,128,128,128","65536,65536,65536,65536",repeat,A,8,1,8,2,4,"0,2,4,6","true,true,true,true","0,0,0,0",true,true,true,avx2,0,0,0.0028792,134217728,4.66163e+10,18446744072986663060 stderr=
[362] S=8 R=8 run=1 mode=fused order_index=2 exit=0 stdout=D,S,R,O_i,B_i,rows_per_worker,bytes_per_worker,mode,variant,S_tile,iterations,timed_repetitions,warmup,worker_count,worker_list,affinity,affinity_error,affinity_succeeded,timed_repetitions_exact,avx2_supported,kernel_used,eviction_bytes,eviction_checksum,elapsed_seconds,mac_total,mac_per_second,checksum
512,8,8,"128,128,128,128","65536,65536,65536,65536","128,128,128,128","65536,65536,65536,65536",fused,A,8,1,8,2,4,"0,2,4,6","true,true,true,true","0,0,0,0",true,true,true,avx2,0,0,0.0012078,134217728,1.11126e+11,18446744072986663060 stderr=
[363] S=8 R=8 run=2 mode=fused order_index=1 exit=0 stdout=D,S,R,O_i,B_i,rows_per_worker,bytes_per_worker,mode,variant,S_tile,iterations,timed_repetitions,warmup,worker_count,worker_list,affinity,affinity_error,affinity_succeeded,timed_repetitions_exact,avx2_supported,kernel_used,eviction_bytes,eviction_checksum,elapsed_seconds,mac_total,mac_per_second,checksum
512,8,8,"128,128,128,128","65536,65536,65536,65536","128,128,128,128","65536,65536,65536,65536",fused,A,8,1,8,2,4,"0,2,4,6","true,true,true,true","0,0,0,0",true,true,true,avx2,0,0,0.0017634,134217728,7.6113e+10,18446744072986663060 stderr=
[364] S=8 R=8 run=2 mode=repeat order_index=2 exit=0 stdout=D,S,R,O_i,B_i,rows_per_worker,bytes_per_worker,mode,variant,S_tile,iterations,timed_repetitions,warmup,worker_count,worker_list,affinity,affinity_error,affinity_succeeded,timed_repetitions_exact,avx2_supported,kernel_used,eviction_bytes,eviction_checksum,elapsed_seconds,mac_total,mac_per_second,checksum
512,8,8,"128,128,128,128","65536,65536,65536,65536","128,128,128,128","65536,65536,65536,65536",repeat,A,8,1,8,2,4,"0,2,4,6","true,true,true,true","0,0,0,0",true,true,true,avx2,0,0,0.003759,134217728,3.57057e+10,18446744072986663060 stderr=
[365] S=8 R=8 run=3 mode=repeat order_index=1 exit=0 stdout=D,S,R,O_i,B_i,rows_per_worker,bytes_per_worker,mode,variant,S_tile,iterations,timed_repetitions,warmup,worker_count,worker_list,affinity,affinity_error,affinity_succeeded,timed_repetitions_exact,avx2_supported,kernel_used,eviction_bytes,eviction_checksum,elapsed_seconds,mac_total,mac_per_second,checksum
512,8,8,"128,128,128,128","65536,65536,65536,65536","128,128,128,128","65536,65536,65536,65536",repeat,A,8,1,8,2,4,"0,2,4,6","true,true,true,true","0,0,0,0",true,true,true,avx2,0,0,0.0058223,134217728,2.30524e+10,18446744072986663060 stderr=
[366] S=8 R=8 run=3 mode=fused order_index=2 exit=0 stdout=D,S,R,O_i,B_i,rows_per_worker,bytes_per_worker,mode,variant,S_tile,iterations,timed_repetitions,warmup,worker_count,worker_list,affinity,affinity_error,affinity_succeeded,timed_repetitions_exact,avx2_supported,kernel_used,eviction_bytes,eviction_checksum,elapsed_seconds,mac_total,mac_per_second,checksum
512,8,8,"128,128,128,128","65536,65536,65536,65536","128,128,128,128","65536,65536,65536,65536",fused,A,8,1,8,2,4,"0,2,4,6","true,true,true,true","0,0,0,0",true,true,true,avx2,0,0,0.0016943,134217728,7.92172e+10,18446744072986663060 stderr=
[367] S=8 R=8 run=4 mode=fused order_index=1 exit=0 stdout=D,S,R,O_i,B_i,rows_per_worker,bytes_per_worker,mode,variant,S_tile,iterations,timed_repetitions,warmup,worker_count,worker_list,affinity,affinity_error,affinity_succeeded,timed_repetitions_exact,avx2_supported,kernel_used,eviction_bytes,eviction_checksum,elapsed_seconds,mac_total,mac_per_second,checksum
512,8,8,"128,128,128,128","65536,65536,65536,65536","128,128,128,128","65536,65536,65536,65536",fused,A,8,1,8,2,4,"0,2,4,6","true,true,true,true","0,0,0,0",true,true,true,avx2,0,0,0.001234,134217728,1.08766e+11,18446744072986663060 stderr=
[368] S=8 R=8 run=4 mode=repeat order_index=2 exit=0 stdout=D,S,R,O_i,B_i,rows_per_worker,bytes_per_worker,mode,variant,S_tile,iterations,timed_repetitions,warmup,worker_count,worker_list,affinity,affinity_error,affinity_succeeded,timed_repetitions_exact,avx2_supported,kernel_used,eviction_bytes,eviction_checksum,elapsed_seconds,mac_total,mac_per_second,checksum
512,8,8,"128,128,128,128","65536,65536,65536,65536","128,128,128,128","65536,65536,65536,65536",repeat,A,8,1,8,2,4,"0,2,4,6","true,true,true,true","0,0,0,0",true,true,true,avx2,0,0,0.0025246,134217728,5.3164e+10,18446744072986663060 stderr=
[369] S=8 R=8 run=5 mode=repeat order_index=1 exit=0 stdout=D,S,R,O_i,B_i,rows_per_worker,bytes_per_worker,mode,variant,S_tile,iterations,timed_repetitions,warmup,worker_count,worker_list,affinity,affinity_error,affinity_succeeded,timed_repetitions_exact,avx2_supported,kernel_used,eviction_bytes,eviction_checksum,elapsed_seconds,mac_total,mac_per_second,checksum
512,8,8,"128,128,128,128","65536,65536,65536,65536","128,128,128,128","65536,65536,65536,65536",repeat,A,8,1,8,2,4,"0,2,4,6","true,true,true,true","0,0,0,0",true,true,true,avx2,0,0,0.002572,134217728,5.21842e+10,18446744072986663060 stderr=
[370] S=8 R=8 run=5 mode=fused order_index=2 exit=0 stdout=D,S,R,O_i,B_i,rows_per_worker,bytes_per_worker,mode,variant,S_tile,iterations,timed_repetitions,warmup,worker_count,worker_list,affinity,affinity_error,affinity_succeeded,timed_repetitions_exact,avx2_supported,kernel_used,eviction_bytes,eviction_checksum,elapsed_seconds,mac_total,mac_per_second,checksum
512,8,8,"128,128,128,128","65536,65536,65536,65536","128,128,128,128","65536,65536,65536,65536",fused,A,8,1,8,2,4,"0,2,4,6","true,true,true,true","0,0,0,0",true,true,true,avx2,0,0,0.0021281,134217728,6.30693e+10,18446744072986663060 stderr=
[371] S=8 R=8 run=6 mode=fused order_index=1 exit=0 stdout=D,S,R,O_i,B_i,rows_per_worker,bytes_per_worker,mode,variant,S_tile,iterations,timed_repetitions,warmup,worker_count,worker_list,affinity,affinity_error,affinity_succeeded,timed_repetitions_exact,avx2_supported,kernel_used,eviction_bytes,eviction_checksum,elapsed_seconds,mac_total,mac_per_second,checksum
512,8,8,"128,128,128,128","65536,65536,65536,65536","128,128,128,128","65536,65536,65536,65536",fused,A,8,1,8,2,4,"0,2,4,6","true,true,true,true","0,0,0,0",true,true,true,avx2,0,0,0.0012761,134217728,1.05178e+11,18446744072986663060 stderr=
[372] S=8 R=8 run=6 mode=repeat order_index=2 exit=0 stdout=D,S,R,O_i,B_i,rows_per_worker,bytes_per_worker,mode,variant,S_tile,iterations,timed_repetitions,warmup,worker_count,worker_list,affinity,affinity_error,affinity_succeeded,timed_repetitions_exact,avx2_supported,kernel_used,eviction_bytes,eviction_checksum,elapsed_seconds,mac_total,mac_per_second,checksum
512,8,8,"128,128,128,128","65536,65536,65536,65536","128,128,128,128","65536,65536,65536,65536",repeat,A,8,1,8,2,4,"0,2,4,6","true,true,true,true","0,0,0,0",true,true,true,avx2,0,0,0.0024683,134217728,5.43766e+10,18446744072986663060 stderr=
[373] S=8 R=8 run=7 mode=repeat order_index=1 exit=0 stdout=D,S,R,O_i,B_i,rows_per_worker,bytes_per_worker,mode,variant,S_tile,iterations,timed_repetitions,warmup,worker_count,worker_list,affinity,affinity_error,affinity_succeeded,timed_repetitions_exact,avx2_supported,kernel_used,eviction_bytes,eviction_checksum,elapsed_seconds,mac_total,mac_per_second,checksum
512,8,8,"128,128,128,128","65536,65536,65536,65536","128,128,128,128","65536,65536,65536,65536",repeat,A,8,1,8,2,4,"0,2,4,6","true,true,true,true","0,0,0,0",true,true,true,avx2,0,0,0.0027902,134217728,4.81033e+10,18446744072986663060 stderr=
[374] S=8 R=8 run=7 mode=fused order_index=2 exit=0 stdout=D,S,R,O_i,B_i,rows_per_worker,bytes_per_worker,mode,variant,S_tile,iterations,timed_repetitions,warmup,worker_count,worker_list,affinity,affinity_error,affinity_succeeded,timed_repetitions_exact,avx2_supported,kernel_used,eviction_bytes,eviction_checksum,elapsed_seconds,mac_total,mac_per_second,checksum
512,8,8,"128,128,128,128","65536,65536,65536,65536","128,128,128,128","65536,65536,65536,65536",fused,A,8,1,8,2,4,"0,2,4,6","true,true,true,true","0,0,0,0",true,true,true,avx2,0,0,0.0011619,134217728,1.15516e+11,18446744072986663060 stderr=
[375] S=8 R=8 run=8 mode=fused order_index=1 exit=0 stdout=D,S,R,O_i,B_i,rows_per_worker,bytes_per_worker,mode,variant,S_tile,iterations,timed_repetitions,warmup,worker_count,worker_list,affinity,affinity_error,affinity_succeeded,timed_repetitions_exact,avx2_supported,kernel_used,eviction_bytes,eviction_checksum,elapsed_seconds,mac_total,mac_per_second,checksum
512,8,8,"128,128,128,128","65536,65536,65536,65536","128,128,128,128","65536,65536,65536,65536",fused,A,8,1,8,2,4,"0,2,4,6","true,true,true,true","0,0,0,0",true,true,true,avx2,0,0,0.0012776,134217728,1.05055e+11,18446744072986663060 stderr=
[376] S=8 R=8 run=8 mode=repeat order_index=2 exit=0 stdout=D,S,R,O_i,B_i,rows_per_worker,bytes_per_worker,mode,variant,S_tile,iterations,timed_repetitions,warmup,worker_count,worker_list,affinity,affinity_error,affinity_succeeded,timed_repetitions_exact,avx2_supported,kernel_used,eviction_bytes,eviction_checksum,elapsed_seconds,mac_total,mac_per_second,checksum
512,8,8,"128,128,128,128","65536,65536,65536,65536","128,128,128,128","65536,65536,65536,65536",repeat,A,8,1,8,2,4,"0,2,4,6","true,true,true,true","0,0,0,0",true,true,true,avx2,0,0,0.0077058,134217728,1.74178e+10,18446744072986663060 stderr=
[377] S=8 R=8 run=9 mode=repeat order_index=1 exit=0 stdout=D,S,R,O_i,B_i,rows_per_worker,bytes_per_worker,mode,variant,S_tile,iterations,timed_repetitions,warmup,worker_count,worker_list,affinity,affinity_error,affinity_succeeded,timed_repetitions_exact,avx2_supported,kernel_used,eviction_bytes,eviction_checksum,elapsed_seconds,mac_total,mac_per_second,checksum
512,8,8,"128,128,128,128","65536,65536,65536,65536","128,128,128,128","65536,65536,65536,65536",repeat,A,8,1,8,2,4,"0,2,4,6","true,true,true,true","0,0,0,0",true,true,true,avx2,0,0,0.0024774,134217728,5.41768e+10,18446744072986663060 stderr=
[378] S=8 R=8 run=9 mode=fused order_index=2 exit=0 stdout=D,S,R,O_i,B_i,rows_per_worker,bytes_per_worker,mode,variant,S_tile,iterations,timed_repetitions,warmup,worker_count,worker_list,affinity,affinity_error,affinity_succeeded,timed_repetitions_exact,avx2_supported,kernel_used,eviction_bytes,eviction_checksum,elapsed_seconds,mac_total,mac_per_second,checksum
512,8,8,"128,128,128,128","65536,65536,65536,65536","128,128,128,128","65536,65536,65536,65536",fused,A,8,1,8,2,4,"0,2,4,6","true,true,true,true","0,0,0,0",true,true,true,avx2,0,0,0.0011576,134217728,1.15945e+11,18446744072986663060 stderr=
[379] S=8 R=8 run=10 mode=fused order_index=1 exit=0 stdout=D,S,R,O_i,B_i,rows_per_worker,bytes_per_worker,mode,variant,S_tile,iterations,timed_repetitions,warmup,worker_count,worker_list,affinity,affinity_error,affinity_succeeded,timed_repetitions_exact,avx2_supported,kernel_used,eviction_bytes,eviction_checksum,elapsed_seconds,mac_total,mac_per_second,checksum
512,8,8,"128,128,128,128","65536,65536,65536,65536","128,128,128,128","65536,65536,65536,65536",fused,A,8,1,8,2,4,"0,2,4,6","true,true,true,true","0,0,0,0",true,true,true,avx2,0,0,0.0011413,134217728,1.17601e+11,18446744072986663060 stderr=
[380] S=8 R=8 run=10 mode=repeat order_index=2 exit=0 stdout=D,S,R,O_i,B_i,rows_per_worker,bytes_per_worker,mode,variant,S_tile,iterations,timed_repetitions,warmup,worker_count,worker_list,affinity,affinity_error,affinity_succeeded,timed_repetitions_exact,avx2_supported,kernel_used,eviction_bytes,eviction_checksum,elapsed_seconds,mac_total,mac_per_second,checksum
512,8,8,"128,128,128,128","65536,65536,65536,65536","128,128,128,128","65536,65536,65536,65536",repeat,A,8,1,8,2,4,"0,2,4,6","true,true,true,true","0,0,0,0",true,true,true,avx2,0,0,0.002898,134217728,4.63139e+10,18446744072986663060 stderr=
[381] S=8 R=16 run=1 mode=repeat order_index=1 exit=0 stdout=D,S,R,O_i,B_i,rows_per_worker,bytes_per_worker,mode,variant,S_tile,iterations,timed_repetitions,warmup,worker_count,worker_list,affinity,affinity_error,affinity_succeeded,timed_repetitions_exact,avx2_supported,kernel_used,eviction_bytes,eviction_checksum,elapsed_seconds,mac_total,mac_per_second,checksum
512,8,16,"128,128,128,128","65536,65536,65536,65536","128,128,128,128","65536,65536,65536,65536",repeat,A,8,1,8,2,4,"0,2,4,6","true,true,true,true","0,0,0,0",true,true,true,avx2,0,0,0.0053197,268435456,5.04606e+10,18446744072986663060 stderr=
[382] S=8 R=16 run=1 mode=fused order_index=2 exit=0 stdout=D,S,R,O_i,B_i,rows_per_worker,bytes_per_worker,mode,variant,S_tile,iterations,timed_repetitions,warmup,worker_count,worker_list,affinity,affinity_error,affinity_succeeded,timed_repetitions_exact,avx2_supported,kernel_used,eviction_bytes,eviction_checksum,elapsed_seconds,mac_total,mac_per_second,checksum
512,8,16,"128,128,128,128","65536,65536,65536,65536","128,128,128,128","65536,65536,65536,65536",fused,A,8,1,8,2,4,"0,2,4,6","true,true,true,true","0,0,0,0",true,true,true,avx2,0,0,0.0023174,268435456,1.15835e+11,18446744072986663060 stderr=
[383] S=8 R=16 run=2 mode=fused order_index=1 exit=0 stdout=D,S,R,O_i,B_i,rows_per_worker,bytes_per_worker,mode,variant,S_tile,iterations,timed_repetitions,warmup,worker_count,worker_list,affinity,affinity_error,affinity_succeeded,timed_repetitions_exact,avx2_supported,kernel_used,eviction_bytes,eviction_checksum,elapsed_seconds,mac_total,mac_per_second,checksum
512,8,16,"128,128,128,128","65536,65536,65536,65536","128,128,128,128","65536,65536,65536,65536",fused,A,8,1,8,2,4,"0,2,4,6","true,true,true,true","0,0,0,0",true,true,true,avx2,0,0,0.0023478,268435456,1.14335e+11,18446744072986663060 stderr=
[384] S=8 R=16 run=2 mode=repeat order_index=2 exit=0 stdout=D,S,R,O_i,B_i,rows_per_worker,bytes_per_worker,mode,variant,S_tile,iterations,timed_repetitions,warmup,worker_count,worker_list,affinity,affinity_error,affinity_succeeded,timed_repetitions_exact,avx2_supported,kernel_used,eviction_bytes,eviction_checksum,elapsed_seconds,mac_total,mac_per_second,checksum
512,8,16,"128,128,128,128","65536,65536,65536,65536","128,128,128,128","65536,65536,65536,65536",repeat,A,8,1,8,2,4,"0,2,4,6","true,true,true,true","0,0,0,0",true,true,true,avx2,0,0,0.0056073,268435456,4.78725e+10,18446744072986663060 stderr=
[385] S=8 R=16 run=3 mode=repeat order_index=1 exit=0 stdout=D,S,R,O_i,B_i,rows_per_worker,bytes_per_worker,mode,variant,S_tile,iterations,timed_repetitions,warmup,worker_count,worker_list,affinity,affinity_error,affinity_succeeded,timed_repetitions_exact,avx2_supported,kernel_used,eviction_bytes,eviction_checksum,elapsed_seconds,mac_total,mac_per_second,checksum
512,8,16,"128,128,128,128","65536,65536,65536,65536","128,128,128,128","65536,65536,65536,65536",repeat,A,8,1,8,2,4,"0,2,4,6","true,true,true,true","0,0,0,0",true,true,true,avx2,0,0,0.0050471,268435456,5.31861e+10,18446744072986663060 stderr=
[386] S=8 R=16 run=3 mode=fused order_index=2 exit=0 stdout=D,S,R,O_i,B_i,rows_per_worker,bytes_per_worker,mode,variant,S_tile,iterations,timed_repetitions,warmup,worker_count,worker_list,affinity,affinity_error,affinity_succeeded,timed_repetitions_exact,avx2_supported,kernel_used,eviction_bytes,eviction_checksum,elapsed_seconds,mac_total,mac_per_second,checksum
512,8,16,"128,128,128,128","65536,65536,65536,65536","128,128,128,128","65536,65536,65536,65536",fused,A,8,1,8,2,4,"0,2,4,6","true,true,true,true","0,0,0,0",true,true,true,avx2,0,0,0.0022779,268435456,1.17843e+11,18446744072986663060 stderr=
[387] S=8 R=16 run=4 mode=fused order_index=1 exit=0 stdout=D,S,R,O_i,B_i,rows_per_worker,bytes_per_worker,mode,variant,S_tile,iterations,timed_repetitions,warmup,worker_count,worker_list,affinity,affinity_error,affinity_succeeded,timed_repetitions_exact,avx2_supported,kernel_used,eviction_bytes,eviction_checksum,elapsed_seconds,mac_total,mac_per_second,checksum
512,8,16,"128,128,128,128","65536,65536,65536,65536","128,128,128,128","65536,65536,65536,65536",fused,A,8,1,8,2,4,"0,2,4,6","true,true,true,true","0,0,0,0",true,true,true,avx2,0,0,0.0023394,268435456,1.14745e+11,18446744072986663060 stderr=
[388] S=8 R=16 run=4 mode=repeat order_index=2 exit=0 stdout=D,S,R,O_i,B_i,rows_per_worker,bytes_per_worker,mode,variant,S_tile,iterations,timed_repetitions,warmup,worker_count,worker_list,affinity,affinity_error,affinity_succeeded,timed_repetitions_exact,avx2_supported,kernel_used,eviction_bytes,eviction_checksum,elapsed_seconds,mac_total,mac_per_second,checksum
512,8,16,"128,128,128,128","65536,65536,65536,65536","128,128,128,128","65536,65536,65536,65536",repeat,A,8,1,8,2,4,"0,2,4,6","true,true,true,true","0,0,0,0",true,true,true,avx2,0,0,0.0064328,268435456,4.17292e+10,18446744072986663060 stderr=
[389] S=8 R=16 run=5 mode=repeat order_index=1 exit=0 stdout=D,S,R,O_i,B_i,rows_per_worker,bytes_per_worker,mode,variant,S_tile,iterations,timed_repetitions,warmup,worker_count,worker_list,affinity,affinity_error,affinity_succeeded,timed_repetitions_exact,avx2_supported,kernel_used,eviction_bytes,eviction_checksum,elapsed_seconds,mac_total,mac_per_second,checksum
512,8,16,"128,128,128,128","65536,65536,65536,65536","128,128,128,128","65536,65536,65536,65536",repeat,A,8,1,8,2,4,"0,2,4,6","true,true,true,true","0,0,0,0",true,true,true,avx2,0,0,0.0069866,268435456,3.84215e+10,18446744072986663060 stderr=
[390] S=8 R=16 run=5 mode=fused order_index=2 exit=0 stdout=D,S,R,O_i,B_i,rows_per_worker,bytes_per_worker,mode,variant,S_tile,iterations,timed_repetitions,warmup,worker_count,worker_list,affinity,affinity_error,affinity_succeeded,timed_repetitions_exact,avx2_supported,kernel_used,eviction_bytes,eviction_checksum,elapsed_seconds,mac_total,mac_per_second,checksum
512,8,16,"128,128,128,128","65536,65536,65536,65536","128,128,128,128","65536,65536,65536,65536",fused,A,8,1,8,2,4,"0,2,4,6","true,true,true,true","0,0,0,0",true,true,true,avx2,0,0,0.0025284,268435456,1.06168e+11,18446744072986663060 stderr=
[391] S=8 R=16 run=6 mode=fused order_index=1 exit=0 stdout=D,S,R,O_i,B_i,rows_per_worker,bytes_per_worker,mode,variant,S_tile,iterations,timed_repetitions,warmup,worker_count,worker_list,affinity,affinity_error,affinity_succeeded,timed_repetitions_exact,avx2_supported,kernel_used,eviction_bytes,eviction_checksum,elapsed_seconds,mac_total,mac_per_second,checksum
512,8,16,"128,128,128,128","65536,65536,65536,65536","128,128,128,128","65536,65536,65536,65536",fused,A,8,1,8,2,4,"0,2,4,6","true,true,true,true","0,0,0,0",true,true,true,avx2,0,0,0.0022842,268435456,1.17518e+11,18446744072986663060 stderr=
[392] S=8 R=16 run=6 mode=repeat order_index=2 exit=0 stdout=D,S,R,O_i,B_i,rows_per_worker,bytes_per_worker,mode,variant,S_tile,iterations,timed_repetitions,warmup,worker_count,worker_list,affinity,affinity_error,affinity_succeeded,timed_repetitions_exact,avx2_supported,kernel_used,eviction_bytes,eviction_checksum,elapsed_seconds,mac_total,mac_per_second,checksum
512,8,16,"128,128,128,128","65536,65536,65536,65536","128,128,128,128","65536,65536,65536,65536",repeat,A,8,1,8,2,4,"0,2,4,6","true,true,true,true","0,0,0,0",true,true,true,avx2,0,0,0.0049759,268435456,5.39471e+10,18446744072986663060 stderr=
[393] S=8 R=16 run=7 mode=repeat order_index=1 exit=0 stdout=D,S,R,O_i,B_i,rows_per_worker,bytes_per_worker,mode,variant,S_tile,iterations,timed_repetitions,warmup,worker_count,worker_list,affinity,affinity_error,affinity_succeeded,timed_repetitions_exact,avx2_supported,kernel_used,eviction_bytes,eviction_checksum,elapsed_seconds,mac_total,mac_per_second,checksum
512,8,16,"128,128,128,128","65536,65536,65536,65536","128,128,128,128","65536,65536,65536,65536",repeat,A,8,1,8,2,4,"0,2,4,6","true,true,true,true","0,0,0,0",true,true,true,avx2,0,0,0.0051549,268435456,5.20738e+10,18446744072986663060 stderr=
[394] S=8 R=16 run=7 mode=fused order_index=2 exit=0 stdout=D,S,R,O_i,B_i,rows_per_worker,bytes_per_worker,mode,variant,S_tile,iterations,timed_repetitions,warmup,worker_count,worker_list,affinity,affinity_error,affinity_succeeded,timed_repetitions_exact,avx2_supported,kernel_used,eviction_bytes,eviction_checksum,elapsed_seconds,mac_total,mac_per_second,checksum
512,8,16,"128,128,128,128","65536,65536,65536,65536","128,128,128,128","65536,65536,65536,65536",fused,A,8,1,8,2,4,"0,2,4,6","true,true,true,true","0,0,0,0",true,true,true,avx2,0,0,0.0027722,268435456,9.68312e+10,18446744072986663060 stderr=
[395] S=8 R=16 run=8 mode=fused order_index=1 exit=0 stdout=D,S,R,O_i,B_i,rows_per_worker,bytes_per_worker,mode,variant,S_tile,iterations,timed_repetitions,warmup,worker_count,worker_list,affinity,affinity_error,affinity_succeeded,timed_repetitions_exact,avx2_supported,kernel_used,eviction_bytes,eviction_checksum,elapsed_seconds,mac_total,mac_per_second,checksum
512,8,16,"128,128,128,128","65536,65536,65536,65536","128,128,128,128","65536,65536,65536,65536",fused,A,8,1,8,2,4,"0,2,4,6","true,true,true,true","0,0,0,0",true,true,true,avx2,0,0,0.0026806,268435456,1.0014e+11,18446744072986663060 stderr=
[396] S=8 R=16 run=8 mode=repeat order_index=2 exit=0 stdout=D,S,R,O_i,B_i,rows_per_worker,bytes_per_worker,mode,variant,S_tile,iterations,timed_repetitions,warmup,worker_count,worker_list,affinity,affinity_error,affinity_succeeded,timed_repetitions_exact,avx2_supported,kernel_used,eviction_bytes,eviction_checksum,elapsed_seconds,mac_total,mac_per_second,checksum
512,8,16,"128,128,128,128","65536,65536,65536,65536","128,128,128,128","65536,65536,65536,65536",repeat,A,8,1,8,2,4,"0,2,4,6","true,true,true,true","0,0,0,0",true,true,true,avx2,0,0,0.005005,268435456,5.36335e+10,18446744072986663060 stderr=
[397] S=8 R=16 run=9 mode=repeat order_index=1 exit=0 stdout=D,S,R,O_i,B_i,rows_per_worker,bytes_per_worker,mode,variant,S_tile,iterations,timed_repetitions,warmup,worker_count,worker_list,affinity,affinity_error,affinity_succeeded,timed_repetitions_exact,avx2_supported,kernel_used,eviction_bytes,eviction_checksum,elapsed_seconds,mac_total,mac_per_second,checksum
512,8,16,"128,128,128,128","65536,65536,65536,65536","128,128,128,128","65536,65536,65536,65536",repeat,A,8,1,8,2,4,"0,2,4,6","true,true,true,true","0,0,0,0",true,true,true,avx2,0,0,0.005501,268435456,4.87976e+10,18446744072986663060 stderr=
[398] S=8 R=16 run=9 mode=fused order_index=2 exit=0 stdout=D,S,R,O_i,B_i,rows_per_worker,bytes_per_worker,mode,variant,S_tile,iterations,timed_repetitions,warmup,worker_count,worker_list,affinity,affinity_error,affinity_succeeded,timed_repetitions_exact,avx2_supported,kernel_used,eviction_bytes,eviction_checksum,elapsed_seconds,mac_total,mac_per_second,checksum
512,8,16,"128,128,128,128","65536,65536,65536,65536","128,128,128,128","65536,65536,65536,65536",fused,A,8,1,8,2,4,"0,2,4,6","true,true,true,true","0,0,0,0",true,true,true,avx2,0,0,0.0027268,268435456,9.84434e+10,18446744072986663060 stderr=
[399] S=8 R=16 run=10 mode=fused order_index=1 exit=0 stdout=D,S,R,O_i,B_i,rows_per_worker,bytes_per_worker,mode,variant,S_tile,iterations,timed_repetitions,warmup,worker_count,worker_list,affinity,affinity_error,affinity_succeeded,timed_repetitions_exact,avx2_supported,kernel_used,eviction_bytes,eviction_checksum,elapsed_seconds,mac_total,mac_per_second,checksum
512,8,16,"128,128,128,128","65536,65536,65536,65536","128,128,128,128","65536,65536,65536,65536",fused,A,8,1,8,2,4,"0,2,4,6","true,true,true,true","0,0,0,0",true,true,true,avx2,0,0,0.0023024,268435456,1.16589e+11,18446744072986663060 stderr=
[400] S=8 R=16 run=10 mode=repeat order_index=2 exit=0 stdout=D,S,R,O_i,B_i,rows_per_worker,bytes_per_worker,mode,variant,S_tile,iterations,timed_repetitions,warmup,worker_count,worker_list,affinity,affinity_error,affinity_succeeded,timed_repetitions_exact,avx2_supported,kernel_used,eviction_bytes,eviction_checksum,elapsed_seconds,mac_total,mac_per_second,checksum
512,8,16,"128,128,128,128","65536,65536,65536,65536","128,128,128,128","65536,65536,65536,65536",repeat,A,8,1,8,2,4,"0,2,4,6","true,true,true,true","0,0,0,0",true,true,true,avx2,0,0,0.0051484,268435456,5.21396e+10,18446744072986663060 stderr=
[401] S=16 R=1 run=1 mode=repeat order_index=1 exit=0 stdout=D,S,R,O_i,B_i,rows_per_worker,bytes_per_worker,mode,variant,S_tile,iterations,timed_repetitions,warmup,worker_count,worker_list,affinity,affinity_error,affinity_succeeded,timed_repetitions_exact,avx2_supported,kernel_used,eviction_bytes,eviction_checksum,elapsed_seconds,mac_total,mac_per_second,checksum
512,16,1,"128,128,128,128","65536,65536,65536,65536","128,128,128,128","65536,65536,65536,65536",repeat,A,8,1,8,2,4,"0,2,4,6","true,true,true,true","0,0,0,0",true,true,true,avx2,0,0,0.0008788,33554432,3.81821e+10,18446744072355880876 stderr=
[402] S=16 R=1 run=1 mode=fused order_index=2 exit=0 stdout=D,S,R,O_i,B_i,rows_per_worker,bytes_per_worker,mode,variant,S_tile,iterations,timed_repetitions,warmup,worker_count,worker_list,affinity,affinity_error,affinity_succeeded,timed_repetitions_exact,avx2_supported,kernel_used,eviction_bytes,eviction_checksum,elapsed_seconds,mac_total,mac_per_second,checksum
512,16,1,"128,128,128,128","65536,65536,65536,65536","128,128,128,128","65536,65536,65536,65536",fused,A,8,1,8,2,4,"0,2,4,6","true,true,true,true","0,0,0,0",true,true,true,avx2,0,0,0.0003151,33554432,1.06488e+11,18446744072355880876 stderr=
[403] S=16 R=1 run=2 mode=fused order_index=1 exit=0 stdout=D,S,R,O_i,B_i,rows_per_worker,bytes_per_worker,mode,variant,S_tile,iterations,timed_repetitions,warmup,worker_count,worker_list,affinity,affinity_error,affinity_succeeded,timed_repetitions_exact,avx2_supported,kernel_used,eviction_bytes,eviction_checksum,elapsed_seconds,mac_total,mac_per_second,checksum
512,16,1,"128,128,128,128","65536,65536,65536,65536","128,128,128,128","65536,65536,65536,65536",fused,A,8,1,8,2,4,"0,2,4,6","true,true,true,true","0,0,0,0",true,true,true,avx2,0,0,0.0002809,33554432,1.19453e+11,18446744072355880876 stderr=
[404] S=16 R=1 run=2 mode=repeat order_index=2 exit=0 stdout=D,S,R,O_i,B_i,rows_per_worker,bytes_per_worker,mode,variant,S_tile,iterations,timed_repetitions,warmup,worker_count,worker_list,affinity,affinity_error,affinity_succeeded,timed_repetitions_exact,avx2_supported,kernel_used,eviction_bytes,eviction_checksum,elapsed_seconds,mac_total,mac_per_second,checksum
512,16,1,"128,128,128,128","65536,65536,65536,65536","128,128,128,128","65536,65536,65536,65536",repeat,A,8,1,8,2,4,"0,2,4,6","true,true,true,true","0,0,0,0",true,true,true,avx2,0,0,0.0005688,33554432,5.89916e+10,18446744072355880876 stderr=
[405] S=16 R=1 run=3 mode=repeat order_index=1 exit=0 stdout=D,S,R,O_i,B_i,rows_per_worker,bytes_per_worker,mode,variant,S_tile,iterations,timed_repetitions,warmup,worker_count,worker_list,affinity,affinity_error,affinity_succeeded,timed_repetitions_exact,avx2_supported,kernel_used,eviction_bytes,eviction_checksum,elapsed_seconds,mac_total,mac_per_second,checksum
512,16,1,"128,128,128,128","65536,65536,65536,65536","128,128,128,128","65536,65536,65536,65536",repeat,A,8,1,8,2,4,"0,2,4,6","true,true,true,true","0,0,0,0",true,true,true,avx2,0,0,0.0010723,33554432,3.1292e+10,18446744072355880876 stderr=
[406] S=16 R=1 run=3 mode=fused order_index=2 exit=0 stdout=D,S,R,O_i,B_i,rows_per_worker,bytes_per_worker,mode,variant,S_tile,iterations,timed_repetitions,warmup,worker_count,worker_list,affinity,affinity_error,affinity_succeeded,timed_repetitions_exact,avx2_supported,kernel_used,eviction_bytes,eviction_checksum,elapsed_seconds,mac_total,mac_per_second,checksum
512,16,1,"128,128,128,128","65536,65536,65536,65536","128,128,128,128","65536,65536,65536,65536",fused,A,8,1,8,2,4,"0,2,4,6","true,true,true,true","0,0,0,0",true,true,true,avx2,0,0,0.0003761,33554432,8.92168e+10,18446744072355880876 stderr=
[407] S=16 R=1 run=4 mode=fused order_index=1 exit=0 stdout=D,S,R,O_i,B_i,rows_per_worker,bytes_per_worker,mode,variant,S_tile,iterations,timed_repetitions,warmup,worker_count,worker_list,affinity,affinity_error,affinity_succeeded,timed_repetitions_exact,avx2_supported,kernel_used,eviction_bytes,eviction_checksum,elapsed_seconds,mac_total,mac_per_second,checksum
512,16,1,"128,128,128,128","65536,65536,65536,65536","128,128,128,128","65536,65536,65536,65536",fused,A,8,1,8,2,4,"0,2,4,6","true,true,true,true","0,0,0,0",true,true,true,avx2,0,0,0.0002556,33554432,1.31277e+11,18446744072355880876 stderr=
[408] S=16 R=1 run=4 mode=repeat order_index=2 exit=0 stdout=D,S,R,O_i,B_i,rows_per_worker,bytes_per_worker,mode,variant,S_tile,iterations,timed_repetitions,warmup,worker_count,worker_list,affinity,affinity_error,affinity_succeeded,timed_repetitions_exact,avx2_supported,kernel_used,eviction_bytes,eviction_checksum,elapsed_seconds,mac_total,mac_per_second,checksum
512,16,1,"128,128,128,128","65536,65536,65536,65536","128,128,128,128","65536,65536,65536,65536",repeat,A,8,1,8,2,4,"0,2,4,6","true,true,true,true","0,0,0,0",true,true,true,avx2,0,0,0.000571,33554432,5.87643e+10,18446744072355880876 stderr=
[409] S=16 R=1 run=5 mode=repeat order_index=1 exit=0 stdout=D,S,R,O_i,B_i,rows_per_worker,bytes_per_worker,mode,variant,S_tile,iterations,timed_repetitions,warmup,worker_count,worker_list,affinity,affinity_error,affinity_succeeded,timed_repetitions_exact,avx2_supported,kernel_used,eviction_bytes,eviction_checksum,elapsed_seconds,mac_total,mac_per_second,checksum
512,16,1,"128,128,128,128","65536,65536,65536,65536","128,128,128,128","65536,65536,65536,65536",repeat,A,8,1,8,2,4,"0,2,4,6","true,true,true,true","0,0,0,0",true,true,true,avx2,0,0,0.0009593,33554432,3.4978e+10,18446744072355880876 stderr=
[410] S=16 R=1 run=5 mode=fused order_index=2 exit=0 stdout=D,S,R,O_i,B_i,rows_per_worker,bytes_per_worker,mode,variant,S_tile,iterations,timed_repetitions,warmup,worker_count,worker_list,affinity,affinity_error,affinity_succeeded,timed_repetitions_exact,avx2_supported,kernel_used,eviction_bytes,eviction_checksum,elapsed_seconds,mac_total,mac_per_second,checksum
512,16,1,"128,128,128,128","65536,65536,65536,65536","128,128,128,128","65536,65536,65536,65536",fused,A,8,1,8,2,4,"0,2,4,6","true,true,true,true","0,0,0,0",true,true,true,avx2,0,0,0.0007445,33554432,4.50698e+10,18446744072355880876 stderr=
[411] S=16 R=1 run=6 mode=fused order_index=1 exit=0 stdout=D,S,R,O_i,B_i,rows_per_worker,bytes_per_worker,mode,variant,S_tile,iterations,timed_repetitions,warmup,worker_count,worker_list,affinity,affinity_error,affinity_succeeded,timed_repetitions_exact,avx2_supported,kernel_used,eviction_bytes,eviction_checksum,elapsed_seconds,mac_total,mac_per_second,checksum
512,16,1,"128,128,128,128","65536,65536,65536,65536","128,128,128,128","65536,65536,65536,65536",fused,A,8,1,8,2,4,"0,2,4,6","true,true,true,true","0,0,0,0",true,true,true,avx2,0,0,0.0002692,33554432,1.24645e+11,18446744072355880876 stderr=
[412] S=16 R=1 run=6 mode=repeat order_index=2 exit=0 stdout=D,S,R,O_i,B_i,rows_per_worker,bytes_per_worker,mode,variant,S_tile,iterations,timed_repetitions,warmup,worker_count,worker_list,affinity,affinity_error,affinity_succeeded,timed_repetitions_exact,avx2_supported,kernel_used,eviction_bytes,eviction_checksum,elapsed_seconds,mac_total,mac_per_second,checksum
512,16,1,"128,128,128,128","65536,65536,65536,65536","128,128,128,128","65536,65536,65536,65536",repeat,A,8,1,8,2,4,"0,2,4,6","true,true,true,true","0,0,0,0",true,true,true,avx2,0,0,0.0005917,33554432,5.67085e+10,18446744072355880876 stderr=
[413] S=16 R=1 run=7 mode=repeat order_index=1 exit=0 stdout=D,S,R,O_i,B_i,rows_per_worker,bytes_per_worker,mode,variant,S_tile,iterations,timed_repetitions,warmup,worker_count,worker_list,affinity,affinity_error,affinity_succeeded,timed_repetitions_exact,avx2_supported,kernel_used,eviction_bytes,eviction_checksum,elapsed_seconds,mac_total,mac_per_second,checksum
512,16,1,"128,128,128,128","65536,65536,65536,65536","128,128,128,128","65536,65536,65536,65536",repeat,A,8,1,8,2,4,"0,2,4,6","true,true,true,true","0,0,0,0",true,true,true,avx2,0,0,0.0007999,33554432,4.19483e+10,18446744072355880876 stderr=
[414] S=16 R=1 run=7 mode=fused order_index=2 exit=0 stdout=D,S,R,O_i,B_i,rows_per_worker,bytes_per_worker,mode,variant,S_tile,iterations,timed_repetitions,warmup,worker_count,worker_list,affinity,affinity_error,affinity_succeeded,timed_repetitions_exact,avx2_supported,kernel_used,eviction_bytes,eviction_checksum,elapsed_seconds,mac_total,mac_per_second,checksum
512,16,1,"128,128,128,128","65536,65536,65536,65536","128,128,128,128","65536,65536,65536,65536",fused,A,8,1,8,2,4,"0,2,4,6","true,true,true,true","0,0,0,0",true,true,true,avx2,0,0,0.0002773,33554432,1.21004e+11,18446744072355880876 stderr=
[415] S=16 R=1 run=8 mode=fused order_index=1 exit=0 stdout=D,S,R,O_i,B_i,rows_per_worker,bytes_per_worker,mode,variant,S_tile,iterations,timed_repetitions,warmup,worker_count,worker_list,affinity,affinity_error,affinity_succeeded,timed_repetitions_exact,avx2_supported,kernel_used,eviction_bytes,eviction_checksum,elapsed_seconds,mac_total,mac_per_second,checksum
512,16,1,"128,128,128,128","65536,65536,65536,65536","128,128,128,128","65536,65536,65536,65536",fused,A,8,1,8,2,4,"0,2,4,6","true,true,true,true","0,0,0,0",true,true,true,avx2,0,0,0.0002792,33554432,1.20181e+11,18446744072355880876 stderr=
[416] S=16 R=1 run=8 mode=repeat order_index=2 exit=0 stdout=D,S,R,O_i,B_i,rows_per_worker,bytes_per_worker,mode,variant,S_tile,iterations,timed_repetitions,warmup,worker_count,worker_list,affinity,affinity_error,affinity_succeeded,timed_repetitions_exact,avx2_supported,kernel_used,eviction_bytes,eviction_checksum,elapsed_seconds,mac_total,mac_per_second,checksum
512,16,1,"128,128,128,128","65536,65536,65536,65536","128,128,128,128","65536,65536,65536,65536",repeat,A,8,1,8,2,4,"0,2,4,6","true,true,true,true","0,0,0,0",true,true,true,avx2,0,0,0.0006583,33554432,5.09713e+10,18446744072355880876 stderr=
[417] S=16 R=1 run=9 mode=repeat order_index=1 exit=0 stdout=D,S,R,O_i,B_i,rows_per_worker,bytes_per_worker,mode,variant,S_tile,iterations,timed_repetitions,warmup,worker_count,worker_list,affinity,affinity_error,affinity_succeeded,timed_repetitions_exact,avx2_supported,kernel_used,eviction_bytes,eviction_checksum,elapsed_seconds,mac_total,mac_per_second,checksum
512,16,1,"128,128,128,128","65536,65536,65536,65536","128,128,128,128","65536,65536,65536,65536",repeat,A,8,1,8,2,4,"0,2,4,6","true,true,true,true","0,0,0,0",true,true,true,avx2,0,0,0.0005672,33554432,5.9158e+10,18446744072355880876 stderr=
[418] S=16 R=1 run=9 mode=fused order_index=2 exit=0 stdout=D,S,R,O_i,B_i,rows_per_worker,bytes_per_worker,mode,variant,S_tile,iterations,timed_repetitions,warmup,worker_count,worker_list,affinity,affinity_error,affinity_succeeded,timed_repetitions_exact,avx2_supported,kernel_used,eviction_bytes,eviction_checksum,elapsed_seconds,mac_total,mac_per_second,checksum
512,16,1,"128,128,128,128","65536,65536,65536,65536","128,128,128,128","65536,65536,65536,65536",fused,A,8,1,8,2,4,"0,2,4,6","true,true,true,true","0,0,0,0",true,true,true,avx2,0,0,0.0004181,33554432,8.02546e+10,18446744072355880876 stderr=
[419] S=16 R=1 run=10 mode=fused order_index=1 exit=0 stdout=D,S,R,O_i,B_i,rows_per_worker,bytes_per_worker,mode,variant,S_tile,iterations,timed_repetitions,warmup,worker_count,worker_list,affinity,affinity_error,affinity_succeeded,timed_repetitions_exact,avx2_supported,kernel_used,eviction_bytes,eviction_checksum,elapsed_seconds,mac_total,mac_per_second,checksum
512,16,1,"128,128,128,128","65536,65536,65536,65536","128,128,128,128","65536,65536,65536,65536",fused,A,8,1,8,2,4,"0,2,4,6","true,true,true,true","0,0,0,0",true,true,true,avx2,0,0,0.0003163,33554432,1.06084e+11,18446744072355880876 stderr=
[420] S=16 R=1 run=10 mode=repeat order_index=2 exit=0 stdout=D,S,R,O_i,B_i,rows_per_worker,bytes_per_worker,mode,variant,S_tile,iterations,timed_repetitions,warmup,worker_count,worker_list,affinity,affinity_error,affinity_succeeded,timed_repetitions_exact,avx2_supported,kernel_used,eviction_bytes,eviction_checksum,elapsed_seconds,mac_total,mac_per_second,checksum
512,16,1,"128,128,128,128","65536,65536,65536,65536","128,128,128,128","65536,65536,65536,65536",repeat,A,8,1,8,2,4,"0,2,4,6","true,true,true,true","0,0,0,0",true,true,true,avx2,0,0,0.0007865,33554432,4.2663e+10,18446744072355880876 stderr=
[421] S=16 R=2 run=1 mode=repeat order_index=1 exit=0 stdout=D,S,R,O_i,B_i,rows_per_worker,bytes_per_worker,mode,variant,S_tile,iterations,timed_repetitions,warmup,worker_count,worker_list,affinity,affinity_error,affinity_succeeded,timed_repetitions_exact,avx2_supported,kernel_used,eviction_bytes,eviction_checksum,elapsed_seconds,mac_total,mac_per_second,checksum
512,16,2,"128,128,128,128","65536,65536,65536,65536","128,128,128,128","65536,65536,65536,65536",repeat,A,8,1,8,2,4,"0,2,4,6","true,true,true,true","0,0,0,0",true,true,true,avx2,0,0,0.0020494,67108864,3.27456e+10,18446744072355880876 stderr=
[422] S=16 R=2 run=1 mode=fused order_index=2 exit=0 stdout=D,S,R,O_i,B_i,rows_per_worker,bytes_per_worker,mode,variant,S_tile,iterations,timed_repetitions,warmup,worker_count,worker_list,affinity,affinity_error,affinity_succeeded,timed_repetitions_exact,avx2_supported,kernel_used,eviction_bytes,eviction_checksum,elapsed_seconds,mac_total,mac_per_second,checksum
512,16,2,"128,128,128,128","65536,65536,65536,65536","128,128,128,128","65536,65536,65536,65536",fused,A,8,1,8,2,4,"0,2,4,6","true,true,true,true","0,0,0,0",true,true,true,avx2,0,0,0.0008966,67108864,7.48482e+10,18446744072355880876 stderr=
[423] S=16 R=2 run=2 mode=fused order_index=1 exit=0 stdout=D,S,R,O_i,B_i,rows_per_worker,bytes_per_worker,mode,variant,S_tile,iterations,timed_repetitions,warmup,worker_count,worker_list,affinity,affinity_error,affinity_succeeded,timed_repetitions_exact,avx2_supported,kernel_used,eviction_bytes,eviction_checksum,elapsed_seconds,mac_total,mac_per_second,checksum
512,16,2,"128,128,128,128","65536,65536,65536,65536","128,128,128,128","65536,65536,65536,65536",fused,A,8,1,8,2,4,"0,2,4,6","true,true,true,true","0,0,0,0",true,true,true,avx2,0,0,0.0008636,67108864,7.77083e+10,18446744072355880876 stderr=
[424] S=16 R=2 run=2 mode=repeat order_index=2 exit=0 stdout=D,S,R,O_i,B_i,rows_per_worker,bytes_per_worker,mode,variant,S_tile,iterations,timed_repetitions,warmup,worker_count,worker_list,affinity,affinity_error,affinity_succeeded,timed_repetitions_exact,avx2_supported,kernel_used,eviction_bytes,eviction_checksum,elapsed_seconds,mac_total,mac_per_second,checksum
512,16,2,"128,128,128,128","65536,65536,65536,65536","128,128,128,128","65536,65536,65536,65536",repeat,A,8,1,8,2,4,"0,2,4,6","true,true,true,true","0,0,0,0",true,true,true,avx2,0,0,0.002098,67108864,3.19871e+10,18446744072355880876 stderr=
[425] S=16 R=2 run=3 mode=repeat order_index=1 exit=0 stdout=D,S,R,O_i,B_i,rows_per_worker,bytes_per_worker,mode,variant,S_tile,iterations,timed_repetitions,warmup,worker_count,worker_list,affinity,affinity_error,affinity_succeeded,timed_repetitions_exact,avx2_supported,kernel_used,eviction_bytes,eviction_checksum,elapsed_seconds,mac_total,mac_per_second,checksum
512,16,2,"128,128,128,128","65536,65536,65536,65536","128,128,128,128","65536,65536,65536,65536",repeat,A,8,1,8,2,4,"0,2,4,6","true,true,true,true","0,0,0,0",true,true,true,avx2,0,0,0.002418,67108864,2.77539e+10,18446744072355880876 stderr=
[426] S=16 R=2 run=3 mode=fused order_index=2 exit=0 stdout=D,S,R,O_i,B_i,rows_per_worker,bytes_per_worker,mode,variant,S_tile,iterations,timed_repetitions,warmup,worker_count,worker_list,affinity,affinity_error,affinity_succeeded,timed_repetitions_exact,avx2_supported,kernel_used,eviction_bytes,eviction_checksum,elapsed_seconds,mac_total,mac_per_second,checksum
512,16,2,"128,128,128,128","65536,65536,65536,65536","128,128,128,128","65536,65536,65536,65536",fused,A,8,1,8,2,4,"0,2,4,6","true,true,true,true","0,0,0,0",true,true,true,avx2,0,0,0.0008788,67108864,7.63642e+10,18446744072355880876 stderr=
[427] S=16 R=2 run=4 mode=fused order_index=1 exit=0 stdout=D,S,R,O_i,B_i,rows_per_worker,bytes_per_worker,mode,variant,S_tile,iterations,timed_repetitions,warmup,worker_count,worker_list,affinity,affinity_error,affinity_succeeded,timed_repetitions_exact,avx2_supported,kernel_used,eviction_bytes,eviction_checksum,elapsed_seconds,mac_total,mac_per_second,checksum
512,16,2,"128,128,128,128","65536,65536,65536,65536","128,128,128,128","65536,65536,65536,65536",fused,A,8,1,8,2,4,"0,2,4,6","true,true,true,true","0,0,0,0",true,true,true,avx2,0,0,0.0008829,67108864,7.60096e+10,18446744072355880876 stderr=
[428] S=16 R=2 run=4 mode=repeat order_index=2 exit=0 stdout=D,S,R,O_i,B_i,rows_per_worker,bytes_per_worker,mode,variant,S_tile,iterations,timed_repetitions,warmup,worker_count,worker_list,affinity,affinity_error,affinity_succeeded,timed_repetitions_exact,avx2_supported,kernel_used,eviction_bytes,eviction_checksum,elapsed_seconds,mac_total,mac_per_second,checksum
512,16,2,"128,128,128,128","65536,65536,65536,65536","128,128,128,128","65536,65536,65536,65536",repeat,A,8,1,8,2,4,"0,2,4,6","true,true,true,true","0,0,0,0",true,true,true,avx2,0,0,0.0019611,67108864,3.422e+10,18446744072355880876 stderr=
[429] S=16 R=2 run=5 mode=repeat order_index=1 exit=0 stdout=D,S,R,O_i,B_i,rows_per_worker,bytes_per_worker,mode,variant,S_tile,iterations,timed_repetitions,warmup,worker_count,worker_list,affinity,affinity_error,affinity_succeeded,timed_repetitions_exact,avx2_supported,kernel_used,eviction_bytes,eviction_checksum,elapsed_seconds,mac_total,mac_per_second,checksum
512,16,2,"128,128,128,128","65536,65536,65536,65536","128,128,128,128","65536,65536,65536,65536",repeat,A,8,1,8,2,4,"0,2,4,6","true,true,true,true","0,0,0,0",true,true,true,avx2,0,0,0.0021573,67108864,3.11078e+10,18446744072355880876 stderr=
[430] S=16 R=2 run=5 mode=fused order_index=2 exit=0 stdout=D,S,R,O_i,B_i,rows_per_worker,bytes_per_worker,mode,variant,S_tile,iterations,timed_repetitions,warmup,worker_count,worker_list,affinity,affinity_error,affinity_succeeded,timed_repetitions_exact,avx2_supported,kernel_used,eviction_bytes,eviction_checksum,elapsed_seconds,mac_total,mac_per_second,checksum
512,16,2,"128,128,128,128","65536,65536,65536,65536","128,128,128,128","65536,65536,65536,65536",fused,A,8,1,8,2,4,"0,2,4,6","true,true,true,true","0,0,0,0",true,true,true,avx2,0,0,0.0007604,67108864,8.82547e+10,18446744072355880876 stderr=
[431] S=16 R=2 run=6 mode=fused order_index=1 exit=0 stdout=D,S,R,O_i,B_i,rows_per_worker,bytes_per_worker,mode,variant,S_tile,iterations,timed_repetitions,warmup,worker_count,worker_list,affinity,affinity_error,affinity_succeeded,timed_repetitions_exact,avx2_supported,kernel_used,eviction_bytes,eviction_checksum,elapsed_seconds,mac_total,mac_per_second,checksum
512,16,2,"128,128,128,128","65536,65536,65536,65536","128,128,128,128","65536,65536,65536,65536",fused,A,8,1,8,2,4,"0,2,4,6","true,true,true,true","0,0,0,0",true,true,true,avx2,0,0,0.0007884,67108864,8.51203e+10,18446744072355880876 stderr=
[432] S=16 R=2 run=6 mode=repeat order_index=2 exit=0 stdout=D,S,R,O_i,B_i,rows_per_worker,bytes_per_worker,mode,variant,S_tile,iterations,timed_repetitions,warmup,worker_count,worker_list,affinity,affinity_error,affinity_succeeded,timed_repetitions_exact,avx2_supported,kernel_used,eviction_bytes,eviction_checksum,elapsed_seconds,mac_total,mac_per_second,checksum
512,16,2,"128,128,128,128","65536,65536,65536,65536","128,128,128,128","65536,65536,65536,65536",repeat,A,8,1,8,2,4,"0,2,4,6","true,true,true,true","0,0,0,0",true,true,true,avx2,0,0,0.0021262,67108864,3.15628e+10,18446744072355880876 stderr=
[433] S=16 R=2 run=7 mode=repeat order_index=1 exit=0 stdout=D,S,R,O_i,B_i,rows_per_worker,bytes_per_worker,mode,variant,S_tile,iterations,timed_repetitions,warmup,worker_count,worker_list,affinity,affinity_error,affinity_succeeded,timed_repetitions_exact,avx2_supported,kernel_used,eviction_bytes,eviction_checksum,elapsed_seconds,mac_total,mac_per_second,checksum
512,16,2,"128,128,128,128","65536,65536,65536,65536","128,128,128,128","65536,65536,65536,65536",repeat,A,8,1,8,2,4,"0,2,4,6","true,true,true,true","0,0,0,0",true,true,true,avx2,0,0,0.0020572,67108864,3.26215e+10,18446744072355880876 stderr=
[434] S=16 R=2 run=7 mode=fused order_index=2 exit=0 stdout=D,S,R,O_i,B_i,rows_per_worker,bytes_per_worker,mode,variant,S_tile,iterations,timed_repetitions,warmup,worker_count,worker_list,affinity,affinity_error,affinity_succeeded,timed_repetitions_exact,avx2_supported,kernel_used,eviction_bytes,eviction_checksum,elapsed_seconds,mac_total,mac_per_second,checksum
512,16,2,"128,128,128,128","65536,65536,65536,65536","128,128,128,128","65536,65536,65536,65536",fused,A,8,1,8,2,4,"0,2,4,6","true,true,true,true","0,0,0,0",true,true,true,avx2,0,0,0.0008647,67108864,7.76094e+10,18446744072355880876 stderr=
[435] S=16 R=2 run=8 mode=fused order_index=1 exit=0 stdout=D,S,R,O_i,B_i,rows_per_worker,bytes_per_worker,mode,variant,S_tile,iterations,timed_repetitions,warmup,worker_count,worker_list,affinity,affinity_error,affinity_succeeded,timed_repetitions_exact,avx2_supported,kernel_used,eviction_bytes,eviction_checksum,elapsed_seconds,mac_total,mac_per_second,checksum
512,16,2,"128,128,128,128","65536,65536,65536,65536","128,128,128,128","65536,65536,65536,65536",fused,A,8,1,8,2,4,"0,2,4,6","true,true,true,true","0,0,0,0",true,true,true,avx2,0,0,0.0008578,67108864,7.82337e+10,18446744072355880876 stderr=
[436] S=16 R=2 run=8 mode=repeat order_index=2 exit=0 stdout=D,S,R,O_i,B_i,rows_per_worker,bytes_per_worker,mode,variant,S_tile,iterations,timed_repetitions,warmup,worker_count,worker_list,affinity,affinity_error,affinity_succeeded,timed_repetitions_exact,avx2_supported,kernel_used,eviction_bytes,eviction_checksum,elapsed_seconds,mac_total,mac_per_second,checksum
512,16,2,"128,128,128,128","65536,65536,65536,65536","128,128,128,128","65536,65536,65536,65536",repeat,A,8,1,8,2,4,"0,2,4,6","true,true,true,true","0,0,0,0",true,true,true,avx2,0,0,0.0022928,67108864,2.92694e+10,18446744072355880876 stderr=
[437] S=16 R=2 run=9 mode=repeat order_index=1 exit=0 stdout=D,S,R,O_i,B_i,rows_per_worker,bytes_per_worker,mode,variant,S_tile,iterations,timed_repetitions,warmup,worker_count,worker_list,affinity,affinity_error,affinity_succeeded,timed_repetitions_exact,avx2_supported,kernel_used,eviction_bytes,eviction_checksum,elapsed_seconds,mac_total,mac_per_second,checksum
512,16,2,"128,128,128,128","65536,65536,65536,65536","128,128,128,128","65536,65536,65536,65536",repeat,A,8,1,8,2,4,"0,2,4,6","true,true,true,true","0,0,0,0",true,true,true,avx2,0,0,0.0021406,67108864,3.13505e+10,18446744072355880876 stderr=
[438] S=16 R=2 run=9 mode=fused order_index=2 exit=0 stdout=D,S,R,O_i,B_i,rows_per_worker,bytes_per_worker,mode,variant,S_tile,iterations,timed_repetitions,warmup,worker_count,worker_list,affinity,affinity_error,affinity_succeeded,timed_repetitions_exact,avx2_supported,kernel_used,eviction_bytes,eviction_checksum,elapsed_seconds,mac_total,mac_per_second,checksum
512,16,2,"128,128,128,128","65536,65536,65536,65536","128,128,128,128","65536,65536,65536,65536",fused,A,8,1,8,2,4,"0,2,4,6","true,true,true,true","0,0,0,0",true,true,true,avx2,0,0,0.0008524,67108864,7.87293e+10,18446744072355880876 stderr=
[439] S=16 R=2 run=10 mode=fused order_index=1 exit=0 stdout=D,S,R,O_i,B_i,rows_per_worker,bytes_per_worker,mode,variant,S_tile,iterations,timed_repetitions,warmup,worker_count,worker_list,affinity,affinity_error,affinity_succeeded,timed_repetitions_exact,avx2_supported,kernel_used,eviction_bytes,eviction_checksum,elapsed_seconds,mac_total,mac_per_second,checksum
512,16,2,"128,128,128,128","65536,65536,65536,65536","128,128,128,128","65536,65536,65536,65536",fused,A,8,1,8,2,4,"0,2,4,6","true,true,true,true","0,0,0,0",true,true,true,avx2,0,0,0.0008519,67108864,7.87755e+10,18446744072355880876 stderr=
[440] S=16 R=2 run=10 mode=repeat order_index=2 exit=0 stdout=D,S,R,O_i,B_i,rows_per_worker,bytes_per_worker,mode,variant,S_tile,iterations,timed_repetitions,warmup,worker_count,worker_list,affinity,affinity_error,affinity_succeeded,timed_repetitions_exact,avx2_supported,kernel_used,eviction_bytes,eviction_checksum,elapsed_seconds,mac_total,mac_per_second,checksum
512,16,2,"128,128,128,128","65536,65536,65536,65536","128,128,128,128","65536,65536,65536,65536",repeat,A,8,1,8,2,4,"0,2,4,6","true,true,true,true","0,0,0,0",true,true,true,avx2,0,0,0.0022773,67108864,2.94686e+10,18446744072355880876 stderr=
[441] S=16 R=4 run=1 mode=repeat order_index=1 exit=0 stdout=D,S,R,O_i,B_i,rows_per_worker,bytes_per_worker,mode,variant,S_tile,iterations,timed_repetitions,warmup,worker_count,worker_list,affinity,affinity_error,affinity_succeeded,timed_repetitions_exact,avx2_supported,kernel_used,eviction_bytes,eviction_checksum,elapsed_seconds,mac_total,mac_per_second,checksum
512,16,4,"128,128,128,128","65536,65536,65536,65536","128,128,128,128","65536,65536,65536,65536",repeat,A,8,1,8,2,4,"0,2,4,6","true,true,true,true","0,0,0,0",true,true,true,avx2,0,0,0.0055723,134217728,2.40866e+10,18446744072355880876 stderr=
[442] S=16 R=4 run=1 mode=fused order_index=2 exit=0 stdout=D,S,R,O_i,B_i,rows_per_worker,bytes_per_worker,mode,variant,S_tile,iterations,timed_repetitions,warmup,worker_count,worker_list,affinity,affinity_error,affinity_succeeded,timed_repetitions_exact,avx2_supported,kernel_used,eviction_bytes,eviction_checksum,elapsed_seconds,mac_total,mac_per_second,checksum
512,16,4,"128,128,128,128","65536,65536,65536,65536","128,128,128,128","65536,65536,65536,65536",fused,A,8,1,8,2,4,"0,2,4,6","true,true,true,true","0,0,0,0",true,true,true,avx2,0,0,0.0016971,134217728,7.90865e+10,18446744072355880876 stderr=
[443] S=16 R=4 run=2 mode=fused order_index=1 exit=0 stdout=D,S,R,O_i,B_i,rows_per_worker,bytes_per_worker,mode,variant,S_tile,iterations,timed_repetitions,warmup,worker_count,worker_list,affinity,affinity_error,affinity_succeeded,timed_repetitions_exact,avx2_supported,kernel_used,eviction_bytes,eviction_checksum,elapsed_seconds,mac_total,mac_per_second,checksum
512,16,4,"128,128,128,128","65536,65536,65536,65536","128,128,128,128","65536,65536,65536,65536",fused,A,8,1,8,2,4,"0,2,4,6","true,true,true,true","0,0,0,0",true,true,true,avx2,0,0,0.0017758,134217728,7.55816e+10,18446744072355880876 stderr=
[444] S=16 R=4 run=2 mode=repeat order_index=2 exit=0 stdout=D,S,R,O_i,B_i,rows_per_worker,bytes_per_worker,mode,variant,S_tile,iterations,timed_repetitions,warmup,worker_count,worker_list,affinity,affinity_error,affinity_succeeded,timed_repetitions_exact,avx2_supported,kernel_used,eviction_bytes,eviction_checksum,elapsed_seconds,mac_total,mac_per_second,checksum
512,16,4,"128,128,128,128","65536,65536,65536,65536","128,128,128,128","65536,65536,65536,65536",repeat,A,8,1,8,2,4,"0,2,4,6","true,true,true,true","0,0,0,0",true,true,true,avx2,0,0,0.0037129,134217728,3.6149e+10,18446744072355880876 stderr=
[445] S=16 R=4 run=3 mode=repeat order_index=1 exit=0 stdout=D,S,R,O_i,B_i,rows_per_worker,bytes_per_worker,mode,variant,S_tile,iterations,timed_repetitions,warmup,worker_count,worker_list,affinity,affinity_error,affinity_succeeded,timed_repetitions_exact,avx2_supported,kernel_used,eviction_bytes,eviction_checksum,elapsed_seconds,mac_total,mac_per_second,checksum
512,16,4,"128,128,128,128","65536,65536,65536,65536","128,128,128,128","65536,65536,65536,65536",repeat,A,8,1,8,2,4,"0,2,4,6","true,true,true,true","0,0,0,0",true,true,true,avx2,0,0,0.0039808,134217728,3.37163e+10,18446744072355880876 stderr=
[446] S=16 R=4 run=3 mode=fused order_index=2 exit=0 stdout=D,S,R,O_i,B_i,rows_per_worker,bytes_per_worker,mode,variant,S_tile,iterations,timed_repetitions,warmup,worker_count,worker_list,affinity,affinity_error,affinity_succeeded,timed_repetitions_exact,avx2_supported,kernel_used,eviction_bytes,eviction_checksum,elapsed_seconds,mac_total,mac_per_second,checksum
512,16,4,"128,128,128,128","65536,65536,65536,65536","128,128,128,128","65536,65536,65536,65536",fused,A,8,1,8,2,4,"0,2,4,6","true,true,true,true","0,0,0,0",true,true,true,avx2,0,0,0.0019785,134217728,6.78381e+10,18446744072355880876 stderr=
[447] S=16 R=4 run=4 mode=fused order_index=1 exit=0 stdout=D,S,R,O_i,B_i,rows_per_worker,bytes_per_worker,mode,variant,S_tile,iterations,timed_repetitions,warmup,worker_count,worker_list,affinity,affinity_error,affinity_succeeded,timed_repetitions_exact,avx2_supported,kernel_used,eviction_bytes,eviction_checksum,elapsed_seconds,mac_total,mac_per_second,checksum
512,16,4,"128,128,128,128","65536,65536,65536,65536","128,128,128,128","65536,65536,65536,65536",fused,A,8,1,8,2,4,"0,2,4,6","true,true,true,true","0,0,0,0",true,true,true,avx2,0,0,0.0018385,134217728,7.30039e+10,18446744072355880876 stderr=
[448] S=16 R=4 run=4 mode=repeat order_index=2 exit=0 stdout=D,S,R,O_i,B_i,rows_per_worker,bytes_per_worker,mode,variant,S_tile,iterations,timed_repetitions,warmup,worker_count,worker_list,affinity,affinity_error,affinity_succeeded,timed_repetitions_exact,avx2_supported,kernel_used,eviction_bytes,eviction_checksum,elapsed_seconds,mac_total,mac_per_second,checksum
512,16,4,"128,128,128,128","65536,65536,65536,65536","128,128,128,128","65536,65536,65536,65536",repeat,A,8,1,8,2,4,"0,2,4,6","true,true,true,true","0,0,0,0",true,true,true,avx2,0,0,0.0033208,134217728,4.04173e+10,18446744072355880876 stderr=
[449] S=16 R=4 run=5 mode=repeat order_index=1 exit=0 stdout=D,S,R,O_i,B_i,rows_per_worker,bytes_per_worker,mode,variant,S_tile,iterations,timed_repetitions,warmup,worker_count,worker_list,affinity,affinity_error,affinity_succeeded,timed_repetitions_exact,avx2_supported,kernel_used,eviction_bytes,eviction_checksum,elapsed_seconds,mac_total,mac_per_second,checksum
512,16,4,"128,128,128,128","65536,65536,65536,65536","128,128,128,128","65536,65536,65536,65536",repeat,A,8,1,8,2,4,"0,2,4,6","true,true,true,true","0,0,0,0",true,true,true,avx2,0,0,0.0040662,134217728,3.30081e+10,18446744072355880876 stderr=
[450] S=16 R=4 run=5 mode=fused order_index=2 exit=0 stdout=D,S,R,O_i,B_i,rows_per_worker,bytes_per_worker,mode,variant,S_tile,iterations,timed_repetitions,warmup,worker_count,worker_list,affinity,affinity_error,affinity_succeeded,timed_repetitions_exact,avx2_supported,kernel_used,eviction_bytes,eviction_checksum,elapsed_seconds,mac_total,mac_per_second,checksum
512,16,4,"128,128,128,128","65536,65536,65536,65536","128,128,128,128","65536,65536,65536,65536",fused,A,8,1,8,2,4,"0,2,4,6","true,true,true,true","0,0,0,0",true,true,true,avx2,0,0,0.0016089,134217728,8.3422e+10,18446744072355880876 stderr=
[451] S=16 R=4 run=6 mode=fused order_index=1 exit=0 stdout=D,S,R,O_i,B_i,rows_per_worker,bytes_per_worker,mode,variant,S_tile,iterations,timed_repetitions,warmup,worker_count,worker_list,affinity,affinity_error,affinity_succeeded,timed_repetitions_exact,avx2_supported,kernel_used,eviction_bytes,eviction_checksum,elapsed_seconds,mac_total,mac_per_second,checksum
512,16,4,"128,128,128,128","65536,65536,65536,65536","128,128,128,128","65536,65536,65536,65536",fused,A,8,1,8,2,4,"0,2,4,6","true,true,true,true","0,0,0,0",true,true,true,avx2,0,0,0.0010184,134217728,1.31793e+11,18446744072355880876 stderr=
[452] S=16 R=4 run=6 mode=repeat order_index=2 exit=0 stdout=D,S,R,O_i,B_i,rows_per_worker,bytes_per_worker,mode,variant,S_tile,iterations,timed_repetitions,warmup,worker_count,worker_list,affinity,affinity_error,affinity_succeeded,timed_repetitions_exact,avx2_supported,kernel_used,eviction_bytes,eviction_checksum,elapsed_seconds,mac_total,mac_per_second,checksum
512,16,4,"128,128,128,128","65536,65536,65536,65536","128,128,128,128","65536,65536,65536,65536",repeat,A,8,1,8,2,4,"0,2,4,6","true,true,true,true","0,0,0,0",true,true,true,avx2,0,0,0.0022849,134217728,5.87412e+10,18446744072355880876 stderr=
[453] S=16 R=4 run=7 mode=repeat order_index=1 exit=0 stdout=D,S,R,O_i,B_i,rows_per_worker,bytes_per_worker,mode,variant,S_tile,iterations,timed_repetitions,warmup,worker_count,worker_list,affinity,affinity_error,affinity_succeeded,timed_repetitions_exact,avx2_supported,kernel_used,eviction_bytes,eviction_checksum,elapsed_seconds,mac_total,mac_per_second,checksum
512,16,4,"128,128,128,128","65536,65536,65536,65536","128,128,128,128","65536,65536,65536,65536",repeat,A,8,1,8,2,4,"0,2,4,6","true,true,true,true","0,0,0,0",true,true,true,avx2,0,0,0.0034792,134217728,3.85772e+10,18446744072355880876 stderr=
[454] S=16 R=4 run=7 mode=fused order_index=2 exit=0 stdout=D,S,R,O_i,B_i,rows_per_worker,bytes_per_worker,mode,variant,S_tile,iterations,timed_repetitions,warmup,worker_count,worker_list,affinity,affinity_error,affinity_succeeded,timed_repetitions_exact,avx2_supported,kernel_used,eviction_bytes,eviction_checksum,elapsed_seconds,mac_total,mac_per_second,checksum
512,16,4,"128,128,128,128","65536,65536,65536,65536","128,128,128,128","65536,65536,65536,65536",fused,A,8,1,8,2,4,"0,2,4,6","true,true,true,true","0,0,0,0",true,true,true,avx2,0,0,0.0010032,134217728,1.3379e+11,18446744072355880876 stderr=
[455] S=16 R=4 run=8 mode=fused order_index=1 exit=0 stdout=D,S,R,O_i,B_i,rows_per_worker,bytes_per_worker,mode,variant,S_tile,iterations,timed_repetitions,warmup,worker_count,worker_list,affinity,affinity_error,affinity_succeeded,timed_repetitions_exact,avx2_supported,kernel_used,eviction_bytes,eviction_checksum,elapsed_seconds,mac_total,mac_per_second,checksum
512,16,4,"128,128,128,128","65536,65536,65536,65536","128,128,128,128","65536,65536,65536,65536",fused,A,8,1,8,2,4,"0,2,4,6","true,true,true,true","0,0,0,0",true,true,true,avx2,0,0,0.0010107,134217728,1.32797e+11,18446744072355880876 stderr=
[456] S=16 R=4 run=8 mode=repeat order_index=2 exit=0 stdout=D,S,R,O_i,B_i,rows_per_worker,bytes_per_worker,mode,variant,S_tile,iterations,timed_repetitions,warmup,worker_count,worker_list,affinity,affinity_error,affinity_succeeded,timed_repetitions_exact,avx2_supported,kernel_used,eviction_bytes,eviction_checksum,elapsed_seconds,mac_total,mac_per_second,checksum
512,16,4,"128,128,128,128","65536,65536,65536,65536","128,128,128,128","65536,65536,65536,65536",repeat,A,8,1,8,2,4,"0,2,4,6","true,true,true,true","0,0,0,0",true,true,true,avx2,0,0,0.0037492,134217728,3.5799e+10,18446744072355880876 stderr=
[457] S=16 R=4 run=9 mode=repeat order_index=1 exit=0 stdout=D,S,R,O_i,B_i,rows_per_worker,bytes_per_worker,mode,variant,S_tile,iterations,timed_repetitions,warmup,worker_count,worker_list,affinity,affinity_error,affinity_succeeded,timed_repetitions_exact,avx2_supported,kernel_used,eviction_bytes,eviction_checksum,elapsed_seconds,mac_total,mac_per_second,checksum
512,16,4,"128,128,128,128","65536,65536,65536,65536","128,128,128,128","65536,65536,65536,65536",repeat,A,8,1,8,2,4,"0,2,4,6","true,true,true,true","0,0,0,0",true,true,true,avx2,0,0,0.0025016,134217728,5.36528e+10,18446744072355880876 stderr=
[458] S=16 R=4 run=9 mode=fused order_index=2 exit=0 stdout=D,S,R,O_i,B_i,rows_per_worker,bytes_per_worker,mode,variant,S_tile,iterations,timed_repetitions,warmup,worker_count,worker_list,affinity,affinity_error,affinity_succeeded,timed_repetitions_exact,avx2_supported,kernel_used,eviction_bytes,eviction_checksum,elapsed_seconds,mac_total,mac_per_second,checksum
512,16,4,"128,128,128,128","65536,65536,65536,65536","128,128,128,128","65536,65536,65536,65536",fused,A,8,1,8,2,4,"0,2,4,6","true,true,true,true","0,0,0,0",true,true,true,avx2,0,0,0.0009931,134217728,1.3515e+11,18446744072355880876 stderr=
[459] S=16 R=4 run=10 mode=fused order_index=1 exit=0 stdout=D,S,R,O_i,B_i,rows_per_worker,bytes_per_worker,mode,variant,S_tile,iterations,timed_repetitions,warmup,worker_count,worker_list,affinity,affinity_error,affinity_succeeded,timed_repetitions_exact,avx2_supported,kernel_used,eviction_bytes,eviction_checksum,elapsed_seconds,mac_total,mac_per_second,checksum
512,16,4,"128,128,128,128","65536,65536,65536,65536","128,128,128,128","65536,65536,65536,65536",fused,A,8,1,8,2,4,"0,2,4,6","true,true,true,true","0,0,0,0",true,true,true,avx2,0,0,0.0010109,134217728,1.32771e+11,18446744072355880876 stderr=
[460] S=16 R=4 run=10 mode=repeat order_index=2 exit=0 stdout=D,S,R,O_i,B_i,rows_per_worker,bytes_per_worker,mode,variant,S_tile,iterations,timed_repetitions,warmup,worker_count,worker_list,affinity,affinity_error,affinity_succeeded,timed_repetitions_exact,avx2_supported,kernel_used,eviction_bytes,eviction_checksum,elapsed_seconds,mac_total,mac_per_second,checksum
512,16,4,"128,128,128,128","65536,65536,65536,65536","128,128,128,128","65536,65536,65536,65536",repeat,A,8,1,8,2,4,"0,2,4,6","true,true,true,true","0,0,0,0",true,true,true,avx2,0,0,0.0024484,134217728,5.48185e+10,18446744072355880876 stderr=
[461] S=16 R=8 run=1 mode=repeat order_index=1 exit=0 stdout=D,S,R,O_i,B_i,rows_per_worker,bytes_per_worker,mode,variant,S_tile,iterations,timed_repetitions,warmup,worker_count,worker_list,affinity,affinity_error,affinity_succeeded,timed_repetitions_exact,avx2_supported,kernel_used,eviction_bytes,eviction_checksum,elapsed_seconds,mac_total,mac_per_second,checksum
512,16,8,"128,128,128,128","65536,65536,65536,65536","128,128,128,128","65536,65536,65536,65536",repeat,A,8,1,8,2,4,"0,2,4,6","true,true,true,true","0,0,0,0",true,true,true,avx2,0,0,0.0049681,268435456,5.40318e+10,18446744072355880876 stderr=
[462] S=16 R=8 run=1 mode=fused order_index=2 exit=0 stdout=D,S,R,O_i,B_i,rows_per_worker,bytes_per_worker,mode,variant,S_tile,iterations,timed_repetitions,warmup,worker_count,worker_list,affinity,affinity_error,affinity_succeeded,timed_repetitions_exact,avx2_supported,kernel_used,eviction_bytes,eviction_checksum,elapsed_seconds,mac_total,mac_per_second,checksum
512,16,8,"128,128,128,128","65536,65536,65536,65536","128,128,128,128","65536,65536,65536,65536",fused,A,8,1,8,2,4,"0,2,4,6","true,true,true,true","0,0,0,0",true,true,true,avx2,0,0,0.0023756,268435456,1.12997e+11,18446744072355880876 stderr=
[463] S=16 R=8 run=2 mode=fused order_index=1 exit=0 stdout=D,S,R,O_i,B_i,rows_per_worker,bytes_per_worker,mode,variant,S_tile,iterations,timed_repetitions,warmup,worker_count,worker_list,affinity,affinity_error,affinity_succeeded,timed_repetitions_exact,avx2_supported,kernel_used,eviction_bytes,eviction_checksum,elapsed_seconds,mac_total,mac_per_second,checksum
512,16,8,"128,128,128,128","65536,65536,65536,65536","128,128,128,128","65536,65536,65536,65536",fused,A,8,1,8,2,4,"0,2,4,6","true,true,true,true","0,0,0,0",true,true,true,avx2,0,0,0.0019981,268435456,1.34345e+11,18446744072355880876 stderr=
[464] S=16 R=8 run=2 mode=repeat order_index=2 exit=0 stdout=D,S,R,O_i,B_i,rows_per_worker,bytes_per_worker,mode,variant,S_tile,iterations,timed_repetitions,warmup,worker_count,worker_list,affinity,affinity_error,affinity_succeeded,timed_repetitions_exact,avx2_supported,kernel_used,eviction_bytes,eviction_checksum,elapsed_seconds,mac_total,mac_per_second,checksum
512,16,8,"128,128,128,128","65536,65536,65536,65536","128,128,128,128","65536,65536,65536,65536",repeat,A,8,1,8,2,4,"0,2,4,6","true,true,true,true","0,0,0,0",true,true,true,avx2,0,0,0.0045771,268435456,5.86475e+10,18446744072355880876 stderr=
[465] S=16 R=8 run=3 mode=repeat order_index=1 exit=0 stdout=D,S,R,O_i,B_i,rows_per_worker,bytes_per_worker,mode,variant,S_tile,iterations,timed_repetitions,warmup,worker_count,worker_list,affinity,affinity_error,affinity_succeeded,timed_repetitions_exact,avx2_supported,kernel_used,eviction_bytes,eviction_checksum,elapsed_seconds,mac_total,mac_per_second,checksum
512,16,8,"128,128,128,128","65536,65536,65536,65536","128,128,128,128","65536,65536,65536,65536",repeat,A,8,1,8,2,4,"0,2,4,6","true,true,true,true","0,0,0,0",true,true,true,avx2,0,0,0.0051554,268435456,5.20688e+10,18446744072355880876 stderr=
[466] S=16 R=8 run=3 mode=fused order_index=2 exit=0 stdout=D,S,R,O_i,B_i,rows_per_worker,bytes_per_worker,mode,variant,S_tile,iterations,timed_repetitions,warmup,worker_count,worker_list,affinity,affinity_error,affinity_succeeded,timed_repetitions_exact,avx2_supported,kernel_used,eviction_bytes,eviction_checksum,elapsed_seconds,mac_total,mac_per_second,checksum
512,16,8,"128,128,128,128","65536,65536,65536,65536","128,128,128,128","65536,65536,65536,65536",fused,A,8,1,8,2,4,"0,2,4,6","true,true,true,true","0,0,0,0",true,true,true,avx2,0,0,0.0020568,268435456,1.30511e+11,18446744072355880876 stderr=
[467] S=16 R=8 run=4 mode=fused order_index=1 exit=0 stdout=D,S,R,O_i,B_i,rows_per_worker,bytes_per_worker,mode,variant,S_tile,iterations,timed_repetitions,warmup,worker_count,worker_list,affinity,affinity_error,affinity_succeeded,timed_repetitions_exact,avx2_supported,kernel_used,eviction_bytes,eviction_checksum,elapsed_seconds,mac_total,mac_per_second,checksum
512,16,8,"128,128,128,128","65536,65536,65536,65536","128,128,128,128","65536,65536,65536,65536",fused,A,8,1,8,2,4,"0,2,4,6","true,true,true,true","0,0,0,0",true,true,true,avx2,0,0,0.002117,268435456,1.268e+11,18446744072355880876 stderr=
[468] S=16 R=8 run=4 mode=repeat order_index=2 exit=0 stdout=D,S,R,O_i,B_i,rows_per_worker,bytes_per_worker,mode,variant,S_tile,iterations,timed_repetitions,warmup,worker_count,worker_list,affinity,affinity_error,affinity_succeeded,timed_repetitions_exact,avx2_supported,kernel_used,eviction_bytes,eviction_checksum,elapsed_seconds,mac_total,mac_per_second,checksum
512,16,8,"128,128,128,128","65536,65536,65536,65536","128,128,128,128","65536,65536,65536,65536",repeat,A,8,1,8,2,4,"0,2,4,6","true,true,true,true","0,0,0,0",true,true,true,avx2,0,0,0.004524,268435456,5.93359e+10,18446744072355880876 stderr=
[469] S=16 R=8 run=5 mode=repeat order_index=1 exit=0 stdout=D,S,R,O_i,B_i,rows_per_worker,bytes_per_worker,mode,variant,S_tile,iterations,timed_repetitions,warmup,worker_count,worker_list,affinity,affinity_error,affinity_succeeded,timed_repetitions_exact,avx2_supported,kernel_used,eviction_bytes,eviction_checksum,elapsed_seconds,mac_total,mac_per_second,checksum
512,16,8,"128,128,128,128","65536,65536,65536,65536","128,128,128,128","65536,65536,65536,65536",repeat,A,8,1,8,2,4,"0,2,4,6","true,true,true,true","0,0,0,0",true,true,true,avx2,0,0,0.0070688,268435456,3.79747e+10,18446744072355880876 stderr=
[470] S=16 R=8 run=5 mode=fused order_index=2 exit=0 stdout=D,S,R,O_i,B_i,rows_per_worker,bytes_per_worker,mode,variant,S_tile,iterations,timed_repetitions,warmup,worker_count,worker_list,affinity,affinity_error,affinity_succeeded,timed_repetitions_exact,avx2_supported,kernel_used,eviction_bytes,eviction_checksum,elapsed_seconds,mac_total,mac_per_second,checksum
512,16,8,"128,128,128,128","65536,65536,65536,65536","128,128,128,128","65536,65536,65536,65536",fused,A,8,1,8,2,4,"0,2,4,6","true,true,true,true","0,0,0,0",true,true,true,avx2,0,0,0.0020102,268435456,1.33537e+11,18446744072355880876 stderr=
[471] S=16 R=8 run=6 mode=fused order_index=1 exit=0 stdout=D,S,R,O_i,B_i,rows_per_worker,bytes_per_worker,mode,variant,S_tile,iterations,timed_repetitions,warmup,worker_count,worker_list,affinity,affinity_error,affinity_succeeded,timed_repetitions_exact,avx2_supported,kernel_used,eviction_bytes,eviction_checksum,elapsed_seconds,mac_total,mac_per_second,checksum
512,16,8,"128,128,128,128","65536,65536,65536,65536","128,128,128,128","65536,65536,65536,65536",fused,A,8,1,8,2,4,"0,2,4,6","true,true,true,true","0,0,0,0",true,true,true,avx2,0,0,0.0043134,268435456,6.22329e+10,18446744072355880876 stderr=
[472] S=16 R=8 run=6 mode=repeat order_index=2 exit=0 stdout=D,S,R,O_i,B_i,rows_per_worker,bytes_per_worker,mode,variant,S_tile,iterations,timed_repetitions,warmup,worker_count,worker_list,affinity,affinity_error,affinity_succeeded,timed_repetitions_exact,avx2_supported,kernel_used,eviction_bytes,eviction_checksum,elapsed_seconds,mac_total,mac_per_second,checksum
512,16,8,"128,128,128,128","65536,65536,65536,65536","128,128,128,128","65536,65536,65536,65536",repeat,A,8,1,8,2,4,"0,2,4,6","true,true,true,true","0,0,0,0",true,true,true,avx2,0,0,0.0059815,268435456,4.48776e+10,18446744072355880876 stderr=
[473] S=16 R=8 run=7 mode=repeat order_index=1 exit=0 stdout=D,S,R,O_i,B_i,rows_per_worker,bytes_per_worker,mode,variant,S_tile,iterations,timed_repetitions,warmup,worker_count,worker_list,affinity,affinity_error,affinity_succeeded,timed_repetitions_exact,avx2_supported,kernel_used,eviction_bytes,eviction_checksum,elapsed_seconds,mac_total,mac_per_second,checksum
512,16,8,"128,128,128,128","65536,65536,65536,65536","128,128,128,128","65536,65536,65536,65536",repeat,A,8,1,8,2,4,"0,2,4,6","true,true,true,true","0,0,0,0",true,true,true,avx2,0,0,0.0045965,268435456,5.84e+10,18446744072355880876 stderr=
[474] S=16 R=8 run=7 mode=fused order_index=2 exit=0 stdout=D,S,R,O_i,B_i,rows_per_worker,bytes_per_worker,mode,variant,S_tile,iterations,timed_repetitions,warmup,worker_count,worker_list,affinity,affinity_error,affinity_succeeded,timed_repetitions_exact,avx2_supported,kernel_used,eviction_bytes,eviction_checksum,elapsed_seconds,mac_total,mac_per_second,checksum
512,16,8,"128,128,128,128","65536,65536,65536,65536","128,128,128,128","65536,65536,65536,65536",fused,A,8,1,8,2,4,"0,2,4,6","true,true,true,true","0,0,0,0",true,true,true,avx2,0,0,0.0020345,268435456,1.31942e+11,18446744072355880876 stderr=
[475] S=16 R=8 run=8 mode=fused order_index=1 exit=0 stdout=D,S,R,O_i,B_i,rows_per_worker,bytes_per_worker,mode,variant,S_tile,iterations,timed_repetitions,warmup,worker_count,worker_list,affinity,affinity_error,affinity_succeeded,timed_repetitions_exact,avx2_supported,kernel_used,eviction_bytes,eviction_checksum,elapsed_seconds,mac_total,mac_per_second,checksum
512,16,8,"128,128,128,128","65536,65536,65536,65536","128,128,128,128","65536,65536,65536,65536",fused,A,8,1,8,2,4,"0,2,4,6","true,true,true,true","0,0,0,0",true,true,true,avx2,0,0,0.0020239,268435456,1.32633e+11,18446744072355880876 stderr=
[476] S=16 R=8 run=8 mode=repeat order_index=2 exit=0 stdout=D,S,R,O_i,B_i,rows_per_worker,bytes_per_worker,mode,variant,S_tile,iterations,timed_repetitions,warmup,worker_count,worker_list,affinity,affinity_error,affinity_succeeded,timed_repetitions_exact,avx2_supported,kernel_used,eviction_bytes,eviction_checksum,elapsed_seconds,mac_total,mac_per_second,checksum
512,16,8,"128,128,128,128","65536,65536,65536,65536","128,128,128,128","65536,65536,65536,65536",repeat,A,8,1,8,2,4,"0,2,4,6","true,true,true,true","0,0,0,0",true,true,true,avx2,0,0,0.0065189,268435456,4.1178e+10,18446744072355880876 stderr=
[477] S=16 R=8 run=9 mode=repeat order_index=1 exit=0 stdout=D,S,R,O_i,B_i,rows_per_worker,bytes_per_worker,mode,variant,S_tile,iterations,timed_repetitions,warmup,worker_count,worker_list,affinity,affinity_error,affinity_succeeded,timed_repetitions_exact,avx2_supported,kernel_used,eviction_bytes,eviction_checksum,elapsed_seconds,mac_total,mac_per_second,checksum
512,16,8,"128,128,128,128","65536,65536,65536,65536","128,128,128,128","65536,65536,65536,65536",repeat,A,8,1,8,2,4,"0,2,4,6","true,true,true,true","0,0,0,0",true,true,true,avx2,0,0,0.0049075,268435456,5.4699e+10,18446744072355880876 stderr=
[478] S=16 R=8 run=9 mode=fused order_index=2 exit=0 stdout=D,S,R,O_i,B_i,rows_per_worker,bytes_per_worker,mode,variant,S_tile,iterations,timed_repetitions,warmup,worker_count,worker_list,affinity,affinity_error,affinity_succeeded,timed_repetitions_exact,avx2_supported,kernel_used,eviction_bytes,eviction_checksum,elapsed_seconds,mac_total,mac_per_second,checksum
512,16,8,"128,128,128,128","65536,65536,65536,65536","128,128,128,128","65536,65536,65536,65536",fused,A,8,1,8,2,4,"0,2,4,6","true,true,true,true","0,0,0,0",true,true,true,avx2,0,0,0.0025029,268435456,1.0725e+11,18446744072355880876 stderr=
[479] S=16 R=8 run=10 mode=fused order_index=1 exit=0 stdout=D,S,R,O_i,B_i,rows_per_worker,bytes_per_worker,mode,variant,S_tile,iterations,timed_repetitions,warmup,worker_count,worker_list,affinity,affinity_error,affinity_succeeded,timed_repetitions_exact,avx2_supported,kernel_used,eviction_bytes,eviction_checksum,elapsed_seconds,mac_total,mac_per_second,checksum
512,16,8,"128,128,128,128","65536,65536,65536,65536","128,128,128,128","65536,65536,65536,65536",fused,A,8,1,8,2,4,"0,2,4,6","true,true,true,true","0,0,0,0",true,true,true,avx2,0,0,0.0023963,268435456,1.12021e+11,18446744072355880876 stderr=
[480] S=16 R=8 run=10 mode=repeat order_index=2 exit=0 stdout=D,S,R,O_i,B_i,rows_per_worker,bytes_per_worker,mode,variant,S_tile,iterations,timed_repetitions,warmup,worker_count,worker_list,affinity,affinity_error,affinity_succeeded,timed_repetitions_exact,avx2_supported,kernel_used,eviction_bytes,eviction_checksum,elapsed_seconds,mac_total,mac_per_second,checksum
512,16,8,"128,128,128,128","65536,65536,65536,65536","128,128,128,128","65536,65536,65536,65536",repeat,A,8,1,8,2,4,"0,2,4,6","true,true,true,true","0,0,0,0",true,true,true,avx2,0,0,0.0045917,268435456,5.8461e+10,18446744072355880876 stderr=
[481] S=16 R=16 run=1 mode=repeat order_index=1 exit=0 stdout=D,S,R,O_i,B_i,rows_per_worker,bytes_per_worker,mode,variant,S_tile,iterations,timed_repetitions,warmup,worker_count,worker_list,affinity,affinity_error,affinity_succeeded,timed_repetitions_exact,avx2_supported,kernel_used,eviction_bytes,eviction_checksum,elapsed_seconds,mac_total,mac_per_second,checksum
512,16,16,"128,128,128,128","65536,65536,65536,65536","128,128,128,128","65536,65536,65536,65536",repeat,A,8,1,8,2,4,"0,2,4,6","true,true,true,true","0,0,0,0",true,true,true,avx2,0,0,0.0094711,536870912,5.66852e+10,18446744072355880876 stderr=
[482] S=16 R=16 run=1 mode=fused order_index=2 exit=0 stdout=D,S,R,O_i,B_i,rows_per_worker,bytes_per_worker,mode,variant,S_tile,iterations,timed_repetitions,warmup,worker_count,worker_list,affinity,affinity_error,affinity_succeeded,timed_repetitions_exact,avx2_supported,kernel_used,eviction_bytes,eviction_checksum,elapsed_seconds,mac_total,mac_per_second,checksum
512,16,16,"128,128,128,128","65536,65536,65536,65536","128,128,128,128","65536,65536,65536,65536",fused,A,8,1,8,2,4,"0,2,4,6","true,true,true,true","0,0,0,0",true,true,true,avx2,0,0,0.0041842,536870912,1.28309e+11,18446744072355880876 stderr=
[483] S=16 R=16 run=2 mode=fused order_index=1 exit=0 stdout=D,S,R,O_i,B_i,rows_per_worker,bytes_per_worker,mode,variant,S_tile,iterations,timed_repetitions,warmup,worker_count,worker_list,affinity,affinity_error,affinity_succeeded,timed_repetitions_exact,avx2_supported,kernel_used,eviction_bytes,eviction_checksum,elapsed_seconds,mac_total,mac_per_second,checksum
512,16,16,"128,128,128,128","65536,65536,65536,65536","128,128,128,128","65536,65536,65536,65536",fused,A,8,1,8,2,4,"0,2,4,6","true,true,true,true","0,0,0,0",true,true,true,avx2,0,0,0.0041427,536870912,1.29594e+11,18446744072355880876 stderr=
[484] S=16 R=16 run=2 mode=repeat order_index=2 exit=0 stdout=D,S,R,O_i,B_i,rows_per_worker,bytes_per_worker,mode,variant,S_tile,iterations,timed_repetitions,warmup,worker_count,worker_list,affinity,affinity_error,affinity_succeeded,timed_repetitions_exact,avx2_supported,kernel_used,eviction_bytes,eviction_checksum,elapsed_seconds,mac_total,mac_per_second,checksum
512,16,16,"128,128,128,128","65536,65536,65536,65536","128,128,128,128","65536,65536,65536,65536",repeat,A,8,1,8,2,4,"0,2,4,6","true,true,true,true","0,0,0,0",true,true,true,avx2,0,0,0.011012,536870912,4.87533e+10,18446744072355880876 stderr=
[485] S=16 R=16 run=3 mode=repeat order_index=1 exit=0 stdout=D,S,R,O_i,B_i,rows_per_worker,bytes_per_worker,mode,variant,S_tile,iterations,timed_repetitions,warmup,worker_count,worker_list,affinity,affinity_error,affinity_succeeded,timed_repetitions_exact,avx2_supported,kernel_used,eviction_bytes,eviction_checksum,elapsed_seconds,mac_total,mac_per_second,checksum
512,16,16,"128,128,128,128","65536,65536,65536,65536","128,128,128,128","65536,65536,65536,65536",repeat,A,8,1,8,2,4,"0,2,4,6","true,true,true,true","0,0,0,0",true,true,true,avx2,0,0,0.011081,536870912,4.84497e+10,18446744072355880876 stderr=
[486] S=16 R=16 run=3 mode=fused order_index=2 exit=0 stdout=D,S,R,O_i,B_i,rows_per_worker,bytes_per_worker,mode,variant,S_tile,iterations,timed_repetitions,warmup,worker_count,worker_list,affinity,affinity_error,affinity_succeeded,timed_repetitions_exact,avx2_supported,kernel_used,eviction_bytes,eviction_checksum,elapsed_seconds,mac_total,mac_per_second,checksum
512,16,16,"128,128,128,128","65536,65536,65536,65536","128,128,128,128","65536,65536,65536,65536",fused,A,8,1,8,2,4,"0,2,4,6","true,true,true,true","0,0,0,0",true,true,true,avx2,0,0,0.0048863,536870912,1.09873e+11,18446744072355880876 stderr=
[487] S=16 R=16 run=4 mode=fused order_index=1 exit=0 stdout=D,S,R,O_i,B_i,rows_per_worker,bytes_per_worker,mode,variant,S_tile,iterations,timed_repetitions,warmup,worker_count,worker_list,affinity,affinity_error,affinity_succeeded,timed_repetitions_exact,avx2_supported,kernel_used,eviction_bytes,eviction_checksum,elapsed_seconds,mac_total,mac_per_second,checksum
512,16,16,"128,128,128,128","65536,65536,65536,65536","128,128,128,128","65536,65536,65536,65536",fused,A,8,1,8,2,4,"0,2,4,6","true,true,true,true","0,0,0,0",true,true,true,avx2,0,0,0.0042321,536870912,1.26857e+11,18446744072355880876 stderr=
[488] S=16 R=16 run=4 mode=repeat order_index=2 exit=0 stdout=D,S,R,O_i,B_i,rows_per_worker,bytes_per_worker,mode,variant,S_tile,iterations,timed_repetitions,warmup,worker_count,worker_list,affinity,affinity_error,affinity_succeeded,timed_repetitions_exact,avx2_supported,kernel_used,eviction_bytes,eviction_checksum,elapsed_seconds,mac_total,mac_per_second,checksum
512,16,16,"128,128,128,128","65536,65536,65536,65536","128,128,128,128","65536,65536,65536,65536",repeat,A,8,1,8,2,4,"0,2,4,6","true,true,true,true","0,0,0,0",true,true,true,avx2,0,0,0.0097775,536870912,5.49088e+10,18446744072355880876 stderr=
[489] S=16 R=16 run=5 mode=repeat order_index=1 exit=0 stdout=D,S,R,O_i,B_i,rows_per_worker,bytes_per_worker,mode,variant,S_tile,iterations,timed_repetitions,warmup,worker_count,worker_list,affinity,affinity_error,affinity_succeeded,timed_repetitions_exact,avx2_supported,kernel_used,eviction_bytes,eviction_checksum,elapsed_seconds,mac_total,mac_per_second,checksum
512,16,16,"128,128,128,128","65536,65536,65536,65536","128,128,128,128","65536,65536,65536,65536",repeat,A,8,1,8,2,4,"0,2,4,6","true,true,true,true","0,0,0,0",true,true,true,avx2,0,0,0.0093821,536870912,5.72229e+10,18446744072355880876 stderr=
[490] S=16 R=16 run=5 mode=fused order_index=2 exit=0 stdout=D,S,R,O_i,B_i,rows_per_worker,bytes_per_worker,mode,variant,S_tile,iterations,timed_repetitions,warmup,worker_count,worker_list,affinity,affinity_error,affinity_succeeded,timed_repetitions_exact,avx2_supported,kernel_used,eviction_bytes,eviction_checksum,elapsed_seconds,mac_total,mac_per_second,checksum
512,16,16,"128,128,128,128","65536,65536,65536,65536","128,128,128,128","65536,65536,65536,65536",fused,A,8,1,8,2,4,"0,2,4,6","true,true,true,true","0,0,0,0",true,true,true,avx2,0,0,0.0046767,536870912,1.14797e+11,18446744072355880876 stderr=
[491] S=16 R=16 run=6 mode=fused order_index=1 exit=0 stdout=D,S,R,O_i,B_i,rows_per_worker,bytes_per_worker,mode,variant,S_tile,iterations,timed_repetitions,warmup,worker_count,worker_list,affinity,affinity_error,affinity_succeeded,timed_repetitions_exact,avx2_supported,kernel_used,eviction_bytes,eviction_checksum,elapsed_seconds,mac_total,mac_per_second,checksum
512,16,16,"128,128,128,128","65536,65536,65536,65536","128,128,128,128","65536,65536,65536,65536",fused,A,8,1,8,2,4,"0,2,4,6","true,true,true,true","0,0,0,0",true,true,true,avx2,0,0,0.0055483,536870912,9.67631e+10,18446744072355880876 stderr=
[492] S=16 R=16 run=6 mode=repeat order_index=2 exit=0 stdout=D,S,R,O_i,B_i,rows_per_worker,bytes_per_worker,mode,variant,S_tile,iterations,timed_repetitions,warmup,worker_count,worker_list,affinity,affinity_error,affinity_succeeded,timed_repetitions_exact,avx2_supported,kernel_used,eviction_bytes,eviction_checksum,elapsed_seconds,mac_total,mac_per_second,checksum
512,16,16,"128,128,128,128","65536,65536,65536,65536","128,128,128,128","65536,65536,65536,65536",repeat,A,8,1,8,2,4,"0,2,4,6","true,true,true,true","0,0,0,0",true,true,true,avx2,0,0,0.0091643,536870912,5.85829e+10,18446744072355880876 stderr=
[493] S=16 R=16 run=7 mode=repeat order_index=1 exit=0 stdout=D,S,R,O_i,B_i,rows_per_worker,bytes_per_worker,mode,variant,S_tile,iterations,timed_repetitions,warmup,worker_count,worker_list,affinity,affinity_error,affinity_succeeded,timed_repetitions_exact,avx2_supported,kernel_used,eviction_bytes,eviction_checksum,elapsed_seconds,mac_total,mac_per_second,checksum
512,16,16,"128,128,128,128","65536,65536,65536,65536","128,128,128,128","65536,65536,65536,65536",repeat,A,8,1,8,2,4,"0,2,4,6","true,true,true,true","0,0,0,0",true,true,true,avx2,0,0,0.0105444,536870912,5.09153e+10,18446744072355880876 stderr=
[494] S=16 R=16 run=7 mode=fused order_index=2 exit=0 stdout=D,S,R,O_i,B_i,rows_per_worker,bytes_per_worker,mode,variant,S_tile,iterations,timed_repetitions,warmup,worker_count,worker_list,affinity,affinity_error,affinity_succeeded,timed_repetitions_exact,avx2_supported,kernel_used,eviction_bytes,eviction_checksum,elapsed_seconds,mac_total,mac_per_second,checksum
512,16,16,"128,128,128,128","65536,65536,65536,65536","128,128,128,128","65536,65536,65536,65536",fused,A,8,1,8,2,4,"0,2,4,6","true,true,true,true","0,0,0,0",true,true,true,avx2,0,0,0.0040635,536870912,1.3212e+11,18446744072355880876 stderr=
[495] S=16 R=16 run=8 mode=fused order_index=1 exit=0 stdout=D,S,R,O_i,B_i,rows_per_worker,bytes_per_worker,mode,variant,S_tile,iterations,timed_repetitions,warmup,worker_count,worker_list,affinity,affinity_error,affinity_succeeded,timed_repetitions_exact,avx2_supported,kernel_used,eviction_bytes,eviction_checksum,elapsed_seconds,mac_total,mac_per_second,checksum
512,16,16,"128,128,128,128","65536,65536,65536,65536","128,128,128,128","65536,65536,65536,65536",fused,A,8,1,8,2,4,"0,2,4,6","true,true,true,true","0,0,0,0",true,true,true,avx2,0,0,0.0040746,536870912,1.3176e+11,18446744072355880876 stderr=
[496] S=16 R=16 run=8 mode=repeat order_index=2 exit=0 stdout=D,S,R,O_i,B_i,rows_per_worker,bytes_per_worker,mode,variant,S_tile,iterations,timed_repetitions,warmup,worker_count,worker_list,affinity,affinity_error,affinity_succeeded,timed_repetitions_exact,avx2_supported,kernel_used,eviction_bytes,eviction_checksum,elapsed_seconds,mac_total,mac_per_second,checksum
512,16,16,"128,128,128,128","65536,65536,65536,65536","128,128,128,128","65536,65536,65536,65536",repeat,A,8,1,8,2,4,"0,2,4,6","true,true,true,true","0,0,0,0",true,true,true,avx2,0,0,0.0105011,536870912,5.11252e+10,18446744072355880876 stderr=
[497] S=16 R=16 run=9 mode=repeat order_index=1 exit=0 stdout=D,S,R,O_i,B_i,rows_per_worker,bytes_per_worker,mode,variant,S_tile,iterations,timed_repetitions,warmup,worker_count,worker_list,affinity,affinity_error,affinity_succeeded,timed_repetitions_exact,avx2_supported,kernel_used,eviction_bytes,eviction_checksum,elapsed_seconds,mac_total,mac_per_second,checksum
512,16,16,"128,128,128,128","65536,65536,65536,65536","128,128,128,128","65536,65536,65536,65536",repeat,A,8,1,8,2,4,"0,2,4,6","true,true,true,true","0,0,0,0",true,true,true,avx2,0,0,0.0106213,536870912,5.05466e+10,18446744072355880876 stderr=
[498] S=16 R=16 run=9 mode=fused order_index=2 exit=0 stdout=D,S,R,O_i,B_i,rows_per_worker,bytes_per_worker,mode,variant,S_tile,iterations,timed_repetitions,warmup,worker_count,worker_list,affinity,affinity_error,affinity_succeeded,timed_repetitions_exact,avx2_supported,kernel_used,eviction_bytes,eviction_checksum,elapsed_seconds,mac_total,mac_per_second,checksum
512,16,16,"128,128,128,128","65536,65536,65536,65536","128,128,128,128","65536,65536,65536,65536",fused,A,8,1,8,2,4,"0,2,4,6","true,true,true,true","0,0,0,0",true,true,true,avx2,0,0,0.0091222,536870912,5.88532e+10,18446744072355880876 stderr=
[499] S=16 R=16 run=10 mode=fused order_index=1 exit=0 stdout=D,S,R,O_i,B_i,rows_per_worker,bytes_per_worker,mode,variant,S_tile,iterations,timed_repetitions,warmup,worker_count,worker_list,affinity,affinity_error,affinity_succeeded,timed_repetitions_exact,avx2_supported,kernel_used,eviction_bytes,eviction_checksum,elapsed_seconds,mac_total,mac_per_second,checksum
512,16,16,"128,128,128,128","65536,65536,65536,65536","128,128,128,128","65536,65536,65536,65536",fused,A,8,1,8,2,4,"0,2,4,6","true,true,true,true","0,0,0,0",true,true,true,avx2,0,0,0.0041138,536870912,1.30505e+11,18446744072355880876 stderr=
[500] S=16 R=16 run=10 mode=repeat order_index=2 exit=0 stdout=D,S,R,O_i,B_i,rows_per_worker,bytes_per_worker,mode,variant,S_tile,iterations,timed_repetitions,warmup,worker_count,worker_list,affinity,affinity_error,affinity_succeeded,timed_repetitions_exact,avx2_supported,kernel_used,eviction_bytes,eviction_checksum,elapsed_seconds,mac_total,mac_per_second,checksum
512,16,16,"128,128,128,128","65536,65536,65536,65536","128,128,128,128","65536,65536,65536,65536",repeat,A,8,1,8,2,4,"0,2,4,6","true,true,true,true","0,0,0,0",true,true,true,avx2,0,0,0.0122388,536870912,4.38663e+10,18446744072355880876 stderr=
