"run","order_index","metric","native_mode","D","S","R","rows_per_worker","mode","kernel","elapsed_seconds","mac_total","mac_per_second","final_checksum","per_round_checksums","per_round_finite","per_round_overflow","per_round_clipped_cells","per_round_clipping_rates","clipped_cells","clipping_rate","all_rounds_valid","worker_count","cpus","affinity","affinity_errors","affinity_succeeded","timed_repetitions","warmup","timed_repetitions_exact"
"1","1","F(S)","repeat","512","1","1","128,128,128,128","repeat","avx2_repeat","0.000204","2097152","10280156862.7451","5156533420041995800","5156533420041995800","true","false","0","0","0","0","true","4","0,2,4,6","1,1,1,1","0,0,0,0","true","8","2","true"
"1","2","G(S)","fused","512","1","1","128,128,128,128","fused","avx2_fused","0.000143","2097152","14665398601.3986","5156533420041995800","5156533420041995800","true","false","0","0","0","0","true","4","0,2,4,6","1,1,1,1","0,0,0,0","true","8","2","true"
"2","1","G(S)","fused","512","1","1","128,128,128,128","fused","avx2_fused","0.0006565","2097152","3194443259.71059","5156533420041995800","5156533420041995800","true","false","0","0","0","0","true","4","0,2,4,6","1,1,1,1","0,0,0,0","true","8","2","true"
"2","2","F(S)","repeat","512","1","1","128,128,128,128","repeat","avx2_repeat","0.0001394","2097152","15044131994.2611","5156533420041995800","5156533420041995800","true","false","0","0","0","0","true","4","0,2,4,6","1,1,1,1","0,0,0,0","true","8","2","true"
"3","1","F(S)","repeat","512","1","1","128,128,128,128","repeat","avx2_repeat","0.0003543","2097152","5919141970.08185","5156533420041995800","5156533420041995800","true","false","0","0","0","0","true","4","0,2,4,6","1,1,1,1","0,0,0,0","true","8","2","true"
"3","2","G(S)","fused","512","1","1","128,128,128,128","fused","avx2_fused","0.0002207","2097152","9502274580.87902","5156533420041995800","5156533420041995800","true","false","0","0","0","0","true","4","0,2,4,6","1,1,1,1","0,0,0,0","true","8","2","true"
"4","1","G(S)","fused","512","1","1","128,128,128,128","fused","avx2_fused","0.000237","2097152","8848742616.03376","5156533420041995800","5156533420041995800","true","false","0","0","0","0","true","4","0,2,4,6","1,1,1,1","0,0,0,0","true","8","2","true"
"4","2","F(S)","repeat","512","1","1","128,128,128,128","repeat","avx2_repeat","0.0006236","2097152","3362976266.83772","5156533420041995800","5156533420041995800","true","false","0","0","0","0","true","4","0,2,4,6","1,1,1,1","0,0,0,0","true","8","2","true"
"5","1","F(S)","repeat","512","1","1","128,128,128,128","repeat","avx2_repeat","0.0002053","2097152","10215060886.5075","5156533420041995800","5156533420041995800","true","false","0","0","0","0","true","4","0,2,4,6","1,1,1,1","0,0,0,0","true","8","2","true"
"5","2","G(S)","fused","512","1","1","128,128,128,128","fused","avx2_fused","0.0001455","2097152","14413415807.5601","5156533420041995800","5156533420041995800","true","false","0","0","0","0","true","4","0,2,4,6","1,1,1,1","0,0,0,0","true","8","2","true"
"6","1","G(S)","fused","512","1","1","128,128,128,128","fused","avx2_fused","0.0002732","2097152","7676251830.16105","5156533420041995800","5156533420041995800","true","false","0","0","0","0","true","4","0,2,4,6","1,1,1,1","0,0,0,0","true","8","2","true"
"6","2","F(S)","repeat","512","1","1","128,128,128,128","repeat","avx2_repeat","0.0004525","2097152","4634590055.24862","5156533420041995800","5156533420041995800","true","false","0","0","0","0","true","4","0,2,4,6","1,1,1,1","0,0,0,0","true","8","2","true"
"7","1","F(S)","repeat","512","1","1","128,128,128,128","repeat","avx2_repeat","0.0002104","2097152","9967452471.48289","5156533420041995800","5156533420041995800","true","false","0","0","0","0","true","4","0,2,4,6","1,1,1,1","0,0,0,0","true","8","2","true"
"7","2","G(S)","fused","512","1","1","128,128,128,128","fused","avx2_fused","0.0001874","2097152","11190779082.1772","5156533420041995800","5156533420041995800","true","false","0","0","0","0","true","4","0,2,4,6","1,1,1,1","0,0,0,0","true","8","2","true"
"8","1","G(S)","fused","512","1","1","128,128,128,128","fused","avx2_fused","0.0002431","2097152","8626705059.64624","5156533420041995800","5156533420041995800","true","false","0","0","0","0","true","4","0,2,4,6","1,1,1,1","0,0,0,0","true","8","2","true"
"8","2","F(S)","repeat","512","1","1","128,128,128,128","repeat","avx2_repeat","0.0003727","2097152","5626917091.4945","5156533420041995800","5156533420041995800","true","false","0","0","0","0","true","4","0,2,4,6","1,1,1,1","0,0,0,0","true","8","2","true"
"9","1","F(S)","repeat","512","1","1","128,128,128,128","repeat","avx2_repeat","0.0002018","2097152","10392229930.6244","5156533420041995800","5156533420041995800","true","false","0","0","0","0","true","4","0,2,4,6","1,1,1,1","0,0,0,0","true","8","2","true"
"9","2","G(S)","fused","512","1","1","128,128,128,128","fused","avx2_fused","0.0001546","2097152","13565019404.9159","5156533420041995800","5156533420041995800","true","false","0","0","0","0","true","4","0,2,4,6","1,1,1,1","0,0,0,0","true","8","2","true"
"10","1","G(S)","fused","512","1","1","128,128,128,128","fused","avx2_fused","0.0001817","2097152","11541838194.8266","5156533420041995800","5156533420041995800","true","false","0","0","0","0","true","4","0,2,4,6","1,1,1,1","0,0,0,0","true","8","2","true"
"10","2","F(S)","repeat","512","1","1","128,128,128,128","repeat","avx2_repeat","0.0002717","2097152","7718630842.84137","5156533420041995800","5156533420041995800","true","false","0","0","0","0","true","4","0,2,4,6","1,1,1,1","0,0,0,0","true","8","2","true"
"1","1","F(S)","repeat","512","1","2","128,128,128,128","repeat","avx2_repeat","0.0003061","4194304","13702397909.18","13175200098663782325","5156533420041995800;13175200098663782325","true;true","false;false","0;0","0;0","0","0","true","4","0,2,4,6","1,1,1,1","0,0,0,0","true","8","2","true"
"1","2","G(S)","fused","512","1","2","128,128,128,128","fused","avx2_fused","0.0007593","4194304","5523908863.42684","13175200098663782325","5156533420041995800;13175200098663782325","true;true","false;false","0;0","0;0","0","0","true","4","0,2,4,6","1,1,1,1","0,0,0,0","true","8","2","true"
"2","1","G(S)","fused","512","1","2","128,128,128,128","fused","avx2_fused","0.0008572","4194304","4893028464.76902","13175200098663782325","5156533420041995800;13175200098663782325","true;true","false;false","0;0","0;0","0","0","true","4","0,2,4,6","1,1,1,1","0,0,0,0","true","8","2","true"
"2","2","F(S)","repeat","512","1","2","128,128,128,128","repeat","avx2_repeat","0.0010112","4194304","4147848101.26582","13175200098663782325","5156533420041995800;13175200098663782325","true;true","false;false","0;0","0;0","0","0","true","4","0,2,4,6","1,1,1,1","0,0,0,0","true","8","2","true"
"3","1","F(S)","repeat","512","1","2","128,128,128,128","repeat","avx2_repeat","0.00028","4194304","14979657142.8571","13175200098663782325","5156533420041995800;13175200098663782325","true;true","false;false","0;0","0;0","0","0","true","4","0,2,4,6","1,1,1,1","0,0,0,0","true","8","2","true"
"3","2","G(S)","fused","512","1","2","128,128,128,128","fused","avx2_fused","0.0002822","4194304","14862877391.9206","13175200098663782325","5156533420041995800;13175200098663782325","true;true","false;false","0;0","0;0","0","0","true","4","0,2,4,6","1,1,1,1","0,0,0,0","true","8","2","true"
"4","1","G(S)","fused","512","1","2","128,128,128,128","fused","avx2_fused","0.0006429","4194304","6524037953.02535","13175200098663782325","5156533420041995800;13175200098663782325","true;true","false;false","0;0","0;0","0","0","true","4","0,2,4,6","1,1,1,1","0,0,0,0","true","8","2","true"
"4","2","F(S)","repeat","512","1","2","128,128,128,128","repeat","avx2_repeat","0.0003736","4194304","11226723768.7366","13175200098663782325","5156533420041995800;13175200098663782325","true;true","false;false","0;0","0;0","0","0","true","4","0,2,4,6","1,1,1,1","0,0,0,0","true","8","2","true"
"5","1","F(S)","repeat","512","1","2","128,128,128,128","repeat","avx2_repeat","0.00048","4194304","8738133333.33333","13175200098663782325","5156533420041995800;13175200098663782325","true;true","false;false","0;0","0;0","0","0","true","4","0,2,4,6","1,1,1,1","0,0,0,0","true","8","2","true"
"5","2","G(S)","fused","512","1","2","128,128,128,128","fused","avx2_fused","0.0010943","4194304","3832864845.10646","13175200098663782325","5156533420041995800;13175200098663782325","true;true","false;false","0;0","0;0","0","0","true","4","0,2,4,6","1,1,1,1","0,0,0,0","true","8","2","true"
"6","1","G(S)","fused","512","1","2","128,128,128,128","fused","avx2_fused","0.0004558","4194304","9202071083.80869","13175200098663782325","5156533420041995800;13175200098663782325","true;true","false;false","0;0","0;0","0","0","true","4","0,2,4,6","1,1,1,1","0,0,0,0","true","8","2","true"
"6","2","F(S)","repeat","512","1","2","128,128,128,128","repeat","avx2_repeat","0.0004023","4194304","10425811583.3955","13175200098663782325","5156533420041995800;13175200098663782325","true;true","false;false","0;0","0;0","0","0","true","4","0,2,4,6","1,1,1,1","0,0,0,0","true","8","2","true"
"7","1","F(S)","repeat","512","1","2","128,128,128,128","repeat","avx2_repeat","0.0009153","4194304","4582436359.6635","13175200098663782325","5156533420041995800;13175200098663782325","true;true","false;false","0;0","0;0","0","0","true","4","0,2,4,6","1,1,1,1","0,0,0,0","true","8","2","true"
"7","2","G(S)","fused","512","1","2","128,128,128,128","fused","avx2_fused","0.0007045","4194304","5953589779.98581","13175200098663782325","5156533420041995800;13175200098663782325","true;true","false;false","0;0","0;0","0","0","true","4","0,2,4,6","1,1,1,1","0,0,0,0","true","8","2","true"
"8","1","G(S)","fused","512","1","2","128,128,128,128","fused","avx2_fused","0.0002842","4194304","14758282899.3666","13175200098663782325","5156533420041995800;13175200098663782325","true;true","false;false","0;0","0;0","0","0","true","4","0,2,4,6","1,1,1,1","0,0,0,0","true","8","2","true"
"8","2","F(S)","repeat","512","1","2","128,128,128,128","repeat","avx2_repeat","0.0006123","4194304","6850080026.13098","13175200098663782325","5156533420041995800;13175200098663782325","true;true","false;false","0;0","0;0","0","0","true","4","0,2,4,6","1,1,1,1","0,0,0,0","true","8","2","true"
"9","1","F(S)","repeat","512","1","2","128,128,128,128","repeat","avx2_repeat","0.000991","4194304","4232395560.04036","13175200098663782325","5156533420041995800;13175200098663782325","true;true","false;false","0;0","0;0","0","0","true","4","0,2,4,6","1,1,1,1","0,0,0,0","true","8","2","true"
"9","2","G(S)","fused","512","1","2","128,128,128,128","fused","avx2_fused","0.0004876","4194304","8601936013.12551","13175200098663782325","5156533420041995800;13175200098663782325","true;true","false;false","0;0","0;0","0","0","true","4","0,2,4,6","1,1,1,1","0,0,0,0","true","8","2","true"
"10","1","G(S)","fused","512","1","2","128,128,128,128","fused","avx2_fused","0.0007307","4194304","5740117695.36061","13175200098663782325","5156533420041995800;13175200098663782325","true;true","false;false","0;0","0;0","0","0","true","4","0,2,4,6","1,1,1,1","0,0,0,0","true","8","2","true"
"10","2","F(S)","repeat","512","1","2","128,128,128,128","repeat","avx2_repeat","0.0008613","4194304","4869736444.90886","13175200098663782325","5156533420041995800;13175200098663782325","true;true","false;false","0;0","0;0","0","0","true","4","0,2,4,6","1,1,1,1","0,0,0,0","true","8","2","true"
"1","1","F(S)","repeat","512","1","4","128,128,128,128","repeat","avx2_repeat","0.0007243","8388608","11581676101.0631","13977311238581039400","5156533420041995800;13175200098663782325;4549353948644942164;13977311238581039400","true;true;true;true","false;false;false;false","0;0;0;0","0;0;0;0","0","0","true","4","0,2,4,6","1,1,1,1","0,0,0,0","true","8","2","true"
"1","2","G(S)","fused","512","1","4","128,128,128,128","fused","avx2_fused","0.0007987","8388608","10502827094.0278","13977311238581039400","5156533420041995800;13175200098663782325;4549353948644942164;13977311238581039400","true;true;true;true","false;false;false;false","0;0;0;0","0;0;0;0","0","0","true","4","0,2,4,6","1,1,1,1","0,0,0,0","true","8","2","true"
"2","1","G(S)","fused","512","1","4","128,128,128,128","fused","avx2_fused","0.0025331","8388608","3311597647.15171","13977311238581039400","5156533420041995800;13175200098663782325;4549353948644942164;13977311238581039400","true;true;true;true","false;false;false;false","0;0;0;0","0;0;0;0","0","0","true","4","0,2,4,6","1,1,1,1","0,0,0,0","true","8","2","true"
"2","2","F(S)","repeat","512","1","4","128,128,128,128","repeat","avx2_repeat","0.0035337","8388608","2373887992.75547","13977311238581039400","5156533420041995800;13175200098663782325;4549353948644942164;13977311238581039400","true;true;true;true","false;false;false;false","0;0;0;0","0;0;0;0","0","0","true","4","0,2,4,6","1,1,1,1","0,0,0,0","true","8","2","true"
"3","1","F(S)","repeat","512","1","4","128,128,128,128","repeat","avx2_repeat","0.0007263","8388608","11549783835.8805","13977311238581039400","5156533420041995800;13175200098663782325;4549353948644942164;13977311238581039400","true;true;true;true","false;false;false;false","0;0;0;0","0;0;0;0","0","0","true","4","0,2,4,6","1,1,1,1","0,0,0,0","true","8","2","true"
"3","2","G(S)","fused","512","1","4","128,128,128,128","fused","avx2_fused","0.0019745","8388608","4248472018.23246","13977311238581039400","5156533420041995800;13175200098663782325;4549353948644942164;13977311238581039400","true;true;true;true","false;false;false;false","0;0;0;0","0;0;0;0","0","0","true","4","0,2,4,6","1,1,1,1","0,0,0,0","true","8","2","true"
"4","1","G(S)","fused","512","1","4","128,128,128,128","fused","avx2_fused","0.0011063","8388608","7582579770.40586","13977311238581039400","5156533420041995800;13175200098663782325;4549353948644942164;13977311238581039400","true;true;true;true","false;false;false;false","0;0;0;0","0;0;0;0","0","0","true","4","0,2,4,6","1,1,1,1","0,0,0,0","true","8","2","true"
"4","2","F(S)","repeat","512","1","4","128,128,128,128","repeat","avx2_repeat","0.0019867","8388608","4222382845.9254","13977311238581039400","5156533420041995800;13175200098663782325;4549353948644942164;13977311238581039400","true;true;true;true","false;false;false;false","0;0;0;0","0;0;0;0","0","0","true","4","0,2,4,6","1,1,1,1","0,0,0,0","true","8","2","true"
"5","1","F(S)","repeat","512","1","4","128,128,128,128","repeat","avx2_repeat","0.0019505","8388608","4300747500.64086","13977311238581039400","5156533420041995800;13175200098663782325;4549353948644942164;13977311238581039400","true;true;true;true","false;false;false;false","0;0;0;0","0;0;0;0","0","0","true","4","0,2,4,6","1,1,1,1","0,0,0,0","true","8","2","true"
"5","2","G(S)","fused","512","1","4","128,128,128,128","fused","avx2_fused","0.0008746","8388608","9591365195.51795","13977311238581039400","5156533420041995800;13175200098663782325;4549353948644942164;13977311238581039400","true;true;true;true","false;false;false;false","0;0;0;0","0;0;0;0","0","0","true","4","0,2,4,6","1,1,1,1","0,0,0,0","true","8","2","true"
"6","1","G(S)","fused","512","1","4","128,128,128,128","fused","avx2_fused","0.0008513","8388608","9853879948.31434","13977311238581039400","5156533420041995800;13175200098663782325;4549353948644942164;13977311238581039400","true;true;true;true","false;false;false;false","0;0;0;0","0;0;0;0","0","0","true","4","0,2,4,6","1,1,1,1","0,0,0,0","true","8","2","true"
"6","2","F(S)","repeat","512","1","4","128,128,128,128","repeat","avx2_repeat","0.0021341","8388608","3930747387.65756","13977311238581039400","5156533420041995800;13175200098663782325;4549353948644942164;13977311238581039400","true;true;true;true","false;false;false;false","0;0;0;0","0;0;0;0","0","0","true","4","0,2,4,6","1,1,1,1","0,0,0,0","true","8","2","true"
"7","1","F(S)","repeat","512","1","4","128,128,128,128","repeat","avx2_repeat","0.0012857","8388608","6524545383.8376","13977311238581039400","5156533420041995800;13175200098663782325;4549353948644942164;13977311238581039400","true;true;true;true","false;false;false;false","0;0;0;0","0;0;0;0","0","0","true","4","0,2,4,6","1,1,1,1","0,0,0,0","true","8","2","true"
"7","2","G(S)","fused","512","1","4","128,128,128,128","fused","avx2_fused","0.0012198","8388608","6877035579.60321","13977311238581039400","5156533420041995800;13175200098663782325;4549353948644942164;13977311238581039400","true;true;true;true","false;false;false;false","0;0;0;0","0;0;0;0","0","0","true","4","0,2,4,6","1,1,1,1","0,0,0,0","true","8","2","true"
"8","1","G(S)","fused","512","1","4","128,128,128,128","fused","avx2_fused","0.0020908","8388608","4012152286.20624","13977311238581039400","5156533420041995800;13175200098663782325;4549353948644942164;13977311238581039400","true;true;true;true","false;false;false;false","0;0;0;0","0;0;0;0","0","0","true","4","0,2,4,6","1,1,1,1","0,0,0,0","true","8","2","true"
"8","2","F(S)","repeat","512","1","4","128,128,128,128","repeat","avx2_repeat","0.0019294","8388608","4347780657.19913","13977311238581039400","5156533420041995800;13175200098663782325;4549353948644942164;13977311238581039400","true;true;true;true","false;false;false;false","0;0;0;0","0;0;0;0","0","0","true","4","0,2,4,6","1,1,1,1","0,0,0,0","true","8","2","true"
"9","1","F(S)","repeat","512","1","4","128,128,128,128","repeat","avx2_repeat","0.0020095","8388608","4174475242.59766","13977311238581039400","5156533420041995800;13175200098663782325;4549353948644942164;13977311238581039400","true;true;true;true","false;false;false;false","0;0;0;0","0;0;0;0","0","0","true","4","0,2,4,6","1,1,1,1","0,0,0,0","true","8","2","true"
"9","2","G(S)","fused","512","1","4","128,128,128,128","fused","avx2_fused","0.0015687","8388608","5347490278.57462","13977311238581039400","5156533420041995800;13175200098663782325;4549353948644942164;13977311238581039400","true;true;true;true","false;false;false;false","0;0;0;0","0;0;0;0","0","0","true","4","0,2,4,6","1,1,1,1","0,0,0,0","true","8","2","true"
"10","1","G(S)","fused","512","1","4","128,128,128,128","fused","avx2_fused","0.0009093","8388608","9225346970.19685","13977311238581039400","5156533420041995800;13175200098663782325;4549353948644942164;13977311238581039400","true;true;true;true","false;false;false;false","0;0;0;0","0;0;0;0","0","0","true","4","0,2,4,6","1,1,1,1","0,0,0,0","true","8","2","true"
"10","2","F(S)","repeat","512","1","4","128,128,128,128","repeat","avx2_repeat","0.0021006","8388608","3993434256.87899","13977311238581039400","5156533420041995800;13175200098663782325;4549353948644942164;13977311238581039400","true;true;true;true","false;false;false;false","0;0;0;0","0;0;0;0","0","0","true","4","0,2,4,6","1,1,1,1","0,0,0,0","true","8","2","true"
"1","1","F(S)","repeat","512","1","8","128,128,128,128","repeat","avx2_repeat","0.0041121","16777216","4079963035.91839","6479385130747434895","5156533420041995800;13175200098663782325;4549353948644942164;13977311238581039400;8060378311007652497;8231470391171241854;6353379237560784982;6479385130747434895","true;true;true;true;true;true;true;true","false;false;false;false;false;false;false;false","0;0;0;0;0;0;0;1","0;0;0;0;0;0;0;0.001953125","8","0.000244140625","true","4","0,2,4,6","1,1,1,1","0,0,0,0","true","8","2","true"
"1","2","G(S)","fused","512","1","8","128,128,128,128","fused","avx2_fused","0.0061454","16777216","2730044586.19455","6479385130747434895","5156533420041995800;13175200098663782325;4549353948644942164;13977311238581039400;8060378311007652497;8231470391171241854;6353379237560784982;6479385130747434895","true;true;true;true;true;true;true;true","false;false;false;false;false;false;false;false","0;0;0;0;0;0;0;1","0;0;0;0;0;0;0;0.001953125","8","0.000244140625","true","4","0,2,4,6","1,1,1,1","0,0,0,0","true","8","2","true"
"2","1","G(S)","fused","512","1","8","128,128,128,128","fused","avx2_fused","0.0043312","16777216","3873572220.16993","6479385130747434895","5156533420041995800;13175200098663782325;4549353948644942164;13977311238581039400;8060378311007652497;8231470391171241854;6353379237560784982;6479385130747434895","true;true;true;true;true;true;true;true","false;false;false;false;false;false;false;false","0;0;0;0;0;0;0;1","0;0;0;0;0;0;0;0.001953125","8","0.000244140625","true","4","0,2,4,6","1,1,1,1","0,0,0,0","true","8","2","true"
"2","2","F(S)","repeat","512","1","8","128,128,128,128","repeat","avx2_repeat","0.004868","16777216","3446428923.58258","6479385130747434895","5156533420041995800;13175200098663782325;4549353948644942164;13977311238581039400;8060378311007652497;8231470391171241854;6353379237560784982;6479385130747434895","true;true;true;true;true;true;true;true","false;false;false;false;false;false;false;false","0;0;0;0;0;0;0;1","0;0;0;0;0;0;0;0.001953125","8","0.000244140625","true","4","0,2,4,6","1,1,1,1","0,0,0,0","true","8","2","true"
"3","1","F(S)","repeat","512","1","8","128,128,128,128","repeat","avx2_repeat","0.0047307","16777216","3546455281.4594","6479385130747434895","5156533420041995800;13175200098663782325;4549353948644942164;13977311238581039400;8060378311007652497;8231470391171241854;6353379237560784982;6479385130747434895","true;true;true;true;true;true;true;true","false;false;false;false;false;false;false;false","0;0;0;0;0;0;0;1","0;0;0;0;0;0;0;0.001953125","8","0.000244140625","true","4","0,2,4,6","1,1,1,1","0,0,0,0","true","8","2","true"
"3","2","G(S)","fused","512","1","8","128,128,128,128","fused","avx2_fused","0.0031159","16777216","5384388459.19317","6479385130747434895","5156533420041995800;13175200098663782325;4549353948644942164;13977311238581039400;8060378311007652497;8231470391171241854;6353379237560784982;6479385130747434895","true;true;true;true;true;true;true;true","false;false;false;false;false;false;false;false","0;0;0;0;0;0;0;1","0;0;0;0;0;0;0;0.001953125","8","0.000244140625","true","4","0,2,4,6","1,1,1,1","0,0,0,0","true","8","2","true"
"4","1","G(S)","fused","512","1","8","128,128,128,128","fused","avx2_fused","0.0047182","16777216","3555850960.11191","6479385130747434895","5156533420041995800;13175200098663782325;4549353948644942164;13977311238581039400;8060378311007652497;8231470391171241854;6353379237560784982;6479385130747434895","true;true;true;true;true;true;true;true","false;false;false;false;false;false;false;false","0;0;0;0;0;0;0;1","0;0;0;0;0;0;0;0.001953125","8","0.000244140625","true","4","0,2,4,6","1,1,1,1","0,0,0,0","true","8","2","true"
"4","2","F(S)","repeat","512","1","8","128,128,128,128","repeat","avx2_repeat","0.0049937","16777216","3359676392.25424","6479385130747434895","5156533420041995800;13175200098663782325;4549353948644942164;13977311238581039400;8060378311007652497;8231470391171241854;6353379237560784982;6479385130747434895","true;true;true;true;true;true;true;true","false;false;false;false;false;false;false;false","0;0;0;0;0;0;0;1","0;0;0;0;0;0;0;0.001953125","8","0.000244140625","true","4","0,2,4,6","1,1,1,1","0,0,0,0","true","8","2","true"
"5","1","F(S)","repeat","512","1","8","128,128,128,128","repeat","avx2_repeat","0.0043317","16777216","3873125100.99961","6479385130747434895","5156533420041995800;13175200098663782325;4549353948644942164;13977311238581039400;8060378311007652497;8231470391171241854;6353379237560784982;6479385130747434895","true;true;true;true;true;true;true;true","false;false;false;false;false;false;false;false","0;0;0;0;0;0;0;1","0;0;0;0;0;0;0;0.001953125","8","0.000244140625","true","4","0,2,4,6","1,1,1,1","0,0,0,0","true","8","2","true"
"5","2","G(S)","fused","512","1","8","128,128,128,128","fused","avx2_fused","0.0050445","16777216","3325843195.55952","6479385130747434895","5156533420041995800;13175200098663782325;4549353948644942164;13977311238581039400;8060378311007652497;8231470391171241854;6353379237560784982;6479385130747434895","true;true;true;true;true;true;true;true","false;false;false;false;false;false;false;false","0;0;0;0;0;0;0;1","0;0;0;0;0;0;0;0.001953125","8","0.000244140625","true","4","0,2,4,6","1,1,1,1","0,0,0,0","true","8","2","true"
"6","1","G(S)","fused","512","1","8","128,128,128,128","fused","avx2_fused","0.0047107","16777216","3561512301.78105","6479385130747434895","5156533420041995800;13175200098663782325;4549353948644942164;13977311238581039400;8060378311007652497;8231470391171241854;6353379237560784982;6479385130747434895","true;true;true;true;true;true;true;true","false;false;false;false;false;false;false;false","0;0;0;0;0;0;0;1","0;0;0;0;0;0;0;0.001953125","8","0.000244140625","true","4","0,2,4,6","1,1,1,1","0,0,0,0","true","8","2","true"
"6","2","F(S)","repeat","512","1","8","128,128,128,128","repeat","avx2_repeat","0.0046091","16777216","3640019960.5129","6479385130747434895","5156533420041995800;13175200098663782325;4549353948644942164;13977311238581039400;8060378311007652497;8231470391171241854;6353379237560784982;6479385130747434895","true;true;true;true;true;true;true;true","false;false;false;false;false;false;false;false","0;0;0;0;0;0;0;1","0;0;0;0;0;0;0;0.001953125","8","0.000244140625","true","4","0,2,4,6","1,1,1,1","0,0,0,0","true","8","2","true"
"7","1","F(S)","repeat","512","1","8","128,128,128,128","repeat","avx2_repeat","0.0045418","16777216","3693957461.79929","6479385130747434895","5156533420041995800;13175200098663782325;4549353948644942164;13977311238581039400;8060378311007652497;8231470391171241854;6353379237560784982;6479385130747434895","true;true;true;true;true;true;true;true","false;false;false;false;false;false;false;false","0;0;0;0;0;0;0;1","0;0;0;0;0;0;0;0.001953125","8","0.000244140625","true","4","0,2,4,6","1,1,1,1","0,0,0,0","true","8","2","true"
"7","2","G(S)","fused","512","1","8","128,128,128,128","fused","avx2_fused","0.0078883","16777216","2126848116.83126","6479385130747434895","5156533420041995800;13175200098663782325;4549353948644942164;13977311238581039400;8060378311007652497;8231470391171241854;6353379237560784982;6479385130747434895","true;true;true;true;true;true;true;true","false;false;false;false;false;false;false;false","0;0;0;0;0;0;0;1","0;0;0;0;0;0;0;0.001953125","8","0.000244140625","true","4","0,2,4,6","1,1,1,1","0,0,0,0","true","8","2","true"
"8","1","G(S)","fused","512","1","8","128,128,128,128","fused","avx2_fused","0.002944","16777216","5698782608.69565","6479385130747434895","5156533420041995800;13175200098663782325;4549353948644942164;13977311238581039400;8060378311007652497;8231470391171241854;6353379237560784982;6479385130747434895","true;true;true;true;true;true;true;true","false;false;false;false;false;false;false;false","0;0;0;0;0;0;0;1","0;0;0;0;0;0;0;0.001953125","8","0.000244140625","true","4","0,2,4,6","1,1,1,1","0,0,0,0","true","8","2","true"
"8","2","F(S)","repeat","512","1","8","128,128,128,128","repeat","avx2_repeat","0.0030448","16777216","5510120861.79716","6479385130747434895","5156533420041995800;13175200098663782325;4549353948644942164;13977311238581039400;8060378311007652497;8231470391171241854;6353379237560784982;6479385130747434895","true;true;true;true;true;true;true;true","false;false;false;false;false;false;false;false","0;0;0;0;0;0;0;1","0;0;0;0;0;0;0;0.001953125","8","0.000244140625","true","4","0,2,4,6","1,1,1,1","0,0,0,0","true","8","2","true"
"9","1","F(S)","repeat","512","1","8","128,128,128,128","repeat","avx2_repeat","0.0066354","16777216","2528440787.2924","6479385130747434895","5156533420041995800;13175200098663782325;4549353948644942164;13977311238581039400;8060378311007652497;8231470391171241854;6353379237560784982;6479385130747434895","true;true;true;true;true;true;true;true","false;false;false;false;false;false;false;false","0;0;0;0;0;0;0;1","0;0;0;0;0;0;0;0.001953125","8","0.000244140625","true","4","0,2,4,6","1,1,1,1","0,0,0,0","true","8","2","true"
"9","2","G(S)","fused","512","1","8","128,128,128,128","fused","avx2_fused","0.004614","16777216","3636154312.96055","6479385130747434895","5156533420041995800;13175200098663782325;4549353948644942164;13977311238581039400;8060378311007652497;8231470391171241854;6353379237560784982;6479385130747434895","true;true;true;true;true;true;true;true","false;false;false;false;false;false;false;false","0;0;0;0;0;0;0;1","0;0;0;0;0;0;0;0.001953125","8","0.000244140625","true","4","0,2,4,6","1,1,1,1","0,0,0,0","true","8","2","true"
"10","1","G(S)","fused","512","1","8","128,128,128,128","fused","avx2_fused","0.0029832","16777216","5623899168.67793","6479385130747434895","5156533420041995800;13175200098663782325;4549353948644942164;13977311238581039400;8060378311007652497;8231470391171241854;6353379237560784982;6479385130747434895","true;true;true;true;true;true;true;true","false;false;false;false;false;false;false;false","0;0;0;0;0;0;0;1","0;0;0;0;0;0;0;0.001953125","8","0.000244140625","true","4","0,2,4,6","1,1,1,1","0,0,0,0","true","8","2","true"
"10","2","F(S)","repeat","512","1","8","128,128,128,128","repeat","avx2_repeat","0.004622","16777216","3629860666.37819","6479385130747434895","5156533420041995800;13175200098663782325;4549353948644942164;13977311238581039400;8060378311007652497;8231470391171241854;6353379237560784982;6479385130747434895","true;true;true;true;true;true;true;true","false;false;false;false;false;false;false;false","0;0;0;0;0;0;0;1","0;0;0;0;0;0;0;0.001953125","8","0.000244140625","true","4","0,2,4,6","1,1,1,1","0,0,0,0","true","8","2","true"
"1","1","F(S)","repeat","512","1","16","128,128,128,128","repeat","avx2_repeat","0.0328756","33554432","1020648505.27443","16794876969260276264","5156533420041995800;13175200098663782325;4549353948644942164;13977311238581039400;8060378311007652497;8231470391171241854;6353379237560784982;6479385130747434895;6716678801900521010;12611044509825579376;17048330770198727392;12867931280649719618;12586153124935780949;14328404969792242929;16014246983496208715;16794876969260276264","true;true;true;true;true;true;true;true;true;true;true;true;true;true;true;true","false;false;false;false;false;false;false;false;false;false;false;false;false;false;false;false","0;0;0;0;0;0;0;1;0;0;0;0;0;0;0;0","0;0;0;0;0;0;0;0.001953125;0;0;0;0;0;0;0;0","8","0.0001220703125","true","4","0,2,4,6","1,1,1,1","0,0,0,0","true","8","2","true"
"1","2","G(S)","fused","512","1","16","128,128,128,128","fused","avx2_fused","0.0325433","33554432","1031070358.56843","16794876969260276264","5156533420041995800;13175200098663782325;4549353948644942164;13977311238581039400;8060378311007652497;8231470391171241854;6353379237560784982;6479385130747434895;6716678801900521010;12611044509825579376;17048330770198727392;12867931280649719618;12586153124935780949;14328404969792242929;16014246983496208715;16794876969260276264","true;true;true;true;true;true;true;true;true;true;true;true;true;true;true;true","false;false;false;false;false;false;false;false;false;false;false;false;false;false;false;false","0;0;0;0;0;0;0;1;0;0;0;0;0;0;0;0","0;0;0;0;0;0;0;0.001953125;0;0;0;0;0;0;0;0","8","0.0001220703125","true","4","0,2,4,6","1,1,1,1","0,0,0,0","true","8","2","true"
"2","1","G(S)","fused","512","1","16","128,128,128,128","fused","avx2_fused","0.0091517","33554432","3666469836.2053","16794876969260276264","5156533420041995800;13175200098663782325;4549353948644942164;13977311238581039400;8060378311007652497;8231470391171241854;6353379237560784982;6479385130747434895;6716678801900521010;12611044509825579376;17048330770198727392;12867931280649719618;12586153124935780949;14328404969792242929;16014246983496208715;16794876969260276264","true;true;true;true;true;true;true;true;true;true;true;true;true;true;true;true","false;false;false;false;false;false;false;false;false;false;false;false;false;false;false;false","0;0;0;0;0;0;0;1;0;0;0;0;0;0;0;0","0;0;0;0;0;0;0;0.001953125;0;0;0;0;0;0;0;0","8","0.0001220703125","true","4","0,2,4,6","1,1,1,1","0,0,0,0","true","8","2","true"
"2","2","F(S)","repeat","512","1","16","128,128,128,128","repeat","avx2_repeat","0.0347693","33554432","965059175.767128","16794876969260276264","5156533420041995800;13175200098663782325;4549353948644942164;13977311238581039400;8060378311007652497;8231470391171241854;6353379237560784982;6479385130747434895;6716678801900521010;12611044509825579376;17048330770198727392;12867931280649719618;12586153124935780949;14328404969792242929;16014246983496208715;16794876969260276264","true;true;true;true;true;true;true;true;true;true;true;true;true;true;true;true","false;false;false;false;false;false;false;false;false;false;false;false;false;false;false;false","0;0;0;0;0;0;0;1;0;0;0;0;0;0;0;0","0;0;0;0;0;0;0;0.001953125;0;0;0;0;0;0;0;0","8","0.0001220703125","true","4","0,2,4,6","1,1,1,1","0,0,0,0","true","8","2","true"
"3","1","F(S)","repeat","512","1","16","128,128,128,128","repeat","avx2_repeat","0.0071769","33554432","4675337819.95012","16794876969260276264","5156533420041995800;13175200098663782325;4549353948644942164;13977311238581039400;8060378311007652497;8231470391171241854;6353379237560784982;6479385130747434895;6716678801900521010;12611044509825579376;17048330770198727392;12867931280649719618;12586153124935780949;14328404969792242929;16014246983496208715;16794876969260276264","true;true;true;true;true;true;true;true;true;true;true;true;true;true;true;true","false;false;false;false;false;false;false;false;false;false;false;false;false;false;false;false","0;0;0;0;0;0;0;1;0;0;0;0;0;0;0;0","0;0;0;0;0;0;0;0.001953125;0;0;0;0;0;0;0;0","8","0.0001220703125","true","4","0,2,4,6","1,1,1,1","0,0,0,0","true","8","2","true"
"3","2","G(S)","fused","512","1","16","128,128,128,128","fused","avx2_fused","0.0080118","33554432","4188126513.39275","16794876969260276264","5156533420041995800;13175200098663782325;4549353948644942164;13977311238581039400;8060378311007652497;8231470391171241854;6353379237560784982;6479385130747434895;6716678801900521010;12611044509825579376;17048330770198727392;12867931280649719618;12586153124935780949;14328404969792242929;16014246983496208715;16794876969260276264","true;true;true;true;true;true;true;true;true;true;true;true;true;true;true;true","false;false;false;false;false;false;false;false;false;false;false;false;false;false;false;false","0;0;0;0;0;0;0;1;0;0;0;0;0;0;0;0","0;0;0;0;0;0;0;0.001953125;0;0;0;0;0;0;0;0","8","0.0001220703125","true","4","0,2,4,6","1,1,1,1","0,0,0,0","true","8","2","true"
"4","1","G(S)","fused","512","1","16","128,128,128,128","fused","avx2_fused","0.0148781","33554432","2255290124.41105","16794876969260276264","5156533420041995800;13175200098663782325;4549353948644942164;13977311238581039400;8060378311007652497;8231470391171241854;6353379237560784982;6479385130747434895;6716678801900521010;12611044509825579376;17048330770198727392;12867931280649719618;12586153124935780949;14328404969792242929;16014246983496208715;16794876969260276264","true;true;true;true;true;true;true;true;true;true;true;true;true;true;true;true","false;false;false;false;false;false;false;false;false;false;false;false;false;false;false;false","0;0;0;0;0;0;0;1;0;0;0;0;0;0;0;0","0;0;0;0;0;0;0;0.001953125;0;0;0;0;0;0;0;0","8","0.0001220703125","true","4","0,2,4,6","1,1,1,1","0,0,0,0","true","8","2","true"
"4","2","F(S)","repeat","512","1","16","128,128,128,128","repeat","avx2_repeat","0.0076932","33554432","4361570217.85473","16794876969260276264","5156533420041995800;13175200098663782325;4549353948644942164;13977311238581039400;8060378311007652497;8231470391171241854;6353379237560784982;6479385130747434895;6716678801900521010;12611044509825579376;17048330770198727392;12867931280649719618;12586153124935780949;14328404969792242929;16014246983496208715;16794876969260276264","true;true;true;true;true;true;true;true;true;true;true;true;true;true;true;true","false;false;false;false;false;false;false;false;false;false;false;false;false;false;false;false","0;0;0;0;0;0;0;1;0;0;0;0;0;0;0;0","0;0;0;0;0;0;0;0.001953125;0;0;0;0;0;0;0;0","8","0.0001220703125","true","4","0,2,4,6","1,1,1,1","0,0,0,0","true","8","2","true"
"5","1","F(S)","repeat","512","1","16","128,128,128,128","repeat","avx2_repeat","0.0082799","33554432","4052516576.28715","16794876969260276264","5156533420041995800;13175200098663782325;4549353948644942164;13977311238581039400;8060378311007652497;8231470391171241854;6353379237560784982;6479385130747434895;6716678801900521010;12611044509825579376;17048330770198727392;12867931280649719618;12586153124935780949;14328404969792242929;16014246983496208715;16794876969260276264","true;true;true;true;true;true;true;true;true;true;true;true;true;true;true;true","false;false;false;false;false;false;false;false;false;false;false;false;false;false;false;false","0;0;0;0;0;0;0;1;0;0;0;0;0;0;0;0","0;0;0;0;0;0;0;0.001953125;0;0;0;0;0;0;0;0","8","0.0001220703125","true","4","0,2,4,6","1,1,1,1","0,0,0,0","true","8","2","true"
"5","2","G(S)","fused","512","1","16","128,128,128,128","fused","avx2_fused","0.0097318","33554432","3447916315.58396","16794876969260276264","5156533420041995800;13175200098663782325;4549353948644942164;13977311238581039400;8060378311007652497;8231470391171241854;6353379237560784982;6479385130747434895;6716678801900521010;12611044509825579376;17048330770198727392;12867931280649719618;12586153124935780949;14328404969792242929;16014246983496208715;16794876969260276264","true;true;true;true;true;true;true;true;true;true;true;true;true;true;true;true","false;false;false;false;false;false;false;false;false;false;false;false;false;false;false;false","0;0;0;0;0;0;0;1;0;0;0;0;0;0;0;0","0;0;0;0;0;0;0;0.001953125;0;0;0;0;0;0;0;0","8","0.0001220703125","true","4","0,2,4,6","1,1,1,1","0,0,0,0","true","8","2","true"
"6","1","G(S)","fused","512","1","16","128,128,128,128","fused","avx2_fused","0.0744304","33554432","450816225.628238","16794876969260276264","5156533420041995800;13175200098663782325;4549353948644942164;13977311238581039400;8060378311007652497;8231470391171241854;6353379237560784982;6479385130747434895;6716678801900521010;12611044509825579376;17048330770198727392;12867931280649719618;12586153124935780949;14328404969792242929;16014246983496208715;16794876969260276264","true;true;true;true;true;true;true;true;true;true;true;true;true;true;true;true","false;false;false;false;false;false;false;false;false;false;false;false;false;false;false;false","0;0;0;0;0;0;0;1;0;0;0;0;0;0;0;0","0;0;0;0;0;0;0;0.001953125;0;0;0;0;0;0;0;0","8","0.0001220703125","true","4","0,2,4,6","1,1,1,1","0,0,0,0","true","8","2","true"
"6","2","F(S)","repeat","512","1","16","128,128,128,128","repeat","avx2_repeat","0.0075405","33554432","4449894834.56004","16794876969260276264","5156533420041995800;13175200098663782325;4549353948644942164;13977311238581039400;8060378311007652497;8231470391171241854;6353379237560784982;6479385130747434895;6716678801900521010;12611044509825579376;17048330770198727392;12867931280649719618;12586153124935780949;14328404969792242929;16014246983496208715;16794876969260276264","true;true;true;true;true;true;true;true;true;true;true;true;true;true;true;true","false;false;false;false;false;false;false;false;false;false;false;false;false;false;false;false","0;0;0;0;0;0;0;1;0;0;0;0;0;0;0;0","0;0;0;0;0;0;0;0.001953125;0;0;0;0;0;0;0;0","8","0.0001220703125","true","4","0,2,4,6","1,1,1,1","0,0,0,0","true","8","2","true"
"7","1","F(S)","repeat","512","1","16","128,128,128,128","repeat","avx2_repeat","0.0069816","33554432","4806123524.69348","16794876969260276264","5156533420041995800;13175200098663782325;4549353948644942164;13977311238581039400;8060378311007652497;8231470391171241854;6353379237560784982;6479385130747434895;6716678801900521010;12611044509825579376;17048330770198727392;12867931280649719618;12586153124935780949;14328404969792242929;16014246983496208715;16794876969260276264","true;true;true;true;true;true;true;true;true;true;true;true;true;true;true;true","false;false;false;false;false;false;false;false;false;false;false;false;false;false;false;false","0;0;0;0;0;0;0;1;0;0;0;0;0;0;0;0","0;0;0;0;0;0;0;0.001953125;0;0;0;0;0;0;0;0","8","0.0001220703125","true","4","0,2,4,6","1,1,1,1","0,0,0,0","true","8","2","true"
"7","2","G(S)","fused","512","1","16","128,128,128,128","fused","avx2_fused","0.0073693","33554432","4553272631.05044","16794876969260276264","5156533420041995800;13175200098663782325;4549353948644942164;13977311238581039400;8060378311007652497;8231470391171241854;6353379237560784982;6479385130747434895;6716678801900521010;12611044509825579376;17048330770198727392;12867931280649719618;12586153124935780949;14328404969792242929;16014246983496208715;16794876969260276264","true;true;true;true;true;true;true;true;true;true;true;true;true;true;true;true","false;false;false;false;false;false;false;false;false;false;false;false;false;false;false;false","0;0;0;0;0;0;0;1;0;0;0;0;0;0;0;0","0;0;0;0;0;0;0;0.001953125;0;0;0;0;0;0;0;0","8","0.0001220703125","true","4","0,2,4,6","1,1,1,1","0,0,0,0","true","8","2","true"
"8","1","G(S)","fused","512","1","16","128,128,128,128","fused","avx2_fused","0.0089968","33554432","3729596300.90699","16794876969260276264","5156533420041995800;13175200098663782325;4549353948644942164;13977311238581039400;8060378311007652497;8231470391171241854;6353379237560784982;6479385130747434895;6716678801900521010;12611044509825579376;17048330770198727392;12867931280649719618;12586153124935780949;14328404969792242929;16014246983496208715;16794876969260276264","true;true;true;true;true;true;true;true;true;true;true;true;true;true;true;true","false;false;false;false;false;false;false;false;false;false;false;false;false;false;false;false","0;0;0;0;0;0;0;1;0;0;0;0;0;0;0;0","0;0;0;0;0;0;0;0.001953125;0;0;0;0;0;0;0;0","8","0.0001220703125","true","4","0,2,4,6","1,1,1,1","0,0,0,0","true","8","2","true"
"8","2","F(S)","repeat","512","1","16","128,128,128,128","repeat","avx2_repeat","0.0071965","33554432","4662604321.5452","16794876969260276264","5156533420041995800;13175200098663782325;4549353948644942164;13977311238581039400;8060378311007652497;8231470391171241854;6353379237560784982;6479385130747434895;6716678801900521010;12611044509825579376;17048330770198727392;12867931280649719618;12586153124935780949;14328404969792242929;16014246983496208715;16794876969260276264","true;true;true;true;true;true;true;true;true;true;true;true;true;true;true;true","false;false;false;false;false;false;false;false;false;false;false;false;false;false;false;false","0;0;0;0;0;0;0;1;0;0;0;0;0;0;0;0","0;0;0;0;0;0;0;0.001953125;0;0;0;0;0;0;0;0","8","0.0001220703125","true","4","0,2,4,6","1,1,1,1","0,0,0,0","true","8","2","true"
"9","1","F(S)","repeat","512","1","16","128,128,128,128","repeat","avx2_repeat","0.0067927","33554432","4939778291.40106","16794876969260276264","5156533420041995800;13175200098663782325;4549353948644942164;13977311238581039400;8060378311007652497;8231470391171241854;6353379237560784982;6479385130747434895;6716678801900521010;12611044509825579376;17048330770198727392;12867931280649719618;12586153124935780949;14328404969792242929;16014246983496208715;16794876969260276264","true;true;true;true;true;true;true;true;true;true;true;true;true;true;true;true","false;false;false;false;false;false;false;false;false;false;false;false;false;false;false;false","0;0;0;0;0;0;0;1;0;0;0;0;0;0;0;0","0;0;0;0;0;0;0;0.001953125;0;0;0;0;0;0;0;0","8","0.0001220703125","true","4","0,2,4,6","1,1,1,1","0,0,0,0","true","8","2","true"
"9","2","G(S)","fused","512","1","16","128,128,128,128","fused","avx2_fused","0.0112528","33554432","2981874022.46552","16794876969260276264","5156533420041995800;13175200098663782325;4549353948644942164;13977311238581039400;8060378311007652497;8231470391171241854;6353379237560784982;6479385130747434895;6716678801900521010;12611044509825579376;17048330770198727392;12867931280649719618;12586153124935780949;14328404969792242929;16014246983496208715;16794876969260276264","true;true;true;true;true;true;true;true;true;true;true;true;true;true;true;true","false;false;false;false;false;false;false;false;false;false;false;false;false;false;false;false","0;0;0;0;0;0;0;1;0;0;0;0;0;0;0;0","0;0;0;0;0;0;0;0.001953125;0;0;0;0;0;0;0;0","8","0.0001220703125","true","4","0,2,4,6","1,1,1,1","0,0,0,0","true","8","2","true"
"10","1","G(S)","fused","512","1","16","128,128,128,128","fused","avx2_fused","0.0068237","33554432","4917336928.64575","16794876969260276264","5156533420041995800;13175200098663782325;4549353948644942164;13977311238581039400;8060378311007652497;8231470391171241854;6353379237560784982;6479385130747434895;6716678801900521010;12611044509825579376;17048330770198727392;12867931280649719618;12586153124935780949;14328404969792242929;16014246983496208715;16794876969260276264","true;true;true;true;true;true;true;true;true;true;true;true;true;true;true;true","false;false;false;false;false;false;false;false;false;false;false;false;false;false;false;false","0;0;0;0;0;0;0;1;0;0;0;0;0;0;0;0","0;0;0;0;0;0;0;0.001953125;0;0;0;0;0;0;0;0","8","0.0001220703125","true","4","0,2,4,6","1,1,1,1","0,0,0,0","true","8","2","true"
"10","2","F(S)","repeat","512","1","16","128,128,128,128","repeat","avx2_repeat","0.0075711","33554432","4431909762.12175","16794876969260276264","5156533420041995800;13175200098663782325;4549353948644942164;13977311238581039400;8060378311007652497;8231470391171241854;6353379237560784982;6479385130747434895;6716678801900521010;12611044509825579376;17048330770198727392;12867931280649719618;12586153124935780949;14328404969792242929;16014246983496208715;16794876969260276264","true;true;true;true;true;true;true;true;true;true;true;true;true;true;true;true","false;false;false;false;false;false;false;false;false;false;false;false;false;false;false;false","0;0;0;0;0;0;0;1;0;0;0;0;0;0;0;0","0;0;0;0;0;0;0;0.001953125;0;0;0;0;0;0;0;0","8","0.0001220703125","true","4","0,2,4,6","1,1,1,1","0,0,0,0","true","8","2","true"
"1","1","F(S)","repeat","512","2","1","128,128,128,128","repeat","avx2_repeat","0.0003681","4194304","11394468894.3222","13342772756393143073","13342772756393143073","true","false","0","0","0","0","true","4","0,2,4,6","1,1,1,1","0,0,0,0","true","8","2","true"
"1","2","G(S)","fused","512","2","1","128,128,128,128","fused","avx2_fused","0.0002397","4194304","17498139340.8427","13342772756393143073","13342772756393143073","true","false","0","0","0","0","true","4","0,2,4,6","1,1,1,1","0,0,0,0","true","8","2","true"
"2","1","G(S)","fused","512","2","1","128,128,128,128","fused","avx2_fused","0.0002387","4194304","17571445328.8647","13342772756393143073","13342772756393143073","true","false","0","0","0","0","true","4","0,2,4,6","1,1,1,1","0,0,0,0","true","8","2","true"
"2","2","F(S)","repeat","512","2","1","128,128,128,128","repeat","avx2_repeat","0.0003951","4194304","10615803594.0268","13342772756393143073","13342772756393143073","true","false","0","0","0","0","true","4","0,2,4,6","1,1,1,1","0,0,0,0","true","8","2","true"
"3","1","F(S)","repeat","512","2","1","128,128,128,128","repeat","avx2_repeat","0.000317","4194304","13231242902.2082","13342772756393143073","13342772756393143073","true","false","0","0","0","0","true","4","0,2,4,6","1,1,1,1","0,0,0,0","true","8","2","true"
"3","2","G(S)","fused","512","2","1","128,128,128,128","fused","avx2_fused","0.0003288","4194304","12756399026.764","13342772756393143073","13342772756393143073","true","false","0","0","0","0","true","4","0,2,4,6","1,1,1,1","0,0,0,0","true","8","2","true"
"4","1","G(S)","fused","512","2","1","128,128,128,128","fused","avx2_fused","0.0002856","4194304","14685938375.3501","13342772756393143073","13342772756393143073","true","false","0","0","0","0","true","4","0,2,4,6","1,1,1,1","0,0,0,0","true","8","2","true"
"4","2","F(S)","repeat","512","2","1","128,128,128,128","repeat","avx2_repeat","0.0002642","4194304","15875488266.4648","13342772756393143073","13342772756393143073","true","false","0","0","0","0","true","4","0,2,4,6","1,1,1,1","0,0,0,0","true","8","2","true"
"5","1","F(S)","repeat","512","2","1","128,128,128,128","repeat","avx2_repeat","0.0002496","4194304","16804102564.1026","13342772756393143073","13342772756393143073","true","false","0","0","0","0","true","4","0,2,4,6","1,1,1,1","0,0,0,0","true","8","2","true"
"5","2","G(S)","fused","512","2","1","128,128,128,128","fused","avx2_fused","0.0057776","4194304","725959567.986707","13342772756393143073","13342772756393143073","true","false","0","0","0","0","true","4","0,2,4,6","1,1,1,1","0,0,0,0","true","8","2","true"
"6","1","G(S)","fused","512","2","1","128,128,128,128","fused","avx2_fused","0.0003586","4194304","11696330172.8946","13342772756393143073","13342772756393143073","true","false","0","0","0","0","true","4","0,2,4,6","1,1,1,1","0,0,0,0","true","8","2","true"
"6","2","F(S)","repeat","512","2","1","128,128,128,128","repeat","avx2_repeat","0.0004394","4194304","9545525716.88666","13342772756393143073","13342772756393143073","true","false","0","0","0","0","true","4","0,2,4,6","1,1,1,1","0,0,0,0","true","8","2","true"
"7","1","F(S)","repeat","512","2","1","128,128,128,128","repeat","avx2_repeat","0.0004165","4194304","10070357743.0972","13342772756393143073","13342772756393143073","true","false","0","0","0","0","true","4","0,2,4,6","1,1,1,1","0,0,0,0","true","8","2","true"
"7","2","G(S)","fused","512","2","1","128,128,128,128","fused","avx2_fused","0.0004592","4194304","9133937282.22996","13342772756393143073","13342772756393143073","true","false","0","0","0","0","true","4","0,2,4,6","1,1,1,1","0,0,0,0","true","8","2","true"
"8","1","G(S)","fused","512","2","1","128,128,128,128","fused","avx2_fused","0.0003566","4194304","11761929332.5855","13342772756393143073","13342772756393143073","true","false","0","0","0","0","true","4","0,2,4,6","1,1,1,1","0,0,0,0","true","8","2","true"
"8","2","F(S)","repeat","512","2","1","128,128,128,128","repeat","avx2_repeat","0.0006304","4194304","6653401015.22843","13342772756393143073","13342772756393143073","true","false","0","0","0","0","true","4","0,2,4,6","1,1,1,1","0,0,0,0","true","8","2","true"
"9","1","F(S)","repeat","512","2","1","128,128,128,128","repeat","avx2_repeat","0.0003972","4194304","10559677744.2095","13342772756393143073","13342772756393143073","true","false","0","0","0","0","true","4","0,2,4,6","1,1,1,1","0,0,0,0","true","8","2","true"
"9","2","G(S)","fused","512","2","1","128,128,128,128","fused","avx2_fused","0.0003545","4194304","11831605077.574","13342772756393143073","13342772756393143073","true","false","0","0","0","0","true","4","0,2,4,6","1,1,1,1","0,0,0,0","true","8","2","true"
"10","1","G(S)","fused","512","2","1","128,128,128,128","fused","avx2_fused","0.000239","4194304","17549389121.3389","13342772756393143073","13342772756393143073","true","false","0","0","0","0","true","4","0,2,4,6","1,1,1,1","0,0,0,0","true","8","2","true"
"10","2","F(S)","repeat","512","2","1","128,128,128,128","repeat","avx2_repeat","0.0002619","4194304","16014906452.8446","13342772756393143073","13342772756393143073","true","false","0","0","0","0","true","4","0,2,4,6","1,1,1,1","0,0,0,0","true","8","2","true"
"1","1","F(S)","repeat","512","2","2","128,128,128,128","repeat","avx2_repeat","0.0006836","8388608","12271222937.3903","5320820740352473086","13342772756393143073;5320820740352473086","true;true","false;false","0;0","0;0","0","0","true","4","0,2,4,6","1,1,1,1","0,0,0,0","true","8","2","true"
"1","2","G(S)","fused","512","2","2","128,128,128,128","fused","avx2_fused","0.0006094","8388608","13765356087.9554","5320820740352473086","13342772756393143073;5320820740352473086","true;true","false;false","0;0","0;0","0","0","true","4","0,2,4,6","1,1,1,1","0,0,0,0","true","8","2","true"
"2","1","G(S)","fused","512","2","2","128,128,128,128","fused","avx2_fused","0.0005493","8388608","15271450937.5569","5320820740352473086","13342772756393143073;5320820740352473086","true;true","false;false","0;0","0;0","0","0","true","4","0,2,4,6","1,1,1,1","0,0,0,0","true","8","2","true"
"2","2","F(S)","repeat","512","2","2","128,128,128,128","repeat","avx2_repeat","0.0017843","8388608","4701343944.40397","5320820740352473086","13342772756393143073;5320820740352473086","true;true","false;false","0;0","0;0","0","0","true","4","0,2,4,6","1,1,1,1","0,0,0,0","true","8","2","true"
"3","1","F(S)","repeat","512","2","2","128,128,128,128","repeat","avx2_repeat","0.002027","8388608","4138435125.80168","5320820740352473086","13342772756393143073;5320820740352473086","true;true","false;false","0;0","0;0","0","0","true","4","0,2,4,6","1,1,1,1","0,0,0,0","true","8","2","true"
"3","2","G(S)","fused","512","2","2","128,128,128,128","fused","avx2_fused","0.0013748","8388608","6101693337.21268","5320820740352473086","13342772756393143073;5320820740352473086","true;true","false;false","0;0","0;0","0","0","true","4","0,2,4,6","1,1,1,1","0,0,0,0","true","8","2","true"
"4","1","G(S)","fused","512","2","2","128,128,128,128","fused","avx2_fused","0.0007309","8388608","11477093993.7064","5320820740352473086","13342772756393143073;5320820740352473086","true;true","false;false","0;0","0;0","0","0","true","4","0,2,4,6","1,1,1,1","0,0,0,0","true","8","2","true"
"4","2","F(S)","repeat","512","2","2","128,128,128,128","repeat","avx2_repeat","0.0009935","8388608","8443490689.48163","5320820740352473086","13342772756393143073;5320820740352473086","true;true","false;false","0;0","0;0","0","0","true","4","0,2,4,6","1,1,1,1","0,0,0,0","true","8","2","true"
"5","1","F(S)","repeat","512","2","2","128,128,128,128","repeat","avx2_repeat","0.0016724","8388608","5015910069.3614","5320820740352473086","13342772756393143073;5320820740352473086","true;true","false;false","0;0","0;0","0","0","true","4","0,2,4,6","1,1,1,1","0,0,0,0","true","8","2","true"
"5","2","G(S)","fused","512","2","2","128,128,128,128","fused","avx2_fused","0.0203586","8388608","412042478.362952","5320820740352473086","13342772756393143073;5320820740352473086","true;true","false;false","0;0","0;0","0","0","true","4","0,2,4,6","1,1,1,1","0,0,0,0","true","8","2","true"
"6","1","G(S)","fused","512","2","2","128,128,128,128","fused","avx2_fused","0.0007124","8388608","11775137563.1668","5320820740352473086","13342772756393143073;5320820740352473086","true;true","false;false","0;0","0;0","0","0","true","4","0,2,4,6","1,1,1,1","0,0,0,0","true","8","2","true"
"6","2","F(S)","repeat","512","2","2","128,128,128,128","repeat","avx2_repeat","0.0019211","8388608","4366564988.8085","5320820740352473086","13342772756393143073;5320820740352473086","true;true","false;false","0;0","0;0","0","0","true","4","0,2,4,6","1,1,1,1","0,0,0,0","true","8","2","true"
"7","1","F(S)","repeat","512","2","2","128,128,128,128","repeat","avx2_repeat","0.0011539","8388608","7269787676.57509","5320820740352473086","13342772756393143073;5320820740352473086","true;true","false;false","0;0","0;0","0","0","true","4","0,2,4,6","1,1,1,1","0,0,0,0","true","8","2","true"
"7","2","G(S)","fused","512","2","2","128,128,128,128","fused","avx2_fused","0.0006388","8388608","13131822166.5623","5320820740352473086","13342772756393143073;5320820740352473086","true;true","false;false","0;0","0;0","0","0","true","4","0,2,4,6","1,1,1,1","0,0,0,0","true","8","2","true"
"8","1","G(S)","fused","512","2","2","128,128,128,128","fused","avx2_fused","0.000651","8388608","12885726574.5008","5320820740352473086","13342772756393143073;5320820740352473086","true;true","false;false","0;0","0;0","0","0","true","4","0,2,4,6","1,1,1,1","0,0,0,0","true","8","2","true"
"8","2","F(S)","repeat","512","2","2","128,128,128,128","repeat","avx2_repeat","0.0006145","8388608","13651111472.7421","5320820740352473086","13342772756393143073;5320820740352473086","true;true","false;false","0;0","0;0","0","0","true","4","0,2,4,6","1,1,1,1","0,0,0,0","true","8","2","true"
"9","1","F(S)","repeat","512","2","2","128,128,128,128","repeat","avx2_repeat","0.0021121","8388608","3971690734.34023","5320820740352473086","13342772756393143073;5320820740352473086","true;true","false;false","0;0","0;0","0","0","true","4","0,2,4,6","1,1,1,1","0,0,0,0","true","8","2","true"
"9","2","G(S)","fused","512","2","2","128,128,128,128","fused","avx2_fused","0.0019964","8388608","4201867361.25025","5320820740352473086","13342772756393143073;5320820740352473086","true;true","false;false","0;0","0;0","0","0","true","4","0,2,4,6","1,1,1,1","0,0,0,0","true","8","2","true"
"10","1","G(S)","fused","512","2","2","128,128,128,128","fused","avx2_fused","0.0009155","8388608","9162870562.53413","5320820740352473086","13342772756393143073;5320820740352473086","true;true","false;false","0;0","0;0","0","0","true","4","0,2,4,6","1,1,1,1","0,0,0,0","true","8","2","true"
"10","2","F(S)","repeat","512","2","2","128,128,128,128","repeat","avx2_repeat","0.0011238","8388608","7464502580.53034","5320820740352473086","13342772756393143073;5320820740352473086","true;true","false;false","0;0","0;0","0","0","true","4","0,2,4,6","1,1,1,1","0,0,0,0","true","8","2","true"
"1","1","F(S)","repeat","512","2","4","128,128,128,128","repeat","avx2_repeat","0.0030434","16777216","5512655582.57212","5628887773952548123","13342772756393143073;5320820740352473086;15300789243965721646;5628887773952548123","true;true;true;true","false;false;false;false","0;0;0;0","0;0;0;0","0","0","true","4","0,2,4,6","1,1,1,1","0,0,0,0","true","8","2","true"
"1","2","G(S)","fused","512","2","4","128,128,128,128","fused","avx2_fused","0.0337061","16777216","497750140.182341","5628887773952548123","13342772756393143073;5320820740352473086;15300789243965721646;5628887773952548123","true;true;true;true","false;false;false;false","0;0;0;0","0;0;0;0","0","0","true","4","0,2,4,6","1,1,1,1","0,0,0,0","true","8","2","true"
"2","1","G(S)","fused","512","2","4","128,128,128,128","fused","avx2_fused","0.0032461","16777216","5168422414.58982","5628887773952548123","13342772756393143073;5320820740352473086;15300789243965721646;5628887773952548123","true;true;true;true","false;false;false;false","0;0;0;0","0;0;0;0","0","0","true","4","0,2,4,6","1,1,1,1","0,0,0,0","true","8","2","true"
"2","2","F(S)","repeat","512","2","4","128,128,128,128","repeat","avx2_repeat","0.0971951","16777216","172613804.605376","5628887773952548123","13342772756393143073;5320820740352473086;15300789243965721646;5628887773952548123","true;true;true;true","false;false;false;false","0;0;0;0","0;0;0;0","0","0","true","4","0,2,4,6","1,1,1,1","0,0,0,0","true","8","2","true"
"3","1","F(S)","repeat","512","2","4","128,128,128,128","repeat","avx2_repeat","0.0037411","16777216","4484567640.53353","5628887773952548123","13342772756393143073;5320820740352473086;15300789243965721646;5628887773952548123","true;true;true;true","false;false;false;false","0;0;0;0","0;0;0;0","0","0","true","4","0,2,4,6","1,1,1,1","0,0,0,0","true","8","2","true"
"3","2","G(S)","fused","512","2","4","128,128,128,128","fused","avx2_fused","0.0047552","16777216","3528183041.72275","5628887773952548123","13342772756393143073;5320820740352473086;15300789243965721646;5628887773952548123","true;true;true;true","false;false;false;false","0;0;0;0","0;0;0;0","0","0","true","4","0,2,4,6","1,1,1,1","0,0,0,0","true","8","2","true"
"4","1","G(S)","fused","512","2","4","128,128,128,128","fused","avx2_fused","0.0294668","16777216","569359957.64725","5628887773952548123","13342772756393143073;5320820740352473086;15300789243965721646;5628887773952548123","true;true;true;true","false;false;false;false","0;0;0;0","0;0;0;0","0","0","true","4","0,2,4,6","1,1,1,1","0,0,0,0","true","8","2","true"
"4","2","F(S)","repeat","512","2","4","128,128,128,128","repeat","avx2_repeat","0.002739","16777216","6125307046.36729","5628887773952548123","13342772756393143073;5320820740352473086;15300789243965721646;5628887773952548123","true;true;true;true","false;false;false;false","0;0;0;0","0;0;0;0","0","0","true","4","0,2,4,6","1,1,1,1","0,0,0,0","true","8","2","true"
"5","1","F(S)","repeat","512","2","4","128,128,128,128","repeat","avx2_repeat","0.0038219","16777216","4389757973.78267","5628887773952548123","13342772756393143073;5320820740352473086;15300789243965721646;5628887773952548123","true;true;true;true","false;false;false;false","0;0;0;0","0;0;0;0","0","0","true","4","0,2,4,6","1,1,1,1","0,0,0,0","true","8","2","true"
"5","2","G(S)","fused","512","2","4","128,128,128,128","fused","avx2_fused","0.0030411","16777216","5516824833.1196","5628887773952548123","13342772756393143073;5320820740352473086;15300789243965721646;5628887773952548123","true;true;true;true","false;false;false;false","0;0;0;0","0;0;0;0","0","0","true","4","0,2,4,6","1,1,1,1","0,0,0,0","true","8","2","true"
"6","1","G(S)","fused","512","2","4","128,128,128,128","fused","avx2_fused","0.0039474","16777216","4250194051.78092","5628887773952548123","13342772756393143073;5320820740352473086;15300789243965721646;5628887773952548123","true;true;true;true","false;false;false;false","0;0;0;0","0;0;0;0","0","0","true","4","0,2,4,6","1,1,1,1","0,0,0,0","true","8","2","true"
"6","2","F(S)","repeat","512","2","4","128,128,128,128","repeat","avx2_repeat","0.0030093","16777216","5575122453.72678","5628887773952548123","13342772756393143073;5320820740352473086;15300789243965721646;5628887773952548123","true;true;true;true","false;false;false;false","0;0;0;0","0;0;0;0","0","0","true","4","0,2,4,6","1,1,1,1","0,0,0,0","true","8","2","true"
"7","1","F(S)","repeat","512","2","4","128,128,128,128","repeat","avx2_repeat","0.0036355","16777216","4614830422.22528","5628887773952548123","13342772756393143073;5320820740352473086;15300789243965721646;5628887773952548123","true;true;true;true","false;false;false;false","0;0;0;0","0;0;0;0","0","0","true","4","0,2,4,6","1,1,1,1","0,0,0,0","true","8","2","true"
"7","2","G(S)","fused","512","2","4","128,128,128,128","fused","avx2_fused","0.0035948","16777216","4667079114.27618","5628887773952548123","13342772756393143073;5320820740352473086;15300789243965721646;5628887773952548123","true;true;true;true","false;false;false;false","0;0;0;0","0;0;0;0","0","0","true","4","0,2,4,6","1,1,1,1","0,0,0,0","true","8","2","true"
"8","1","G(S)","fused","512","2","4","128,128,128,128","fused","avx2_fused","0.0246179","16777216","681504758.732467","5628887773952548123","13342772756393143073;5320820740352473086;15300789243965721646;5628887773952548123","true;true;true;true","false;false;false;false","0;0;0;0","0;0;0;0","0","0","true","4","0,2,4,6","1,1,1,1","0,0,0,0","true","8","2","true"
"8","2","F(S)","repeat","512","2","4","128,128,128,128","repeat","avx2_repeat","0.0035381","16777216","4741871626.01396","5628887773952548123","13342772756393143073;5320820740352473086;15300789243965721646;5628887773952548123","true;true;true;true","false;false;false;false","0;0;0;0","0;0;0;0","0","0","true","4","0,2,4,6","1,1,1,1","0,0,0,0","true","8","2","true"
"9","1","F(S)","repeat","512","2","4","128,128,128,128","repeat","avx2_repeat","0.0028674","16777216","5851020436.63249","5628887773952548123","13342772756393143073;5320820740352473086;15300789243965721646;5628887773952548123","true;true;true;true","false;false;false;false","0;0;0;0","0;0;0;0","0","0","true","4","0,2,4,6","1,1,1,1","0,0,0,0","true","8","2","true"
"9","2","G(S)","fused","512","2","4","128,128,128,128","fused","avx2_fused","0.0038668","16777216","4338785559.11865","5628887773952548123","13342772756393143073;5320820740352473086;15300789243965721646;5628887773952548123","true;true;true;true","false;false;false;false","0;0;0;0","0;0;0;0","0","0","true","4","0,2,4,6","1,1,1,1","0,0,0,0","true","8","2","true"
"10","1","G(S)","fused","512","2","4","128,128,128,128","fused","avx2_fused","0.0029765","16777216","5636558373.92911","5628887773952548123","13342772756393143073;5320820740352473086;15300789243965721646;5628887773952548123","true;true;true;true","false;false;false;false","0;0;0;0","0;0;0;0","0","0","true","4","0,2,4,6","1,1,1,1","0,0,0,0","true","8","2","true"
"10","2","F(S)","repeat","512","2","4","128,128,128,128","repeat","avx2_repeat","0.0473674","16777216","354193305.944595","5628887773952548123","13342772756393143073;5320820740352473086;15300789243965721646;5628887773952548123","true;true;true;true","false;false;false;false","0;0;0;0","0;0;0;0","0","0","true","4","0,2,4,6","1,1,1,1","0,0,0,0","true","8","2","true"
"1","1","F(S)","repeat","512","2","8","128,128,128,128","repeat","avx2_repeat","0.0099842","33554432","3360753190.04026","305228345841125382","13342772756393143073;5320820740352473086;15300789243965721646;5628887773952548123;12395299078947832539;6391872798958585175;16139449341581709178;305228345841125382","true;true;true;true;true;true;true;true","false;false;false;false;false;false;false;false","0;0;0;0;0;0;0;1","0;0;0;0;0;0;0;0.0009765625","8","0.0001220703125","true","4","0,2,4,6","1,1,1,1","0,0,0,0","true","8","2","true"
"1","2","G(S)","fused","512","2","8","128,128,128,128","fused","avx2_fused","0.0129314","33554432","2594802728.24288","305228345841125382","13342772756393143073;5320820740352473086;15300789243965721646;5628887773952548123;12395299078947832539;6391872798958585175;16139449341581709178;305228345841125382","true;true;true;true;true;true;true;true","false;false;false;false;false;false;false;false","0;0;0;0;0;0;0;1","0;0;0;0;0;0;0;0.0009765625","8","0.0001220703125","true","4","0,2,4,6","1,1,1,1","0,0,0,0","true","8","2","true"
"2","1","G(S)","fused","512","2","8","128,128,128,128","fused","avx2_fused","0.0083899","33554432","3999384021.26366","305228345841125382","13342772756393143073;5320820740352473086;15300789243965721646;5628887773952548123;12395299078947832539;6391872798958585175;16139449341581709178;305228345841125382","true;true;true;true;true;true;true;true","false;false;false;false;false;false;false;false","0;0;0;0;0;0;0;1","0;0;0;0;0;0;0;0.0009765625","8","0.0001220703125","true","4","0,2,4,6","1,1,1,1","0,0,0,0","true","8","2","true"
"2","2","F(S)","repeat","512","2","8","128,128,128,128","repeat","avx2_repeat","0.031724","33554432","1057698650.8637","305228345841125382","13342772756393143073;5320820740352473086;15300789243965721646;5628887773952548123;12395299078947832539;6391872798958585175;16139449341581709178;305228345841125382","true;true;true;true;true;true;true;true","false;false;false;false;false;false;false;false","0;0;0;0;0;0;0;1","0;0;0;0;0;0;0;0.0009765625","8","0.0001220703125","true","4","0,2,4,6","1,1,1,1","0,0,0,0","true","8","2","true"
"3","1","F(S)","repeat","512","2","8","128,128,128,128","repeat","avx2_repeat","0.0453728","33554432","739527470.202412","305228345841125382","13342772756393143073;5320820740352473086;15300789243965721646;5628887773952548123;12395299078947832539;6391872798958585175;16139449341581709178;305228345841125382","true;true;true;true;true;true;true;true","false;false;false;false;false;false;false;false","0;0;0;0;0;0;0;1","0;0;0;0;0;0;0;0.0009765625","8","0.0001220703125","true","4","0,2,4,6","1,1,1,1","0,0,0,0","true","8","2","true"
"3","2","G(S)","fused","512","2","8","128,128,128,128","fused","avx2_fused","0.0068139","33554432","4924409222.32495","305228345841125382","13342772756393143073;5320820740352473086;15300789243965721646;5628887773952548123;12395299078947832539;6391872798958585175;16139449341581709178;305228345841125382","true;true;true;true;true;true;true;true","false;false;false;false;false;false;false;false","0;0;0;0;0;0;0;1","0;0;0;0;0;0;0;0.0009765625","8","0.0001220703125","true","4","0,2,4,6","1,1,1,1","0,0,0,0","true","8","2","true"
"4","1","G(S)","fused","512","2","8","128,128,128,128","fused","avx2_fused","0.0066699","33554432","5030724898.42426","305228345841125382","13342772756393143073;5320820740352473086;15300789243965721646;5628887773952548123;12395299078947832539;6391872798958585175;16139449341581709178;305228345841125382","true;true;true;true;true;true;true;true","false;false;false;false;false;false;false;false","0;0;0;0;0;0;0;1","0;0;0;0;0;0;0;0.0009765625","8","0.0001220703125","true","4","0,2,4,6","1,1,1,1","0,0,0,0","true","8","2","true"
"4","2","F(S)","repeat","512","2","8","128,128,128,128","repeat","avx2_repeat","0.0523181","33554432","641354177.617306","305228345841125382","13342772756393143073;5320820740352473086;15300789243965721646;5628887773952548123;12395299078947832539;6391872798958585175;16139449341581709178;305228345841125382","true;true;true;true;true;true;true;true","false;false;false;false;false;false;false;false","0;0;0;0;0;0;0;1","0;0;0;0;0;0;0;0.0009765625","8","0.0001220703125","true","4","0,2,4,6","1,1,1,1","0,0,0,0","true","8","2","true"
"5","1","F(S)","repeat","512","2","8","128,128,128,128","repeat","avx2_repeat","0.009399","33554432","3570000212.78859","305228345841125382","13342772756393143073;5320820740352473086;15300789243965721646;5628887773952548123;12395299078947832539;6391872798958585175;16139449341581709178;305228345841125382","true;true;true;true;true;true;true;true","false;false;false;false;false;false;false;false","0;0;0;0;0;0;0;1","0;0;0;0;0;0;0;0.0009765625","8","0.0001220703125","true","4","0,2,4,6","1,1,1,1","0,0,0,0","true","8","2","true"
"5","2","G(S)","fused","512","2","8","128,128,128,128","fused","avx2_fused","0.00933","33554432","3596402143.62272","305228345841125382","13342772756393143073;5320820740352473086;15300789243965721646;5628887773952548123;12395299078947832539;6391872798958585175;16139449341581709178;305228345841125382","true;true;true;true;true;true;true;true","false;false;false;false;false;false;false;false","0;0;0;0;0;0;0;1","0;0;0;0;0;0;0;0.0009765625","8","0.0001220703125","true","4","0,2,4,6","1,1,1,1","0,0,0,0","true","8","2","true"
"6","1","G(S)","fused","512","2","8","128,128,128,128","fused","avx2_fused","0.0116223","33554432","2887073298.74465","305228345841125382","13342772756393143073;5320820740352473086;15300789243965721646;5628887773952548123;12395299078947832539;6391872798958585175;16139449341581709178;305228345841125382","true;true;true;true;true;true;true;true","false;false;false;false;false;false;false;false","0;0;0;0;0;0;0;1","0;0;0;0;0;0;0;0.0009765625","8","0.0001220703125","true","4","0,2,4,6","1,1,1,1","0,0,0,0","true","8","2","true"
"6","2","F(S)","repeat","512","2","8","128,128,128,128","repeat","avx2_repeat","0.0061883","33554432","5422237448.08752","305228345841125382","13342772756393143073;5320820740352473086;15300789243965721646;5628887773952548123;12395299078947832539;6391872798958585175;16139449341581709178;305228345841125382","true;true;true;true;true;true;true;true","false;false;false;false;false;false;false;false","0;0;0;0;0;0;0;1","0;0;0;0;0;0;0;0.0009765625","8","0.0001220703125","true","4","0,2,4,6","1,1,1,1","0,0,0,0","true","8","2","true"
"7","1","F(S)","repeat","512","2","8","128,128,128,128","repeat","avx2_repeat","0.0083523","33554432","4017388264.31043","305228345841125382","13342772756393143073;5320820740352473086;15300789243965721646;5628887773952548123;12395299078947832539;6391872798958585175;16139449341581709178;305228345841125382","true;true;true;true;true;true;true;true","false;false;false;false;false;false;false;false","0;0;0;0;0;0;0;1","0;0;0;0;0;0;0;0.0009765625","8","0.0001220703125","true","4","0,2,4,6","1,1,1,1","0,0,0,0","true","8","2","true"
"7","2","G(S)","fused","512","2","8","128,128,128,128","fused","avx2_fused","0.0066723","33554432","5028915366.5153","305228345841125382","13342772756393143073;5320820740352473086;15300789243965721646;5628887773952548123;12395299078947832539;6391872798958585175;16139449341581709178;305228345841125382","true;true;true;true;true;true;true;true","false;false;false;false;false;false;false;false","0;0;0;0;0;0;0;1","0;0;0;0;0;0;0;0.0009765625","8","0.0001220703125","true","4","0,2,4,6","1,1,1,1","0,0,0,0","true","8","2","true"
"8","1","G(S)","fused","512","2","8","128,128,128,128","fused","avx2_fused","0.0063824","33554432","5257337678.61619","305228345841125382","13342772756393143073;5320820740352473086;15300789243965721646;5628887773952548123;12395299078947832539;6391872798958585175;16139449341581709178;305228345841125382","true;true;true;true;true;true;true;true","false;false;false;false;false;false;false;false","0;0;0;0;0;0;0;1","0;0;0;0;0;0;0;0.0009765625","8","0.0001220703125","true","4","0,2,4,6","1,1,1,1","0,0,0,0","true","8","2","true"
"8","2","F(S)","repeat","512","2","8","128,128,128,128","repeat","avx2_repeat","0.0067048","33554432","5004538837.84751","305228345841125382","13342772756393143073;5320820740352473086;15300789243965721646;5628887773952548123;12395299078947832539;6391872798958585175;16139449341581709178;305228345841125382","true;true;true;true;true;true;true;true","false;false;false;false;false;false;false;false","0;0;0;0;0;0;0;1","0;0;0;0;0;0;0;0.0009765625","8","0.0001220703125","true","4","0,2,4,6","1,1,1,1","0,0,0,0","true","8","2","true"
"9","1","F(S)","repeat","512","2","8","128,128,128,128","repeat","avx2_repeat","0.0066661","33554432","5033592655.37571","305228345841125382","13342772756393143073;5320820740352473086;15300789243965721646;5628887773952548123;12395299078947832539;6391872798958585175;16139449341581709178;305228345841125382","true;true;true;true;true;true;true;true","false;false;false;false;false;false;false;false","0;0;0;0;0;0;0;1","0;0;0;0;0;0;0;0.0009765625","8","0.0001220703125","true","4","0,2,4,6","1,1,1,1","0,0,0,0","true","8","2","true"
"9","2","G(S)","fused","512","2","8","128,128,128,128","fused","avx2_fused","0.0071766","33554432","4675533260.87562","305228345841125382","13342772756393143073;5320820740352473086;15300789243965721646;5628887773952548123;12395299078947832539;6391872798958585175;16139449341581709178;305228345841125382","true;true;true;true;true;true;true;true","false;false;false;false;false;false;false;false","0;0;0;0;0;0;0;1","0;0;0;0;0;0;0;0.0009765625","8","0.0001220703125","true","4","0,2,4,6","1,1,1,1","0,0,0,0","true","8","2","true"
"10","1","G(S)","fused","512","2","8","128,128,128,128","fused","avx2_fused","0.0153972","33554432","2179255449.04268","305228345841125382","13342772756393143073;5320820740352473086;15300789243965721646;5628887773952548123;12395299078947832539;6391872798958585175;16139449341581709178;305228345841125382","true;true;true;true;true;true;true;true","false;false;false;false;false;false;false;false","0;0;0;0;0;0;0;1","0;0;0;0;0;0;0;0.0009765625","8","0.0001220703125","true","4","0,2,4,6","1,1,1,1","0,0,0,0","true","8","2","true"
"10","2","F(S)","repeat","512","2","8","128,128,128,128","repeat","avx2_repeat","0.0294041","33554432","1141148071.18735","305228345841125382","13342772756393143073;5320820740352473086;15300789243965721646;5628887773952548123;12395299078947832539;6391872798958585175;16139449341581709178;305228345841125382","true;true;true;true;true;true;true;true","false;false;false;false;false;false;false;false","0;0;0;0;0;0;0;1","0;0;0;0;0;0;0;0.0009765625","8","0.0001220703125","true","4","0,2,4,6","1,1,1,1","0,0,0,0","true","8","2","true"
"1","1","F(S)","repeat","512","2","16","128,128,128,128","repeat","avx2_repeat","0.0258357","67108864","2597524510.65773","12484377250881909059","13342772756393143073;5320820740352473086;15300789243965721646;5628887773952548123;12395299078947832539;6391872798958585175;16139449341581709178;305228345841125382;628524683829051360;6662536874091547767;6242819449817947043;10501880766753039895;2461832081510741194;7898302583175902778;654565421702442320;12484377250881909059","true;true;true;true;true;true;true;true;true;true;true;true;true;true;true;true","false;false;false;false;false;false;false;false;false;false;false;false;false;false;false;false","0;0;0;0;0;0;0;1;1;0;0;0;0;0;0;0","0;0;0;0;0;0;0;0.0009765625;0.0009765625;0;0;0;0;0;0;0","16","0.0001220703125","true","4","0,2,4,6","1,1,1,1","0,0,0,0","true","8","2","true"
"1","2","G(S)","fused","512","2","16","128,128,128,128","fused","avx2_fused","0.0219557","67108864","3056557704.83291","12484377250881909059","13342772756393143073;5320820740352473086;15300789243965721646;5628887773952548123;12395299078947832539;6391872798958585175;16139449341581709178;305228345841125382;628524683829051360;6662536874091547767;6242819449817947043;10501880766753039895;2461832081510741194;7898302583175902778;654565421702442320;12484377250881909059","true;true;true;true;true;true;true;true;true;true;true;true;true;true;true;true","false;false;false;false;false;false;false;false;false;false;false;false;false;false;false;false","0;0;0;0;0;0;0;1;1;0;0;0;0;0;0;0","0;0;0;0;0;0;0;0.0009765625;0.0009765625;0;0;0;0;0;0;0","16","0.0001220703125","true","4","0,2,4,6","1,1,1,1","0,0,0,0","true","8","2","true"
"2","1","G(S)","fused","512","2","16","128,128,128,128","fused","avx2_fused","0.0392253","67108864","1710856615.50071","12484377250881909059","13342772756393143073;5320820740352473086;15300789243965721646;5628887773952548123;12395299078947832539;6391872798958585175;16139449341581709178;305228345841125382;628524683829051360;6662536874091547767;6242819449817947043;10501880766753039895;2461832081510741194;7898302583175902778;654565421702442320;12484377250881909059","true;true;true;true;true;true;true;true;true;true;true;true;true;true;true;true","false;false;false;false;false;false;false;false;false;false;false;false;false;false;false;false","0;0;0;0;0;0;0;1;1;0;0;0;0;0;0;0","0;0;0;0;0;0;0;0.0009765625;0.0009765625;0;0;0;0;0;0;0","16","0.0001220703125","true","4","0,2,4,6","1,1,1,1","0,0,0,0","true","8","2","true"
"2","2","F(S)","repeat","512","2","16","128,128,128,128","repeat","avx2_repeat","0.0144345","67108864","4649199071.66857","12484377250881909059","13342772756393143073;5320820740352473086;15300789243965721646;5628887773952548123;12395299078947832539;6391872798958585175;16139449341581709178;305228345841125382;628524683829051360;6662536874091547767;6242819449817947043;10501880766753039895;2461832081510741194;7898302583175902778;654565421702442320;12484377250881909059","true;true;true;true;true;true;true;true;true;true;true;true;true;true;true;true","false;false;false;false;false;false;false;false;false;false;false;false;false;false;false;false","0;0;0;0;0;0;0;1;1;0;0;0;0;0;0;0","0;0;0;0;0;0;0;0.0009765625;0.0009765625;0;0;0;0;0;0;0","16","0.0001220703125","true","4","0,2,4,6","1,1,1,1","0,0,0,0","true","8","2","true"
"3","1","F(S)","repeat","512","2","16","128,128,128,128","repeat","avx2_repeat","0.0462165","67108864","1452054223.05886","12484377250881909059","13342772756393143073;5320820740352473086;15300789243965721646;5628887773952548123;12395299078947832539;6391872798958585175;16139449341581709178;305228345841125382;628524683829051360;6662536874091547767;6242819449817947043;10501880766753039895;2461832081510741194;7898302583175902778;654565421702442320;12484377250881909059","true;true;true;true;true;true;true;true;true;true;true;true;true;true;true;true","false;false;false;false;false;false;false;false;false;false;false;false;false;false;false;false","0;0;0;0;0;0;0;1;1;0;0;0;0;0;0;0","0;0;0;0;0;0;0;0.0009765625;0.0009765625;0;0;0;0;0;0;0","16","0.0001220703125","true","4","0,2,4,6","1,1,1,1","0,0,0,0","true","8","2","true"
"3","2","G(S)","fused","512","2","16","128,128,128,128","fused","avx2_fused","0.0369991","67108864","1813797200.47244","12484377250881909059","13342772756393143073;5320820740352473086;15300789243965721646;5628887773952548123;12395299078947832539;6391872798958585175;16139449341581709178;305228345841125382;628524683829051360;6662536874091547767;6242819449817947043;10501880766753039895;2461832081510741194;7898302583175902778;654565421702442320;12484377250881909059","true;true;true;true;true;true;true;true;true;true;true;true;true;true;true;true","false;false;false;false;false;false;false;false;false;false;false;false;false;false;false;false","0;0;0;0;0;0;0;1;1;0;0;0;0;0;0;0","0;0;0;0;0;0;0;0.0009765625;0.0009765625;0;0;0;0;0;0;0","16","0.0001220703125","true","4","0,2,4,6","1,1,1,1","0,0,0,0","true","8","2","true"
"4","1","G(S)","fused","512","2","16","128,128,128,128","fused","avx2_fused","0.0127567","67108864","5260675880.12574","12484377250881909059","13342772756393143073;5320820740352473086;15300789243965721646;5628887773952548123;12395299078947832539;6391872798958585175;16139449341581709178;305228345841125382;628524683829051360;6662536874091547767;6242819449817947043;10501880766753039895;2461832081510741194;7898302583175902778;654565421702442320;12484377250881909059","true;true;true;true;true;true;true;true;true;true;true;true;true;true;true;true","false;false;false;false;false;false;false;false;false;false;false;false;false;false;false;false","0;0;0;0;0;0;0;1;1;0;0;0;0;0;0;0","0;0;0;0;0;0;0;0.0009765625;0.0009765625;0;0;0;0;0;0;0","16","0.0001220703125","true","4","0,2,4,6","1,1,1,1","0,0,0,0","true","8","2","true"
"4","2","F(S)","repeat","512","2","16","128,128,128,128","repeat","avx2_repeat","0.013005","67108864","5160235601.69166","12484377250881909059","13342772756393143073;5320820740352473086;15300789243965721646;5628887773952548123;12395299078947832539;6391872798958585175;16139449341581709178;305228345841125382;628524683829051360;6662536874091547767;6242819449817947043;10501880766753039895;2461832081510741194;7898302583175902778;654565421702442320;12484377250881909059","true;true;true;true;true;true;true;true;true;true;true;true;true;true;true;true","false;false;false;false;false;false;false;false;false;false;false;false;false;false;false;false","0;0;0;0;0;0;0;1;1;0;0;0;0;0;0;0","0;0;0;0;0;0;0;0.0009765625;0.0009765625;0;0;0;0;0;0;0","16","0.0001220703125","true","4","0,2,4,6","1,1,1,1","0,0,0,0","true","8","2","true"
"5","1","F(S)","repeat","512","2","16","128,128,128,128","repeat","avx2_repeat","0.0131703","67108864","5095469655.20907","12484377250881909059","13342772756393143073;5320820740352473086;15300789243965721646;5628887773952548123;12395299078947832539;6391872798958585175;16139449341581709178;305228345841125382;628524683829051360;6662536874091547767;6242819449817947043;10501880766753039895;2461832081510741194;7898302583175902778;654565421702442320;12484377250881909059","true;true;true;true;true;true;true;true;true;true;true;true;true;true;true;true","false;false;false;false;false;false;false;false;false;false;false;false;false;false;false;false","0;0;0;0;0;0;0;1;1;0;0;0;0;0;0;0","0;0;0;0;0;0;0;0.0009765625;0.0009765625;0;0;0;0;0;0;0","16","0.0001220703125","true","4","0,2,4,6","1,1,1,1","0,0,0,0","true","8","2","true"
"5","2","G(S)","fused","512","2","16","128,128,128,128","fused","avx2_fused","0.0128553","67108864","5220326557.91775","12484377250881909059","13342772756393143073;5320820740352473086;15300789243965721646;5628887773952548123;12395299078947832539;6391872798958585175;16139449341581709178;305228345841125382;628524683829051360;6662536874091547767;6242819449817947043;10501880766753039895;2461832081510741194;7898302583175902778;654565421702442320;12484377250881909059","true;true;true;true;true;true;true;true;true;true;true;true;true;true;true;true","false;false;false;false;false;false;false;false;false;false;false;false;false;false;false;false","0;0;0;0;0;0;0;1;1;0;0;0;0;0;0;0","0;0;0;0;0;0;0;0.0009765625;0.0009765625;0;0;0;0;0;0;0","16","0.0001220703125","true","4","0,2,4,6","1,1,1,1","0,0,0,0","true","8","2","true"
"6","1","G(S)","fused","512","2","16","128,128,128,128","fused","avx2_fused","0.013518","67108864","4964407752.62613","12484377250881909059","13342772756393143073;5320820740352473086;15300789243965721646;5628887773952548123;12395299078947832539;6391872798958585175;16139449341581709178;305228345841125382;628524683829051360;6662536874091547767;6242819449817947043;10501880766753039895;2461832081510741194;7898302583175902778;654565421702442320;12484377250881909059","true;true;true;true;true;true;true;true;true;true;true;true;true;true;true;true","false;false;false;false;false;false;false;false;false;false;false;false;false;false;false;false","0;0;0;0;0;0;0;1;1;0;0;0;0;0;0;0","0;0;0;0;0;0;0;0.0009765625;0.0009765625;0;0;0;0;0;0;0","16","0.0001220703125","true","4","0,2,4,6","1,1,1,1","0,0,0,0","true","8","2","true"
"6","2","F(S)","repeat","512","2","16","128,128,128,128","repeat","avx2_repeat","0.0385061","67108864","1742811242.89398","12484377250881909059","13342772756393143073;5320820740352473086;15300789243965721646;5628887773952548123;12395299078947832539;6391872798958585175;16139449341581709178;305228345841125382;628524683829051360;6662536874091547767;6242819449817947043;10501880766753039895;2461832081510741194;7898302583175902778;654565421702442320;12484377250881909059","true;true;true;true;true;true;true;true;true;true;true;true;true;true;true;true","false;false;false;false;false;false;false;false;false;false;false;false;false;false;false;false","0;0;0;0;0;0;0;1;1;0;0;0;0;0;0;0","0;0;0;0;0;0;0;0.0009765625;0.0009765625;0;0;0;0;0;0;0","16","0.0001220703125","true","4","0,2,4,6","1,1,1,1","0,0,0,0","true","8","2","true"
"7","1","F(S)","repeat","512","2","16","128,128,128,128","repeat","avx2_repeat","0.0482042","67108864","1392178772.80403","12484377250881909059","13342772756393143073;5320820740352473086;15300789243965721646;5628887773952548123;12395299078947832539;6391872798958585175;16139449341581709178;305228345841125382;628524683829051360;6662536874091547767;6242819449817947043;10501880766753039895;2461832081510741194;7898302583175902778;654565421702442320;12484377250881909059","true;true;true;true;true;true;true;true;true;true;true;true;true;true;true;true","false;false;false;false;false;false;false;false;false;false;false;false;false;false;false;false","0;0;0;0;0;0;0;1;1;0;0;0;0;0;0;0","0;0;0;0;0;0;0;0.0009765625;0.0009765625;0;0;0;0;0;0;0","16","0.0001220703125","true","4","0,2,4,6","1,1,1,1","0,0,0,0","true","8","2","true"
"7","2","G(S)","fused","512","2","16","128,128,128,128","fused","avx2_fused","0.0489165","67108864","1371906493.71889","12484377250881909059","13342772756393143073;5320820740352473086;15300789243965721646;5628887773952548123;12395299078947832539;6391872798958585175;16139449341581709178;305228345841125382;628524683829051360;6662536874091547767;6242819449817947043;10501880766753039895;2461832081510741194;7898302583175902778;654565421702442320;12484377250881909059","true;true;true;true;true;true;true;true;true;true;true;true;true;true;true;true","false;false;false;false;false;false;false;false;false;false;false;false;false;false;false;false","0;0;0;0;0;0;0;1;1;0;0;0;0;0;0;0","0;0;0;0;0;0;0;0.0009765625;0.0009765625;0;0;0;0;0;0;0","16","0.0001220703125","true","4","0,2,4,6","1,1,1,1","0,0,0,0","true","8","2","true"
"8","1","G(S)","fused","512","2","16","128,128,128,128","fused","avx2_fused","0.0127311","67108864","5271254172.85231","12484377250881909059","13342772756393143073;5320820740352473086;15300789243965721646;5628887773952548123;12395299078947832539;6391872798958585175;16139449341581709178;305228345841125382;628524683829051360;6662536874091547767;6242819449817947043;10501880766753039895;2461832081510741194;7898302583175902778;654565421702442320;12484377250881909059","true;true;true;true;true;true;true;true;true;true;true;true;true;true;true;true","false;false;false;false;false;false;false;false;false;false;false;false;false;false;false;false","0;0;0;0;0;0;0;1;1;0;0;0;0;0;0;0","0;0;0;0;0;0;0;0.0009765625;0.0009765625;0;0;0;0;0;0;0","16","0.0001220703125","true","4","0,2,4,6","1,1,1,1","0,0,0,0","true","8","2","true"
"8","2","F(S)","repeat","512","2","16","128,128,128,128","repeat","avx2_repeat","0.0397813","67108864","1686944971.6324","12484377250881909059","13342772756393143073;5320820740352473086;15300789243965721646;5628887773952548123;12395299078947832539;6391872798958585175;16139449341581709178;305228345841125382;628524683829051360;6662536874091547767;6242819449817947043;10501880766753039895;2461832081510741194;7898302583175902778;654565421702442320;12484377250881909059","true;true;true;true;true;true;true;true;true;true;true;true;true;true;true;true","false;false;false;false;false;false;false;false;false;false;false;false;false;false;false;false","0;0;0;0;0;0;0;1;1;0;0;0;0;0;0;0","0;0;0;0;0;0;0;0.0009765625;0.0009765625;0;0;0;0;0;0;0","16","0.0001220703125","true","4","0,2,4,6","1,1,1,1","0,0,0,0","true","8","2","true"
"9","1","F(S)","repeat","512","2","16","128,128,128,128","repeat","avx2_repeat","0.0138858","67108864","4832913047.86184","12484377250881909059","13342772756393143073;5320820740352473086;15300789243965721646;5628887773952548123;12395299078947832539;6391872798958585175;16139449341581709178;305228345841125382;628524683829051360;6662536874091547767;6242819449817947043;10501880766753039895;2461832081510741194;7898302583175902778;654565421702442320;12484377250881909059","true;true;true;true;true;true;true;true;true;true;true;true;true;true;true;true","false;false;false;false;false;false;false;false;false;false;false;false;false;false;false;false","0;0;0;0;0;0;0;1;1;0;0;0;0;0;0;0","0;0;0;0;0;0;0;0.0009765625;0.0009765625;0;0;0;0;0;0;0","16","0.0001220703125","true","4","0,2,4,6","1,1,1,1","0,0,0,0","true","8","2","true"
"9","2","G(S)","fused","512","2","16","128,128,128,128","fused","avx2_fused","0.0323227","67108864","2076214672.66039","12484377250881909059","13342772756393143073;5320820740352473086;15300789243965721646;5628887773952548123;12395299078947832539;6391872798958585175;16139449341581709178;305228345841125382;628524683829051360;6662536874091547767;6242819449817947043;10501880766753039895;2461832081510741194;7898302583175902778;654565421702442320;12484377250881909059","true;true;true;true;true;true;true;true;true;true;true;true;true;true;true;true","false;false;false;false;false;false;false;false;false;false;false;false;false;false;false;false","0;0;0;0;0;0;0;1;1;0;0;0;0;0;0;0","0;0;0;0;0;0;0;0.0009765625;0.0009765625;0;0;0;0;0;0;0","16","0.0001220703125","true","4","0,2,4,6","1,1,1,1","0,0,0,0","true","8","2","true"
"10","1","G(S)","fused","512","2","16","128,128,128,128","fused","avx2_fused","0.0280203","67108864","2395008761.50505","12484377250881909059","13342772756393143073;5320820740352473086;15300789243965721646;5628887773952548123;12395299078947832539;6391872798958585175;16139449341581709178;305228345841125382;628524683829051360;6662536874091547767;6242819449817947043;10501880766753039895;2461832081510741194;7898302583175902778;654565421702442320;12484377250881909059","true;true;true;true;true;true;true;true;true;true;true;true;true;true;true;true","false;false;false;false;false;false;false;false;false;false;false;false;false;false;false;false","0;0;0;0;0;0;0;1;1;0;0;0;0;0;0;0","0;0;0;0;0;0;0;0.0009765625;0.0009765625;0;0;0;0;0;0;0","16","0.0001220703125","true","4","0,2,4,6","1,1,1,1","0,0,0,0","true","8","2","true"
"10","2","F(S)","repeat","512","2","16","128,128,128,128","repeat","avx2_repeat","0.0132381","67108864","5069372795.18964","12484377250881909059","13342772756393143073;5320820740352473086;15300789243965721646;5628887773952548123;12395299078947832539;6391872798958585175;16139449341581709178;305228345841125382;628524683829051360;6662536874091547767;6242819449817947043;10501880766753039895;2461832081510741194;7898302583175902778;654565421702442320;12484377250881909059","true;true;true;true;true;true;true;true;true;true;true;true;true;true;true;true","false;false;false;false;false;false;false;false;false;false;false;false;false;false;false;false","0;0;0;0;0;0;0;1;1;0;0;0;0;0;0;0","0;0;0;0;0;0;0;0.0009765625;0.0009765625;0;0;0;0;0;0;0","16","0.0001220703125","true","4","0,2,4,6","1,1,1,1","0,0,0,0","true","8","2","true"
"1","1","F(S)","repeat","512","4","1","128,128,128,128","repeat","avx2_repeat","0.0011978","8388608","7003346134.58006","5494975376828880146","5494975376828880146","true","false","0","0","0","0","true","4","0,2,4,6","1,1,1,1","0,0,0,0","true","8","2","true"
"1","2","G(S)","fused","512","4","1","128,128,128,128","fused","avx2_fused","0.0005637","8388608","14881334042.9306","5494975376828880146","5494975376828880146","true","false","0","0","0","0","true","4","0,2,4,6","1,1,1,1","0,0,0,0","true","8","2","true"
"2","1","G(S)","fused","512","4","1","128,128,128,128","fused","avx2_fused","0.0008467","8388608","9907414668.71383","5494975376828880146","5494975376828880146","true","false","0","0","0","0","true","4","0,2,4,6","1,1,1,1","0,0,0,0","true","8","2","true"
"2","2","F(S)","repeat","512","4","1","128,128,128,128","repeat","avx2_repeat","0.0010354","8388608","8101804133.66815","5494975376828880146","5494975376828880146","true","false","0","0","0","0","true","4","0,2,4,6","1,1,1,1","0,0,0,0","true","8","2","true"
"3","1","F(S)","repeat","512","4","1","128,128,128,128","repeat","avx2_repeat","0.001029","8388608","8152194363.45967","5494975376828880146","5494975376828880146","true","false","0","0","0","0","true","4","0,2,4,6","1,1,1,1","0,0,0,0","true","8","2","true"
"3","2","G(S)","fused","512","4","1","128,128,128,128","fused","avx2_fused","0.0005147","8388608","16298053234.8941","5494975376828880146","5494975376828880146","true","false","0","0","0","0","true","4","0,2,4,6","1,1,1,1","0,0,0,0","true","8","2","true"
"4","1","G(S)","fused","512","4","1","128,128,128,128","fused","avx2_fused","0.0011177","8388608","7505241120.15747","5494975376828880146","5494975376828880146","true","false","0","0","0","0","true","4","0,2,4,6","1,1,1,1","0,0,0,0","true","8","2","true"
"4","2","F(S)","repeat","512","4","1","128,128,128,128","repeat","avx2_repeat","0.0010351","8388608","8104152255.82069","5494975376828880146","5494975376828880146","true","false","0","0","0","0","true","4","0,2,4,6","1,1,1,1","0,0,0,0","true","8","2","true"
"5","1","F(S)","repeat","512","4","1","128,128,128,128","repeat","avx2_repeat","0.0010414","8388608","8055125792.2028","5494975376828880146","5494975376828880146","true","false","0","0","0","0","true","4","0,2,4,6","1,1,1,1","0,0,0,0","true","8","2","true"
"5","2","G(S)","fused","512","4","1","128,128,128,128","fused","avx2_fused","0.0008982","8388608","9339354264.08372","5494975376828880146","5494975376828880146","true","false","0","0","0","0","true","4","0,2,4,6","1,1,1,1","0,0,0,0","true","8","2","true"
"6","1","G(S)","fused","512","4","1","128,128,128,128","fused","avx2_fused","0.001177","8388608","7127109600.67969","5494975376828880146","5494975376828880146","true","false","0","0","0","0","true","4","0,2,4,6","1,1,1,1","0,0,0,0","true","8","2","true"
"6","2","F(S)","repeat","512","4","1","128,128,128,128","repeat","avx2_repeat","0.0011378","8388608","7372656002.81244","5494975376828880146","5494975376828880146","true","false","0","0","0","0","true","4","0,2,4,6","1,1,1,1","0,0,0,0","true","8","2","true"
"7","1","F(S)","repeat","512","4","1","128,128,128,128","repeat","avx2_repeat","0.0005967","8388608","14058334171.2753","5494975376828880146","5494975376828880146","true","false","0","0","0","0","true","4","0,2,4,6","1,1,1,1","0,0,0,0","true","8","2","true"
"7","2","G(S)","fused","512","4","1","128,128,128,128","fused","avx2_fused","0.0013344","8388608","6286426858.51319","5494975376828880146","5494975376828880146","true","false","0","0","0","0","true","4","0,2,4,6","1,1,1,1","0,0,0,0","true","8","2","true"
"8","1","G(S)","fused","512","4","1","128,128,128,128","fused","avx2_fused","0.0007927","8388608","10582323703.7971","5494975376828880146","5494975376828880146","true","false","0","0","0","0","true","4","0,2,4,6","1,1,1,1","0,0,0,0","true","8","2","true"
"8","2","F(S)","repeat","512","4","1","128,128,128,128","repeat","avx2_repeat","0.0013347","8388608","6285013860.79269","5494975376828880146","5494975376828880146","true","false","0","0","0","0","true","4","0,2,4,6","1,1,1,1","0,0,0,0","true","8","2","true"
"9","1","F(S)","repeat","512","4","1","128,128,128,128","repeat","avx2_repeat","0.0011697","8388608","7171589296.40079","5494975376828880146","5494975376828880146","true","false","0","0","0","0","true","4","0,2,4,6","1,1,1,1","0,0,0,0","true","8","2","true"
"9","2","G(S)","fused","512","4","1","128,128,128,128","fused","avx2_fused","0.0007491","8388608","11198248564.9446","5494975376828880146","5494975376828880146","true","false","0","0","0","0","true","4","0,2,4,6","1,1,1,1","0,0,0,0","true","8","2","true"
"10","1","G(S)","fused","512","4","1","128,128,128,128","fused","avx2_fused","0.0004352","8388608","19275294117.6471","5494975376828880146","5494975376828880146","true","false","0","0","0","0","true","4","0,2,4,6","1,1,1,1","0,0,0,0","true","8","2","true"
"10","2","F(S)","repeat","512","4","1","128,128,128,128","repeat","avx2_repeat","0.0012604","8388608","6655512535.70295","5494975376828880146","5494975376828880146","true","false","0","0","0","0","true","4","0,2,4,6","1,1,1,1","0,0,0,0","true","8","2","true"
"1","1","F(S)","repeat","512","4","2","128,128,128,128","repeat","avx2_repeat","0.002998","16777216","5596136090.72715","16227749103965826276","5494975376828880146;16227749103965826276","true;true","false;false","0;0","0;0","0","0","true","4","0,2,4,6","1,1,1,1","0,0,0,0","true","8","2","true"
"1","2","G(S)","fused","512","4","2","128,128,128,128","fused","avx2_fused","0.0022148","16777216","7575047859.8519","16227749103965826276","5494975376828880146;16227749103965826276","true;true","false;false","0;0","0;0","0","0","true","4","0,2,4,6","1,1,1,1","0,0,0,0","true","8","2","true"
"2","1","G(S)","fused","512","4","2","128,128,128,128","fused","avx2_fused","0.0034843","16777216","4815089401.02747","16227749103965826276","5494975376828880146;16227749103965826276","true;true","false;false","0;0","0;0","0","0","true","4","0,2,4,6","1,1,1,1","0,0,0,0","true","8","2","true"
"2","2","F(S)","repeat","512","4","2","128,128,128,128","repeat","avx2_repeat","0.0028318","16777216","5924576594.39226","16227749103965826276","5494975376828880146;16227749103965826276","true;true","false;false","0;0","0;0","0","0","true","4","0,2,4,6","1,1,1,1","0,0,0,0","true","8","2","true"
"3","1","F(S)","repeat","512","4","2","128,128,128,128","repeat","avx2_repeat","0.0024975","16777216","6717604004.004","16227749103965826276","5494975376828880146;16227749103965826276","true;true","false;false","0;0","0;0","0","0","true","4","0,2,4,6","1,1,1,1","0,0,0,0","true","8","2","true"
"3","2","G(S)","fused","512","4","2","128,128,128,128","fused","avx2_fused","0.0029464","16777216","5694140646.21233","16227749103965826276","5494975376828880146;16227749103965826276","true;true","false;false","0;0","0;0","0","0","true","4","0,2,4,6","1,1,1,1","0,0,0,0","true","8","2","true"
"4","1","G(S)","fused","512","4","2","128,128,128,128","fused","avx2_fused","0.0028422","16777216","5902897755.26001","16227749103965826276","5494975376828880146;16227749103965826276","true;true","false;false","0;0","0;0","0","0","true","4","0,2,4,6","1,1,1,1","0,0,0,0","true","8","2","true"
"4","2","F(S)","repeat","512","4","2","128,128,128,128","repeat","avx2_repeat","0.0031506","16777216","5325086015.36215","16227749103965826276","5494975376828880146;16227749103965826276","true;true","false;false","0;0","0;0","0","0","true","4","0,2,4,6","1,1,1,1","0,0,0,0","true","8","2","true"
"5","1","F(S)","repeat","512","4","2","128,128,128,128","repeat","avx2_repeat","0.0025467","16777216","6587825813.79825","16227749103965826276","5494975376828880146;16227749103965826276","true;true","false;false","0;0","0;0","0","0","true","4","0,2,4,6","1,1,1,1","0,0,0,0","true","8","2","true"
"5","2","G(S)","fused","512","4","2","128,128,128,128","fused","avx2_fused","0.0028809","16777216","5823602346.48894","16227749103965826276","5494975376828880146;16227749103965826276","true;true","false;false","0;0","0;0","0","0","true","4","0,2,4,6","1,1,1,1","0,0,0,0","true","8","2","true"
"6","1","G(S)","fused","512","4","2","128,128,128,128","fused","avx2_fused","0.0035176","16777216","4769506481.69206","16227749103965826276","5494975376828880146;16227749103965826276","true;true","false;false","0;0","0;0","0","0","true","4","0,2,4,6","1,1,1,1","0,0,0,0","true","8","2","true"
"6","2","F(S)","repeat","512","4","2","128,128,128,128","repeat","avx2_repeat","0.0025287","16777216","6634719816.50651","16227749103965826276","5494975376828880146;16227749103965826276","true;true","false;false","0;0","0;0","0","0","true","4","0,2,4,6","1,1,1,1","0,0,0,0","true","8","2","true"
"7","1","F(S)","repeat","512","4","2","128,128,128,128","repeat","avx2_repeat","0.0033751","16777216","4970879677.63918","16227749103965826276","5494975376828880146;16227749103965826276","true;true","false;false","0;0","0;0","0","0","true","4","0,2,4,6","1,1,1,1","0,0,0,0","true","8","2","true"
"7","2","G(S)","fused","512","4","2","128,128,128,128","fused","avx2_fused","0.0118124","16777216","1420305441.73919","16227749103965826276","5494975376828880146;16227749103965826276","true;true","false;false","0;0","0;0","0","0","true","4","0,2,4,6","1,1,1,1","0,0,0,0","true","8","2","true"
"8","1","G(S)","fused","512","4","2","128,128,128,128","fused","avx2_fused","0.0026881","16777216","6241291618.61538","16227749103965826276","5494975376828880146;16227749103965826276","true;true","false;false","0;0","0;0","0","0","true","4","0,2,4,6","1,1,1,1","0,0,0,0","true","8","2","true"
"8","2","F(S)","repeat","512","4","2","128,128,128,128","repeat","avx2_repeat","0.002546","16777216","6589637077.76905","16227749103965826276","5494975376828880146;16227749103965826276","true;true","false;false","0;0","0;0","0","0","true","4","0,2,4,6","1,1,1,1","0,0,0,0","true","8","2","true"
"9","1","F(S)","repeat","512","4","2","128,128,128,128","repeat","avx2_repeat","0.0037858","16777216","4431617095.46199","16227749103965826276","5494975376828880146;16227749103965826276","true;true","false;false","0;0","0;0","0","0","true","4","0,2,4,6","1,1,1,1","0,0,0,0","true","8","2","true"
"9","2","G(S)","fused","512","4","2","128,128,128,128","fused","avx2_fused","0.0029127","16777216","5760021972.74007","16227749103965826276","5494975376828880146;16227749103965826276","true;true","false;false","0;0","0;0","0","0","true","4","0,2,4,6","1,1,1,1","0,0,0,0","true","8","2","true"
"10","1","G(S)","fused","512","4","2","128,128,128,128","fused","avx2_fused","0.0030192","16777216","5556841547.42978","16227749103965826276","5494975376828880146;16227749103965826276","true;true","false;false","0;0","0;0","0","0","true","4","0,2,4,6","1,1,1,1","0,0,0,0","true","8","2","true"
"10","2","F(S)","repeat","512","4","2","128,128,128,128","repeat","avx2_repeat","0.0027032","16777216","6206427937.25954","16227749103965826276","5494975376828880146;16227749103965826276","true;true","false;false","0;0","0;0","0","0","true","4","0,2,4,6","1,1,1,1","0,0,0,0","true","8","2","true"
"1","1","F(S)","repeat","512","4","4","128,128,128,128","repeat","avx2_repeat","0.0065768","33554432","5101938936.86899","15893249788432566952","5494975376828880146;16227749103965826276;5764023448666592118;15893249788432566952","true;true;true;true","false;false;false;false","0;0;0;0","0;0;0;0","0","0","true","4","0,2,4,6","1,1,1,1","0,0,0,0","true","8","2","true"
"1","2","G(S)","fused","512","4","4","128,128,128,128","fused","avx2_fused","0.0100267","33554432","3346508023.57705","15893249788432566952","5494975376828880146;16227749103965826276;5764023448666592118;15893249788432566952","true;true;true;true","false;false;false;false","0;0;0;0","0;0;0;0","0","0","true","4","0,2,4,6","1,1,1,1","0,0,0,0","true","8","2","true"
"2","1","G(S)","fused","512","4","4","128,128,128,128","fused","avx2_fused","0.0066159","33554432","5071786453.84604","15893249788432566952","5494975376828880146;16227749103965826276;5764023448666592118;15893249788432566952","true;true;true;true","false;false;false;false","0;0;0;0","0;0;0;0","0","0","true","4","0,2,4,6","1,1,1,1","0,0,0,0","true","8","2","true"
"2","2","F(S)","repeat","512","4","4","128,128,128,128","repeat","avx2_repeat","0.0060608","33554432","5536304118.26822","15893249788432566952","5494975376828880146;16227749103965826276;5764023448666592118;15893249788432566952","true;true;true;true","false;false;false;false","0;0;0;0","0;0;0;0","0","0","true","4","0,2,4,6","1,1,1,1","0,0,0,0","true","8","2","true"
"3","1","F(S)","repeat","512","4","4","128,128,128,128","repeat","avx2_repeat","0.0228745","33554432","1466892478.52412","15893249788432566952","5494975376828880146;16227749103965826276;5764023448666592118;15893249788432566952","true;true;true;true","false;false;false;false","0;0;0;0","0;0;0;0","0","0","true","4","0,2,4,6","1,1,1,1","0,0,0,0","true","8","2","true"
"3","2","G(S)","fused","512","4","4","128,128,128,128","fused","avx2_fused","0.0058872","33554432","5699557005.02786","15893249788432566952","5494975376828880146;16227749103965826276;5764023448666592118;15893249788432566952","true;true;true;true","false;false;false;false","0;0;0;0","0;0;0;0","0","0","true","4","0,2,4,6","1,1,1,1","0,0,0,0","true","8","2","true"
"4","1","G(S)","fused","512","4","4","128,128,128,128","fused","avx2_fused","0.0057854","33554432","5799846510.1808","15893249788432566952","5494975376828880146;16227749103965826276;5764023448666592118;15893249788432566952","true;true;true;true","false;false;false;false","0;0;0;0","0;0;0;0","0","0","true","4","0,2,4,6","1,1,1,1","0,0,0,0","true","8","2","true"
"4","2","F(S)","repeat","512","4","4","128,128,128,128","repeat","avx2_repeat","0.0066947","33554432","5012088965.8984","15893249788432566952","5494975376828880146;16227749103965826276;5764023448666592118;15893249788432566952","true;true;true;true","false;false;false;false","0;0;0;0","0;0;0;0","0","0","true","4","0,2,4,6","1,1,1,1","0,0,0,0","true","8","2","true"
"5","1","F(S)","repeat","512","4","4","128,128,128,128","repeat","avx2_repeat","0.0066744","33554432","5027333093.61141","15893249788432566952","5494975376828880146;16227749103965826276;5764023448666592118;15893249788432566952","true;true;true;true","false;false;false;false","0;0;0;0","0;0;0;0","0","0","true","4","0,2,4,6","1,1,1,1","0,0,0,0","true","8","2","true"
"5","2","G(S)","fused","512","4","4","128,128,128,128","fused","avx2_fused","0.0065872","33554432","5093883896.04081","15893249788432566952","5494975376828880146;16227749103965826276;5764023448666592118;15893249788432566952","true;true;true;true","false;false;false;false","0;0;0;0","0;0;0;0","0","0","true","4","0,2,4,6","1,1,1,1","0,0,0,0","true","8","2","true"
"6","1","G(S)","fused","512","4","4","128,128,128,128","fused","avx2_fused","0.0062475","33554432","5370857462.98519","15893249788432566952","5494975376828880146;16227749103965826276;5764023448666592118;15893249788432566952","true;true;true;true","false;false;false;false","0;0;0;0","0;0;0;0","0","0","true","4","0,2,4,6","1,1,1,1","0,0,0,0","true","8","2","true"
"6","2","F(S)","repeat","512","4","4","128,128,128,128","repeat","avx2_repeat","0.0059241","33554432","5664055637.1432","15893249788432566952","5494975376828880146;16227749103965826276;5764023448666592118;15893249788432566952","true;true;true;true","false;false;false;false","0;0;0;0","0;0;0;0","0","0","true","4","0,2,4,6","1,1,1,1","0,0,0,0","true","8","2","true"
"7","1","F(S)","repeat","512","4","4","128,128,128,128","repeat","avx2_repeat","0.006104","33554432","5497121887.28702","15893249788432566952","5494975376828880146;16227749103965826276;5764023448666592118;15893249788432566952","true;true;true;true","false;false;false;false","0;0;0;0","0;0;0;0","0","0","true","4","0,2,4,6","1,1,1,1","0,0,0,0","true","8","2","true"
"7","2","G(S)","fused","512","4","4","128,128,128,128","fused","avx2_fused","0.0075231","33554432","4460186891.04226","15893249788432566952","5494975376828880146;16227749103965826276;5764023448666592118;15893249788432566952","true;true;true;true","false;false;false;false","0;0;0;0","0;0;0;0","0","0","true","4","0,2,4,6","1,1,1,1","0,0,0,0","true","8","2","true"
"8","1","G(S)","fused","512","4","4","128,128,128,128","fused","avx2_fused","0.0063764","33554432","5262284674.7381","15893249788432566952","5494975376828880146;16227749103965826276;5764023448666592118;15893249788432566952","true;true;true;true","false;false;false;false","0;0;0;0","0;0;0;0","0","0","true","4","0,2,4,6","1,1,1,1","0,0,0,0","true","8","2","true"
"8","2","F(S)","repeat","512","4","4","128,128,128,128","repeat","avx2_repeat","0.0062871","33554432","5337028518.71292","15893249788432566952","5494975376828880146;16227749103965826276;5764023448666592118;15893249788432566952","true;true;true;true","false;false;false;false","0;0;0;0","0;0;0;0","0","0","true","4","0,2,4,6","1,1,1,1","0,0,0,0","true","8","2","true"
"9","1","F(S)","repeat","512","4","4","128,128,128,128","repeat","avx2_repeat","0.00639","33554432","5251084820.0313","15893249788432566952","5494975376828880146;16227749103965826276;5764023448666592118;15893249788432566952","true;true;true;true","false;false;false;false","0;0;0;0","0;0;0;0","0","0","true","4","0,2,4,6","1,1,1,1","0,0,0,0","true","8","2","true"
"9","2","G(S)","fused","512","4","4","128,128,128,128","fused","avx2_fused","0.0058497","33554432","5736094500.57268","15893249788432566952","5494975376828880146;16227749103965826276;5764023448666592118;15893249788432566952","true;true;true;true","false;false;false;false","0;0;0;0","0;0;0;0","0","0","true","4","0,2,4,6","1,1,1,1","0,0,0,0","true","8","2","true"
"10","1","G(S)","fused","512","4","4","128,128,128,128","fused","avx2_fused","0.0058862","33554432","5700525296.45612","15893249788432566952","5494975376828880146;16227749103965826276;5764023448666592118;15893249788432566952","true;true;true;true","false;false;false;false","0;0;0;0","0;0;0;0","0","0","true","4","0,2,4,6","1,1,1,1","0,0,0,0","true","8","2","true"
"10","2","F(S)","repeat","512","4","4","128,128,128,128","repeat","avx2_repeat","0.0068755","33554432","4880289724.38368","15893249788432566952","5494975376828880146;16227749103965826276;5764023448666592118;15893249788432566952","true;true;true;true","false;false;false;false","0;0;0;0","0;0;0;0","0","0","true","4","0,2,4,6","1,1,1,1","0,0,0,0","true","8","2","true"
"1","1","F(S)","repeat","512","4","8","128,128,128,128","repeat","avx2_repeat","0.0124975","67108864","5369783076.61532","16960448192799020260","5494975376828880146;16227749103965826276;5764023448666592118;15893249788432566952;10904782349079578463;16418257461960485428;11299095194624185441;16960448192799020260","true;true;true;true;true;true;true;true","false;false;false;false;false;false;false;false","0;0;0;0;0;0;0;1","0;0;0;0;0;0;0;0.00048828125","8","6.103515625E-05","true","4","0,2,4,6","1,1,1,1","0,0,0,0","true","8","2","true"
"1","2","G(S)","fused","512","4","8","128,128,128,128","fused","avx2_fused","0.0121974","67108864","5501899093.24938","16960448192799020260","5494975376828880146;16227749103965826276;5764023448666592118;15893249788432566952;10904782349079578463;16418257461960485428;11299095194624185441;16960448192799020260","true;true;true;true;true;true;true;true","false;false;false;false;false;false;false;false","0;0;0;0;0;0;0;1","0;0;0;0;0;0;0;0.00048828125","8","6.103515625E-05","true","4","0,2,4,6","1,1,1,1","0,0,0,0","true","8","2","true"
"2","1","G(S)","fused","512","4","8","128,128,128,128","fused","avx2_fused","0.0145985","67108864","4596969825.66702","16960448192799020260","5494975376828880146;16227749103965826276;5764023448666592118;15893249788432566952;10904782349079578463;16418257461960485428;11299095194624185441;16960448192799020260","true;true;true;true;true;true;true;true","false;false;false;false;false;false;false;false","0;0;0;0;0;0;0;1","0;0;0;0;0;0;0;0.00048828125","8","6.103515625E-05","true","4","0,2,4,6","1,1,1,1","0,0,0,0","true","8","2","true"
"2","2","F(S)","repeat","512","4","8","128,128,128,128","repeat","avx2_repeat","0.0127592","67108864","5259645118.81623","16960448192799020260","5494975376828880146;16227749103965826276;5764023448666592118;15893249788432566952;10904782349079578463;16418257461960485428;11299095194624185441;16960448192799020260","true;true;true;true;true;true;true;true","false;false;false;false;false;false;false;false","0;0;0;0;0;0;0;1","0;0;0;0;0;0;0;0.00048828125","8","6.103515625E-05","true","4","0,2,4,6","1,1,1,1","0,0,0,0","true","8","2","true"
"3","1","F(S)","repeat","512","4","8","128,128,128,128","repeat","avx2_repeat","0.0141558","67108864","4740732703.20293","16960448192799020260","5494975376828880146;16227749103965826276;5764023448666592118;15893249788432566952;10904782349079578463;16418257461960485428;11299095194624185441;16960448192799020260","true;true;true;true;true;true;true;true","false;false;false;false;false;false;false;false","0;0;0;0;0;0;0;1","0;0;0;0;0;0;0;0.00048828125","8","6.103515625E-05","true","4","0,2,4,6","1,1,1,1","0,0,0,0","true","8","2","true"
"3","2","G(S)","fused","512","4","8","128,128,128,128","fused","avx2_fused","0.0133137","67108864","5040587064.45241","16960448192799020260","5494975376828880146;16227749103965826276;5764023448666592118;15893249788432566952;10904782349079578463;16418257461960485428;11299095194624185441;16960448192799020260","true;true;true;true;true;true;true;true","false;false;false;false;false;false;false;false","0;0;0;0;0;0;0;1","0;0;0;0;0;0;0;0.00048828125","8","6.103515625E-05","true","4","0,2,4,6","1,1,1,1","0,0,0,0","true","8","2","true"
"4","1","G(S)","fused","512","4","8","128,128,128,128","fused","avx2_fused","0.0148102","67108864","4531259807.43001","16960448192799020260","5494975376828880146;16227749103965826276;5764023448666592118;15893249788432566952;10904782349079578463;16418257461960485428;11299095194624185441;16960448192799020260","true;true;true;true;true;true;true;true","false;false;false;false;false;false;false;false","0;0;0;0;0;0;0;1","0;0;0;0;0;0;0;0.00048828125","8","6.103515625E-05","true","4","0,2,4,6","1,1,1,1","0,0,0,0","true","8","2","true"
"4","2","F(S)","repeat","512","4","8","128,128,128,128","repeat","avx2_repeat","0.0158813","67108864","4225653063.66607","16960448192799020260","5494975376828880146;16227749103965826276;5764023448666592118;15893249788432566952;10904782349079578463;16418257461960485428;11299095194624185441;16960448192799020260","true;true;true;true;true;true;true;true","false;false;false;false;false;false;false;false","0;0;0;0;0;0;0;1","0;0;0;0;0;0;0;0.00048828125","8","6.103515625E-05","true","4","0,2,4,6","1,1,1,1","0,0,0,0","true","8","2","true"
"5","1","F(S)","repeat","512","4","8","128,128,128,128","repeat","avx2_repeat","0.0145391","67108864","4615750906.17714","16960448192799020260","5494975376828880146;16227749103965826276;5764023448666592118;15893249788432566952;10904782349079578463;16418257461960485428;11299095194624185441;16960448192799020260","true;true;true;true;true;true;true;true","false;false;false;false;false;false;false;false","0;0;0;0;0;0;0;1","0;0;0;0;0;0;0;0.00048828125","8","6.103515625E-05","true","4","0,2,4,6","1,1,1,1","0,0,0,0","true","8","2","true"
"5","2","G(S)","fused","512","4","8","128,128,128,128","fused","avx2_fused","0.0209735","67108864","3199697904.49853","16960448192799020260","5494975376828880146;16227749103965826276;5764023448666592118;15893249788432566952;10904782349079578463;16418257461960485428;11299095194624185441;16960448192799020260","true;true;true;true;true;true;true;true","false;false;false;false;false;false;false;false","0;0;0;0;0;0;0;1","0;0;0;0;0;0;0;0.00048828125","8","6.103515625E-05","true","4","0,2,4,6","1,1,1,1","0,0,0,0","true","8","2","true"
"6","1","G(S)","fused","512","4","8","128,128,128,128","fused","avx2_fused","0.0131369","67108864","5108424666.3977","16960448192799020260","5494975376828880146;16227749103965826276;5764023448666592118;15893249788432566952;10904782349079578463;16418257461960485428;11299095194624185441;16960448192799020260","true;true;true;true;true;true;true;true","false;false;false;false;false;false;false;false","0;0;0;0;0;0;0;1","0;0;0;0;0;0;0;0.00048828125","8","6.103515625E-05","true","4","0,2,4,6","1,1,1,1","0,0,0,0","true","8","2","true"
"6","2","F(S)","repeat","512","4","8","128,128,128,128","repeat","avx2_repeat","0.0136221","67108864","4926469780.72397","16960448192799020260","5494975376828880146;16227749103965826276;5764023448666592118;15893249788432566952;10904782349079578463;16418257461960485428;11299095194624185441;16960448192799020260","true;true;true;true;true;true;true;true","false;false;false;false;false;false;false;false","0;0;0;0;0;0;0;1","0;0;0;0;0;0;0;0.00048828125","8","6.103515625E-05","true","4","0,2,4,6","1,1,1,1","0,0,0,0","true","8","2","true"
"7","1","F(S)","repeat","512","4","8","128,128,128,128","repeat","avx2_repeat","0.0132532","67108864","5063597018.07865","16960448192799020260","5494975376828880146;16227749103965826276;5764023448666592118;15893249788432566952;10904782349079578463;16418257461960485428;11299095194624185441;16960448192799020260","true;true;true;true;true;true;true;true","false;false;false;false;false;false;false;false","0;0;0;0;0;0;0;1","0;0;0;0;0;0;0;0.00048828125","8","6.103515625E-05","true","4","0,2,4,6","1,1,1,1","0,0,0,0","true","8","2","true"
"7","2","G(S)","fused","512","4","8","128,128,128,128","fused","avx2_fused","0.0131306","67108864","5110875664.47839","16960448192799020260","5494975376828880146;16227749103965826276;5764023448666592118;15893249788432566952;10904782349079578463;16418257461960485428;11299095194624185441;16960448192799020260","true;true;true;true;true;true;true;true","false;false;false;false;false;false;false;false","0;0;0;0;0;0;0;1","0;0;0;0;0;0;0;0.00048828125","8","6.103515625E-05","true","4","0,2,4,6","1,1,1,1","0,0,0,0","true","8","2","true"
"8","1","G(S)","fused","512","4","8","128,128,128,128","fused","avx2_fused","0.0130945","67108864","5124965748.97858","16960448192799020260","5494975376828880146;16227749103965826276;5764023448666592118;15893249788432566952;10904782349079578463;16418257461960485428;11299095194624185441;16960448192799020260","true;true;true;true;true;true;true;true","false;false;false;false;false;false;false;false","0;0;0;0;0;0;0;1","0;0;0;0;0;0;0;0.00048828125","8","6.103515625E-05","true","4","0,2,4,6","1,1,1,1","0,0,0,0","true","8","2","true"
"8","2","F(S)","repeat","512","4","8","128,128,128,128","repeat","avx2_repeat","0.0133462","67108864","5028312478.45829","16960448192799020260","5494975376828880146;16227749103965826276;5764023448666592118;15893249788432566952;10904782349079578463;16418257461960485428;11299095194624185441;16960448192799020260","true;true;true;true;true;true;true;true","false;false;false;false;false;false;false;false","0;0;0;0;0;0;0;1","0;0;0;0;0;0;0;0.00048828125","8","6.103515625E-05","true","4","0,2,4,6","1,1,1,1","0,0,0,0","true","8","2","true"
"9","1","F(S)","repeat","512","4","8","128,128,128,128","repeat","avx2_repeat","0.013433","67108864","4995821037.74287","16960448192799020260","5494975376828880146;16227749103965826276;5764023448666592118;15893249788432566952;10904782349079578463;16418257461960485428;11299095194624185441;16960448192799020260","true;true;true;true;true;true;true;true","false;false;false;false;false;false;false;false","0;0;0;0;0;0;0;1","0;0;0;0;0;0;0;0.00048828125","8","6.103515625E-05","true","4","0,2,4,6","1,1,1,1","0,0,0,0","true","8","2","true"
"9","2","G(S)","fused","512","4","8","128,128,128,128","fused","avx2_fused","0.0131959","67108864","5085584461.84042","16960448192799020260","5494975376828880146;16227749103965826276;5764023448666592118;15893249788432566952;10904782349079578463;16418257461960485428;11299095194624185441;16960448192799020260","true;true;true;true;true;true;true;true","false;false;false;false;false;false;false;false","0;0;0;0;0;0;0;1","0;0;0;0;0;0;0;0.00048828125","8","6.103515625E-05","true","4","0,2,4,6","1,1,1,1","0,0,0,0","true","8","2","true"
"10","1","G(S)","fused","512","4","8","128,128,128,128","fused","avx2_fused","0.0295549","67108864","2270651025.71824","16960448192799020260","5494975376828880146;16227749103965826276;5764023448666592118;15893249788432566952;10904782349079578463;16418257461960485428;11299095194624185441;16960448192799020260","true;true;true;true;true;true;true;true","false;false;false;false;false;false;false;false","0;0;0;0;0;0;0;1","0;0;0;0;0;0;0;0.00048828125","8","6.103515625E-05","true","4","0,2,4,6","1,1,1,1","0,0,0,0","true","8","2","true"
"10","2","F(S)","repeat","512","4","8","128,128,128,128","repeat","avx2_repeat","0.0153623","67108864","4368412542.39274","16960448192799020260","5494975376828880146;16227749103965826276;5764023448666592118;15893249788432566952;10904782349079578463;16418257461960485428;11299095194624185441;16960448192799020260","true;true;true;true;true;true;true;true","false;false;false;false;false;false;false;false","0;0;0;0;0;0;0;1","0;0;0;0;0;0;0;0.00048828125","8","6.103515625E-05","true","4","0,2,4,6","1,1,1,1","0,0,0,0","true","8","2","true"
"1","1","F(S)","repeat","512","4","16","128,128,128,128","repeat","avx2_repeat","0.0319604","134217728","4199500882.3419","13839699232716738356","5494975376828880146;16227749103965826276;5764023448666592118;15893249788432566952;10904782349079578463;16418257461960485428;11299095194624185441;16960448192799020260;17960217145308340138;11518951393303039176;970330212952995632;7573901933944824877;10435639660744208275;6746292093335451017;3991222330006023013;13839699232716738356","true;true;true;true;true;true;true;true;true;true;true;true;true;true;true;true","false;false;false;false;false;false;false;false;false;false;false;false;false;false;false;false","0;0;0;0;0;0;0;1;1;0;0;0;0;0;0;0","0;0;0;0;0;0;0;0.00048828125;0.00048828125;0;0;0;0;0;0;0","16","6.103515625E-05","true","4","0,2,4,6","1,1,1,1","0,0,0,0","true","8","2","true"
"1","2","G(S)","fused","512","4","16","128,128,128,128","fused","avx2_fused","0.0279872","134217728","4795682597.75898","13839699232716738356","5494975376828880146;16227749103965826276;5764023448666592118;15893249788432566952;10904782349079578463;16418257461960485428;11299095194624185441;16960448192799020260;17960217145308340138;11518951393303039176;970330212952995632;7573901933944824877;10435639660744208275;6746292093335451017;3991222330006023013;13839699232716738356","true;true;true;true;true;true;true;true;true;true;true;true;true;true;true;true","false;false;false;false;false;false;false;false;false;false;false;false;false;false;false;false","0;0;0;0;0;0;0;1;1;0;0;0;0;0;0;0","0;0;0;0;0;0;0;0.00048828125;0.00048828125;0;0;0;0;0;0;0","16","6.103515625E-05","true","4","0,2,4,6","1,1,1,1","0,0,0,0","true","8","2","true"
"2","1","G(S)","fused","512","4","16","128,128,128,128","fused","avx2_fused","0.0258929","134217728","5183572639.60391","13839699232716738356","5494975376828880146;16227749103965826276;5764023448666592118;15893249788432566952;10904782349079578463;16418257461960485428;11299095194624185441;16960448192799020260;17960217145308340138;11518951393303039176;970330212952995632;7573901933944824877;10435639660744208275;6746292093335451017;3991222330006023013;13839699232716738356","true;true;true;true;true;true;true;true;true;true;true;true;true;true;true;true","false;false;false;false;false;false;false;false;false;false;false;false;false;false;false;false","0;0;0;0;0;0;0;1;1;0;0;0;0;0;0;0","0;0;0;0;0;0;0;0.00048828125;0.00048828125;0;0;0;0;0;0;0","16","6.103515625E-05","true","4","0,2,4,6","1,1,1,1","0,0,0,0","true","8","2","true"
"2","2","F(S)","repeat","512","4","16","128,128,128,128","repeat","avx2_repeat","0.0426471","134217728","3147171273.07601","13839699232716738356","5494975376828880146;16227749103965826276;5764023448666592118;15893249788432566952;10904782349079578463;16418257461960485428;11299095194624185441;16960448192799020260;17960217145308340138;11518951393303039176;970330212952995632;7573901933944824877;10435639660744208275;6746292093335451017;3991222330006023013;13839699232716738356","true;true;true;true;true;true;true;true;true;true;true;true;true;true;true;true","false;false;false;false;false;false;false;false;false;false;false;false;false;false;false;false","0;0;0;0;0;0;0;1;1;0;0;0;0;0;0;0","0;0;0;0;0;0;0;0.00048828125;0.00048828125;0;0;0;0;0;0;0","16","6.103515625E-05","true","4","0,2,4,6","1,1,1,1","0,0,0,0","true","8","2","true"
"3","1","F(S)","repeat","512","4","16","128,128,128,128","repeat","avx2_repeat","0.0290405","134217728","4621743014.06656","13839699232716738356","5494975376828880146;16227749103965826276;5764023448666592118;15893249788432566952;10904782349079578463;16418257461960485428;11299095194624185441;16960448192799020260;17960217145308340138;11518951393303039176;970330212952995632;7573901933944824877;10435639660744208275;6746292093335451017;3991222330006023013;13839699232716738356","true;true;true;true;true;true;true;true;true;true;true;true;true;true;true;true","false;false;false;false;false;false;false;false;false;false;false;false;false;false;false;false","0;0;0;0;0;0;0;1;1;0;0;0;0;0;0;0","0;0;0;0;0;0;0;0.00048828125;0.00048828125;0;0;0;0;0;0;0","16","6.103515625E-05","true","4","0,2,4,6","1,1,1,1","0,0,0,0","true","8","2","true"
"3","2","G(S)","fused","512","4","16","128,128,128,128","fused","avx2_fused","0.042397","134217728","3165736443.61629","13839699232716738356","5494975376828880146;16227749103965826276;5764023448666592118;15893249788432566952;10904782349079578463;16418257461960485428;11299095194624185441;16960448192799020260;17960217145308340138;11518951393303039176;970330212952995632;7573901933944824877;10435639660744208275;6746292093335451017;3991222330006023013;13839699232716738356","true;true;true;true;true;true;true;true;true;true;true;true;true;true;true;true","false;false;false;false;false;false;false;false;false;false;false;false;false;false;false;false","0;0;0;0;0;0;0;1;1;0;0;0;0;0;0;0","0;0;0;0;0;0;0;0.00048828125;0.00048828125;0;0;0;0;0;0;0","16","6.103515625E-05","true","4","0,2,4,6","1,1,1,1","0,0,0,0","true","8","2","true"
"4","1","G(S)","fused","512","4","16","128,128,128,128","fused","avx2_fused","0.0309619","134217728","4334931900.17408","13839699232716738356","5494975376828880146;16227749103965826276;5764023448666592118;15893249788432566952;10904782349079578463;16418257461960485428;11299095194624185441;16960448192799020260;17960217145308340138;11518951393303039176;970330212952995632;7573901933944824877;10435639660744208275;6746292093335451017;3991222330006023013;13839699232716738356","true;true;true;true;true;true;true;true;true;true;true;true;true;true;true;true","false;false;false;false;false;false;false;false;false;false;false;false;false;false;false;false","0;0;0;0;0;0;0;1;1;0;0;0;0;0;0;0","0;0;0;0;0;0;0;0.00048828125;0.00048828125;0;0;0;0;0;0;0","16","6.103515625E-05","true","4","0,2,4,6","1,1,1,1","0,0,0,0","true","8","2","true"
"4","2","F(S)","repeat","512","4","16","128,128,128,128","repeat","avx2_repeat","0.0286057","134217728","4691992435.07413","13839699232716738356","5494975376828880146;16227749103965826276;5764023448666592118;15893249788432566952;10904782349079578463;16418257461960485428;11299095194624185441;16960448192799020260;17960217145308340138;11518951393303039176;970330212952995632;7573901933944824877;10435639660744208275;6746292093335451017;3991222330006023013;13839699232716738356","true;true;true;true;true;true;true;true;true;true;true;true;true;true;true;true","false;false;false;false;false;false;false;false;false;false;false;false;false;false;false;false","0;0;0;0;0;0;0;1;1;0;0;0;0;0;0;0","0;0;0;0;0;0;0;0.00048828125;0.00048828125;0;0;0;0;0;0;0","16","6.103515625E-05","true","4","0,2,4,6","1,1,1,1","0,0,0,0","true","8","2","true"
"5","1","F(S)","repeat","512","4","16","128,128,128,128","repeat","avx2_repeat","0.0274955","134217728","4881443436.19865","13839699232716738356","5494975376828880146;16227749103965826276;5764023448666592118;15893249788432566952;10904782349079578463;16418257461960485428;11299095194624185441;16960448192799020260;17960217145308340138;11518951393303039176;970330212952995632;7573901933944824877;10435639660744208275;6746292093335451017;3991222330006023013;13839699232716738356","true;true;true;true;true;true;true;true;true;true;true;true;true;true;true;true","false;false;false;false;false;false;false;false;false;false;false;false;false;false;false;false","0;0;0;0;0;0;0;1;1;0;0;0;0;0;0;0","0;0;0;0;0;0;0;0.00048828125;0.00048828125;0;0;0;0;0;0;0","16","6.103515625E-05","true","4","0,2,4,6","1,1,1,1","0,0,0,0","true","8","2","true"
"5","2","G(S)","fused","512","4","16","128,128,128,128","fused","avx2_fused","0.0301202","134217728","4456070278.41781","13839699232716738356","5494975376828880146;16227749103965826276;5764023448666592118;15893249788432566952;10904782349079578463;16418257461960485428;11299095194624185441;16960448192799020260;17960217145308340138;11518951393303039176;970330212952995632;7573901933944824877;10435639660744208275;6746292093335451017;3991222330006023013;13839699232716738356","true;true;true;true;true;true;true;true;true;true;true;true;true;true;true;true","false;false;false;false;false;false;false;false;false;false;false;false;false;false;false;false","0;0;0;0;0;0;0;1;1;0;0;0;0;0;0;0","0;0;0;0;0;0;0;0.00048828125;0.00048828125;0;0;0;0;0;0;0","16","6.103515625E-05","true","4","0,2,4,6","1,1,1,1","0,0,0,0","true","8","2","true"
"6","1","G(S)","fused","512","4","16","128,128,128,128","fused","avx2_fused","0.0277275","134217728","4840599693.44514","13839699232716738356","5494975376828880146;16227749103965826276;5764023448666592118;15893249788432566952;10904782349079578463;16418257461960485428;11299095194624185441;16960448192799020260;17960217145308340138;11518951393303039176;970330212952995632;7573901933944824877;10435639660744208275;6746292093335451017;3991222330006023013;13839699232716738356","true;true;true;true;true;true;true;true;true;true;true;true;true;true;true;true","false;false;false;false;false;false;false;false;false;false;false;false;false;false;false;false","0;0;0;0;0;0;0;1;1;0;0;0;0;0;0;0","0;0;0;0;0;0;0;0.00048828125;0.00048828125;0;0;0;0;0;0;0","16","6.103515625E-05","true","4","0,2,4,6","1,1,1,1","0,0,0,0","true","8","2","true"
"6","2","F(S)","repeat","512","4","16","128,128,128,128","repeat","avx2_repeat","0.0280794","134217728","4779935753.61297","13839699232716738356","5494975376828880146;16227749103965826276;5764023448666592118;15893249788432566952;10904782349079578463;16418257461960485428;11299095194624185441;16960448192799020260;17960217145308340138;11518951393303039176;970330212952995632;7573901933944824877;10435639660744208275;6746292093335451017;3991222330006023013;13839699232716738356","true;true;true;true;true;true;true;true;true;true;true;true;true;true;true;true","false;false;false;false;false;false;false;false;false;false;false;false;false;false;false;false","0;0;0;0;0;0;0;1;1;0;0;0;0;0;0;0","0;0;0;0;0;0;0;0.00048828125;0.00048828125;0;0;0;0;0;0;0","16","6.103515625E-05","true","4","0,2,4,6","1,1,1,1","0,0,0,0","true","8","2","true"
"7","1","F(S)","repeat","512","4","16","128,128,128,128","repeat","avx2_repeat","0.032271","134217728","4159081776.20774","13839699232716738356","5494975376828880146;16227749103965826276;5764023448666592118;15893249788432566952;10904782349079578463;16418257461960485428;11299095194624185441;16960448192799020260;17960217145308340138;11518951393303039176;970330212952995632;7573901933944824877;10435639660744208275;6746292093335451017;3991222330006023013;13839699232716738356","true;true;true;true;true;true;true;true;true;true;true;true;true;true;true;true","false;false;false;false;false;false;false;false;false;false;false;false;false;false;false;false","0;0;0;0;0;0;0;1;1;0;0;0;0;0;0;0","0;0;0;0;0;0;0;0.00048828125;0.00048828125;0;0;0;0;0;0;0","16","6.103515625E-05","true","4","0,2,4,6","1,1,1,1","0,0,0,0","true","8","2","true"
"7","2","G(S)","fused","512","4","16","128,128,128,128","fused","avx2_fused","0.025914","134217728","5179352010.49626","13839699232716738356","5494975376828880146;16227749103965826276;5764023448666592118;15893249788432566952;10904782349079578463;16418257461960485428;11299095194624185441;16960448192799020260;17960217145308340138;11518951393303039176;970330212952995632;7573901933944824877;10435639660744208275;6746292093335451017;3991222330006023013;13839699232716738356","true;true;true;true;true;true;true;true;true;true;true;true;true;true;true;true","false;false;false;false;false;false;false;false;false;false;false;false;false;false;false;false","0;0;0;0;0;0;0;1;1;0;0;0;0;0;0;0","0;0;0;0;0;0;0;0.00048828125;0.00048828125;0;0;0;0;0;0;0","16","6.103515625E-05","true","4","0,2,4,6","1,1,1,1","0,0,0,0","true","8","2","true"
"8","1","G(S)","fused","512","4","16","128,128,128,128","fused","avx2_fused","0.0317247","134217728","4230701251.70608","13839699232716738356","5494975376828880146;16227749103965826276;5764023448666592118;15893249788432566952;10904782349079578463;16418257461960485428;11299095194624185441;16960448192799020260;17960217145308340138;11518951393303039176;970330212952995632;7573901933944824877;10435639660744208275;6746292093335451017;3991222330006023013;13839699232716738356","true;true;true;true;true;true;true;true;true;true;true;true;true;true;true;true","false;false;false;false;false;false;false;false;false;false;false;false;false;false;false;false","0;0;0;0;0;0;0;1;1;0;0;0;0;0;0;0","0;0;0;0;0;0;0;0.00048828125;0.00048828125;0;0;0;0;0;0;0","16","6.103515625E-05","true","4","0,2,4,6","1,1,1,1","0,0,0,0","true","8","2","true"
"8","2","F(S)","repeat","512","4","16","128,128,128,128","repeat","avx2_repeat","0.0409943","134217728","3274058295.90943","13839699232716738356","5494975376828880146;16227749103965826276;5764023448666592118;15893249788432566952;10904782349079578463;16418257461960485428;11299095194624185441;16960448192799020260;17960217145308340138;11518951393303039176;970330212952995632;7573901933944824877;10435639660744208275;6746292093335451017;3991222330006023013;13839699232716738356","true;true;true;true;true;true;true;true;true;true;true;true;true;true;true;true","false;false;false;false;false;false;false;false;false;false;false;false;false;false;false;false","0;0;0;0;0;0;0;1;1;0;0;0;0;0;0;0","0;0;0;0;0;0;0;0.00048828125;0.00048828125;0;0;0;0;0;0;0","16","6.103515625E-05","true","4","0,2,4,6","1,1,1,1","0,0,0,0","true","8","2","true"
"9","1","F(S)","repeat","512","4","16","128,128,128,128","repeat","avx2_repeat","0.042604","134217728","3150355084.02967","13839699232716738356","5494975376828880146;16227749103965826276;5764023448666592118;15893249788432566952;10904782349079578463;16418257461960485428;11299095194624185441;16960448192799020260;17960217145308340138;11518951393303039176;970330212952995632;7573901933944824877;10435639660744208275;6746292093335451017;3991222330006023013;13839699232716738356","true;true;true;true;true;true;true;true;true;true;true;true;true;true;true;true","false;false;false;false;false;false;false;false;false;false;false;false;false;false;false;false","0;0;0;0;0;0;0;1;1;0;0;0;0;0;0;0","0;0;0;0;0;0;0;0.00048828125;0.00048828125;0;0;0;0;0;0;0","16","6.103515625E-05","true","4","0,2,4,6","1,1,1,1","0,0,0,0","true","8","2","true"
"9","2","G(S)","fused","512","4","16","128,128,128,128","fused","avx2_fused","0.064443","134217728","2082735564.76266","13839699232716738356","5494975376828880146;16227749103965826276;5764023448666592118;15893249788432566952;10904782349079578463;16418257461960485428;11299095194624185441;16960448192799020260;17960217145308340138;11518951393303039176;970330212952995632;7573901933944824877;10435639660744208275;6746292093335451017;3991222330006023013;13839699232716738356","true;true;true;true;true;true;true;true;true;true;true;true;true;true;true;true","false;false;false;false;false;false;false;false;false;false;false;false;false;false;false;false","0;0;0;0;0;0;0;1;1;0;0;0;0;0;0;0","0;0;0;0;0;0;0;0.00048828125;0.00048828125;0;0;0;0;0;0;0","16","6.103515625E-05","true","4","0,2,4,6","1,1,1,1","0,0,0,0","true","8","2","true"
"10","1","G(S)","fused","512","4","16","128,128,128,128","fused","avx2_fused","0.0262067","134217728","5121504348.12472","13839699232716738356","5494975376828880146;16227749103965826276;5764023448666592118;15893249788432566952;10904782349079578463;16418257461960485428;11299095194624185441;16960448192799020260;17960217145308340138;11518951393303039176;970330212952995632;7573901933944824877;10435639660744208275;6746292093335451017;3991222330006023013;13839699232716738356","true;true;true;true;true;true;true;true;true;true;true;true;true;true;true;true","false;false;false;false;false;false;false;false;false;false;false;false;false;false;false;false","0;0;0;0;0;0;0;1;1;0;0;0;0;0;0;0","0;0;0;0;0;0;0;0.00048828125;0.00048828125;0;0;0;0;0;0;0","16","6.103515625E-05","true","4","0,2,4,6","1,1,1,1","0,0,0,0","true","8","2","true"
"10","2","F(S)","repeat","512","4","16","128,128,128,128","repeat","avx2_repeat","0.0301569","134217728","4450647380.86474","13839699232716738356","5494975376828880146;16227749103965826276;5764023448666592118;15893249788432566952;10904782349079578463;16418257461960485428;11299095194624185441;16960448192799020260;17960217145308340138;11518951393303039176;970330212952995632;7573901933944824877;10435639660744208275;6746292093335451017;3991222330006023013;13839699232716738356","true;true;true;true;true;true;true;true;true;true;true;true;true;true;true;true","false;false;false;false;false;false;false;false;false;false;false;false;false;false;false;false","0;0;0;0;0;0;0;1;1;0;0;0;0;0;0;0","0;0;0;0;0;0;0;0.00048828125;0.00048828125;0;0;0;0;0;0;0","16","6.103515625E-05","true","4","0,2,4,6","1,1,1,1","0,0,0,0","true","8","2","true"
"1","1","F(S)","repeat","512","8","1","128,128,128,128","repeat","avx2_repeat","0.0029173","16777216","5750939567.40822","3842179408685066247","3842179408685066247","true","false","0","0","0","0","true","4","0,2,4,6","1,1,1,1","0,0,0,0","true","8","2","true"
"1","2","G(S)","fused","512","8","1","128,128,128,128","fused","avx2_fused","0.0026371","16777216","6361994615.29711","3842179408685066247","3842179408685066247","true","false","0","0","0","0","true","4","0,2,4,6","1,1,1,1","0,0,0,0","true","8","2","true"
"2","1","G(S)","fused","512","8","1","128,128,128,128","fused","avx2_fused","0.0142098","16777216","1180679249.53201","3842179408685066247","3842179408685066247","true","false","0","0","0","0","true","4","0,2,4,6","1,1,1,1","0,0,0,0","true","8","2","true"
"2","2","F(S)","repeat","512","8","1","128,128,128,128","repeat","avx2_repeat","0.0024612","16777216","6816681293.67788","3842179408685066247","3842179408685066247","true","false","0","0","0","0","true","4","0,2,4,6","1,1,1,1","0,0,0,0","true","8","2","true"
"3","1","F(S)","repeat","512","8","1","128,128,128,128","repeat","avx2_repeat","0.00265","16777216","6331024905.66038","3842179408685066247","3842179408685066247","true","false","0","0","0","0","true","4","0,2,4,6","1,1,1,1","0,0,0,0","true","8","2","true"
"3","2","G(S)","fused","512","8","1","128,128,128,128","fused","avx2_fused","0.0020002","16777216","8387769223.07769","3842179408685066247","3842179408685066247","true","false","0","0","0","0","true","4","0,2,4,6","1,1,1,1","0,0,0,0","true","8","2","true"
"4","1","G(S)","fused","512","8","1","128,128,128,128","fused","avx2_fused","0.0026659","16777216","6293265313.77771","3842179408685066247","3842179408685066247","true","false","0","0","0","0","true","4","0,2,4,6","1,1,1,1","0,0,0,0","true","8","2","true"
"4","2","F(S)","repeat","512","8","1","128,128,128,128","repeat","avx2_repeat","0.0027229","16777216","6161524844.83455","3842179408685066247","3842179408685066247","true","false","0","0","0","0","true","4","0,2,4,6","1,1,1,1","0,0,0,0","true","8","2","true"
"5","1","F(S)","repeat","512","8","1","128,128,128,128","repeat","avx2_repeat","0.0029243","16777216","5737173340.62853","3842179408685066247","3842179408685066247","true","false","0","0","0","0","true","4","0,2,4,6","1,1,1,1","0,0,0,0","true","8","2","true"
"5","2","G(S)","fused","512","8","1","128,128,128,128","fused","avx2_fused","0.002588","16777216","6482695517.77434","3842179408685066247","3842179408685066247","true","false","0","0","0","0","true","4","0,2,4,6","1,1,1,1","0,0,0,0","true","8","2","true"
"6","1","G(S)","fused","512","8","1","128,128,128,128","fused","avx2_fused","0.0025028","16777216","6703378615.95014","3842179408685066247","3842179408685066247","true","false","0","0","0","0","true","4","0,2,4,6","1,1,1,1","0,0,0,0","true","8","2","true"
"6","2","F(S)","repeat","512","8","1","128,128,128,128","repeat","avx2_repeat","0.0025215","16777216","6653664882.01467","3842179408685066247","3842179408685066247","true","false","0","0","0","0","true","4","0,2,4,6","1,1,1,1","0,0,0,0","true","8","2","true"
"7","1","F(S)","repeat","512","8","1","128,128,128,128","repeat","avx2_repeat","0.0029326","16777216","5720935688.46757","3842179408685066247","3842179408685066247","true","false","0","0","0","0","true","4","0,2,4,6","1,1,1,1","0,0,0,0","true","8","2","true"
"7","2","G(S)","fused","512","8","1","128,128,128,128","fused","avx2_fused","0.0027419","16777216","6118828549.54594","3842179408685066247","3842179408685066247","true","false","0","0","0","0","true","4","0,2,4,6","1,1,1,1","0,0,0,0","true","8","2","true"
"8","1","G(S)","fused","512","8","1","128,128,128,128","fused","avx2_fused","0.0020262","16777216","8280138189.71474","3842179408685066247","3842179408685066247","true","false","0","0","0","0","true","4","0,2,4,6","1,1,1,1","0,0,0,0","true","8","2","true"
"8","2","F(S)","repeat","512","8","1","128,128,128,128","repeat","avx2_repeat","0.0031357","16777216","5350389386.7398","3842179408685066247","3842179408685066247","true","false","0","0","0","0","true","4","0,2,4,6","1,1,1,1","0,0,0,0","true","8","2","true"
"9","1","F(S)","repeat","512","8","1","128,128,128,128","repeat","avx2_repeat","0.0030172","16777216","5560524990.05701","3842179408685066247","3842179408685066247","true","false","0","0","0","0","true","4","0,2,4,6","1,1,1,1","0,0,0,0","true","8","2","true"
"9","2","G(S)","fused","512","8","1","128,128,128,128","fused","avx2_fused","0.0027004","16777216","6212863279.51414","3842179408685066247","3842179408685066247","true","false","0","0","0","0","true","4","0,2,4,6","1,1,1,1","0,0,0,0","true","8","2","true"
"10","1","G(S)","fused","512","8","1","128,128,128,128","fused","avx2_fused","0.0023511","16777216","7135900642.25256","3842179408685066247","3842179408685066247","true","false","0","0","0","0","true","4","0,2,4,6","1,1,1,1","0,0,0,0","true","8","2","true"
"10","2","F(S)","repeat","512","8","1","128,128,128,128","repeat","avx2_repeat","0.0027024","16777216","6208265245.70752","3842179408685066247","3842179408685066247","true","false","0","0","0","0","true","4","0,2,4,6","1,1,1,1","0,0,0,0","true","8","2","true"
"1","1","F(S)","repeat","512","8","2","128,128,128,128","repeat","avx2_repeat","0.0063636","33554432","5272869444.96826","10841506427571730443","3842179408685066247;10841506427571730443","true;true","false;false","0;0","0;0","0","0","true","4","0,2,4,6","1,1,1,1","0,0,0,0","true","8","2","true"
"1","2","G(S)","fused","512","8","2","128,128,128,128","fused","avx2_fused","0.0058137","33554432","5771613946.36806","10841506427571730443","3842179408685066247;10841506427571730443","true;true","false;false","0;0","0;0","0","0","true","4","0,2,4,6","1,1,1,1","0,0,0,0","true","8","2","true"
"2","1","G(S)","fused","512","8","2","128,128,128,128","fused","avx2_fused","0.0063651","33554432","5271626840.11249","10841506427571730443","3842179408685066247;10841506427571730443","true;true","false;false","0;0","0;0","0","0","true","4","0,2,4,6","1,1,1,1","0,0,0,0","true","8","2","true"
"2","2","F(S)","repeat","512","8","2","128,128,128,128","repeat","avx2_repeat","0.0064343","33554432","5214931227.9502","10841506427571730443","3842179408685066247;10841506427571730443","true;true","false;false","0;0","0;0","0","0","true","4","0,2,4,6","1,1,1,1","0,0,0,0","true","8","2","true"
"3","1","F(S)","repeat","512","8","2","128,128,128,128","repeat","avx2_repeat","0.0083335","33554432","4026451310.97378","10841506427571730443","3842179408685066247;10841506427571730443","true;true","false;false","0;0","0;0","0","0","true","4","0,2,4,6","1,1,1,1","0,0,0,0","true","8","2","true"
"3","2","G(S)","fused","512","8","2","128,128,128,128","fused","avx2_fused","0.005735","33554432","5850816390.58413","10841506427571730443","3842179408685066247;10841506427571730443","true;true","false;false","0;0","0;0","0","0","true","4","0,2,4,6","1,1,1,1","0,0,0,0","true","8","2","true"
"4","1","G(S)","fused","512","8","2","128,128,128,128","fused","avx2_fused","0.0056634","33554432","5924785817.70668","10841506427571730443","3842179408685066247;10841506427571730443","true;true","false;false","0;0","0;0","0","0","true","4","0,2,4,6","1,1,1,1","0,0,0,0","true","8","2","true"
"4","2","F(S)","repeat","512","8","2","128,128,128,128","repeat","avx2_repeat","0.007026","33554432","4775751779.10618","10841506427571730443","3842179408685066247;10841506427571730443","true;true","false;false","0;0","0;0","0","0","true","4","0,2,4,6","1,1,1,1","0,0,0,0","true","8","2","true"
"5","1","F(S)","repeat","512","8","2","128,128,128,128","repeat","avx2_repeat","0.0065354","33554432","5134258346.84947","10841506427571730443","3842179408685066247;10841506427571730443","true;true","false;false","0;0","0;0","0","0","true","4","0,2,4,6","1,1,1,1","0,0,0,0","true","8","2","true"
"5","2","G(S)","fused","512","8","2","128,128,128,128","fused","avx2_fused","0.0185231","33554432","1811491165.08576","10841506427571730443","3842179408685066247;10841506427571730443","true;true","false;false","0;0","0;0","0","0","true","4","0,2,4,6","1,1,1,1","0,0,0,0","true","8","2","true"
"6","1","G(S)","fused","512","8","2","128,128,128,128","fused","avx2_fused","0.0063266","33554432","5303706888.37606","10841506427571730443","3842179408685066247;10841506427571730443","true;true","false;false","0;0","0;0","0","0","true","4","0,2,4,6","1,1,1,1","0,0,0,0","true","8","2","true"
"6","2","F(S)","repeat","512","8","2","128,128,128,128","repeat","avx2_repeat","0.0064494","33554432","5202721493.47226","10841506427571730443","3842179408685066247;10841506427571730443","true;true","false;false","0;0","0;0","0","0","true","4","0,2,4,6","1,1,1,1","0,0,0,0","true","8","2","true"
"7","1","F(S)","repeat","512","8","2","128,128,128,128","repeat","avx2_repeat","0.0059909","33554432","5600900031.71477","10841506427571730443","3842179408685066247;10841506427571730443","true;true","false;false","0;0","0;0","0","0","true","4","0,2,4,6","1,1,1,1","0,0,0,0","true","8","2","true"
"7","2","G(S)","fused","512","8","2","128,128,128,128","fused","avx2_fused","0.0062423","33554432","5375331528.44304","10841506427571730443","3842179408685066247;10841506427571730443","true;true","false;false","0;0","0;0","0","0","true","4","0,2,4,6","1,1,1,1","0,0,0,0","true","8","2","true"
"8","1","G(S)","fused","512","8","2","128,128,128,128","fused","avx2_fused","0.0056843","33554432","5903001600.90073","10841506427571730443","3842179408685066247;10841506427571730443","true;true","false;false","0;0","0;0","0","0","true","4","0,2,4,6","1,1,1,1","0,0,0,0","true","8","2","true"
"8","2","F(S)","repeat","512","8","2","128,128,128,128","repeat","avx2_repeat","0.0063681","33554432","5269143386.56742","10841506427571730443","3842179408685066247;10841506427571730443","true;true","false;false","0;0","0;0","0","0","true","4","0,2,4,6","1,1,1,1","0,0,0,0","true","8","2","true"
"9","1","F(S)","repeat","512","8","2","128,128,128,128","repeat","avx2_repeat","0.0074986","33554432","4474759555.11696","10841506427571730443","3842179408685066247;10841506427571730443","true;true","false;false","0;0","0;0","0","0","true","4","0,2,4,6","1,1,1,1","0,0,0,0","true","8","2","true"
"9","2","G(S)","fused","512","8","2","128,128,128,128","fused","avx2_fused","0.0060731","33554432","5525091304.27623","10841506427571730443","3842179408685066247;10841506427571730443","true;true","false;false","0;0","0;0","0","0","true","4","0,2,4,6","1,1,1,1","0,0,0,0","true","8","2","true"
"10","1","G(S)","fused","512","8","2","128,128,128,128","fused","avx2_fused","0.0060729","33554432","5525273263.18563","10841506427571730443","3842179408685066247;10841506427571730443","true;true","false;false","0;0","0;0","0","0","true","4","0,2,4,6","1,1,1,1","0,0,0,0","true","8","2","true"
"10","2","F(S)","repeat","512","8","2","128,128,128,128","repeat","avx2_repeat","0.0060993","33554432","5501357860.73812","10841506427571730443","3842179408685066247;10841506427571730443","true;true","false;false","0;0","0;0","0","0","true","4","0,2,4,6","1,1,1,1","0,0,0,0","true","8","2","true"
"1","1","F(S)","repeat","512","8","4","128,128,128,128","repeat","avx2_repeat","0.0131045","67108864","5121054904.80369","12407374104176774528","3842179408685066247;10841506427571730443;12687390333172725929;12407374104176774528","true;true;true;true","false;false;false;false","0;0;0;0","0;0;0;0","0","0","true","4","0,2,4,6","1,1,1,1","0,0,0,0","true","8","2","true"
"1","2","G(S)","fused","512","8","4","128,128,128,128","fused","avx2_fused","0.0121026","67108864","5544995620.7757","12407374104176774528","3842179408685066247;10841506427571730443;12687390333172725929;12407374104176774528","true;true;true;true","false;false;false;false","0;0;0;0","0;0;0;0","0","0","true","4","0,2,4,6","1,1,1,1","0,0,0,0","true","8","2","true"
"2","1","G(S)","fused","512","8","4","128,128,128,128","fused","avx2_fused","0.0122965","67108864","5457558166.95808","12407374104176774528","3842179408685066247;10841506427571730443;12687390333172725929;12407374104176774528","true;true;true;true","false;false;false;false","0;0;0;0","0;0;0;0","0","0","true","4","0,2,4,6","1,1,1,1","0,0,0,0","true","8","2","true"
"2","2","F(S)","repeat","512","8","4","128,128,128,128","repeat","avx2_repeat","0.0123749","67108864","5422982327.12992","12407374104176774528","3842179408685066247;10841506427571730443;12687390333172725929;12407374104176774528","true;true;true;true","false;false;false;false","0;0;0;0","0;0;0;0","0","0","true","4","0,2,4,6","1,1,1,1","0,0,0,0","true","8","2","true"
"3","1","F(S)","repeat","512","8","4","128,128,128,128","repeat","avx2_repeat","0.0129641","67108864","5176515454.21587","12407374104176774528","3842179408685066247;10841506427571730443;12687390333172725929;12407374104176774528","true;true;true;true","false;false;false;false","0;0;0;0","0;0;0;0","0","0","true","4","0,2,4,6","1,1,1,1","0,0,0,0","true","8","2","true"
"3","2","G(S)","fused","512","8","4","128,128,128,128","fused","avx2_fused","0.0122404","67108864","5482571157.8053","12407374104176774528","3842179408685066247;10841506427571730443;12687390333172725929;12407374104176774528","true;true;true;true","false;false;false;false","0;0;0;0","0;0;0;0","0","0","true","4","0,2,4,6","1,1,1,1","0,0,0,0","true","8","2","true"
"4","1","G(S)","fused","512","8","4","128,128,128,128","fused","avx2_fused","0.0133425","67108864","5029706876.52239","12407374104176774528","3842179408685066247;10841506427571730443;12687390333172725929;12407374104176774528","true;true;true;true","false;false;false;false","0;0;0;0","0;0;0;0","0","0","true","4","0,2,4,6","1,1,1,1","0,0,0,0","true","8","2","true"
"4","2","F(S)","repeat","512","8","4","128,128,128,128","repeat","avx2_repeat","0.0124652","67108864","5383697333.37612","12407374104176774528","3842179408685066247;10841506427571730443;12687390333172725929;12407374104176774528","true;true;true;true","false;false;false;false","0;0;0;0","0;0;0;0","0","0","true","4","0,2,4,6","1,1,1,1","0,0,0,0","true","8","2","true"
"5","1","F(S)","repeat","512","8","4","128,128,128,128","repeat","avx2_repeat","0.012653","67108864","5303790721.56801","12407374104176774528","3842179408685066247;10841506427571730443;12687390333172725929;12407374104176774528","true;true;true;true","false;false;false;false","0;0;0;0","0;0;0;0","0","0","true","4","0,2,4,6","1,1,1,1","0,0,0,0","true","8","2","true"
"5","2","G(S)","fused","512","8","4","128,128,128,128","fused","avx2_fused","0.0133942","67108864","5010292813.30725","12407374104176774528","3842179408685066247;10841506427571730443;12687390333172725929;12407374104176774528","true;true;true;true","false;false;false;false","0;0;0;0","0;0;0;0","0","0","true","4","0,2,4,6","1,1,1,1","0,0,0,0","true","8","2","true"
"6","1","G(S)","fused","512","8","4","128,128,128,128","fused","avx2_fused","0.0135612","67108864","4948593339.82244","12407374104176774528","3842179408685066247;10841506427571730443;12687390333172725929;12407374104176774528","true;true;true;true","false;false;false;false","0;0;0;0","0;0;0;0","0","0","true","4","0,2,4,6","1,1,1,1","0,0,0,0","true","8","2","true"
"6","2","F(S)","repeat","512","8","4","128,128,128,128","repeat","avx2_repeat","0.0134858","67108864","4976261252.57679","12407374104176774528","3842179408685066247;10841506427571730443;12687390333172725929;12407374104176774528","true;true;true;true","false;false;false;false","0;0;0;0","0;0;0;0","0","0","true","4","0,2,4,6","1,1,1,1","0,0,0,0","true","8","2","true"
"7","1","F(S)","repeat","512","8","4","128,128,128,128","repeat","avx2_repeat","0.01237","67108864","5425130476.96039","12407374104176774528","3842179408685066247;10841506427571730443;12687390333172725929;12407374104176774528","true;true;true;true","false;false;false;false","0;0;0;0","0;0;0;0","0","0","true","4","0,2,4,6","1,1,1,1","0,0,0,0","true","8","2","true"
"7","2","G(S)","fused","512","8","4","128,128,128,128","fused","avx2_fused","0.0131318","67108864","5110408626.38785","12407374104176774528","3842179408685066247;10841506427571730443;12687390333172725929;12407374104176774528","true;true;true;true","false;false;false;false","0;0;0;0","0;0;0;0","0","0","true","4","0,2,4,6","1,1,1,1","0,0,0,0","true","8","2","true"
"8","1","G(S)","fused","512","8","4","128,128,128,128","fused","avx2_fused","0.0128475","67108864","5223495933.06091","12407374104176774528","3842179408685066247;10841506427571730443;12687390333172725929;12407374104176774528","true;true;true;true","false;false;false;false","0;0;0;0","0;0;0;0","0","0","true","4","0,2,4,6","1,1,1,1","0,0,0,0","true","8","2","true"
"8","2","F(S)","repeat","512","8","4","128,128,128,128","repeat","avx2_repeat","0.0127586","67108864","5259892464.69048","12407374104176774528","3842179408685066247;10841506427571730443;12687390333172725929;12407374104176774528","true;true;true;true","false;false;false;false","0;0;0;0","0;0;0;0","0","0","true","4","0,2,4,6","1,1,1,1","0,0,0,0","true","8","2","true"
"9","1","F(S)","repeat","512","8","4","128,128,128,128","repeat","avx2_repeat","0.0174407","67108864","3847830878.34777","12407374104176774528","3842179408685066247;10841506427571730443;12687390333172725929;12407374104176774528","true;true;true;true","false;false;false;false","0;0;0;0","0;0;0;0","0","0","true","4","0,2,4,6","1,1,1,1","0,0,0,0","true","8","2","true"
"9","2","G(S)","fused","512","8","4","128,128,128,128","fused","avx2_fused","0.0133898","67108864","5011939237.32991","12407374104176774528","3842179408685066247;10841506427571730443;12687390333172725929;12407374104176774528","true;true;true;true","false;false;false;false","0;0;0;0","0;0;0;0","0","0","true","4","0,2,4,6","1,1,1,1","0,0,0,0","true","8","2","true"
"10","1","G(S)","fused","512","8","4","128,128,128,128","fused","avx2_fused","0.0126736","67108864","5295169801.7927","12407374104176774528","3842179408685066247;10841506427571730443;12687390333172725929;12407374104176774528","true;true;true;true","false;false;false;false","0;0;0;0","0;0;0;0","0","0","true","4","0,2,4,6","1,1,1,1","0,0,0,0","true","8","2","true"
"10","2","F(S)","repeat","512","8","4","128,128,128,128","repeat","avx2_repeat","0.0122376","67108864","5483825586.71635","12407374104176774528","3842179408685066247;10841506427571730443;12687390333172725929;12407374104176774528","true;true;true;true","false;false;false;false","0;0;0;0","0;0;0;0","0","0","true","4","0,2,4,6","1,1,1,1","0,0,0,0","true","8","2","true"
"1","1","F(S)","repeat","512","8","8","128,128,128,128","repeat","avx2_repeat","0.0421029","134217728","3187849958.0789","15867929085574564979","3842179408685066247;10841506427571730443;12687390333172725929;12407374104176774528;12158528587033673171;9027955000904022494;13691867227417576740;15867929085574564979","true;true;true;true;true;true;true;true","false;false;false;false;false;false;false;false","0;0;0;0;0;0;0;1","0;0;0;0;0;0;0;0.000244140625","8","3.0517578125E-05","true","4","0,2,4,6","1,1,1,1","0,0,0,0","true","8","2","true"
"1","2","G(S)","fused","512","8","8","128,128,128,128","fused","avx2_fused","0.0303504","134217728","4422272128.20918","15867929085574564979","3842179408685066247;10841506427571730443;12687390333172725929;12407374104176774528;12158528587033673171;9027955000904022494;13691867227417576740;15867929085574564979","true;true;true;true;true;true;true;true","false;false;false;false;false;false;false;false","0;0;0;0;0;0;0;1","0;0;0;0;0;0;0;0.000244140625","8","3.0517578125E-05","true","4","0,2,4,6","1,1,1,1","0,0,0,0","true","8","2","true"
"2","1","G(S)","fused","512","8","8","128,128,128,128","fused","avx2_fused","0.0276193","134217728","4859562986.75202","15867929085574564979","3842179408685066247;10841506427571730443;12687390333172725929;12407374104176774528;12158528587033673171;9027955000904022494;13691867227417576740;15867929085574564979","true;true;true;true;true;true;true;true","false;false;false;false;false;false;false;false","0;0;0;0;0;0;0;1","0;0;0;0;0;0;0;0.000244140625","8","3.0517578125E-05","true","4","0,2,4,6","1,1,1,1","0,0,0,0","true","8","2","true"
"2","2","F(S)","repeat","512","8","8","128,128,128,128","repeat","avx2_repeat","0.0253656","134217728","5291328728.6719","15867929085574564979","3842179408685066247;10841506427571730443;12687390333172725929;12407374104176774528;12158528587033673171;9027955000904022494;13691867227417576740;15867929085574564979","true;true;true;true;true;true;true;true","false;false;false;false;false;false;false;false","0;0;0;0;0;0;0;1","0;0;0;0;0;0;0;0.000244140625","8","3.0517578125E-05","true","4","0,2,4,6","1,1,1,1","0,0,0,0","true","8","2","true"
"3","1","F(S)","repeat","512","8","8","128,128,128,128","repeat","avx2_repeat","0.0258161","134217728","5198993186.42243","15867929085574564979","3842179408685066247;10841506427571730443;12687390333172725929;12407374104176774528;12158528587033673171;9027955000904022494;13691867227417576740;15867929085574564979","true;true;true;true;true;true;true;true","false;false;false;false;false;false;false;false","0;0;0;0;0;0;0;1","0;0;0;0;0;0;0;0.000244140625","8","3.0517578125E-05","true","4","0,2,4,6","1,1,1,1","0,0,0,0","true","8","2","true"
"3","2","G(S)","fused","512","8","8","128,128,128,128","fused","avx2_fused","0.0269717","134217728","4976242802.64129","15867929085574564979","3842179408685066247;10841506427571730443;12687390333172725929;12407374104176774528;12158528587033673171;9027955000904022494;13691867227417576740;15867929085574564979","true;true;true;true;true;true;true;true","false;false;false;false;false;false;false;false","0;0;0;0;0;0;0;1","0;0;0;0;0;0;0;0.000244140625","8","3.0517578125E-05","true","4","0,2,4,6","1,1,1,1","0,0,0,0","true","8","2","true"
"4","1","G(S)","fused","512","8","8","128,128,128,128","fused","avx2_fused","0.0270184","134217728","4967641607.20102","15867929085574564979","3842179408685066247;10841506427571730443;12687390333172725929;12407374104176774528;12158528587033673171;9027955000904022494;13691867227417576740;15867929085574564979","true;true;true;true;true;true;true;true","false;false;false;false;false;false;false;false","0;0;0;0;0;0;0;1","0;0;0;0;0;0;0;0.000244140625","8","3.0517578125E-05","true","4","0,2,4,6","1,1,1,1","0,0,0,0","true","8","2","true"
"4","2","F(S)","repeat","512","8","8","128,128,128,128","repeat","avx2_repeat","0.0297384","134217728","4513280068.86719","15867929085574564979","3842179408685066247;10841506427571730443;12687390333172725929;12407374104176774528;12158528587033673171;9027955000904022494;13691867227417576740;15867929085574564979","true;true;true;true;true;true;true;true","false;false;false;false;false;false;false;false","0;0;0;0;0;0;0;1","0;0;0;0;0;0;0;0.000244140625","8","3.0517578125E-05","true","4","0,2,4,6","1,1,1,1","0,0,0,0","true","8","2","true"
"5","1","F(S)","repeat","512","8","8","128,128,128,128","repeat","avx2_repeat","0.0276267","134217728","4858261319.6654","15867929085574564979","3842179408685066247;10841506427571730443;12687390333172725929;12407374104176774528;12158528587033673171;9027955000904022494;13691867227417576740;15867929085574564979","true;true;true;true;true;true;true;true","false;false;false;false;false;false;false;false","0;0;0;0;0;0;0;1","0;0;0;0;0;0;0;0.000244140625","8","3.0517578125E-05","true","4","0,2,4,6","1,1,1,1","0,0,0,0","true","8","2","true"
"5","2","G(S)","fused","512","8","8","128,128,128,128","fused","avx2_fused","0.0499899","134217728","2684896909.17565","15867929085574564979","3842179408685066247;10841506427571730443;12687390333172725929;12407374104176774528;12158528587033673171;9027955000904022494;13691867227417576740;15867929085574564979","true;true;true;true;true;true;true;true","false;false;false;false;false;false;false;false","0;0;0;0;0;0;0;1","0;0;0;0;0;0;0;0.000244140625","8","3.0517578125E-05","true","4","0,2,4,6","1,1,1,1","0,0,0,0","true","8","2","true"
"6","1","G(S)","fused","512","8","8","128,128,128,128","fused","avx2_fused","0.0779895","134217728","1720971771.84108","15867929085574564979","3842179408685066247;10841506427571730443;12687390333172725929;12407374104176774528;12158528587033673171;9027955000904022494;13691867227417576740;15867929085574564979","true;true;true;true;true;true;true;true","false;false;false;false;false;false;false;false","0;0;0;0;0;0;0;1","0;0;0;0;0;0;0;0.000244140625","8","3.0517578125E-05","true","4","0,2,4,6","1,1,1,1","0,0,0,0","true","8","2","true"
"6","2","F(S)","repeat","512","8","8","128,128,128,128","repeat","avx2_repeat","0.0254537","134217728","5273014453.69436","15867929085574564979","3842179408685066247;10841506427571730443;12687390333172725929;12407374104176774528;12158528587033673171;9027955000904022494;13691867227417576740;15867929085574564979","true;true;true;true;true;true;true;true","false;false;false;false;false;false;false;false","0;0;0;0;0;0;0;1","0;0;0;0;0;0;0;0.000244140625","8","3.0517578125E-05","true","4","0,2,4,6","1,1,1,1","0,0,0,0","true","8","2","true"
"7","1","F(S)","repeat","512","8","8","128,128,128,128","repeat","avx2_repeat","0.0863445","134217728","1554444440.58394","15867929085574564979","3842179408685066247;10841506427571730443;12687390333172725929;12407374104176774528;12158528587033673171;9027955000904022494;13691867227417576740;15867929085574564979","true;true;true;true;true;true;true;true","false;false;false;false;false;false;false;false","0;0;0;0;0;0;0;1","0;0;0;0;0;0;0;0.000244140625","8","3.0517578125E-05","true","4","0,2,4,6","1,1,1,1","0,0,0,0","true","8","2","true"
"7","2","G(S)","fused","512","8","8","128,128,128,128","fused","avx2_fused","0.0252543","134217728","5314648515.30234","15867929085574564979","3842179408685066247;10841506427571730443;12687390333172725929;12407374104176774528;12158528587033673171;9027955000904022494;13691867227417576740;15867929085574564979","true;true;true;true;true;true;true;true","false;false;false;false;false;false;false;false","0;0;0;0;0;0;0;1","0;0;0;0;0;0;0;0.000244140625","8","3.0517578125E-05","true","4","0,2,4,6","1,1,1,1","0,0,0,0","true","8","2","true"
"8","1","G(S)","fused","512","8","8","128,128,128,128","fused","avx2_fused","0.0506022","134217728","2652408946.64659","15867929085574564979","3842179408685066247;10841506427571730443;12687390333172725929;12407374104176774528;12158528587033673171;9027955000904022494;13691867227417576740;15867929085574564979","true;true;true;true;true;true;true;true","false;false;false;false;false;false;false;false","0;0;0;0;0;0;0;1","0;0;0;0;0;0;0;0.000244140625","8","3.0517578125E-05","true","4","0,2,4,6","1,1,1,1","0,0,0,0","true","8","2","true"
"8","2","F(S)","repeat","512","8","8","128,128,128,128","repeat","avx2_repeat","0.0527245","134217728","2545642500.16596","15867929085574564979","3842179408685066247;10841506427571730443;12687390333172725929;12407374104176774528;12158528587033673171;9027955000904022494;13691867227417576740;15867929085574564979","true;true;true;true;true;true;true;true","false;false;false;false;false;false;false;false","0;0;0;0;0;0;0;1","0;0;0;0;0;0;0;0.000244140625","8","3.0517578125E-05","true","4","0,2,4,6","1,1,1,1","0,0,0,0","true","8","2","true"
"9","1","F(S)","repeat","512","8","8","128,128,128,128","repeat","avx2_repeat","0.0485046","134217728","2767113387.1839","15867929085574564979","3842179408685066247;10841506427571730443;12687390333172725929;12407374104176774528;12158528587033673171;9027955000904022494;13691867227417576740;15867929085574564979","true;true;true;true;true;true;true;true","false;false;false;false;false;false;false;false","0;0;0;0;0;0;0;1","0;0;0;0;0;0;0;0.000244140625","8","3.0517578125E-05","true","4","0,2,4,6","1,1,1,1","0,0,0,0","true","8","2","true"
"9","2","G(S)","fused","512","8","8","128,128,128,128","fused","avx2_fused","0.0479211","134217728","2800806492.33845","15867929085574564979","3842179408685066247;10841506427571730443;12687390333172725929;12407374104176774528;12158528587033673171;9027955000904022494;13691867227417576740;15867929085574564979","true;true;true;true;true;true;true;true","false;false;false;false;false;false;false;false","0;0;0;0;0;0;0;1","0;0;0;0;0;0;0;0.000244140625","8","3.0517578125E-05","true","4","0,2,4,6","1,1,1,1","0,0,0,0","true","8","2","true"
"10","1","G(S)","fused","512","8","8","128,128,128,128","fused","avx2_fused","0.0578543","134217728","2319926574.16994","15867929085574564979","3842179408685066247;10841506427571730443;12687390333172725929;12407374104176774528;12158528587033673171;9027955000904022494;13691867227417576740;15867929085574564979","true;true;true;true;true;true;true;true","false;false;false;false;false;false;false;false","0;0;0;0;0;0;0;1","0;0;0;0;0;0;0;0.000244140625","8","3.0517578125E-05","true","4","0,2,4,6","1,1,1,1","0,0,0,0","true","8","2","true"
"10","2","F(S)","repeat","512","8","8","128,128,128,128","repeat","avx2_repeat","0.0244952","134217728","5479348117.18214","15867929085574564979","3842179408685066247;10841506427571730443;12687390333172725929;12407374104176774528;12158528587033673171;9027955000904022494;13691867227417576740;15867929085574564979","true;true;true;true;true;true;true;true","false;false;false;false;false;false;false;false","0;0;0;0;0;0;0;1","0;0;0;0;0;0;0;0.000244140625","8","3.0517578125E-05","true","4","0,2,4,6","1,1,1,1","0,0,0,0","true","8","2","true"
"1","1","F(S)","repeat","512","8","16","128,128,128,128","repeat","avx2_repeat","0.0975539","268435456","2751662988.35823","1082386642973797661","3842179408685066247;10841506427571730443;12687390333172725929;12407374104176774528;12158528587033673171;9027955000904022494;13691867227417576740;15867929085574564979;1050278693165706475;5314753175995905630;2983025510089583808;9336397203305937811;7125740364763910105;10632135961391979157;4468474695521717838;1082386642973797661","true;true;true;true;true;true;true;true;true;true;true;true;true;true;true;true","false;false;false;false;false;false;false;false;false;false;false;false;false;false;false;false","0;0;0;0;0;0;0;1;1;1;1;0;0;0;0;1","0;0;0;0;0;0;0;0.000244140625;0.000244140625;0.000244140625;0.000244140625;0;0;0;0;0.000244140625","40","7.62939453125E-05","true","4","0,2,4,6","1,1,1,1","0,0,0,0","true","8","2","true"
"1","2","G(S)","fused","512","8","16","128,128,128,128","fused","avx2_fused","0.0885935","268435456","3029967841.88456","1082386642973797661","3842179408685066247;10841506427571730443;12687390333172725929;12407374104176774528;12158528587033673171;9027955000904022494;13691867227417576740;15867929085574564979;1050278693165706475;5314753175995905630;2983025510089583808;9336397203305937811;7125740364763910105;10632135961391979157;4468474695521717838;1082386642973797661","true;true;true;true;true;true;true;true;true;true;true;true;true;true;true;true","false;false;false;false;false;false;false;false;false;false;false;false;false;false;false;false","0;0;0;0;0;0;0;1;1;1;1;0;0;0;0;1","0;0;0;0;0;0;0;0.000244140625;0.000244140625;0.000244140625;0.000244140625;0;0;0;0;0.000244140625","40","7.62939453125E-05","true","4","0,2,4,6","1,1,1,1","0,0,0,0","true","8","2","true"
"2","1","G(S)","fused","512","8","16","128,128,128,128","fused","avx2_fused","0.1266962","268435456","2118733284.81833","1082386642973797661","3842179408685066247;10841506427571730443;12687390333172725929;12407374104176774528;12158528587033673171;9027955000904022494;13691867227417576740;15867929085574564979;1050278693165706475;5314753175995905630;2983025510089583808;9336397203305937811;7125740364763910105;10632135961391979157;4468474695521717838;1082386642973797661","true;true;true;true;true;true;true;true;true;true;true;true;true;true;true;true","false;false;false;false;false;false;false;false;false;false;false;false;false;false;false;false","0;0;0;0;0;0;0;1;1;1;1;0;0;0;0;1","0;0;0;0;0;0;0;0.000244140625;0.000244140625;0.000244140625;0.000244140625;0;0;0;0;0.000244140625","40","7.62939453125E-05","true","4","0,2,4,6","1,1,1,1","0,0,0,0","true","8","2","true"
"2","2","F(S)","repeat","512","8","16","128,128,128,128","repeat","avx2_repeat","0.0732266","268435456","3665818923.72444","1082386642973797661","3842179408685066247;10841506427571730443;12687390333172725929;12407374104176774528;12158528587033673171;9027955000904022494;13691867227417576740;15867929085574564979;1050278693165706475;5314753175995905630;2983025510089583808;9336397203305937811;7125740364763910105;10632135961391979157;4468474695521717838;1082386642973797661","true;true;true;true;true;true;true;true;true;true;true;true;true;true;true;true","false;false;false;false;false;false;false;false;false;false;false;false;false;false;false;false","0;0;0;0;0;0;0;1;1;1;1;0;0;0;0;1","0;0;0;0;0;0;0;0.000244140625;0.000244140625;0.000244140625;0.000244140625;0;0;0;0;0.000244140625","40","7.62939453125E-05","true","4","0,2,4,6","1,1,1,1","0,0,0,0","true","8","2","true"
"3","1","F(S)","repeat","512","8","16","128,128,128,128","repeat","avx2_repeat","0.054601","268435456","4916310250.72801","1082386642973797661","3842179408685066247;10841506427571730443;12687390333172725929;12407374104176774528;12158528587033673171;9027955000904022494;13691867227417576740;15867929085574564979;1050278693165706475;5314753175995905630;2983025510089583808;9336397203305937811;7125740364763910105;10632135961391979157;4468474695521717838;1082386642973797661","true;true;true;true;true;true;true;true;true;true;true;true;true;true;true;true","false;false;false;false;false;false;false;false;false;false;false;false;false;false;false;false","0;0;0;0;0;0;0;1;1;1;1;0;0;0;0;1","0;0;0;0;0;0;0;0.000244140625;0.000244140625;0.000244140625;0.000244140625;0;0;0;0;0.000244140625","40","7.62939453125E-05","true","4","0,2,4,6","1,1,1,1","0,0,0,0","true","8","2","true"
"3","2","G(S)","fused","512","8","16","128,128,128,128","fused","avx2_fused","0.0952826","268435456","2817255784.37196","1082386642973797661","3842179408685066247;10841506427571730443;12687390333172725929;12407374104176774528;12158528587033673171;9027955000904022494;13691867227417576740;15867929085574564979;1050278693165706475;5314753175995905630;2983025510089583808;9336397203305937811;7125740364763910105;10632135961391979157;4468474695521717838;1082386642973797661","true;true;true;true;true;true;true;true;true;true;true;true;true;true;true;true","false;false;false;false;false;false;false;false;false;false;false;false;false;false;false;false","0;0;0;0;0;0;0;1;1;1;1;0;0;0;0;1","0;0;0;0;0;0;0;0.000244140625;0.000244140625;0.000244140625;0.000244140625;0;0;0;0;0.000244140625","40","7.62939453125E-05","true","4","0,2,4,6","1,1,1,1","0,0,0,0","true","8","2","true"
"4","1","G(S)","fused","512","8","16","128,128,128,128","fused","avx2_fused","0.1003567","268435456","2674813500.24463","1082386642973797661","3842179408685066247;10841506427571730443;12687390333172725929;12407374104176774528;12158528587033673171;9027955000904022494;13691867227417576740;15867929085574564979;1050278693165706475;5314753175995905630;2983025510089583808;9336397203305937811;7125740364763910105;10632135961391979157;4468474695521717838;1082386642973797661","true;true;true;true;true;true;true;true;true;true;true;true;true;true;true;true","false;false;false;false;false;false;false;false;false;false;false;false;false;false;false;false","0;0;0;0;0;0;0;1;1;1;1;0;0;0;0;1","0;0;0;0;0;0;0;0.000244140625;0.000244140625;0.000244140625;0.000244140625;0;0;0;0;0.000244140625","40","7.62939453125E-05","true","4","0,2,4,6","1,1,1,1","0,0,0,0","true","8","2","true"
"4","2","F(S)","repeat","512","8","16","128,128,128,128","repeat","avx2_repeat","0.1058515","268435456","2535962702.46525","1082386642973797661","3842179408685066247;10841506427571730443;12687390333172725929;12407374104176774528;12158528587033673171;9027955000904022494;13691867227417576740;15867929085574564979;1050278693165706475;5314753175995905630;2983025510089583808;9336397203305937811;7125740364763910105;10632135961391979157;4468474695521717838;1082386642973797661","true;true;true;true;true;true;true;true;true;true;true;true;true;true;true;true","false;false;false;false;false;false;false;false;false;false;false;false;false;false;false;false","0;0;0;0;0;0;0;1;1;1;1;0;0;0;0;1","0;0;0;0;0;0;0;0.000244140625;0.000244140625;0.000244140625;0.000244140625;0;0;0;0;0.000244140625","40","7.62939453125E-05","true","4","0,2,4,6","1,1,1,1","0,0,0,0","true","8","2","true"
"5","1","F(S)","repeat","512","8","16","128,128,128,128","repeat","avx2_repeat","0.1417304","268435456","1893986441.86427","1082386642973797661","3842179408685066247;10841506427571730443;12687390333172725929;12407374104176774528;12158528587033673171;9027955000904022494;13691867227417576740;15867929085574564979;1050278693165706475;5314753175995905630;2983025510089583808;9336397203305937811;7125740364763910105;10632135961391979157;4468474695521717838;1082386642973797661","true;true;true;true;true;true;true;true;true;true;true;true;true;true;true;true","false;false;false;false;false;false;false;false;false;false;false;false;false;false;false;false","0;0;0;0;0;0;0;1;1;1;1;0;0;0;0;1","0;0;0;0;0;0;0;0.000244140625;0.000244140625;0.000244140625;0.000244140625;0;0;0;0;0.000244140625","40","7.62939453125E-05","true","4","0,2,4,6","1,1,1,1","0,0,0,0","true","8","2","true"
"5","2","G(S)","fused","512","8","16","128,128,128,128","fused","avx2_fused","0.0876288","268435456","3063324569.09144","1082386642973797661","3842179408685066247;10841506427571730443;12687390333172725929;12407374104176774528;12158528587033673171;9027955000904022494;13691867227417576740;15867929085574564979;1050278693165706475;5314753175995905630;2983025510089583808;9336397203305937811;7125740364763910105;10632135961391979157;4468474695521717838;1082386642973797661","true;true;true;true;true;true;true;true;true;true;true;true;true;true;true;true","false;false;false;false;false;false;false;false;false;false;false;false;false;false;false;false","0;0;0;0;0;0;0;1;1;1;1;0;0;0;0;1","0;0;0;0;0;0;0;0.000244140625;0.000244140625;0.000244140625;0.000244140625;0;0;0;0;0.000244140625","40","7.62939453125E-05","true","4","0,2,4,6","1,1,1,1","0,0,0,0","true","8","2","true"
"6","1","G(S)","fused","512","8","16","128,128,128,128","fused","avx2_fused","0.1193567","268435456","2249018748.00493","1082386642973797661","3842179408685066247;10841506427571730443;12687390333172725929;12407374104176774528;12158528587033673171;9027955000904022494;13691867227417576740;15867929085574564979;1050278693165706475;5314753175995905630;2983025510089583808;9336397203305937811;7125740364763910105;10632135961391979157;4468474695521717838;1082386642973797661","true;true;true;true;true;true;true;true;true;true;true;true;true;true;true;true","false;false;false;false;false;false;false;false;false;false;false;false;false;false;false;false","0;0;0;0;0;0;0;1;1;1;1;0;0;0;0;1","0;0;0;0;0;0;0;0.000244140625;0.000244140625;0.000244140625;0.000244140625;0;0;0;0;0.000244140625","40","7.62939453125E-05","true","4","0,2,4,6","1,1,1,1","0,0,0,0","true","8","2","true"
"6","2","F(S)","repeat","512","8","16","128,128,128,128","repeat","avx2_repeat","0.1404684","268435456","1911002446.10176","1082386642973797661","3842179408685066247;10841506427571730443;12687390333172725929;12407374104176774528;12158528587033673171;9027955000904022494;13691867227417576740;15867929085574564979;1050278693165706475;5314753175995905630;2983025510089583808;9336397203305937811;7125740364763910105;10632135961391979157;4468474695521717838;1082386642973797661","true;true;true;true;true;true;true;true;true;true;true;true;true;true;true;true","false;false;false;false;false;false;false;false;false;false;false;false;false;false;false;false","0;0;0;0;0;0;0;1;1;1;1;0;0;0;0;1","0;0;0;0;0;0;0;0.000244140625;0.000244140625;0.000244140625;0.000244140625;0;0;0;0;0.000244140625","40","7.62939453125E-05","true","4","0,2,4,6","1,1,1,1","0,0,0,0","true","8","2","true"
"7","1","F(S)","repeat","512","8","16","128,128,128,128","repeat","avx2_repeat","0.0699909","268435456","3835290816.37756","1082386642973797661","3842179408685066247;10841506427571730443;12687390333172725929;12407374104176774528;12158528587033673171;9027955000904022494;13691867227417576740;15867929085574564979;1050278693165706475;5314753175995905630;2983025510089583808;9336397203305937811;7125740364763910105;10632135961391979157;4468474695521717838;1082386642973797661","true;true;true;true;true;true;true;true;true;true;true;true;true;true;true;true","false;false;false;false;false;false;false;false;false;false;false;false;false;false;false;false","0;0;0;0;0;0;0;1;1;1;1;0;0;0;0;1","0;0;0;0;0;0;0;0.000244140625;0.000244140625;0.000244140625;0.000244140625;0;0;0;0;0.000244140625","40","7.62939453125E-05","true","4","0,2,4,6","1,1,1,1","0,0,0,0","true","8","2","true"
"7","2","G(S)","fused","512","8","16","128,128,128,128","fused","avx2_fused","0.1124465","268435456","2387228201.85599","1082386642973797661","3842179408685066247;10841506427571730443;12687390333172725929;12407374104176774528;12158528587033673171;9027955000904022494;13691867227417576740;15867929085574564979;1050278693165706475;5314753175995905630;2983025510089583808;9336397203305937811;7125740364763910105;10632135961391979157;4468474695521717838;1082386642973797661","true;true;true;true;true;true;true;true;true;true;true;true;true;true;true;true","false;false;false;false;false;false;false;false;false;false;false;false;false;false;false;false","0;0;0;0;0;0;0;1;1;1;1;0;0;0;0;1","0;0;0;0;0;0;0;0.000244140625;0.000244140625;0.000244140625;0.000244140625;0;0;0;0;0.000244140625","40","7.62939453125E-05","true","4","0,2,4,6","1,1,1,1","0,0,0,0","true","8","2","true"
"8","1","G(S)","fused","512","8","16","128,128,128,128","fused","avx2_fused","0.0999727","268435456","2685087588.91177","1082386642973797661","3842179408685066247;10841506427571730443;12687390333172725929;12407374104176774528;12158528587033673171;9027955000904022494;13691867227417576740;15867929085574564979;1050278693165706475;5314753175995905630;2983025510089583808;9336397203305937811;7125740364763910105;10632135961391979157;4468474695521717838;1082386642973797661","true;true;true;true;true;true;true;true;true;true;true;true;true;true;true;true","false;false;false;false;false;false;false;false;false;false;false;false;false;false;false;false","0;0;0;0;0;0;0;1;1;1;1;0;0;0;0;1","0;0;0;0;0;0;0;0.000244140625;0.000244140625;0.000244140625;0.000244140625;0;0;0;0;0.000244140625","40","7.62939453125E-05","true","4","0,2,4,6","1,1,1,1","0,0,0,0","true","8","2","true"
"8","2","F(S)","repeat","512","8","16","128,128,128,128","repeat","avx2_repeat","0.0967817","268435456","2773617905.03783","1082386642973797661","3842179408685066247;10841506427571730443;12687390333172725929;12407374104176774528;12158528587033673171;9027955000904022494;13691867227417576740;15867929085574564979;1050278693165706475;5314753175995905630;2983025510089583808;9336397203305937811;7125740364763910105;10632135961391979157;4468474695521717838;1082386642973797661","true;true;true;true;true;true;true;true;true;true;true;true;true;true;true;true","false;false;false;false;false;false;false;false;false;false;false;false;false;false;false;false","0;0;0;0;0;0;0;1;1;1;1;0;0;0;0;1","0;0;0;0;0;0;0;0.000244140625;0.000244140625;0.000244140625;0.000244140625;0;0;0;0;0.000244140625","40","7.62939453125E-05","true","4","0,2,4,6","1,1,1,1","0,0,0,0","true","8","2","true"
"9","1","F(S)","repeat","512","8","16","128,128,128,128","repeat","avx2_repeat","0.1385052","268435456","1938089371.37378","1082386642973797661","3842179408685066247;10841506427571730443;12687390333172725929;12407374104176774528;12158528587033673171;9027955000904022494;13691867227417576740;15867929085574564979;1050278693165706475;5314753175995905630;2983025510089583808;9336397203305937811;7125740364763910105;10632135961391979157;4468474695521717838;1082386642973797661","true;true;true;true;true;true;true;true;true;true;true;true;true;true;true;true","false;false;false;false;false;false;false;false;false;false;false;false;false;false;false;false","0;0;0;0;0;0;0;1;1;1;1;0;0;0;0;1","0;0;0;0;0;0;0;0.000244140625;0.000244140625;0.000244140625;0.000244140625;0;0;0;0;0.000244140625","40","7.62939453125E-05","true","4","0,2,4,6","1,1,1,1","0,0,0,0","true","8","2","true"
"9","2","G(S)","fused","512","8","16","128,128,128,128","fused","avx2_fused","0.0728133","268435456","3686626701.44053","1082386642973797661","3842179408685066247;10841506427571730443;12687390333172725929;12407374104176774528;12158528587033673171;9027955000904022494;13691867227417576740;15867929085574564979;1050278693165706475;5314753175995905630;2983025510089583808;9336397203305937811;7125740364763910105;10632135961391979157;4468474695521717838;1082386642973797661","true;true;true;true;true;true;true;true;true;true;true;true;true;true;true;true","false;false;false;false;false;false;false;false;false;false;false;false;false;false;false;false","0;0;0;0;0;0;0;1;1;1;1;0;0;0;0;1","0;0;0;0;0;0;0;0.000244140625;0.000244140625;0.000244140625;0.000244140625;0;0;0;0;0.000244140625","40","7.62939453125E-05","true","4","0,2,4,6","1,1,1,1","0,0,0,0","true","8","2","true"
"10","1","G(S)","fused","512","8","16","128,128,128,128","fused","avx2_fused","0.1540388","268435456","1742648319.77398","1082386642973797661","3842179408685066247;10841506427571730443;12687390333172725929;12407374104176774528;12158528587033673171;9027955000904022494;13691867227417576740;15867929085574564979;1050278693165706475;5314753175995905630;2983025510089583808;9336397203305937811;7125740364763910105;10632135961391979157;4468474695521717838;1082386642973797661","true;true;true;true;true;true;true;true;true;true;true;true;true;true;true;true","false;false;false;false;false;false;false;false;false;false;false;false;false;false;false;false","0;0;0;0;0;0;0;1;1;1;1;0;0;0;0;1","0;0;0;0;0;0;0;0.000244140625;0.000244140625;0.000244140625;0.000244140625;0;0;0;0;0.000244140625","40","7.62939453125E-05","true","4","0,2,4,6","1,1,1,1","0,0,0,0","true","8","2","true"
"10","2","F(S)","repeat","512","8","16","128,128,128,128","repeat","avx2_repeat","0.0804922","268435456","3334925073.48538","1082386642973797661","3842179408685066247;10841506427571730443;12687390333172725929;12407374104176774528;12158528587033673171;9027955000904022494;13691867227417576740;15867929085574564979;1050278693165706475;5314753175995905630;2983025510089583808;9336397203305937811;7125740364763910105;10632135961391979157;4468474695521717838;1082386642973797661","true;true;true;true;true;true;true;true;true;true;true;true;true;true;true;true","false;false;false;false;false;false;false;false;false;false;false;false;false;false;false;false","0;0;0;0;0;0;0;1;1;1;1;0;0;0;0;1","0;0;0;0;0;0;0;0.000244140625;0.000244140625;0.000244140625;0.000244140625;0;0;0;0;0.000244140625","40","7.62939453125E-05","true","4","0,2,4,6","1,1,1,1","0,0,0,0","true","8","2","true"
"1","1","F(S)","repeat","512","16","1","128,128,128,128","repeat","avx2_repeat","0.0056541","33554432","5934531048.26586","3144505421455985126","3144505421455985126","true","false","0","0","0","0","true","4","0,2,4,6","1,1,1,1","0,0,0,0","true","8","2","true"
"1","2","G(S)","fused","512","16","1","128,128,128,128","fused","avx2_fused","0.005571","33554432","6023053670.79519","3144505421455985126","3144505421455985126","true","false","0","0","0","0","true","4","0,2,4,6","1,1,1,1","0,0,0,0","true","8","2","true"
"2","1","G(S)","fused","512","16","1","128,128,128,128","fused","avx2_fused","0.0060938","33554432","5506323148.11776","3144505421455985126","3144505421455985126","true","false","0","0","0","0","true","4","0,2,4,6","1,1,1,1","0,0,0,0","true","8","2","true"
"2","2","F(S)","repeat","512","16","1","128,128,128,128","repeat","avx2_repeat","0.0065868","33554432","5094193234.95476","3144505421455985126","3144505421455985126","true","false","0","0","0","0","true","4","0,2,4,6","1,1,1,1","0,0,0,0","true","8","2","true"
"3","1","F(S)","repeat","512","16","1","128,128,128,128","repeat","avx2_repeat","0.0272442","33554432","1231617445.18099","3144505421455985126","3144505421455985126","true","false","0","0","0","0","true","4","0,2,4,6","1,1,1,1","0,0,0,0","true","8","2","true"
"3","2","G(S)","fused","512","16","1","128,128,128,128","fused","avx2_fused","0.0058894","33554432","5697427921.35022","3144505421455985126","3144505421455985126","true","false","0","0","0","0","true","4","0,2,4,6","1,1,1,1","0,0,0,0","true","8","2","true"
"4","1","G(S)","fused","512","16","1","128,128,128,128","fused","avx2_fused","0.0081133","33554432","4135731699.80156","3144505421455985126","3144505421455985126","true","false","0","0","0","0","true","4","0,2,4,6","1,1,1,1","0,0,0,0","true","8","2","true"
"4","2","F(S)","repeat","512","16","1","128,128,128,128","repeat","avx2_repeat","0.0058424","33554432","5743261673.28495","3144505421455985126","3144505421455985126","true","false","0","0","0","0","true","4","0,2,4,6","1,1,1,1","0,0,0,0","true","8","2","true"
"5","1","F(S)","repeat","512","16","1","128,128,128,128","repeat","avx2_repeat","0.0060457","33554432","5550131829.234","3144505421455985126","3144505421455985126","true","false","0","0","0","0","true","4","0,2,4,6","1,1,1,1","0,0,0,0","true","8","2","true"
"5","2","G(S)","fused","512","16","1","128,128,128,128","fused","avx2_fused","0.0053517","33554432","6269864155.31513","3144505421455985126","3144505421455985126","true","false","0","0","0","0","true","4","0,2,4,6","1,1,1,1","0,0,0,0","true","8","2","true"
"6","1","G(S)","fused","512","16","1","128,128,128,128","fused","avx2_fused","0.0054308","33554432","6178543124.40156","3144505421455985126","3144505421455985126","true","false","0","0","0","0","true","4","0,2,4,6","1,1,1,1","0,0,0,0","true","8","2","true"
"6","2","F(S)","repeat","512","16","1","128,128,128,128","repeat","avx2_repeat","0.0056472","33554432","5941782122.11361","3144505421455985126","3144505421455985126","true","false","0","0","0","0","true","4","0,2,4,6","1,1,1,1","0,0,0,0","true","8","2","true"
"7","1","F(S)","repeat","512","16","1","128,128,128,128","repeat","avx2_repeat","0.0061074","33554432","5494061630.15358","3144505421455985126","3144505421455985126","true","false","0","0","0","0","true","4","0,2,4,6","1,1,1,1","0,0,0,0","true","8","2","true"
"7","2","G(S)","fused","512","16","1","128,128,128,128","fused","avx2_fused","0.0061259","33554432","5477469759.54554","3144505421455985126","3144505421455985126","true","false","0","0","0","0","true","4","0,2,4,6","1,1,1,1","0,0,0,0","true","8","2","true"
"8","1","G(S)","fused","512","16","1","128,128,128,128","fused","avx2_fused","0.006125","33554432","5478274612.2449","3144505421455985126","3144505421455985126","true","false","0","0","0","0","true","4","0,2,4,6","1,1,1,1","0,0,0,0","true","8","2","true"
"8","2","F(S)","repeat","512","16","1","128,128,128,128","repeat","avx2_repeat","0.0060302","33554432","5564397864.08411","3144505421455985126","3144505421455985126","true","false","0","0","0","0","true","4","0,2,4,6","1,1,1,1","0,0,0,0","true","8","2","true"
"9","1","F(S)","repeat","512","16","1","128,128,128,128","repeat","avx2_repeat","0.0056188","33554432","5971814622.33929","3144505421455985126","3144505421455985126","true","false","0","0","0","0","true","4","0,2,4,6","1,1,1,1","0,0,0,0","true","8","2","true"
"9","2","G(S)","fused","512","16","1","128,128,128,128","fused","avx2_fused","0.0079415","33554432","4225200780.70893","3144505421455985126","3144505421455985126","true","false","0","0","0","0","true","4","0,2,4,6","1,1,1,1","0,0,0,0","true","8","2","true"
"10","1","G(S)","fused","512","16","1","128,128,128,128","fused","avx2_fused","0.0054167","33554432","6194626248.45386","3144505421455985126","3144505421455985126","true","false","0","0","0","0","true","4","0,2,4,6","1,1,1,1","0,0,0,0","true","8","2","true"
"10","2","F(S)","repeat","512","16","1","128,128,128,128","repeat","avx2_repeat","0.0218327","33554432","1536888795.2475","3144505421455985126","3144505421455985126","true","false","0","0","0","0","true","4","0,2,4,6","1,1,1,1","0,0,0,0","true","8","2","true"
"1","1","F(S)","repeat","512","16","2","128,128,128,128","repeat","avx2_repeat","0.051539","67108864","1302098682.55108","11696465265078938627","3144505421455985126;11696465265078938627","true;true","false;false","0;0","0;0","0","0","true","4","0,2,4,6","1,1,1,1","0,0,0,0","true","8","2","true"
"1","2","G(S)","fused","512","16","2","128,128,128,128","fused","avx2_fused","0.0114539","67108864","5859040501.48857","11696465265078938627","3144505421455985126;11696465265078938627","true;true","false;false","0;0","0;0","0","0","true","4","0,2,4,6","1,1,1,1","0,0,0,0","true","8","2","true"
"2","1","G(S)","fused","512","16","2","128,128,128,128","fused","avx2_fused","0.0114235","67108864","5874632468.15774","11696465265078938627","3144505421455985126;11696465265078938627","true;true","false;false","0;0","0;0","0","0","true","4","0,2,4,6","1,1,1,1","0,0,0,0","true","8","2","true"
"2","2","F(S)","repeat","512","16","2","128,128,128,128","repeat","avx2_repeat","0.0123915","67108864","5415717548.31941","11696465265078938627","3144505421455985126;11696465265078938627","true;true","false;false","0;0","0;0","0","0","true","4","0,2,4,6","1,1,1,1","0,0,0,0","true","8","2","true"
"3","1","F(S)","repeat","512","16","2","128,128,128,128","repeat","avx2_repeat","0.0118361","67108864","5669845979.67236","11696465265078938627","3144505421455985126;11696465265078938627","true;true","false;false","0;0","0;0","0","0","true","4","0,2,4,6","1,1,1,1","0,0,0,0","true","8","2","true"
"3","2","G(S)","fused","512","16","2","128,128,128,128","fused","avx2_fused","0.0374446","67108864","1792217409.18584","11696465265078938627","3144505421455985126;11696465265078938627","true;true","false;false","0;0","0;0","0","0","true","4","0,2,4,6","1,1,1,1","0,0,0,0","true","8","2","true"
"4","1","G(S)","fused","512","16","2","128,128,128,128","fused","avx2_fused","0.0126864","67108864","5289827216.54685","11696465265078938627","3144505421455985126;11696465265078938627","true;true","false;false","0;0","0;0","0","0","true","4","0,2,4,6","1,1,1,1","0,0,0,0","true","8","2","true"
"4","2","F(S)","repeat","512","16","2","128,128,128,128","repeat","avx2_repeat","0.0120886","67108864","5551417368.42976","11696465265078938627","3144505421455985126;11696465265078938627","true;true","false;false","0;0","0;0","0","0","true","4","0,2,4,6","1,1,1,1","0,0,0,0","true","8","2","true"
"5","1","F(S)","repeat","512","16","2","128,128,128,128","repeat","avx2_repeat","0.0133196","67108864","5038354304.93408","11696465265078938627","3144505421455985126;11696465265078938627","true;true","false;false","0;0","0;0","0","0","true","4","0,2,4,6","1,1,1,1","0,0,0,0","true","8","2","true"
"5","2","G(S)","fused","512","16","2","128,128,128,128","fused","avx2_fused","0.0880045","67108864","762561732.638672","11696465265078938627","3144505421455985126;11696465265078938627","true;true","false;false","0;0","0;0","0","0","true","4","0,2,4,6","1,1,1,1","0,0,0,0","true","8","2","true"
"6","1","G(S)","fused","512","16","2","128,128,128,128","fused","avx2_fused","0.0121594","67108864","5519093376.31791","11696465265078938627","3144505421455985126;11696465265078938627","true;true","false;false","0;0","0;0","0","0","true","4","0,2,4,6","1,1,1,1","0,0,0,0","true","8","2","true"
"6","2","F(S)","repeat","512","16","2","128,128,128,128","repeat","avx2_repeat","0.012159","67108864","5519274940.37339","11696465265078938627","3144505421455985126;11696465265078938627","true;true","false;false","0;0","0;0","0","0","true","4","0,2,4,6","1,1,1,1","0,0,0,0","true","8","2","true"
"7","1","F(S)","repeat","512","16","2","128,128,128,128","repeat","avx2_repeat","0.0123517","67108864","5433168227.85528","11696465265078938627","3144505421455985126;11696465265078938627","true;true","false;false","0;0","0;0","0","0","true","4","0,2,4,6","1,1,1,1","0,0,0,0","true","8","2","true"
"7","2","G(S)","fused","512","16","2","128,128,128,128","fused","avx2_fused","0.0149501","67108864","4488857198.27961","11696465265078938627","3144505421455985126;11696465265078938627","true;true","false;false","0;0","0;0","0","0","true","4","0,2,4,6","1,1,1,1","0,0,0,0","true","8","2","true"
"8","1","G(S)","fused","512","16","2","128,128,128,128","fused","avx2_fused","0.0128459","67108864","5224146537.02738","11696465265078938627","3144505421455985126;11696465265078938627","true;true","false;false","0;0","0;0","0","0","true","4","0,2,4,6","1,1,1,1","0,0,0,0","true","8","2","true"
"8","2","F(S)","repeat","512","16","2","128,128,128,128","repeat","avx2_repeat","0.0405558","67108864","1654729138.61889","11696465265078938627","3144505421455985126;11696465265078938627","true;true","false;false","0;0","0;0","0","0","true","4","0,2,4,6","1,1,1,1","0,0,0,0","true","8","2","true"
"9","1","F(S)","repeat","512","16","2","128,128,128,128","repeat","avx2_repeat","0.0121135","67108864","5540006108.88678","11696465265078938627","3144505421455985126;11696465265078938627","true;true","false;false","0;0","0;0","0","0","true","4","0,2,4,6","1,1,1,1","0,0,0,0","true","8","2","true"
"9","2","G(S)","fused","512","16","2","128,128,128,128","fused","avx2_fused","0.011865","67108864","5656035735.35609","11696465265078938627","3144505421455985126;11696465265078938627","true;true","false;false","0;0","0;0","0","0","true","4","0,2,4,6","1,1,1,1","0,0,0,0","true","8","2","true"
"10","1","G(S)","fused","512","16","2","128,128,128,128","fused","avx2_fused","0.0179644","67108864","3735658524.63762","11696465265078938627","3144505421455985126;11696465265078938627","true;true","false;false","0;0","0;0","0","0","true","4","0,2,4,6","1,1,1,1","0,0,0,0","true","8","2","true"
"10","2","F(S)","repeat","512","16","2","128,128,128,128","repeat","avx2_repeat","0.0124122","67108864","5406685680.21785","11696465265078938627","3144505421455985126;11696465265078938627","true;true","false;false","0;0","0;0","0","0","true","4","0,2,4,6","1,1,1,1","0,0,0,0","true","8","2","true"
"1","1","F(S)","repeat","512","16","4","128,128,128,128","repeat","avx2_repeat","0.048684","134217728","2756916605.04478","6096183207485726223","3144505421455985126;11696465265078938627;3002123669032453484;6096183207485726223","true;true;true;true","false;false;false;false","0;0;0;0","0;0;0;0","0","0","true","4","0,2,4,6","1,1,1,1","0,0,0,0","true","8","2","true"
"1","2","G(S)","fused","512","16","4","128,128,128,128","fused","avx2_fused","0.0249094","134217728","5388236087.58139","6096183207485726223","3144505421455985126;11696465265078938627;3002123669032453484;6096183207485726223","true;true;true;true","false;false;false;false","0;0;0;0","0;0;0;0","0","0","true","4","0,2,4,6","1,1,1,1","0,0,0,0","true","8","2","true"
"2","1","G(S)","fused","512","16","4","128,128,128,128","fused","avx2_fused","0.0245148","134217728","5474967285.06861","6096183207485726223","3144505421455985126;11696465265078938627;3002123669032453484;6096183207485726223","true;true;true;true","false;false;false;false","0;0;0;0","0;0;0;0","0","0","true","4","0,2,4,6","1,1,1,1","0,0,0,0","true","8","2","true"
"2","2","F(S)","repeat","512","16","4","128,128,128,128","repeat","avx2_repeat","0.0262552","134217728","5112043633.26122","6096183207485726223","3144505421455985126;11696465265078938627;3002123669032453484;6096183207485726223","true;true;true;true","false;false;false;false","0;0;0;0","0;0;0;0","0","0","true","4","0,2,4,6","1,1,1,1","0,0,0,0","true","8","2","true"
"3","1","F(S)","repeat","512","16","4","128,128,128,128","repeat","avx2_repeat","0.0676217","134217728","1984832206.22966","6096183207485726223","3144505421455985126;11696465265078938627;3002123669032453484;6096183207485726223","true;true;true;true","false;false;false;false","0;0;0;0","0;0;0;0","0","0","true","4","0,2,4,6","1,1,1,1","0,0,0,0","true","8","2","true"
"3","2","G(S)","fused","512","16","4","128,128,128,128","fused","avx2_fused","0.0467889","134217728","2868580539.40144","6096183207485726223","3144505421455985126;11696465265078938627;3002123669032453484;6096183207485726223","true;true;true;true","false;false;false;false","0;0;0;0","0;0;0;0","0","0","true","4","0,2,4,6","1,1,1,1","0,0,0,0","true","8","2","true"
"4","1","G(S)","fused","512","16","4","128,128,128,128","fused","avx2_fused","0.0250287","134217728","5362552909.26017","6096183207485726223","3144505421455985126;11696465265078938627;3002123669032453484;6096183207485726223","true;true;true;true","false;false;false;false","0;0;0;0","0;0;0;0","0","0","true","4","0,2,4,6","1,1,1,1","0,0,0,0","true","8","2","true"
"4","2","F(S)","repeat","512","16","4","128,128,128,128","repeat","avx2_repeat","0.0472114","134217728","2842909297.33073","6096183207485726223","3144505421455985126;11696465265078938627;3002123669032453484;6096183207485726223","true;true;true;true","false;false;false;false","0;0;0;0","0;0;0;0","0","0","true","4","0,2,4,6","1,1,1,1","0,0,0,0","true","8","2","true"
"5","1","F(S)","repeat","512","16","4","128,128,128,128","repeat","avx2_repeat","0.0296017","134217728","4534122297.03024","6096183207485726223","3144505421455985126;11696465265078938627;3002123669032453484;6096183207485726223","true;true;true;true","false;false;false;false","0;0;0;0","0;0;0;0","0","0","true","4","0,2,4,6","1,1,1,1","0,0,0,0","true","8","2","true"
"5","2","G(S)","fused","512","16","4","128,128,128,128","fused","avx2_fused","0.0230982","134217728","5810744040.66118","6096183207485726223","3144505421455985126;11696465265078938627;3002123669032453484;6096183207485726223","true;true;true;true","false;false;false;false","0;0;0;0","0;0;0;0","0","0","true","4","0,2,4,6","1,1,1,1","0,0,0,0","true","8","2","true"
"6","1","G(S)","fused","512","16","4","128,128,128,128","fused","avx2_fused","0.023635","134217728","5678769959.80537","6096183207485726223","3144505421455985126;11696465265078938627;3002123669032453484;6096183207485726223","true;true;true;true","false;false;false;false","0;0;0;0","0;0;0;0","0","0","true","4","0,2,4,6","1,1,1,1","0,0,0,0","true","8","2","true"
"6","2","F(S)","repeat","512","16","4","128,128,128,128","repeat","avx2_repeat","0.0465794","134217728","2881482543.78545","6096183207485726223","3144505421455985126;11696465265078938627;3002123669032453484;6096183207485726223","true;true;true;true","false;false;false;false","0;0;0;0","0;0;0;0","0","0","true","4","0,2,4,6","1,1,1,1","0,0,0,0","true","8","2","true"
"7","1","F(S)","repeat","512","16","4","128,128,128,128","repeat","avx2_repeat","0.0427077","134217728","3142705601.09769","6096183207485726223","3144505421455985126;11696465265078938627;3002123669032453484;6096183207485726223","true;true;true;true","false;false;false;false","0;0;0;0","0;0;0;0","0","0","true","4","0,2,4,6","1,1,1,1","0,0,0,0","true","8","2","true"
"7","2","G(S)","fused","512","16","4","128,128,128,128","fused","avx2_fused","0.0235206","134217728","5706390483.23597","6096183207485726223","3144505421455985126;11696465265078938627;3002123669032453484;6096183207485726223","true;true;true;true","false;false;false;false","0;0;0;0","0;0;0;0","0","0","true","4","0,2,4,6","1,1,1,1","0,0,0,0","true","8","2","true"
"8","1","G(S)","fused","512","16","4","128,128,128,128","fused","avx2_fused","0.0720088","134217728","1863907300.21886","6096183207485726223","3144505421455985126;11696465265078938627;3002123669032453484;6096183207485726223","true;true;true;true","false;false;false;false","0;0;0;0","0;0;0;0","0","0","true","4","0,2,4,6","1,1,1,1","0,0,0,0","true","8","2","true"
"8","2","F(S)","repeat","512","16","4","128,128,128,128","repeat","avx2_repeat","0.0274934","134217728","4881816290.45516","6096183207485726223","3144505421455985126;11696465265078938627;3002123669032453484;6096183207485726223","true;true;true;true","false;false;false;false","0;0;0;0","0;0;0;0","0","0","true","4","0,2,4,6","1,1,1,1","0,0,0,0","true","8","2","true"
"9","1","F(S)","repeat","512","16","4","128,128,128,128","repeat","avx2_repeat","0.031987","134217728","4196008628.50533","6096183207485726223","3144505421455985126;11696465265078938627;3002123669032453484;6096183207485726223","true;true;true;true","false;false;false;false","0;0;0;0","0;0;0;0","0","0","true","4","0,2,4,6","1,1,1,1","0,0,0,0","true","8","2","true"
"9","2","G(S)","fused","512","16","4","128,128,128,128","fused","avx2_fused","0.0503265","134217728","2666939445.4214","6096183207485726223","3144505421455985126;11696465265078938627;3002123669032453484;6096183207485726223","true;true;true;true","false;false;false;false","0;0;0;0","0;0;0;0","0","0","true","4","0,2,4,6","1,1,1,1","0,0,0,0","true","8","2","true"
"10","1","G(S)","fused","512","16","4","128,128,128,128","fused","avx2_fused","0.0398182","134217728","3370763319.28616","6096183207485726223","3144505421455985126;11696465265078938627;3002123669032453484;6096183207485726223","true;true;true;true","false;false;false;false","0;0;0;0","0;0;0;0","0","0","true","4","0,2,4,6","1,1,1,1","0,0,0,0","true","8","2","true"
"10","2","F(S)","repeat","512","16","4","128,128,128,128","repeat","avx2_repeat","0.0244687","134217728","5485282340.29597","6096183207485726223","3144505421455985126;11696465265078938627;3002123669032453484;6096183207485726223","true;true;true;true","false;false;false;false","0;0;0;0","0;0;0;0","0","0","true","4","0,2,4,6","1,1,1,1","0,0,0,0","true","8","2","true"
"1","1","F(S)","repeat","512","16","8","128,128,128,128","repeat","avx2_repeat","0.067224","268435456","3993149113.41188","11436827120084176368","3144505421455985126;11696465265078938627;3002123669032453484;6096183207485726223;2031196321457612533;4841173555686551119;14565683830793602215;11436827120084176368","true;true;true;true;true;true;true;true","false;false;false;false;false;false;false;false","0;0;0;0;0;0;0;1","0;0;0;0;0;0;0;0.0001220703125","8","1.52587890625E-05","true","4","0,2,4,6","1,1,1,1","0,0,0,0","true","8","2","true"
"1","2","G(S)","fused","512","16","8","128,128,128,128","fused","avx2_fused","0.0497111","268435456","5399909798.81757","11436827120084176368","3144505421455985126;11696465265078938627;3002123669032453484;6096183207485726223;2031196321457612533;4841173555686551119;14565683830793602215;11436827120084176368","true;true;true;true;true;true;true;true","false;false;false;false;false;false;false;false","0;0;0;0;0;0;0;1","0;0;0;0;0;0;0;0.0001220703125","8","1.52587890625E-05","true","4","0,2,4,6","1,1,1,1","0,0,0,0","true","8","2","true"
"2","1","G(S)","fused","512","16","8","128,128,128,128","fused","avx2_fused","0.0499422","268435456","5374922530.4452","11436827120084176368","3144505421455985126;11696465265078938627;3002123669032453484;6096183207485726223;2031196321457612533;4841173555686551119;14565683830793602215;11436827120084176368","true;true;true;true;true;true;true;true","false;false;false;false;false;false;false;false","0;0;0;0;0;0;0;1","0;0;0;0;0;0;0;0.0001220703125","8","1.52587890625E-05","true","4","0,2,4,6","1,1,1,1","0,0,0,0","true","8","2","true"
"2","2","F(S)","repeat","512","16","8","128,128,128,128","repeat","avx2_repeat","0.0660285","268435456","4065448344.27558","11436827120084176368","3144505421455985126;11696465265078938627;3002123669032453484;6096183207485726223;2031196321457612533;4841173555686551119;14565683830793602215;11436827120084176368","true;true;true;true;true;true;true;true","false;false;false;false;false;false;false;false","0;0;0;0;0;0;0;1","0;0;0;0;0;0;0;0.0001220703125","8","1.52587890625E-05","true","4","0,2,4,6","1,1,1,1","0,0,0,0","true","8","2","true"
"3","1","F(S)","repeat","512","16","8","128,128,128,128","repeat","avx2_repeat","0.0519912","268435456","5163094062.07204","11436827120084176368","3144505421455985126;11696465265078938627;3002123669032453484;6096183207485726223;2031196321457612533;4841173555686551119;14565683830793602215;11436827120084176368","true;true;true;true;true;true;true;true","false;false;false;false;false;false;false;false","0;0;0;0;0;0;0;1","0;0;0;0;0;0;0;0.0001220703125","8","1.52587890625E-05","true","4","0,2,4,6","1,1,1,1","0,0,0,0","true","8","2","true"
"3","2","G(S)","fused","512","16","8","128,128,128,128","fused","avx2_fused","0.051129","268435456","5250160496.00031","11436827120084176368","3144505421455985126;11696465265078938627;3002123669032453484;6096183207485726223;2031196321457612533;4841173555686551119;14565683830793602215;11436827120084176368","true;true;true;true;true;true;true;true","false;false;false;false;false;false;false;false","0;0;0;0;0;0;0;1","0;0;0;0;0;0;0;0.0001220703125","8","1.52587890625E-05","true","4","0,2,4,6","1,1,1,1","0,0,0,0","true","8","2","true"
"4","1","G(S)","fused","512","16","8","128,128,128,128","fused","avx2_fused","0.0531439","268435456","5051105696.04414","11436827120084176368","3144505421455985126;11696465265078938627;3002123669032453484;6096183207485726223;2031196321457612533;4841173555686551119;14565683830793602215;11436827120084176368","true;true;true;true;true;true;true;true","false;false;false;false;false;false;false;false","0;0;0;0;0;0;0;1","0;0;0;0;0;0;0;0.0001220703125","8","1.52587890625E-05","true","4","0,2,4,6","1,1,1,1","0,0,0,0","true","8","2","true"
"4","2","F(S)","repeat","512","16","8","128,128,128,128","repeat","avx2_repeat","0.0567476","268435456","4730340243.46404","11436827120084176368","3144505421455985126;11696465265078938627;3002123669032453484;6096183207485726223;2031196321457612533;4841173555686551119;14565683830793602215;11436827120084176368","true;true;true;true;true;true;true;true","false;false;false;false;false;false;false;false","0;0;0;0;0;0;0;1","0;0;0;0;0;0;0;0.0001220703125","8","1.52587890625E-05","true","4","0,2,4,6","1,1,1,1","0,0,0,0","true","8","2","true"
"5","1","F(S)","repeat","512","16","8","128,128,128,128","repeat","avx2_repeat","0.0542112","268435456","4951660468.68544","11436827120084176368","3144505421455985126;11696465265078938627;3002123669032453484;6096183207485726223;2031196321457612533;4841173555686551119;14565683830793602215;11436827120084176368","true;true;true;true;true;true;true;true","false;false;false;false;false;false;false;false","0;0;0;0;0;0;0;1","0;0;0;0;0;0;0;0.0001220703125","8","1.52587890625E-05","true","4","0,2,4,6","1,1,1,1","0,0,0,0","true","8","2","true"
"5","2","G(S)","fused","512","16","8","128,128,128,128","fused","avx2_fused","0.0834219","268435456","3217805588.22084","11436827120084176368","3144505421455985126;11696465265078938627;3002123669032453484;6096183207485726223;2031196321457612533;4841173555686551119;14565683830793602215;11436827120084176368","true;true;true;true;true;true;true;true","false;false;false;false;false;false;false;false","0;0;0;0;0;0;0;1","0;0;0;0;0;0;0;0.0001220703125","8","1.52587890625E-05","true","4","0,2,4,6","1,1,1,1","0,0,0,0","true","8","2","true"
"6","1","G(S)","fused","512","16","8","128,128,128,128","fused","avx2_fused","0.0566798","268435456","4735998645.01992","11436827120084176368","3144505421455985126;11696465265078938627;3002123669032453484;6096183207485726223;2031196321457612533;4841173555686551119;14565683830793602215;11436827120084176368","true;true;true;true;true;true;true;true","false;false;false;false;false;false;false;false","0;0;0;0;0;0;0;1","0;0;0;0;0;0;0;0.0001220703125","8","1.52587890625E-05","true","4","0,2,4,6","1,1,1,1","0,0,0,0","true","8","2","true"
"6","2","F(S)","repeat","512","16","8","128,128,128,128","repeat","avx2_repeat","0.1056776","268435456","2540135809.29166","11436827120084176368","3144505421455985126;11696465265078938627;3002123669032453484;6096183207485726223;2031196321457612533;4841173555686551119;14565683830793602215;11436827120084176368","true;true;true;true;true;true;true;true","false;false;false;false;false;false;false;false","0;0;0;0;0;0;0;1","0;0;0;0;0;0;0;0.0001220703125","8","1.52587890625E-05","true","4","0,2,4,6","1,1,1,1","0,0,0,0","true","8","2","true"
"7","1","F(S)","repeat","512","16","8","128,128,128,128","repeat","avx2_repeat","0.0752465","268435456","3567414510.97393","11436827120084176368","3144505421455985126;11696465265078938627;3002123669032453484;6096183207485726223;2031196321457612533;4841173555686551119;14565683830793602215;11436827120084176368","true;true;true;true;true;true;true;true","false;false;false;false;false;false;false;false","0;0;0;0;0;0;0;1","0;0;0;0;0;0;0;0.0001220703125","8","1.52587890625E-05","true","4","0,2,4,6","1,1,1,1","0,0,0,0","true","8","2","true"
"7","2","G(S)","fused","512","16","8","128,128,128,128","fused","avx2_fused","0.0529129","268435456","5073157131.81474","11436827120084176368","3144505421455985126;11696465265078938627;3002123669032453484;6096183207485726223;2031196321457612533;4841173555686551119;14565683830793602215;11436827120084176368","true;true;true;true;true;true;true;true","false;false;false;false;false;false;false;false","0;0;0;0;0;0;0;1","0;0;0;0;0;0;0;0.0001220703125","8","1.52587890625E-05","true","4","0,2,4,6","1,1,1,1","0,0,0,0","true","8","2","true"
"8","1","G(S)","fused","512","16","8","128,128,128,128","fused","avx2_fused","0.0771455","268435456","3479599665.56701","11436827120084176368","3144505421455985126;11696465265078938627;3002123669032453484;6096183207485726223;2031196321457612533;4841173555686551119;14565683830793602215;11436827120084176368","true;true;true;true;true;true;true;true","false;false;false;false;false;false;false;false","0;0;0;0;0;0;0;1","0;0;0;0;0;0;0;0.0001220703125","8","1.52587890625E-05","true","4","0,2,4,6","1,1,1,1","0,0,0,0","true","8","2","true"
"8","2","F(S)","repeat","512","16","8","128,128,128,128","repeat","avx2_repeat","0.0900826","268435456","2979881308.93202","11436827120084176368","3144505421455985126;11696465265078938627;3002123669032453484;6096183207485726223;2031196321457612533;4841173555686551119;14565683830793602215;11436827120084176368","true;true;true;true;true;true;true;true","false;false;false;false;false;false;false;false","0;0;0;0;0;0;0;1","0;0;0;0;0;0;0;0.0001220703125","8","1.52587890625E-05","true","4","0,2,4,6","1,1,1,1","0,0,0,0","true","8","2","true"
"9","1","F(S)","repeat","512","16","8","128,128,128,128","repeat","avx2_repeat","0.1098281","268435456","2444141854.40702","11436827120084176368","3144505421455985126;11696465265078938627;3002123669032453484;6096183207485726223;2031196321457612533;4841173555686551119;14565683830793602215;11436827120084176368","true;true;true;true;true;true;true;true","false;false;false;false;false;false;false;false","0;0;0;0;0;0;0;1","0;0;0;0;0;0;0;0.0001220703125","8","1.52587890625E-05","true","4","0,2,4,6","1,1,1,1","0,0,0,0","true","8","2","true"
"9","2","G(S)","fused","512","16","8","128,128,128,128","fused","avx2_fused","0.0523785","268435456","5124916826.56052","11436827120084176368","3144505421455985126;11696465265078938627;3002123669032453484;6096183207485726223;2031196321457612533;4841173555686551119;14565683830793602215;11436827120084176368","true;true;true;true;true;true;true;true","false;false;false;false;false;false;false;false","0;0;0;0;0;0;0;1","0;0;0;0;0;0;0;0.0001220703125","8","1.52587890625E-05","true","4","0,2,4,6","1,1,1,1","0,0,0,0","true","8","2","true"
"10","1","G(S)","fused","512","16","8","128,128,128,128","fused","avx2_fused","0.0640505","268435456","4190997041.39702","11436827120084176368","3144505421455985126;11696465265078938627;3002123669032453484;6096183207485726223;2031196321457612533;4841173555686551119;14565683830793602215;11436827120084176368","true;true;true;true;true;true;true;true","false;false;false;false;false;false;false;false","0;0;0;0;0;0;0;1","0;0;0;0;0;0;0;0.0001220703125","8","1.52587890625E-05","true","4","0,2,4,6","1,1,1,1","0,0,0,0","true","8","2","true"
"10","2","F(S)","repeat","512","16","8","128,128,128,128","repeat","avx2_repeat","0.0506026","268435456","5304775960.12853","11436827120084176368","3144505421455985126;11696465265078938627;3002123669032453484;6096183207485726223;2031196321457612533;4841173555686551119;14565683830793602215;11436827120084176368","true;true;true;true;true;true;true;true","false;false;false;false;false;false;false;false","0;0;0;0;0;0;0;1","0;0;0;0;0;0;0;0.0001220703125","8","1.52587890625E-05","true","4","0,2,4,6","1,1,1,1","0,0,0,0","true","8","2","true"
"1","1","F(S)","repeat","512","16","16","128,128,128,128","repeat","avx2_repeat","0.1051304","536870912","5106714252.01464","16807407504156841981","3144505421455985126;11696465265078938627;3002123669032453484;6096183207485726223;2031196321457612533;4841173555686551119;14565683830793602215;11436827120084176368;12291497578076446472;9839844651119945795;15610185977203971914;15114401231575065286;3073009024942362641;13777177882816056062;14455335666171327685;16807407504156841981","true;true;true;true;true;true;true;true;true;true;true;true;true;true;true;true","false;false;false;false;false;false;false;false;false;false;false;false;false;false;false;false","0;0;0;0;0;0;0;1;1;1;2;0;1;0;0;3","0;0;0;0;0;0;0;0.0001220703125;0.0001220703125;0.0001220703125;0.000244140625;0;0.0001220703125;0;0;0.0003662109375","72","6.866455078125E-05","true","4","0,2,4,6","1,1,1,1","0,0,0,0","true","8","2","true"
"1","2","G(S)","fused","512","16","16","128,128,128,128","fused","avx2_fused","0.1109892","536870912","4837145524.06901","16807407504156841981","3144505421455985126;11696465265078938627;3002123669032453484;6096183207485726223;2031196321457612533;4841173555686551119;14565683830793602215;11436827120084176368;12291497578076446472;9839844651119945795;15610185977203971914;15114401231575065286;3073009024942362641;13777177882816056062;14455335666171327685;16807407504156841981","true;true;true;true;true;true;true;true;true;true;true;true;true;true;true;true","false;false;false;false;false;false;false;false;false;false;false;false;false;false;false;false","0;0;0;0;0;0;0;1;1;1;2;0;1;0;0;3","0;0;0;0;0;0;0;0.0001220703125;0.0001220703125;0.0001220703125;0.000244140625;0;0.0001220703125;0;0;0.0003662109375","72","6.866455078125E-05","true","4","0,2,4,6","1,1,1,1","0,0,0,0","true","8","2","true"
"2","1","G(S)","fused","512","16","16","128,128,128,128","fused","avx2_fused","0.1007003","536870912","5331373511.30036","16807407504156841981","3144505421455985126;11696465265078938627;3002123669032453484;6096183207485726223;2031196321457612533;4841173555686551119;14565683830793602215;11436827120084176368;12291497578076446472;9839844651119945795;15610185977203971914;15114401231575065286;3073009024942362641;13777177882816056062;14455335666171327685;16807407504156841981","true;true;true;true;true;true;true;true;true;true;true;true;true;true;true;true","false;false;false;false;false;false;false;false;false;false;false;false;false;false;false;false","0;0;0;0;0;0;0;1;1;1;2;0;1;0;0;3","0;0;0;0;0;0;0;0.0001220703125;0.0001220703125;0.0001220703125;0.000244140625;0;0.0001220703125;0;0;0.0003662109375","72","6.866455078125E-05","true","4","0,2,4,6","1,1,1,1","0,0,0,0","true","8","2","true"
"2","2","F(S)","repeat","512","16","16","128,128,128,128","repeat","avx2_repeat","0.1423327","536870912","3771943566.02524","16807407504156841981","3144505421455985126;11696465265078938627;3002123669032453484;6096183207485726223;2031196321457612533;4841173555686551119;14565683830793602215;11436827120084176368;12291497578076446472;9839844651119945795;15610185977203971914;15114401231575065286;3073009024942362641;13777177882816056062;14455335666171327685;16807407504156841981","true;true;true;true;true;true;true;true;true;true;true;true;true;true;true;true","false;false;false;false;false;false;false;false;false;false;false;false;false;false;false;false","0;0;0;0;0;0;0;1;1;1;2;0;1;0;0;3","0;0;0;0;0;0;0;0.0001220703125;0.0001220703125;0.0001220703125;0.000244140625;0;0.0001220703125;0;0;0.0003662109375","72","6.866455078125E-05","true","4","0,2,4,6","1,1,1,1","0,0,0,0","true","8","2","true"
"3","1","F(S)","repeat","512","16","16","128,128,128,128","repeat","avx2_repeat","0.1054642","536870912","5090551220.22449","16807407504156841981","3144505421455985126;11696465265078938627;3002123669032453484;6096183207485726223;2031196321457612533;4841173555686551119;14565683830793602215;11436827120084176368;12291497578076446472;9839844651119945795;15610185977203971914;15114401231575065286;3073009024942362641;13777177882816056062;14455335666171327685;16807407504156841981","true;true;true;true;true;true;true;true;true;true;true;true;true;true;true;true","false;false;false;false;false;false;false;false;false;false;false;false;false;false;false;false","0;0;0;0;0;0;0;1;1;1;2;0;1;0;0;3","0;0;0;0;0;0;0;0.0001220703125;0.0001220703125;0.0001220703125;0.000244140625;0;0.0001220703125;0;0;0.0003662109375","72","6.866455078125E-05","true","4","0,2,4,6","1,1,1,1","0,0,0,0","true","8","2","true"
"3","2","G(S)","fused","512","16","16","128,128,128,128","fused","avx2_fused","0.1141413","536870912","4703564021.08614","16807407504156841981","3144505421455985126;11696465265078938627;3002123669032453484;6096183207485726223;2031196321457612533;4841173555686551119;14565683830793602215;11436827120084176368;12291497578076446472;9839844651119945795;15610185977203971914;15114401231575065286;3073009024942362641;13777177882816056062;14455335666171327685;16807407504156841981","true;true;true;true;true;true;true;true;true;true;true;true;true;true;true;true","false;false;false;false;false;false;false;false;false;false;false;false;false;false;false;false","0;0;0;0;0;0;0;1;1;1;2;0;1;0;0;3","0;0;0;0;0;0;0;0.0001220703125;0.0001220703125;0.0001220703125;0.000244140625;0;0.0001220703125;0;0;0.0003662109375","72","6.866455078125E-05","true","4","0,2,4,6","1,1,1,1","0,0,0,0","true","8","2","true"
"4","1","G(S)","fused","512","16","16","128,128,128,128","fused","avx2_fused","0.0999815","536870912","5369702514.96527","16807407504156841981","3144505421455985126;11696465265078938627;3002123669032453484;6096183207485726223;2031196321457612533;4841173555686551119;14565683830793602215;11436827120084176368;12291497578076446472;9839844651119945795;15610185977203971914;15114401231575065286;3073009024942362641;13777177882816056062;14455335666171327685;16807407504156841981","true;true;true;true;true;true;true;true;true;true;true;true;true;true;true;true","false;false;false;false;false;false;false;false;false;false;false;false;false;false;false;false","0;0;0;0;0;0;0;1;1;1;2;0;1;0;0;3","0;0;0;0;0;0;0;0.0001220703125;0.0001220703125;0.0001220703125;0.000244140625;0;0.0001220703125;0;0;0.0003662109375","72","6.866455078125E-05","true","4","0,2,4,6","1,1,1,1","0,0,0,0","true","8","2","true"
"4","2","F(S)","repeat","512","16","16","128,128,128,128","repeat","avx2_repeat","0.1012188","536870912","5304063197.74587","16807407504156841981","3144505421455985126;11696465265078938627;3002123669032453484;6096183207485726223;2031196321457612533;4841173555686551119;14565683830793602215;11436827120084176368;12291497578076446472;9839844651119945795;15610185977203971914;15114401231575065286;3073009024942362641;13777177882816056062;14455335666171327685;16807407504156841981","true;true;true;true;true;true;true;true;true;true;true;true;true;true;true;true","false;false;false;false;false;false;false;false;false;false;false;false;false;false;false;false","0;0;0;0;0;0;0;1;1;1;2;0;1;0;0;3","0;0;0;0;0;0;0;0.0001220703125;0.0001220703125;0.0001220703125;0.000244140625;0;0.0001220703125;0;0;0.0003662109375","72","6.866455078125E-05","true","4","0,2,4,6","1,1,1,1","0,0,0,0","true","8","2","true"
"5","1","F(S)","repeat","512","16","16","128,128,128,128","repeat","avx2_repeat","0.108527","536870912","4946887981.79255","16807407504156841981","3144505421455985126;11696465265078938627;3002123669032453484;6096183207485726223;2031196321457612533;4841173555686551119;14565683830793602215;11436827120084176368;12291497578076446472;9839844651119945795;15610185977203971914;15114401231575065286;3073009024942362641;13777177882816056062;14455335666171327685;16807407504156841981","true;true;true;true;true;true;true;true;true;true;true;true;true;true;true;true","false;false;false;false;false;false;false;false;false;false;false;false;false;false;false;false","0;0;0;0;0;0;0;1;1;1;2;0;1;0;0;3","0;0;0;0;0;0;0;0.0001220703125;0.0001220703125;0.0001220703125;0.000244140625;0;0.0001220703125;0;0;0.0003662109375","72","6.866455078125E-05","true","4","0,2,4,6","1,1,1,1","0,0,0,0","true","8","2","true"
"5","2","G(S)","fused","512","16","16","128,128,128,128","fused","avx2_fused","0.1064201","536870912","5044826231.13491","16807407504156841981","3144505421455985126;11696465265078938627;3002123669032453484;6096183207485726223;2031196321457612533;4841173555686551119;14565683830793602215;11436827120084176368;12291497578076446472;9839844651119945795;15610185977203971914;15114401231575065286;3073009024942362641;13777177882816056062;14455335666171327685;16807407504156841981","true;true;true;true;true;true;true;true;true;true;true;true;true;true;true;true","false;false;false;false;false;false;false;false;false;false;false;false;false;false;false;false","0;0;0;0;0;0;0;1;1;1;2;0;1;0;0;3","0;0;0;0;0;0;0;0.0001220703125;0.0001220703125;0.0001220703125;0.000244140625;0;0.0001220703125;0;0;0.0003662109375","72","6.866455078125E-05","true","4","0,2,4,6","1,1,1,1","0,0,0,0","true","8","2","true"
"6","1","G(S)","fused","512","16","16","128,128,128,128","fused","avx2_fused","0.1071858","536870912","5008787656.57391","16807407504156841981","3144505421455985126;11696465265078938627;3002123669032453484;6096183207485726223;2031196321457612533;4841173555686551119;14565683830793602215;11436827120084176368;12291497578076446472;9839844651119945795;15610185977203971914;15114401231575065286;3073009024942362641;13777177882816056062;14455335666171327685;16807407504156841981","true;true;true;true;true;true;true;true;true;true;true;true;true;true;true;true","false;false;false;false;false;false;false;false;false;false;false;false;false;false;false;false","0;0;0;0;0;0;0;1;1;1;2;0;1;0;0;3","0;0;0;0;0;0;0;0.0001220703125;0.0001220703125;0.0001220703125;0.000244140625;0;0.0001220703125;0;0;0.0003662109375","72","6.866455078125E-05","true","4","0,2,4,6","1,1,1,1","0,0,0,0","true","8","2","true"
"6","2","F(S)","repeat","512","16","16","128,128,128,128","repeat","avx2_repeat","0.1104945","536870912","4858802130.42278","16807407504156841981","3144505421455985126;11696465265078938627;3002123669032453484;6096183207485726223;2031196321457612533;4841173555686551119;14565683830793602215;11436827120084176368;12291497578076446472;9839844651119945795;15610185977203971914;15114401231575065286;3073009024942362641;13777177882816056062;14455335666171327685;16807407504156841981","true;true;true;true;true;true;true;true;true;true;true;true;true;true;true;true","false;false;false;false;false;false;false;false;false;false;false;false;false;false;false;false","0;0;0;0;0;0;0;1;1;1;2;0;1;0;0;3","0;0;0;0;0;0;0;0.0001220703125;0.0001220703125;0.0001220703125;0.000244140625;0;0.0001220703125;0;0;0.0003662109375","72","6.866455078125E-05","true","4","0,2,4,6","1,1,1,1","0,0,0,0","true","8","2","true"
"7","1","F(S)","repeat","512","16","16","128,128,128,128","repeat","avx2_repeat","0.1139796","536870912","4710236849.40112","16807407504156841981","3144505421455985126;11696465265078938627;3002123669032453484;6096183207485726223;2031196321457612533;4841173555686551119;14565683830793602215;11436827120084176368;12291497578076446472;9839844651119945795;15610185977203971914;15114401231575065286;3073009024942362641;13777177882816056062;14455335666171327685;16807407504156841981","true;true;true;true;true;true;true;true;true;true;true;true;true;true;true;true","false;false;false;false;false;false;false;false;false;false;false;false;false;false;false;false","0;0;0;0;0;0;0;1;1;1;2;0;1;0;0;3","0;0;0;0;0;0;0;0.0001220703125;0.0001220703125;0.0001220703125;0.000244140625;0;0.0001220703125;0;0;0.0003662109375","72","6.866455078125E-05","true","4","0,2,4,6","1,1,1,1","0,0,0,0","true","8","2","true"
"7","2","G(S)","fused","512","16","16","128,128,128,128","fused","avx2_fused","0.1101037","536870912","4876047871.23412","16807407504156841981","3144505421455985126;11696465265078938627;3002123669032453484;6096183207485726223;2031196321457612533;4841173555686551119;14565683830793602215;11436827120084176368;12291497578076446472;9839844651119945795;15610185977203971914;15114401231575065286;3073009024942362641;13777177882816056062;14455335666171327685;16807407504156841981","true;true;true;true;true;true;true;true;true;true;true;true;true;true;true;true","false;false;false;false;false;false;false;false;false;false;false;false;false;false;false;false","0;0;0;0;0;0;0;1;1;1;2;0;1;0;0;3","0;0;0;0;0;0;0;0.0001220703125;0.0001220703125;0.0001220703125;0.000244140625;0;0.0001220703125;0;0;0.0003662109375","72","6.866455078125E-05","true","4","0,2,4,6","1,1,1,1","0,0,0,0","true","8","2","true"
"8","1","G(S)","fused","512","16","16","128,128,128,128","fused","avx2_fused","0.1077156","536870912","4984151896.28986","16807407504156841981","3144505421455985126;11696465265078938627;3002123669032453484;6096183207485726223;2031196321457612533;4841173555686551119;14565683830793602215;11436827120084176368;12291497578076446472;9839844651119945795;15610185977203971914;15114401231575065286;3073009024942362641;13777177882816056062;14455335666171327685;16807407504156841981","true;true;true;true;true;true;true;true;true;true;true;true;true;true;true;true","false;false;false;false;false;false;false;false;false;false;false;false;false;false;false;false","0;0;0;0;0;0;0;1;1;1;2;0;1;0;0;3","0;0;0;0;0;0;0;0.0001220703125;0.0001220703125;0.0001220703125;0.000244140625;0;0.0001220703125;0;0;0.0003662109375","72","6.866455078125E-05","true","4","0,2,4,6","1,1,1,1","0,0,0,0","true","8","2","true"
"8","2","F(S)","repeat","512","16","16","128,128,128,128","repeat","avx2_repeat","0.1518434","536870912","3535688162.93629","16807407504156841981","3144505421455985126;11696465265078938627;3002123669032453484;6096183207485726223;2031196321457612533;4841173555686551119;14565683830793602215;11436827120084176368;12291497578076446472;9839844651119945795;15610185977203971914;15114401231575065286;3073009024942362641;13777177882816056062;14455335666171327685;16807407504156841981","true;true;true;true;true;true;true;true;true;true;true;true;true;true;true;true","false;false;false;false;false;false;false;false;false;false;false;false;false;false;false;false","0;0;0;0;0;0;0;1;1;1;2;0;1;0;0;3","0;0;0;0;0;0;0;0.0001220703125;0.0001220703125;0.0001220703125;0.000244140625;0;0.0001220703125;0;0;0.0003662109375","72","6.866455078125E-05","true","4","0,2,4,6","1,1,1,1","0,0,0,0","true","8","2","true"
"9","1","F(S)","repeat","512","16","16","128,128,128,128","repeat","avx2_repeat","0.1376589","536870912","3900008731.72748","16807407504156841981","3144505421455985126;11696465265078938627;3002123669032453484;6096183207485726223;2031196321457612533;4841173555686551119;14565683830793602215;11436827120084176368;12291497578076446472;9839844651119945795;15610185977203971914;15114401231575065286;3073009024942362641;13777177882816056062;14455335666171327685;16807407504156841981","true;true;true;true;true;true;true;true;true;true;true;true;true;true;true;true","false;false;false;false;false;false;false;false;false;false;false;false;false;false;false;false","0;0;0;0;0;0;0;1;1;1;2;0;1;0;0;3","0;0;0;0;0;0;0;0.0001220703125;0.0001220703125;0.0001220703125;0.000244140625;0;0.0001220703125;0;0;0.0003662109375","72","6.866455078125E-05","true","4","0,2,4,6","1,1,1,1","0,0,0,0","true","8","2","true"
"9","2","G(S)","fused","512","16","16","128,128,128,128","fused","avx2_fused","0.1132986","536870912","4738548508.1016","16807407504156841981","3144505421455985126;11696465265078938627;3002123669032453484;6096183207485726223;2031196321457612533;4841173555686551119;14565683830793602215;11436827120084176368;12291497578076446472;9839844651119945795;15610185977203971914;15114401231575065286;3073009024942362641;13777177882816056062;14455335666171327685;16807407504156841981","true;true;true;true;true;true;true;true;true;true;true;true;true;true;true;true","false;false;false;false;false;false;false;false;false;false;false;false;false;false;false;false","0;0;0;0;0;0;0;1;1;1;2;0;1;0;0;3","0;0;0;0;0;0;0;0.0001220703125;0.0001220703125;0.0001220703125;0.000244140625;0;0.0001220703125;0;0;0.0003662109375","72","6.866455078125E-05","true","4","0,2,4,6","1,1,1,1","0,0,0,0","true","8","2","true"
"10","1","G(S)","fused","512","16","16","128,128,128,128","fused","avx2_fused","0.1325914","536870912","4049062850.23011","16807407504156841981","3144505421455985126;11696465265078938627;3002123669032453484;6096183207485726223;2031196321457612533;4841173555686551119;14565683830793602215;11436827120084176368;12291497578076446472;9839844651119945795;15610185977203971914;15114401231575065286;3073009024942362641;13777177882816056062;14455335666171327685;16807407504156841981","true;true;true;true;true;true;true;true;true;true;true;true;true;true;true;true","false;false;false;false;false;false;false;false;false;false;false;false;false;false;false;false","0;0;0;0;0;0;0;1;1;1;2;0;1;0;0;3","0;0;0;0;0;0;0;0.0001220703125;0.0001220703125;0.0001220703125;0.000244140625;0;0.0001220703125;0;0;0.0003662109375","72","6.866455078125E-05","true","4","0,2,4,6","1,1,1,1","0,0,0,0","true","8","2","true"
"10","2","F(S)","repeat","512","16","16","128,128,128,128","repeat","avx2_repeat","0.1399414","536870912","3836398035.17758","16807407504156841981","3144505421455985126;11696465265078938627;3002123669032453484;6096183207485726223;2031196321457612533;4841173555686551119;14565683830793602215;11436827120084176368;12291497578076446472;9839844651119945795;15610185977203971914;15114401231575065286;3073009024942362641;13777177882816056062;14455335666171327685;16807407504156841981","true;true;true;true;true;true;true;true;true;true;true;true;true;true;true;true","false;false;false;false;false;false;false;false;false;false;false;false;false;false;false;false","0;0;0;0;0;0;0;1;1;1;2;0;1;0;0;3","0;0;0;0;0;0;0;0.0001220703125;0.0001220703125;0.0001220703125;0.000244140625;0;0.0001220703125;0;0;0.0003662109375","72","6.866455078125E-05","true","4","0,2,4,6","1,1,1,1","0,0,0,0","true","8","2","true"
