
[1/100] START D:\Install\Dev\Projects\IA\Ejercise\t1_trainability_lab_v0.1.0\.venv\Scripts\python.exe D:\Install\Dev\Projects\IA\Ejercise\t1_trainability_lab_v0.1.0\scripts\train_run.py --task associative_recall --variant shared --dimension 64 --slots 1 --rounds 4 --seed 101 --output-dir campaign\runs\associative_recall\shared\D64_S1_R4\seed_101
D:\Install\Dev\Projects\IA\Ejercise\t1_trainability_lab_v0.1.0\scripts\train_run.py:169: UserWarning: Converting a tensor with requires_grad=True to a scalar may lead to unexpected behavior.
Consider using tensor.detach() first. (Triggered internally at C:\actions-runner\_work\pytorch\pytorch\pytorch\torch\csrc\autograd\generated\python_variable_methods.cpp:837.)
  train_loss_sum += float(loss)
{"best_val_accuracy": 0.2895, "best_val_loss": 1.845856237411499, "dimension": 64, "elapsed_seconds": 60.56417479994707, "epochs": 38, "finite": true, "rounds": 4, "seed": 101, "slots": 1, "status": "completed", "steps": 3000, "task": "associative_recall", "test_accuracy": 0.2755, "test_loss": 1.8209441766738892, "variant": "shared"}

[2/100] START D:\Install\Dev\Projects\IA\Ejercise\t1_trainability_lab_v0.1.0\.venv\Scripts\python.exe D:\Install\Dev\Projects\IA\Ejercise\t1_trainability_lab_v0.1.0\scripts\train_run.py --task associative_recall --variant shared --dimension 64 --slots 1 --rounds 4 --seed 202 --output-dir campaign\runs\associative_recall\shared\D64_S1_R4\seed_202
D:\Install\Dev\Projects\IA\Ejercise\t1_trainability_lab_v0.1.0\scripts\train_run.py:169: UserWarning: Converting a tensor with requires_grad=True to a scalar may lead to unexpected behavior.
Consider using tensor.detach() first. (Triggered internally at C:\actions-runner\_work\pytorch\pytorch\pytorch\torch\csrc\autograd\generated\python_variable_methods.cpp:837.)
  train_loss_sum += float(loss)
{"best_val_accuracy": 0.309, "best_val_loss": 1.8340709543228149, "dimension": 64, "elapsed_seconds": 54.685515800025314, "epochs": 36, "finite": true, "rounds": 4, "seed": 202, "slots": 1, "status": "completed", "steps": 2800, "task": "associative_recall", "test_accuracy": 0.29, "test_loss": 1.7946751565933228, "variant": "shared"}

[3/100] START D:\Install\Dev\Projects\IA\Ejercise\t1_trainability_lab_v0.1.0\.venv\Scripts\python.exe D:\Install\Dev\Projects\IA\Ejercise\t1_trainability_lab_v0.1.0\scripts\train_run.py --task associative_recall --variant shared --dimension 64 --slots 1 --rounds 4 --seed 303 --output-dir campaign\runs\associative_recall\shared\D64_S1_R4\seed_303
D:\Install\Dev\Projects\IA\Ejercise\t1_trainability_lab_v0.1.0\scripts\train_run.py:169: UserWarning: Converting a tensor with requires_grad=True to a scalar may lead to unexpected behavior.
Consider using tensor.detach() first. (Triggered internally at C:\actions-runner\_work\pytorch\pytorch\pytorch\torch\csrc\autograd\generated\python_variable_methods.cpp:837.)
  train_loss_sum += float(loss)
{"best_val_accuracy": 0.2985, "best_val_loss": 1.848982717514038, "dimension": 64, "elapsed_seconds": 56.57619079994038, "epochs": 37, "finite": true, "rounds": 4, "seed": 303, "slots": 1, "status": "completed", "steps": 2900, "task": "associative_recall", "test_accuracy": 0.292, "test_loss": 1.8470957555770875, "variant": "shared"}

[4/100] START D:\Install\Dev\Projects\IA\Ejercise\t1_trainability_lab_v0.1.0\.venv\Scripts\python.exe D:\Install\Dev\Projects\IA\Ejercise\t1_trainability_lab_v0.1.0\scripts\train_run.py --task associative_recall --variant shared --dimension 64 --slots 1 --rounds 4 --seed 404 --output-dir campaign\runs\associative_recall\shared\D64_S1_R4\seed_404
D:\Install\Dev\Projects\IA\Ejercise\t1_trainability_lab_v0.1.0\scripts\train_run.py:169: UserWarning: Converting a tensor with requires_grad=True to a scalar may lead to unexpected behavior.
Consider using tensor.detach() first. (Triggered internally at C:\actions-runner\_work\pytorch\pytorch\pytorch\torch\csrc\autograd\generated\python_variable_methods.cpp:837.)
  train_loss_sum += float(loss)
{"best_val_accuracy": 0.292, "best_val_loss": 1.8503034992218017, "dimension": 64, "elapsed_seconds": 47.1827132999897, "epochs": 31, "finite": true, "rounds": 4, "seed": 404, "slots": 1, "status": "completed", "steps": 2400, "task": "associative_recall", "test_accuracy": 0.2955, "test_loss": 1.8289875421524049, "variant": "shared"}

[5/100] START D:\Install\Dev\Projects\IA\Ejercise\t1_trainability_lab_v0.1.0\.venv\Scripts\python.exe D:\Install\Dev\Projects\IA\Ejercise\t1_trainability_lab_v0.1.0\scripts\train_run.py --task associative_recall --variant shared --dimension 64 --slots 1 --rounds 4 --seed 505 --output-dir campaign\runs\associative_recall\shared\D64_S1_R4\seed_505
D:\Install\Dev\Projects\IA\Ejercise\t1_trainability_lab_v0.1.0\scripts\train_run.py:169: UserWarning: Converting a tensor with requires_grad=True to a scalar may lead to unexpected behavior.
Consider using tensor.detach() first. (Triggered internally at C:\actions-runner\_work\pytorch\pytorch\pytorch\torch\csrc\autograd\generated\python_variable_methods.cpp:837.)
  train_loss_sum += float(loss)
{"best_val_accuracy": 0.303, "best_val_loss": 1.763630823135376, "dimension": 64, "elapsed_seconds": 84.51629280019552, "epochs": 55, "finite": true, "rounds": 4, "seed": 505, "slots": 1, "status": "completed", "steps": 4300, "task": "associative_recall", "test_accuracy": 0.289, "test_loss": 1.7546310796737672, "variant": "shared"}

[6/100] START D:\Install\Dev\Projects\IA\Ejercise\t1_trainability_lab_v0.1.0\.venv\Scripts\python.exe D:\Install\Dev\Projects\IA\Ejercise\t1_trainability_lab_v0.1.0\scripts\train_run.py --task associative_recall --variant shared --dimension 64 --slots 4 --rounds 1 --seed 101 --output-dir campaign\runs\associative_recall\shared\D64_S4_R1\seed_101
D:\Install\Dev\Projects\IA\Ejercise\t1_trainability_lab_v0.1.0\scripts\train_run.py:169: UserWarning: Converting a tensor with requires_grad=True to a scalar may lead to unexpected behavior.
Consider using tensor.detach() first. (Triggered internally at C:\actions-runner\_work\pytorch\pytorch\pytorch\torch\csrc\autograd\generated\python_variable_methods.cpp:837.)
  train_loss_sum += float(loss)
{"best_val_accuracy": 0.288, "best_val_loss": 1.9638825607299806, "dimension": 64, "elapsed_seconds": 35.181930399965495, "epochs": 27, "finite": true, "rounds": 1, "seed": 101, "slots": 4, "status": "completed", "steps": 2100, "task": "associative_recall", "test_accuracy": 0.2835, "test_loss": 1.9256753063201903, "variant": "shared"}

[7/100] START D:\Install\Dev\Projects\IA\Ejercise\t1_trainability_lab_v0.1.0\.venv\Scripts\python.exe D:\Install\Dev\Projects\IA\Ejercise\t1_trainability_lab_v0.1.0\scripts\train_run.py --task associative_recall --variant shared --dimension 64 --slots 4 --rounds 4 --seed 101 --output-dir campaign\runs\associative_recall\shared\D64_S4_R4\seed_101
D:\Install\Dev\Projects\IA\Ejercise\t1_trainability_lab_v0.1.0\scripts\train_run.py:169: UserWarning: Converting a tensor with requires_grad=True to a scalar may lead to unexpected behavior.
Consider using tensor.detach() first. (Triggered internally at C:\actions-runner\_work\pytorch\pytorch\pytorch\torch\csrc\autograd\generated\python_variable_methods.cpp:837.)
  train_loss_sum += float(loss)
{"best_val_accuracy": 0.2845, "best_val_loss": 1.9257291555404663, "dimension": 64, "elapsed_seconds": 74.91431200015359, "epochs": 36, "finite": true, "rounds": 4, "seed": 101, "slots": 4, "status": "completed", "steps": 2800, "task": "associative_recall", "test_accuracy": 0.2875, "test_loss": 1.9103158473968507, "variant": "shared"}

[8/100] START D:\Install\Dev\Projects\IA\Ejercise\t1_trainability_lab_v0.1.0\.venv\Scripts\python.exe D:\Install\Dev\Projects\IA\Ejercise\t1_trainability_lab_v0.1.0\scripts\train_run.py --task associative_recall --variant shared --dimension 64 --slots 4 --rounds 4 --seed 202 --output-dir campaign\runs\associative_recall\shared\D64_S4_R4\seed_202
D:\Install\Dev\Projects\IA\Ejercise\t1_trainability_lab_v0.1.0\scripts\train_run.py:169: UserWarning: Converting a tensor with requires_grad=True to a scalar may lead to unexpected behavior.
Consider using tensor.detach() first. (Triggered internally at C:\actions-runner\_work\pytorch\pytorch\pytorch\torch\csrc\autograd\generated\python_variable_methods.cpp:837.)
  train_loss_sum += float(loss)
{"best_val_accuracy": 0.771, "best_val_loss": 0.754586585521698, "dimension": 64, "elapsed_seconds": 133.5866700001061, "epochs": 64, "finite": true, "rounds": 4, "seed": 202, "slots": 4, "status": "completed", "steps": 5000, "task": "associative_recall", "test_accuracy": 0.766, "test_loss": 0.7880282154083252, "variant": "shared"}

[9/100] START D:\Install\Dev\Projects\IA\Ejercise\t1_trainability_lab_v0.1.0\.venv\Scripts\python.exe D:\Install\Dev\Projects\IA\Ejercise\t1_trainability_lab_v0.1.0\scripts\train_run.py --task associative_recall --variant shared --dimension 64 --slots 4 --rounds 4 --seed 303 --output-dir campaign\runs\associative_recall\shared\D64_S4_R4\seed_303
D:\Install\Dev\Projects\IA\Ejercise\t1_trainability_lab_v0.1.0\scripts\train_run.py:169: UserWarning: Converting a tensor with requires_grad=True to a scalar may lead to unexpected behavior.
Consider using tensor.detach() first. (Triggered internally at C:\actions-runner\_work\pytorch\pytorch\pytorch\torch\csrc\autograd\generated\python_variable_methods.cpp:837.)
  train_loss_sum += float(loss)
{"best_val_accuracy": 0.3015, "best_val_loss": 1.901218985557556, "dimension": 64, "elapsed_seconds": 92.79845879995264, "epochs": 45, "finite": true, "rounds": 4, "seed": 303, "slots": 4, "status": "completed", "steps": 3500, "task": "associative_recall", "test_accuracy": 0.294, "test_loss": 1.8948383569717406, "variant": "shared"}

[10/100] START D:\Install\Dev\Projects\IA\Ejercise\t1_trainability_lab_v0.1.0\.venv\Scripts\python.exe D:\Install\Dev\Projects\IA\Ejercise\t1_trainability_lab_v0.1.0\scripts\train_run.py --task associative_recall --variant shared --dimension 64 --slots 4 --rounds 4 --seed 404 --output-dir campaign\runs\associative_recall\shared\D64_S4_R4\seed_404
D:\Install\Dev\Projects\IA\Ejercise\t1_trainability_lab_v0.1.0\scripts\train_run.py:169: UserWarning: Converting a tensor with requires_grad=True to a scalar may lead to unexpected behavior.
Consider using tensor.detach() first. (Triggered internally at C:\actions-runner\_work\pytorch\pytorch\pytorch\torch\csrc\autograd\generated\python_variable_methods.cpp:837.)
  train_loss_sum += float(loss)
{"best_val_accuracy": 0.295, "best_val_loss": 1.9198851108551025, "dimension": 64, "elapsed_seconds": 65.27898920001462, "epochs": 31, "finite": true, "rounds": 4, "seed": 404, "slots": 4, "status": "completed", "steps": 2400, "task": "associative_recall", "test_accuracy": 0.2985, "test_loss": 1.8687819662094116, "variant": "shared"}

[11/100] START D:\Install\Dev\Projects\IA\Ejercise\t1_trainability_lab_v0.1.0\.venv\Scripts\python.exe D:\Install\Dev\Projects\IA\Ejercise\t1_trainability_lab_v0.1.0\scripts\train_run.py --task associative_recall --variant shared --dimension 64 --slots 4 --rounds 4 --seed 505 --output-dir campaign\runs\associative_recall\shared\D64_S4_R4\seed_505
D:\Install\Dev\Projects\IA\Ejercise\t1_trainability_lab_v0.1.0\scripts\train_run.py:169: UserWarning: Converting a tensor with requires_grad=True to a scalar may lead to unexpected behavior.
Consider using tensor.detach() first. (Triggered internally at C:\actions-runner\_work\pytorch\pytorch\pytorch\torch\csrc\autograd\generated\python_variable_methods.cpp:837.)
  train_loss_sum += float(loss)
{"best_val_accuracy": 0.291, "best_val_loss": 1.9158064785003661, "dimension": 64, "elapsed_seconds": 64.38030120008625, "epochs": 31, "finite": true, "rounds": 4, "seed": 505, "slots": 4, "status": "completed", "steps": 2400, "task": "associative_recall", "test_accuracy": 0.2985, "test_loss": 1.8682818593978883, "variant": "shared"}

[12/100] START D:\Install\Dev\Projects\IA\Ejercise\t1_trainability_lab_v0.1.0\.venv\Scripts\python.exe D:\Install\Dev\Projects\IA\Ejercise\t1_trainability_lab_v0.1.0\scripts\train_run.py --task associative_recall --variant shared --dimension 64 --slots 4 --rounds 8 --seed 101 --output-dir campaign\runs\associative_recall\shared\D64_S4_R8\seed_101
D:\Install\Dev\Projects\IA\Ejercise\t1_trainability_lab_v0.1.0\scripts\train_run.py:169: UserWarning: Converting a tensor with requires_grad=True to a scalar may lead to unexpected behavior.
Consider using tensor.detach() first. (Triggered internally at C:\actions-runner\_work\pytorch\pytorch\pytorch\torch\csrc\autograd\generated\python_variable_methods.cpp:837.)
  train_loss_sum += float(loss)
{"best_val_accuracy": 0.2985, "best_val_loss": 2.0007965297698975, "dimension": 64, "elapsed_seconds": 63.55367990001105, "epochs": 21, "finite": true, "rounds": 8, "seed": 101, "slots": 4, "status": "completed", "steps": 1600, "task": "associative_recall", "test_accuracy": 0.2885, "test_loss": 1.9858173379898072, "variant": "shared"}

[13/100] START D:\Install\Dev\Projects\IA\Ejercise\t1_trainability_lab_v0.1.0\.venv\Scripts\python.exe D:\Install\Dev\Projects\IA\Ejercise\t1_trainability_lab_v0.1.0\scripts\train_run.py --task associative_recall --variant shared --dimension 64 --slots 8 --rounds 4 --seed 101 --output-dir campaign\runs\associative_recall\shared\D64_S8_R4\seed_101
D:\Install\Dev\Projects\IA\Ejercise\t1_trainability_lab_v0.1.0\scripts\train_run.py:169: UserWarning: Converting a tensor with requires_grad=True to a scalar may lead to unexpected behavior.
Consider using tensor.detach() first. (Triggered internally at C:\actions-runner\_work\pytorch\pytorch\pytorch\torch\csrc\autograd\generated\python_variable_methods.cpp:837.)
  train_loss_sum += float(loss)
{"best_val_accuracy": 0.29, "best_val_loss": 1.991460174560547, "dimension": 64, "elapsed_seconds": 69.8710874998942, "epochs": 26, "finite": true, "rounds": 4, "seed": 101, "slots": 8, "status": "completed", "steps": 2000, "task": "associative_recall", "test_accuracy": 0.304, "test_loss": 1.9285355701446534, "variant": "shared"}

[14/100] START D:\Install\Dev\Projects\IA\Ejercise\t1_trainability_lab_v0.1.0\.venv\Scripts\python.exe D:\Install\Dev\Projects\IA\Ejercise\t1_trainability_lab_v0.1.0\scripts\train_run.py --task associative_recall --variant shared --dimension 64 --slots 8 --rounds 4 --seed 202 --output-dir campaign\runs\associative_recall\shared\D64_S8_R4\seed_202
D:\Install\Dev\Projects\IA\Ejercise\t1_trainability_lab_v0.1.0\scripts\train_run.py:169: UserWarning: Converting a tensor with requires_grad=True to a scalar may lead to unexpected behavior.
Consider using tensor.detach() first. (Triggered internally at C:\actions-runner\_work\pytorch\pytorch\pytorch\torch\csrc\autograd\generated\python_variable_methods.cpp:837.)
  train_loss_sum += float(loss)
{"best_val_accuracy": 0.9595, "best_val_loss": 0.13303696101903914, "dimension": 64, "elapsed_seconds": 174.16806280007586, "epochs": 64, "finite": true, "rounds": 4, "seed": 202, "slots": 8, "status": "completed", "steps": 5000, "task": "associative_recall", "test_accuracy": 0.958, "test_loss": 0.13622993755340576, "variant": "shared"}

[15/100] START D:\Install\Dev\Projects\IA\Ejercise\t1_trainability_lab_v0.1.0\.venv\Scripts\python.exe D:\Install\Dev\Projects\IA\Ejercise\t1_trainability_lab_v0.1.0\scripts\train_run.py --task associative_recall --variant shared --dimension 64 --slots 8 --rounds 4 --seed 303 --output-dir campaign\runs\associative_recall\shared\D64_S8_R4\seed_303
D:\Install\Dev\Projects\IA\Ejercise\t1_trainability_lab_v0.1.0\scripts\train_run.py:169: UserWarning: Converting a tensor with requires_grad=True to a scalar may lead to unexpected behavior.
Consider using tensor.detach() first. (Triggered internally at C:\actions-runner\_work\pytorch\pytorch\pytorch\torch\csrc\autograd\generated\python_variable_methods.cpp:837.)
  train_loss_sum += float(loss)
{"best_val_accuracy": 0.283, "best_val_loss": 1.9135453186035156, "dimension": 64, "elapsed_seconds": 79.95368060003966, "epochs": 30, "finite": true, "rounds": 4, "seed": 303, "slots": 8, "status": "completed", "steps": 2300, "task": "associative_recall", "test_accuracy": 0.2905, "test_loss": 1.9319391345977783, "variant": "shared"}

[16/100] START D:\Install\Dev\Projects\IA\Ejercise\t1_trainability_lab_v0.1.0\.venv\Scripts\python.exe D:\Install\Dev\Projects\IA\Ejercise\t1_trainability_lab_v0.1.0\scripts\train_run.py --task associative_recall --variant shared --dimension 64 --slots 8 --rounds 4 --seed 404 --output-dir campaign\runs\associative_recall\shared\D64_S8_R4\seed_404
D:\Install\Dev\Projects\IA\Ejercise\t1_trainability_lab_v0.1.0\scripts\train_run.py:169: UserWarning: Converting a tensor with requires_grad=True to a scalar may lead to unexpected behavior.
Consider using tensor.detach() first. (Triggered internally at C:\actions-runner\_work\pytorch\pytorch\pytorch\torch\csrc\autograd\generated\python_variable_methods.cpp:837.)
  train_loss_sum += float(loss)
{"best_val_accuracy": 0.867, "best_val_loss": 0.41056611490249634, "dimension": 64, "elapsed_seconds": 183.7897189001087, "epochs": 64, "finite": true, "rounds": 4, "seed": 404, "slots": 8, "status": "completed", "steps": 5000, "task": "associative_recall", "test_accuracy": 0.8915, "test_loss": 0.3505805821418762, "variant": "shared"}

[17/100] START D:\Install\Dev\Projects\IA\Ejercise\t1_trainability_lab_v0.1.0\.venv\Scripts\python.exe D:\Install\Dev\Projects\IA\Ejercise\t1_trainability_lab_v0.1.0\scripts\train_run.py --task associative_recall --variant shared --dimension 64 --slots 8 --rounds 4 --seed 505 --output-dir campaign\runs\associative_recall\shared\D64_S8_R4\seed_505
D:\Install\Dev\Projects\IA\Ejercise\t1_trainability_lab_v0.1.0\scripts\train_run.py:169: UserWarning: Converting a tensor with requires_grad=True to a scalar may lead to unexpected behavior.
Consider using tensor.detach() first. (Triggered internally at C:\actions-runner\_work\pytorch\pytorch\pytorch\torch\csrc\autograd\generated\python_variable_methods.cpp:837.)
  train_loss_sum += float(loss)
{"best_val_accuracy": 0.2885, "best_val_loss": 2.067604871749878, "dimension": 64, "elapsed_seconds": 54.75443829991855, "epochs": 19, "finite": true, "rounds": 4, "seed": 505, "slots": 8, "status": "completed", "steps": 1500, "task": "associative_recall", "test_accuracy": 0.285, "test_loss": 2.0560599822998045, "variant": "shared"}

[18/100] START D:\Install\Dev\Projects\IA\Ejercise\t1_trainability_lab_v0.1.0\.venv\Scripts\python.exe D:\Install\Dev\Projects\IA\Ejercise\t1_trainability_lab_v0.1.0\scripts\train_run.py --task associative_recall --variant single --dimension 64 --slots 4 --rounds 1 --seed 101 --output-dir campaign\runs\associative_recall\single\D64_S4_R1\seed_101
D:\Install\Dev\Projects\IA\Ejercise\t1_trainability_lab_v0.1.0\scripts\train_run.py:169: UserWarning: Converting a tensor with requires_grad=True to a scalar may lead to unexpected behavior.
Consider using tensor.detach() first. (Triggered internally at C:\actions-runner\_work\pytorch\pytorch\pytorch\torch\csrc\autograd\generated\python_variable_methods.cpp:837.)
  train_loss_sum += float(loss)
{"best_val_accuracy": 0.288, "best_val_loss": 1.9638825607299806, "dimension": 64, "elapsed_seconds": 36.88566230004653, "epochs": 27, "finite": true, "rounds": 1, "seed": 101, "slots": 4, "status": "completed", "steps": 2100, "task": "associative_recall", "test_accuracy": 0.2835, "test_loss": 1.9256753063201903, "variant": "single"}

[19/100] START D:\Install\Dev\Projects\IA\Ejercise\t1_trainability_lab_v0.1.0\.venv\Scripts\python.exe D:\Install\Dev\Projects\IA\Ejercise\t1_trainability_lab_v0.1.0\scripts\train_run.py --task associative_recall --variant untied --dimension 64 --slots 4 --rounds 4 --seed 101 --output-dir campaign\runs\associative_recall\untied\D64_S4_R4\seed_101
D:\Install\Dev\Projects\IA\Ejercise\t1_trainability_lab_v0.1.0\scripts\train_run.py:169: UserWarning: Converting a tensor with requires_grad=True to a scalar may lead to unexpected behavior.
Consider using tensor.detach() first. (Triggered internally at C:\actions-runner\_work\pytorch\pytorch\pytorch\torch\csrc\autograd\generated\python_variable_methods.cpp:837.)
  train_loss_sum += float(loss)
{"best_val_accuracy": 0.284, "best_val_loss": 1.9969168968200683, "dimension": 64, "elapsed_seconds": 51.158900999929756, "epochs": 22, "finite": true, "rounds": 4, "seed": 101, "slots": 4, "status": "completed", "steps": 1700, "task": "associative_recall", "test_accuracy": 0.29, "test_loss": 1.94723486328125, "variant": "untied"}

[20/100] START D:\Install\Dev\Projects\IA\Ejercise\t1_trainability_lab_v0.1.0\.venv\Scripts\python.exe D:\Install\Dev\Projects\IA\Ejercise\t1_trainability_lab_v0.1.0\scripts\train_run.py --task associative_recall --variant untied --dimension 64 --slots 4 --rounds 4 --seed 202 --output-dir campaign\runs\associative_recall\untied\D64_S4_R4\seed_202
D:\Install\Dev\Projects\IA\Ejercise\t1_trainability_lab_v0.1.0\scripts\train_run.py:169: UserWarning: Converting a tensor with requires_grad=True to a scalar may lead to unexpected behavior.
Consider using tensor.detach() first. (Triggered internally at C:\actions-runner\_work\pytorch\pytorch\pytorch\torch\csrc\autograd\generated\python_variable_methods.cpp:837.)
  train_loss_sum += float(loss)
{"best_val_accuracy": 0.841, "best_val_loss": 0.6119867448806763, "dimension": 64, "elapsed_seconds": 152.23757880018093, "epochs": 64, "finite": true, "rounds": 4, "seed": 202, "slots": 4, "status": "completed", "steps": 5000, "task": "associative_recall", "test_accuracy": 0.85, "test_loss": 0.5826145162582398, "variant": "untied"}

[21/100] START D:\Install\Dev\Projects\IA\Ejercise\t1_trainability_lab_v0.1.0\.venv\Scripts\python.exe D:\Install\Dev\Projects\IA\Ejercise\t1_trainability_lab_v0.1.0\scripts\train_run.py --task associative_recall --variant untied --dimension 64 --slots 4 --rounds 4 --seed 303 --output-dir campaign\runs\associative_recall\untied\D64_S4_R4\seed_303
D:\Install\Dev\Projects\IA\Ejercise\t1_trainability_lab_v0.1.0\scripts\train_run.py:169: UserWarning: Converting a tensor with requires_grad=True to a scalar may lead to unexpected behavior.
Consider using tensor.detach() first. (Triggered internally at C:\actions-runner\_work\pytorch\pytorch\pytorch\torch\csrc\autograd\generated\python_variable_methods.cpp:837.)
  train_loss_sum += float(loss)
{"best_val_accuracy": 0.2895, "best_val_loss": 1.950135209083557, "dimension": 64, "elapsed_seconds": 103.01517270016484, "epochs": 44, "finite": true, "rounds": 4, "seed": 303, "slots": 4, "status": "completed", "steps": 3400, "task": "associative_recall", "test_accuracy": 0.282, "test_loss": 1.939067322731018, "variant": "untied"}

[22/100] START D:\Install\Dev\Projects\IA\Ejercise\t1_trainability_lab_v0.1.0\.venv\Scripts\python.exe D:\Install\Dev\Projects\IA\Ejercise\t1_trainability_lab_v0.1.0\scripts\train_run.py --task associative_recall --variant untied --dimension 64 --slots 4 --rounds 4 --seed 404 --output-dir campaign\runs\associative_recall\untied\D64_S4_R4\seed_404
D:\Install\Dev\Projects\IA\Ejercise\t1_trainability_lab_v0.1.0\scripts\train_run.py:169: UserWarning: Converting a tensor with requires_grad=True to a scalar may lead to unexpected behavior.
Consider using tensor.detach() first. (Triggered internally at C:\actions-runner\_work\pytorch\pytorch\pytorch\torch\csrc\autograd\generated\python_variable_methods.cpp:837.)
  train_loss_sum += float(loss)
{"best_val_accuracy": 0.2995, "best_val_loss": 2.013723066329956, "dimension": 64, "elapsed_seconds": 49.625979100121185, "epochs": 21, "finite": true, "rounds": 4, "seed": 404, "slots": 4, "status": "completed", "steps": 1600, "task": "associative_recall", "test_accuracy": 0.2865, "test_loss": 1.9883498163223268, "variant": "untied"}

[23/100] START D:\Install\Dev\Projects\IA\Ejercise\t1_trainability_lab_v0.1.0\.venv\Scripts\python.exe D:\Install\Dev\Projects\IA\Ejercise\t1_trainability_lab_v0.1.0\scripts\train_run.py --task associative_recall --variant untied --dimension 64 --slots 4 --rounds 4 --seed 505 --output-dir campaign\runs\associative_recall\untied\D64_S4_R4\seed_505
D:\Install\Dev\Projects\IA\Ejercise\t1_trainability_lab_v0.1.0\scripts\train_run.py:169: UserWarning: Converting a tensor with requires_grad=True to a scalar may lead to unexpected behavior.
Consider using tensor.detach() first. (Triggered internally at C:\actions-runner\_work\pytorch\pytorch\pytorch\torch\csrc\autograd\generated\python_variable_methods.cpp:837.)
  train_loss_sum += float(loss)
{"best_val_accuracy": 0.287, "best_val_loss": 2.024630214691162, "dimension": 64, "elapsed_seconds": 47.55572649999522, "epochs": 21, "finite": true, "rounds": 4, "seed": 505, "slots": 4, "status": "completed", "steps": 1600, "task": "associative_recall", "test_accuracy": 0.28, "test_loss": 2.0233050022125245, "variant": "untied"}

[24/100] START D:\Install\Dev\Projects\IA\Ejercise\t1_trainability_lab_v0.1.0\.venv\Scripts\python.exe D:\Install\Dev\Projects\IA\Ejercise\t1_trainability_lab_v0.1.0\scripts\train_run.py --task associative_recall --variant vector-state --dimension 64 --slots 1 --rounds 4 --seed 101 --output-dir campaign\runs\associative_recall\vector-state\D64_S1_R4\seed_101
D:\Install\Dev\Projects\IA\Ejercise\t1_trainability_lab_v0.1.0\scripts\train_run.py:169: UserWarning: Converting a tensor with requires_grad=True to a scalar may lead to unexpected behavior.
Consider using tensor.detach() first. (Triggered internally at C:\actions-runner\_work\pytorch\pytorch\pytorch\torch\csrc\autograd\generated\python_variable_methods.cpp:837.)
  train_loss_sum += float(loss)
{"best_val_accuracy": 0.2895, "best_val_loss": 1.845856237411499, "dimension": 64, "elapsed_seconds": 67.19836869998835, "epochs": 38, "finite": true, "rounds": 4, "seed": 101, "slots": 1, "status": "completed", "steps": 3000, "task": "associative_recall", "test_accuracy": 0.2755, "test_loss": 1.8209441766738892, "variant": "vector-state"}

[25/100] START D:\Install\Dev\Projects\IA\Ejercise\t1_trainability_lab_v0.1.0\.venv\Scripts\python.exe D:\Install\Dev\Projects\IA\Ejercise\t1_trainability_lab_v0.1.0\scripts\train_run.py --task length_generalization --variant shared --dimension 64 --slots 1 --rounds 4 --seed 101 --output-dir campaign\runs\length_generalization\shared\D64_S1_R4\seed_101
D:\Install\Dev\Projects\IA\Ejercise\t1_trainability_lab_v0.1.0\scripts\train_run.py:169: UserWarning: Converting a tensor with requires_grad=True to a scalar may lead to unexpected behavior.
Consider using tensor.detach() first. (Triggered internally at C:\actions-runner\_work\pytorch\pytorch\pytorch\torch\csrc\autograd\generated\python_variable_methods.cpp:837.)
  train_loss_sum += float(loss)
{"best_val_accuracy": 1.0, "best_val_loss": 2.164053863089066e-05, "dimension": 64, "elapsed_seconds": 97.8814590999391, "epochs": 64, "finite": true, "rounds": 4, "seed": 101, "slots": 1, "status": "completed", "steps": 5000, "task": "length_generalization", "test_accuracy": 0.0, "test_loss": 19.02552780151367, "variant": "shared"}

[26/100] START D:\Install\Dev\Projects\IA\Ejercise\t1_trainability_lab_v0.1.0\.venv\Scripts\python.exe D:\Install\Dev\Projects\IA\Ejercise\t1_trainability_lab_v0.1.0\scripts\train_run.py --task length_generalization --variant shared --dimension 64 --slots 4 --rounds 1 --seed 101 --output-dir campaign\runs\length_generalization\shared\D64_S4_R1\seed_101
D:\Install\Dev\Projects\IA\Ejercise\t1_trainability_lab_v0.1.0\scripts\train_run.py:169: UserWarning: Converting a tensor with requires_grad=True to a scalar may lead to unexpected behavior.
Consider using tensor.detach() first. (Triggered internally at C:\actions-runner\_work\pytorch\pytorch\pytorch\torch\csrc\autograd\generated\python_variable_methods.cpp:837.)
  train_loss_sum += float(loss)
{"best_val_accuracy": 1.0, "best_val_loss": 2.2261606180109085e-05, "dimension": 64, "elapsed_seconds": 83.20616720011458, "epochs": 64, "finite": true, "rounds": 1, "seed": 101, "slots": 4, "status": "completed", "steps": 5000, "task": "length_generalization", "test_accuracy": 0.0, "test_loss": 18.631694869995115, "variant": "shared"}

[27/100] START D:\Install\Dev\Projects\IA\Ejercise\t1_trainability_lab_v0.1.0\.venv\Scripts\python.exe D:\Install\Dev\Projects\IA\Ejercise\t1_trainability_lab_v0.1.0\scripts\train_run.py --task length_generalization --variant shared --dimension 64 --slots 4 --rounds 4 --seed 101 --output-dir campaign\runs\length_generalization\shared\D64_S4_R4\seed_101
D:\Install\Dev\Projects\IA\Ejercise\t1_trainability_lab_v0.1.0\scripts\train_run.py:169: UserWarning: Converting a tensor with requires_grad=True to a scalar may lead to unexpected behavior.
Consider using tensor.detach() first. (Triggered internally at C:\actions-runner\_work\pytorch\pytorch\pytorch\torch\csrc\autograd\generated\python_variable_methods.cpp:837.)
  train_loss_sum += float(loss)
{"best_val_accuracy": 1.0, "best_val_loss": 2.1342164152883923e-05, "dimension": 64, "elapsed_seconds": 135.76150619983673, "epochs": 64, "finite": true, "rounds": 4, "seed": 101, "slots": 4, "status": "completed", "steps": 5000, "task": "length_generalization", "test_accuracy": 0.0, "test_loss": 19.074001220703124, "variant": "shared"}

[28/100] START D:\Install\Dev\Projects\IA\Ejercise\t1_trainability_lab_v0.1.0\.venv\Scripts\python.exe D:\Install\Dev\Projects\IA\Ejercise\t1_trainability_lab_v0.1.0\scripts\train_run.py --task length_generalization --variant shared --dimension 64 --slots 4 --rounds 4 --seed 202 --output-dir campaign\runs\length_generalization\shared\D64_S4_R4\seed_202
D:\Install\Dev\Projects\IA\Ejercise\t1_trainability_lab_v0.1.0\scripts\train_run.py:169: UserWarning: Converting a tensor with requires_grad=True to a scalar may lead to unexpected behavior.
Consider using tensor.detach() first. (Triggered internally at C:\actions-runner\_work\pytorch\pytorch\pytorch\torch\csrc\autograd\generated\python_variable_methods.cpp:837.)
  train_loss_sum += float(loss)
{"best_val_accuracy": 1.0, "best_val_loss": 1.9098573829978704e-05, "dimension": 64, "elapsed_seconds": 136.83048849995248, "epochs": 64, "finite": true, "rounds": 4, "seed": 202, "slots": 4, "status": "completed", "steps": 5000, "task": "length_generalization", "test_accuracy": 0.0, "test_loss": 18.84403169250488, "variant": "shared"}

[29/100] START D:\Install\Dev\Projects\IA\Ejercise\t1_trainability_lab_v0.1.0\.venv\Scripts\python.exe D:\Install\Dev\Projects\IA\Ejercise\t1_trainability_lab_v0.1.0\scripts\train_run.py --task length_generalization --variant shared --dimension 64 --slots 4 --rounds 4 --seed 303 --output-dir campaign\runs\length_generalization\shared\D64_S4_R4\seed_303
D:\Install\Dev\Projects\IA\Ejercise\t1_trainability_lab_v0.1.0\scripts\train_run.py:169: UserWarning: Converting a tensor with requires_grad=True to a scalar may lead to unexpected behavior.
Consider using tensor.detach() first. (Triggered internally at C:\actions-runner\_work\pytorch\pytorch\pytorch\torch\csrc\autograd\generated\python_variable_methods.cpp:837.)
  train_loss_sum += float(loss)
{"best_val_accuracy": 1.0, "best_val_loss": 2.017924223036971e-05, "dimension": 64, "elapsed_seconds": 135.31852119998075, "epochs": 64, "finite": true, "rounds": 4, "seed": 303, "slots": 4, "status": "completed", "steps": 5000, "task": "length_generalization", "test_accuracy": 0.0, "test_loss": 17.689022415161133, "variant": "shared"}

[30/100] START D:\Install\Dev\Projects\IA\Ejercise\t1_trainability_lab_v0.1.0\.venv\Scripts\python.exe D:\Install\Dev\Projects\IA\Ejercise\t1_trainability_lab_v0.1.0\scripts\train_run.py --task length_generalization --variant shared --dimension 64 --slots 4 --rounds 4 --seed 404 --output-dir campaign\runs\length_generalization\shared\D64_S4_R4\seed_404
D:\Install\Dev\Projects\IA\Ejercise\t1_trainability_lab_v0.1.0\scripts\train_run.py:169: UserWarning: Converting a tensor with requires_grad=True to a scalar may lead to unexpected behavior.
Consider using tensor.detach() first. (Triggered internally at C:\actions-runner\_work\pytorch\pytorch\pytorch\torch\csrc\autograd\generated\python_variable_methods.cpp:837.)
  train_loss_sum += float(loss)
{"best_val_accuracy": 1.0, "best_val_loss": 2.1025313835707492e-05, "dimension": 64, "elapsed_seconds": 135.67109489999712, "epochs": 64, "finite": true, "rounds": 4, "seed": 404, "slots": 4, "status": "completed", "steps": 5000, "task": "length_generalization", "test_accuracy": 0.0, "test_loss": 18.75687124633789, "variant": "shared"}

[31/100] START D:\Install\Dev\Projects\IA\Ejercise\t1_trainability_lab_v0.1.0\.venv\Scripts\python.exe D:\Install\Dev\Projects\IA\Ejercise\t1_trainability_lab_v0.1.0\scripts\train_run.py --task length_generalization --variant shared --dimension 64 --slots 4 --rounds 4 --seed 505 --output-dir campaign\runs\length_generalization\shared\D64_S4_R4\seed_505
D:\Install\Dev\Projects\IA\Ejercise\t1_trainability_lab_v0.1.0\scripts\train_run.py:169: UserWarning: Converting a tensor with requires_grad=True to a scalar may lead to unexpected behavior.
Consider using tensor.detach() first. (Triggered internally at C:\actions-runner\_work\pytorch\pytorch\pytorch\torch\csrc\autograd\generated\python_variable_methods.cpp:837.)
  train_loss_sum += float(loss)
{"best_val_accuracy": 1.0, "best_val_loss": 2.0498418336501344e-05, "dimension": 64, "elapsed_seconds": 135.03438650001772, "epochs": 64, "finite": true, "rounds": 4, "seed": 505, "slots": 4, "status": "completed", "steps": 5000, "task": "length_generalization", "test_accuracy": 0.0, "test_loss": 19.43616812133789, "variant": "shared"}

[32/100] START D:\Install\Dev\Projects\IA\Ejercise\t1_trainability_lab_v0.1.0\.venv\Scripts\python.exe D:\Install\Dev\Projects\IA\Ejercise\t1_trainability_lab_v0.1.0\scripts\train_run.py --task length_generalization --variant shared --dimension 64 --slots 4 --rounds 8 --seed 101 --output-dir campaign\runs\length_generalization\shared\D64_S4_R8\seed_101
D:\Install\Dev\Projects\IA\Ejercise\t1_trainability_lab_v0.1.0\scripts\train_run.py:169: UserWarning: Converting a tensor with requires_grad=True to a scalar may lead to unexpected behavior.
Consider using tensor.detach() first. (Triggered internally at C:\actions-runner\_work\pytorch\pytorch\pytorch\torch\csrc\autograd\generated\python_variable_methods.cpp:837.)
  train_loss_sum += float(loss)
{"best_val_accuracy": 1.0, "best_val_loss": 2.2151398501591756e-05, "dimension": 64, "elapsed_seconds": 206.85172509984113, "epochs": 64, "finite": true, "rounds": 8, "seed": 101, "slots": 4, "status": "completed", "steps": 5000, "task": "length_generalization", "test_accuracy": 0.0, "test_loss": 19.391541778564452, "variant": "shared"}

[33/100] START D:\Install\Dev\Projects\IA\Ejercise\t1_trainability_lab_v0.1.0\.venv\Scripts\python.exe D:\Install\Dev\Projects\IA\Ejercise\t1_trainability_lab_v0.1.0\scripts\train_run.py --task length_generalization --variant shared --dimension 64 --slots 4 --rounds 8 --seed 202 --output-dir campaign\runs\length_generalization\shared\D64_S4_R8\seed_202
D:\Install\Dev\Projects\IA\Ejercise\t1_trainability_lab_v0.1.0\scripts\train_run.py:169: UserWarning: Converting a tensor with requires_grad=True to a scalar may lead to unexpected behavior.
Consider using tensor.detach() first. (Triggered internally at C:\actions-runner\_work\pytorch\pytorch\pytorch\torch\csrc\autograd\generated\python_variable_methods.cpp:837.)
  train_loss_sum += float(loss)
{"best_val_accuracy": 1.0, "best_val_loss": 2.048029872821644e-05, "dimension": 64, "elapsed_seconds": 204.4800954000093, "epochs": 64, "finite": true, "rounds": 8, "seed": 202, "slots": 4, "status": "completed", "steps": 5000, "task": "length_generalization", "test_accuracy": 0.0, "test_loss": 18.673686431884764, "variant": "shared"}

[34/100] START D:\Install\Dev\Projects\IA\Ejercise\t1_trainability_lab_v0.1.0\.venv\Scripts\python.exe D:\Install\Dev\Projects\IA\Ejercise\t1_trainability_lab_v0.1.0\scripts\train_run.py --task length_generalization --variant shared --dimension 64 --slots 4 --rounds 8 --seed 303 --output-dir campaign\runs\length_generalization\shared\D64_S4_R8\seed_303
D:\Install\Dev\Projects\IA\Ejercise\t1_trainability_lab_v0.1.0\scripts\train_run.py:169: UserWarning: Converting a tensor with requires_grad=True to a scalar may lead to unexpected behavior.
Consider using tensor.detach() first. (Triggered internally at C:\actions-runner\_work\pytorch\pytorch\pytorch\torch\csrc\autograd\generated\python_variable_methods.cpp:837.)
  train_loss_sum += float(loss)
{"best_val_accuracy": 1.0, "best_val_loss": 2.093662304105237e-05, "dimension": 64, "elapsed_seconds": 205.2775017998647, "epochs": 64, "finite": true, "rounds": 8, "seed": 303, "slots": 4, "status": "completed", "steps": 5000, "task": "length_generalization", "test_accuracy": 0.0, "test_loss": 19.83891177368164, "variant": "shared"}

[35/100] START D:\Install\Dev\Projects\IA\Ejercise\t1_trainability_lab_v0.1.0\.venv\Scripts\python.exe D:\Install\Dev\Projects\IA\Ejercise\t1_trainability_lab_v0.1.0\scripts\train_run.py --task length_generalization --variant shared --dimension 64 --slots 4 --rounds 8 --seed 404 --output-dir campaign\runs\length_generalization\shared\D64_S4_R8\seed_404
D:\Install\Dev\Projects\IA\Ejercise\t1_trainability_lab_v0.1.0\scripts\train_run.py:169: UserWarning: Converting a tensor with requires_grad=True to a scalar may lead to unexpected behavior.
Consider using tensor.detach() first. (Triggered internally at C:\actions-runner\_work\pytorch\pytorch\pytorch\torch\csrc\autograd\generated\python_variable_methods.cpp:837.)
  train_loss_sum += float(loss)
{"best_val_accuracy": 1.0, "best_val_loss": 2.0253151305951178e-05, "dimension": 64, "elapsed_seconds": 203.7990293998737, "epochs": 64, "finite": true, "rounds": 8, "seed": 404, "slots": 4, "status": "completed", "steps": 5000, "task": "length_generalization", "test_accuracy": 0.0, "test_loss": 18.97622149658203, "variant": "shared"}

[36/100] START D:\Install\Dev\Projects\IA\Ejercise\t1_trainability_lab_v0.1.0\.venv\Scripts\python.exe D:\Install\Dev\Projects\IA\Ejercise\t1_trainability_lab_v0.1.0\scripts\train_run.py --task length_generalization --variant shared --dimension 64 --slots 4 --rounds 8 --seed 505 --output-dir campaign\runs\length_generalization\shared\D64_S4_R8\seed_505
D:\Install\Dev\Projects\IA\Ejercise\t1_trainability_lab_v0.1.0\scripts\train_run.py:169: UserWarning: Converting a tensor with requires_grad=True to a scalar may lead to unexpected behavior.
Consider using tensor.detach() first. (Triggered internally at C:\actions-runner\_work\pytorch\pytorch\pytorch\torch\csrc\autograd\generated\python_variable_methods.cpp:837.)
  train_loss_sum += float(loss)
{"best_val_accuracy": 1.0, "best_val_loss": 1.9853928562952205e-05, "dimension": 64, "elapsed_seconds": 203.90244690002874, "epochs": 64, "finite": true, "rounds": 8, "seed": 505, "slots": 4, "status": "completed", "steps": 5000, "task": "length_generalization", "test_accuracy": 0.0, "test_loss": 19.28985525512695, "variant": "shared"}

[37/100] START D:\Install\Dev\Projects\IA\Ejercise\t1_trainability_lab_v0.1.0\.venv\Scripts\python.exe D:\Install\Dev\Projects\IA\Ejercise\t1_trainability_lab_v0.1.0\scripts\train_run.py --task length_generalization --variant shared --dimension 64 --slots 8 --rounds 4 --seed 101 --output-dir campaign\runs\length_generalization\shared\D64_S8_R4\seed_101
D:\Install\Dev\Projects\IA\Ejercise\t1_trainability_lab_v0.1.0\scripts\train_run.py:169: UserWarning: Converting a tensor with requires_grad=True to a scalar may lead to unexpected behavior.
Consider using tensor.detach() first. (Triggered internally at C:\actions-runner\_work\pytorch\pytorch\pytorch\torch\csrc\autograd\generated\python_variable_methods.cpp:837.)
  train_loss_sum += float(loss)
{"best_val_accuracy": 1.0, "best_val_loss": 2.0490311973844655e-05, "dimension": 64, "elapsed_seconds": 178.66733109997585, "epochs": 64, "finite": true, "rounds": 4, "seed": 101, "slots": 8, "status": "completed", "steps": 5000, "task": "length_generalization", "test_accuracy": 0.0, "test_loss": 18.55314936828613, "variant": "shared"}

[38/100] START D:\Install\Dev\Projects\IA\Ejercise\t1_trainability_lab_v0.1.0\.venv\Scripts\python.exe D:\Install\Dev\Projects\IA\Ejercise\t1_trainability_lab_v0.1.0\scripts\train_run.py --task length_generalization --variant single --dimension 64 --slots 4 --rounds 1 --seed 101 --output-dir campaign\runs\length_generalization\single\D64_S4_R1\seed_101
D:\Install\Dev\Projects\IA\Ejercise\t1_trainability_lab_v0.1.0\scripts\train_run.py:169: UserWarning: Converting a tensor with requires_grad=True to a scalar may lead to unexpected behavior.
Consider using tensor.detach() first. (Triggered internally at C:\actions-runner\_work\pytorch\pytorch\pytorch\torch\csrc\autograd\generated\python_variable_methods.cpp:837.)
  train_loss_sum += float(loss)
{"best_val_accuracy": 1.0, "best_val_loss": 2.2261606180109085e-05, "dimension": 64, "elapsed_seconds": 83.54784930008464, "epochs": 64, "finite": true, "rounds": 1, "seed": 101, "slots": 4, "status": "completed", "steps": 5000, "task": "length_generalization", "test_accuracy": 0.0, "test_loss": 18.631694869995115, "variant": "single"}

[39/100] START D:\Install\Dev\Projects\IA\Ejercise\t1_trainability_lab_v0.1.0\.venv\Scripts\python.exe D:\Install\Dev\Projects\IA\Ejercise\t1_trainability_lab_v0.1.0\scripts\train_run.py --task length_generalization --variant untied --dimension 64 --slots 4 --rounds 4 --seed 101 --output-dir campaign\runs\length_generalization\untied\D64_S4_R4\seed_101
D:\Install\Dev\Projects\IA\Ejercise\t1_trainability_lab_v0.1.0\scripts\train_run.py:169: UserWarning: Converting a tensor with requires_grad=True to a scalar may lead to unexpected behavior.
Consider using tensor.detach() first. (Triggered internally at C:\actions-runner\_work\pytorch\pytorch\pytorch\torch\csrc\autograd\generated\python_variable_methods.cpp:837.)
  train_loss_sum += float(loss)
{"best_val_accuracy": 1.0, "best_val_loss": 2.1363323656260035e-05, "dimension": 64, "elapsed_seconds": 148.88459380017594, "epochs": 64, "finite": true, "rounds": 4, "seed": 101, "slots": 4, "status": "completed", "steps": 5000, "task": "length_generalization", "test_accuracy": 0.0, "test_loss": 18.636137619018555, "variant": "untied"}

[40/100] START D:\Install\Dev\Projects\IA\Ejercise\t1_trainability_lab_v0.1.0\.venv\Scripts\python.exe D:\Install\Dev\Projects\IA\Ejercise\t1_trainability_lab_v0.1.0\scripts\train_run.py --task length_generalization --variant vector-state --dimension 64 --slots 1 --rounds 4 --seed 101 --output-dir campaign\runs\length_generalization\vector-state\D64_S1_R4\seed_101
D:\Install\Dev\Projects\IA\Ejercise\t1_trainability_lab_v0.1.0\scripts\train_run.py:169: UserWarning: Converting a tensor with requires_grad=True to a scalar may lead to unexpected behavior.
Consider using tensor.detach() first. (Triggered internally at C:\actions-runner\_work\pytorch\pytorch\pytorch\torch\csrc\autograd\generated\python_variable_methods.cpp:837.)
  train_loss_sum += float(loss)
{"best_val_accuracy": 1.0, "best_val_loss": 2.164053863089066e-05, "dimension": 64, "elapsed_seconds": 97.08298519998789, "epochs": 64, "finite": true, "rounds": 4, "seed": 101, "slots": 1, "status": "completed", "steps": 5000, "task": "length_generalization", "test_accuracy": 0.0, "test_loss": 19.02552780151367, "variant": "vector-state"}

[41/100] START D:\Install\Dev\Projects\IA\Ejercise\t1_trainability_lab_v0.1.0\.venv\Scripts\python.exe D:\Install\Dev\Projects\IA\Ejercise\t1_trainability_lab_v0.1.0\scripts\train_run.py --task multi_hop --variant shared --dimension 64 --slots 1 --rounds 4 --seed 101 --output-dir campaign\runs\multi_hop\shared\D64_S1_R4\seed_101
D:\Install\Dev\Projects\IA\Ejercise\t1_trainability_lab_v0.1.0\scripts\train_run.py:169: UserWarning: Converting a tensor with requires_grad=True to a scalar may lead to unexpected behavior.
Consider using tensor.detach() first. (Triggered internally at C:\actions-runner\_work\pytorch\pytorch\pytorch\torch\csrc\autograd\generated\python_variable_methods.cpp:837.)
  train_loss_sum += float(loss)
{"best_val_accuracy": 1.0, "best_val_loss": 2.2308215397060848e-05, "dimension": 64, "elapsed_seconds": 98.92244640015997, "epochs": 64, "finite": true, "rounds": 4, "seed": 101, "slots": 1, "status": "completed", "steps": 5000, "task": "multi_hop", "test_accuracy": 1.0, "test_loss": 2.231447356462013e-05, "variant": "shared"}

[42/100] START D:\Install\Dev\Projects\IA\Ejercise\t1_trainability_lab_v0.1.0\.venv\Scripts\python.exe D:\Install\Dev\Projects\IA\Ejercise\t1_trainability_lab_v0.1.0\scripts\train_run.py --task multi_hop --variant shared --dimension 64 --slots 1 --rounds 4 --seed 202 --output-dir campaign\runs\multi_hop\shared\D64_S1_R4\seed_202
D:\Install\Dev\Projects\IA\Ejercise\t1_trainability_lab_v0.1.0\scripts\train_run.py:169: UserWarning: Converting a tensor with requires_grad=True to a scalar may lead to unexpected behavior.
Consider using tensor.detach() first. (Triggered internally at C:\actions-runner\_work\pytorch\pytorch\pytorch\torch\csrc\autograd\generated\python_variable_methods.cpp:837.)
  train_loss_sum += float(loss)
{"best_val_accuracy": 1.0, "best_val_loss": 2.1694242226658388e-05, "dimension": 64, "elapsed_seconds": 98.38572689983994, "epochs": 64, "finite": true, "rounds": 4, "seed": 202, "slots": 1, "status": "completed", "steps": 5000, "task": "multi_hop", "test_accuracy": 1.0, "test_loss": 2.1604181703878565e-05, "variant": "shared"}

[43/100] START D:\Install\Dev\Projects\IA\Ejercise\t1_trainability_lab_v0.1.0\.venv\Scripts\python.exe D:\Install\Dev\Projects\IA\Ejercise\t1_trainability_lab_v0.1.0\scripts\train_run.py --task multi_hop --variant shared --dimension 64 --slots 1 --rounds 4 --seed 303 --output-dir campaign\runs\multi_hop\shared\D64_S1_R4\seed_303
D:\Install\Dev\Projects\IA\Ejercise\t1_trainability_lab_v0.1.0\scripts\train_run.py:169: UserWarning: Converting a tensor with requires_grad=True to a scalar may lead to unexpected behavior.
Consider using tensor.detach() first. (Triggered internally at C:\actions-runner\_work\pytorch\pytorch\pytorch\torch\csrc\autograd\generated\python_variable_methods.cpp:837.)
  train_loss_sum += float(loss)
{"best_val_accuracy": 1.0, "best_val_loss": 2.2125532079371623e-05, "dimension": 64, "elapsed_seconds": 96.9829084998928, "epochs": 64, "finite": true, "rounds": 4, "seed": 303, "slots": 1, "status": "completed", "steps": 5000, "task": "multi_hop", "test_accuracy": 1.0, "test_loss": 2.2009305757819676e-05, "variant": "shared"}

[44/100] START D:\Install\Dev\Projects\IA\Ejercise\t1_trainability_lab_v0.1.0\.venv\Scripts\python.exe D:\Install\Dev\Projects\IA\Ejercise\t1_trainability_lab_v0.1.0\scripts\train_run.py --task multi_hop --variant shared --dimension 64 --slots 1 --rounds 4 --seed 404 --output-dir campaign\runs\multi_hop\shared\D64_S1_R4\seed_404
D:\Install\Dev\Projects\IA\Ejercise\t1_trainability_lab_v0.1.0\scripts\train_run.py:169: UserWarning: Converting a tensor with requires_grad=True to a scalar may lead to unexpected behavior.
Consider using tensor.detach() first. (Triggered internally at C:\actions-runner\_work\pytorch\pytorch\pytorch\torch\csrc\autograd\generated\python_variable_methods.cpp:837.)
  train_loss_sum += float(loss)
{"best_val_accuracy": 1.0, "best_val_loss": 2.1724461679696105e-05, "dimension": 64, "elapsed_seconds": 98.20507019991055, "epochs": 64, "finite": true, "rounds": 4, "seed": 404, "slots": 1, "status": "completed", "steps": 5000, "task": "multi_hop", "test_accuracy": 1.0, "test_loss": 2.170181169640273e-05, "variant": "shared"}

[45/100] START D:\Install\Dev\Projects\IA\Ejercise\t1_trainability_lab_v0.1.0\.venv\Scripts\python.exe D:\Install\Dev\Projects\IA\Ejercise\t1_trainability_lab_v0.1.0\scripts\train_run.py --task multi_hop --variant shared --dimension 64 --slots 1 --rounds 4 --seed 505 --output-dir campaign\runs\multi_hop\shared\D64_S1_R4\seed_505
D:\Install\Dev\Projects\IA\Ejercise\t1_trainability_lab_v0.1.0\scripts\train_run.py:169: UserWarning: Converting a tensor with requires_grad=True to a scalar may lead to unexpected behavior.
Consider using tensor.detach() first. (Triggered internally at C:\actions-runner\_work\pytorch\pytorch\pytorch\torch\csrc\autograd\generated\python_variable_methods.cpp:837.)
  train_loss_sum += float(loss)
{"best_val_accuracy": 1.0, "best_val_loss": 2.235297783045098e-05, "dimension": 64, "elapsed_seconds": 99.48671229998581, "epochs": 64, "finite": true, "rounds": 4, "seed": 505, "slots": 1, "status": "completed", "steps": 5000, "task": "multi_hop", "test_accuracy": 1.0, "test_loss": 2.232973229547497e-05, "variant": "shared"}

[46/100] START D:\Install\Dev\Projects\IA\Ejercise\t1_trainability_lab_v0.1.0\.venv\Scripts\python.exe D:\Install\Dev\Projects\IA\Ejercise\t1_trainability_lab_v0.1.0\scripts\train_run.py --task multi_hop --variant shared --dimension 64 --slots 4 --rounds 1 --seed 101 --output-dir campaign\runs\multi_hop\shared\D64_S4_R1\seed_101
D:\Install\Dev\Projects\IA\Ejercise\t1_trainability_lab_v0.1.0\scripts\train_run.py:169: UserWarning: Converting a tensor with requires_grad=True to a scalar may lead to unexpected behavior.
Consider using tensor.detach() first. (Triggered internally at C:\actions-runner\_work\pytorch\pytorch\pytorch\torch\csrc\autograd\generated\python_variable_methods.cpp:837.)
  train_loss_sum += float(loss)
{"best_val_accuracy": 1.0, "best_val_loss": 2.1912687880103477e-05, "dimension": 64, "elapsed_seconds": 84.79077029996552, "epochs": 64, "finite": true, "rounds": 1, "seed": 101, "slots": 4, "status": "completed", "steps": 5000, "task": "multi_hop", "test_accuracy": 1.0, "test_loss": 2.1965198087855242e-05, "variant": "shared"}

[47/100] START D:\Install\Dev\Projects\IA\Ejercise\t1_trainability_lab_v0.1.0\.venv\Scripts\python.exe D:\Install\Dev\Projects\IA\Ejercise\t1_trainability_lab_v0.1.0\scripts\train_run.py --task multi_hop --variant shared --dimension 64 --slots 4 --rounds 1 --seed 202 --output-dir campaign\runs\multi_hop\shared\D64_S4_R1\seed_202
D:\Install\Dev\Projects\IA\Ejercise\t1_trainability_lab_v0.1.0\scripts\train_run.py:169: UserWarning: Converting a tensor with requires_grad=True to a scalar may lead to unexpected behavior.
Consider using tensor.detach() first. (Triggered internally at C:\actions-runner\_work\pytorch\pytorch\pytorch\torch\csrc\autograd\generated\python_variable_methods.cpp:837.)
  train_loss_sum += float(loss)
{"best_val_accuracy": 1.0, "best_val_loss": 2.0711739460239188e-05, "dimension": 64, "elapsed_seconds": 84.21972450008616, "epochs": 64, "finite": true, "rounds": 1, "seed": 202, "slots": 4, "status": "completed", "steps": 5000, "task": "multi_hop", "test_accuracy": 1.0, "test_loss": 2.084344065224286e-05, "variant": "shared"}

[48/100] START D:\Install\Dev\Projects\IA\Ejercise\t1_trainability_lab_v0.1.0\.venv\Scripts\python.exe D:\Install\Dev\Projects\IA\Ejercise\t1_trainability_lab_v0.1.0\scripts\train_run.py --task multi_hop --variant shared --dimension 64 --slots 4 --rounds 1 --seed 303 --output-dir campaign\runs\multi_hop\shared\D64_S4_R1\seed_303
D:\Install\Dev\Projects\IA\Ejercise\t1_trainability_lab_v0.1.0\scripts\train_run.py:169: UserWarning: Converting a tensor with requires_grad=True to a scalar may lead to unexpected behavior.
Consider using tensor.detach() first. (Triggered internally at C:\actions-runner\_work\pytorch\pytorch\pytorch\torch\csrc\autograd\generated\python_variable_methods.cpp:837.)
  train_loss_sum += float(loss)
{"best_val_accuracy": 1.0, "best_val_loss": 2.018531964858994e-05, "dimension": 64, "elapsed_seconds": 84.57303300010972, "epochs": 64, "finite": true, "rounds": 1, "seed": 303, "slots": 4, "status": "completed", "steps": 5000, "task": "multi_hop", "test_accuracy": 1.0, "test_loss": 1.9933554955059663e-05, "variant": "shared"}

[49/100] START D:\Install\Dev\Projects\IA\Ejercise\t1_trainability_lab_v0.1.0\.venv\Scripts\python.exe D:\Install\Dev\Projects\IA\Ejercise\t1_trainability_lab_v0.1.0\scripts\train_run.py --task multi_hop --variant shared --dimension 64 --slots 4 --rounds 1 --seed 404 --output-dir campaign\runs\multi_hop\shared\D64_S4_R1\seed_404
D:\Install\Dev\Projects\IA\Ejercise\t1_trainability_lab_v0.1.0\scripts\train_run.py:169: UserWarning: Converting a tensor with requires_grad=True to a scalar may lead to unexpected behavior.
Consider using tensor.detach() first. (Triggered internally at C:\actions-runner\_work\pytorch\pytorch\pytorch\torch\csrc\autograd\generated\python_variable_methods.cpp:837.)
  train_loss_sum += float(loss)
{"best_val_accuracy": 1.0, "best_val_loss": 2.1514476291486063e-05, "dimension": 64, "elapsed_seconds": 84.37630579993129, "epochs": 64, "finite": true, "rounds": 1, "seed": 404, "slots": 4, "status": "completed", "steps": 5000, "task": "multi_hop", "test_accuracy": 1.0, "test_loss": 2.1580934495432303e-05, "variant": "shared"}

[50/100] START D:\Install\Dev\Projects\IA\Ejercise\t1_trainability_lab_v0.1.0\.venv\Scripts\python.exe D:\Install\Dev\Projects\IA\Ejercise\t1_trainability_lab_v0.1.0\scripts\train_run.py --task multi_hop --variant shared --dimension 64 --slots 4 --rounds 1 --seed 505 --output-dir campaign\runs\multi_hop\shared\D64_S4_R1\seed_505
D:\Install\Dev\Projects\IA\Ejercise\t1_trainability_lab_v0.1.0\scripts\train_run.py:169: UserWarning: Converting a tensor with requires_grad=True to a scalar may lead to unexpected behavior.
Consider using tensor.detach() first. (Triggered internally at C:\actions-runner\_work\pytorch\pytorch\pytorch\torch\csrc\autograd\generated\python_variable_methods.cpp:837.)
  train_loss_sum += float(loss)
{"best_val_accuracy": 1.0, "best_val_loss": 2.1976047442876733e-05, "dimension": 64, "elapsed_seconds": 85.92581859999336, "epochs": 64, "finite": true, "rounds": 1, "seed": 505, "slots": 4, "status": "completed", "steps": 5000, "task": "multi_hop", "test_accuracy": 1.0, "test_loss": 2.2045007775886915e-05, "variant": "shared"}

[51/100] START D:\Install\Dev\Projects\IA\Ejercise\t1_trainability_lab_v0.1.0\.venv\Scripts\python.exe D:\Install\Dev\Projects\IA\Ejercise\t1_trainability_lab_v0.1.0\scripts\train_run.py --task multi_hop --variant shared --dimension 64 --slots 4 --rounds 4 --seed 101 --output-dir campaign\runs\multi_hop\shared\D64_S4_R4\seed_101
D:\Install\Dev\Projects\IA\Ejercise\t1_trainability_lab_v0.1.0\scripts\train_run.py:169: UserWarning: Converting a tensor with requires_grad=True to a scalar may lead to unexpected behavior.
Consider using tensor.detach() first. (Triggered internally at C:\actions-runner\_work\pytorch\pytorch\pytorch\torch\csrc\autograd\generated\python_variable_methods.cpp:837.)
  train_loss_sum += float(loss)
{"best_val_accuracy": 1.0, "best_val_loss": 2.049335098126903e-05, "dimension": 64, "elapsed_seconds": 137.06443499983288, "epochs": 64, "finite": true, "rounds": 4, "seed": 101, "slots": 4, "status": "completed", "steps": 5000, "task": "multi_hop", "test_accuracy": 1.0, "test_loss": 2.0451152988243846e-05, "variant": "shared"}

[52/100] START D:\Install\Dev\Projects\IA\Ejercise\t1_trainability_lab_v0.1.0\.venv\Scripts\python.exe D:\Install\Dev\Projects\IA\Ejercise\t1_trainability_lab_v0.1.0\scripts\train_run.py --task multi_hop --variant shared --dimension 64 --slots 4 --rounds 4 --seed 202 --output-dir campaign\runs\multi_hop\shared\D64_S4_R4\seed_202
D:\Install\Dev\Projects\IA\Ejercise\t1_trainability_lab_v0.1.0\scripts\train_run.py:169: UserWarning: Converting a tensor with requires_grad=True to a scalar may lead to unexpected behavior.
Consider using tensor.detach() first. (Triggered internally at C:\actions-runner\_work\pytorch\pytorch\pytorch\torch\csrc\autograd\generated\python_variable_methods.cpp:837.)
  train_loss_sum += float(loss)
{"best_val_accuracy": 1.0, "best_val_loss": 1.745756863965653e-05, "dimension": 64, "elapsed_seconds": 137.27591229998507, "epochs": 64, "finite": true, "rounds": 4, "seed": 202, "slots": 4, "status": "completed", "steps": 5000, "task": "multi_hop", "test_accuracy": 1.0, "test_loss": 1.740875345421955e-05, "variant": "shared"}

[53/100] START D:\Install\Dev\Projects\IA\Ejercise\t1_trainability_lab_v0.1.0\.venv\Scripts\python.exe D:\Install\Dev\Projects\IA\Ejercise\t1_trainability_lab_v0.1.0\scripts\train_run.py --task multi_hop --variant shared --dimension 64 --slots 4 --rounds 4 --seed 303 --output-dir campaign\runs\multi_hop\shared\D64_S4_R4\seed_303
D:\Install\Dev\Projects\IA\Ejercise\t1_trainability_lab_v0.1.0\scripts\train_run.py:169: UserWarning: Converting a tensor with requires_grad=True to a scalar may lead to unexpected behavior.
Consider using tensor.detach() first. (Triggered internally at C:\actions-runner\_work\pytorch\pytorch\pytorch\torch\csrc\autograd\generated\python_variable_methods.cpp:837.)
  train_loss_sum += float(loss)
{"best_val_accuracy": 1.0, "best_val_loss": 2.114356514357496e-05, "dimension": 64, "elapsed_seconds": 137.38013729988597, "epochs": 64, "finite": true, "rounds": 4, "seed": 303, "slots": 4, "status": "completed", "steps": 5000, "task": "multi_hop", "test_accuracy": 1.0, "test_loss": 2.099264963180758e-05, "variant": "shared"}

[54/100] START D:\Install\Dev\Projects\IA\Ejercise\t1_trainability_lab_v0.1.0\.venv\Scripts\python.exe D:\Install\Dev\Projects\IA\Ejercise\t1_trainability_lab_v0.1.0\scripts\train_run.py --task multi_hop --variant shared --dimension 64 --slots 4 --rounds 4 --seed 404 --output-dir campaign\runs\multi_hop\shared\D64_S4_R4\seed_404
D:\Install\Dev\Projects\IA\Ejercise\t1_trainability_lab_v0.1.0\scripts\train_run.py:169: UserWarning: Converting a tensor with requires_grad=True to a scalar may lead to unexpected behavior.
Consider using tensor.detach() first. (Triggered internally at C:\actions-runner\_work\pytorch\pytorch\pytorch\torch\csrc\autograd\generated\python_variable_methods.cpp:837.)
  train_loss_sum += float(loss)
{"best_val_accuracy": 1.0, "best_val_loss": 2.093107892142143e-05, "dimension": 64, "elapsed_seconds": 136.59208970004693, "epochs": 64, "finite": true, "rounds": 4, "seed": 404, "slots": 4, "status": "completed", "steps": 5000, "task": "multi_hop", "test_accuracy": 1.0, "test_loss": 2.0975244100554848e-05, "variant": "shared"}

[55/100] START D:\Install\Dev\Projects\IA\Ejercise\t1_trainability_lab_v0.1.0\.venv\Scripts\python.exe D:\Install\Dev\Projects\IA\Ejercise\t1_trainability_lab_v0.1.0\scripts\train_run.py --task multi_hop --variant shared --dimension 64 --slots 4 --rounds 4 --seed 505 --output-dir campaign\runs\multi_hop\shared\D64_S4_R4\seed_505
D:\Install\Dev\Projects\IA\Ejercise\t1_trainability_lab_v0.1.0\scripts\train_run.py:169: UserWarning: Converting a tensor with requires_grad=True to a scalar may lead to unexpected behavior.
Consider using tensor.detach() first. (Triggered internally at C:\actions-runner\_work\pytorch\pytorch\pytorch\torch\csrc\autograd\generated\python_variable_methods.cpp:837.)
  train_loss_sum += float(loss)
{"best_val_accuracy": 1.0, "best_val_loss": 2.1648763431585395e-05, "dimension": 64, "elapsed_seconds": 136.49564320011996, "epochs": 64, "finite": true, "rounds": 4, "seed": 505, "slots": 4, "status": "completed", "steps": 5000, "task": "multi_hop", "test_accuracy": 1.0, "test_loss": 2.1565318253124132e-05, "variant": "shared"}

[56/100] START D:\Install\Dev\Projects\IA\Ejercise\t1_trainability_lab_v0.1.0\.venv\Scripts\python.exe D:\Install\Dev\Projects\IA\Ejercise\t1_trainability_lab_v0.1.0\scripts\train_run.py --task multi_hop --variant shared --dimension 64 --slots 4 --rounds 8 --seed 101 --output-dir campaign\runs\multi_hop\shared\D64_S4_R8\seed_101
D:\Install\Dev\Projects\IA\Ejercise\t1_trainability_lab_v0.1.0\scripts\train_run.py:169: UserWarning: Converting a tensor with requires_grad=True to a scalar may lead to unexpected behavior.
Consider using tensor.detach() first. (Triggered internally at C:\actions-runner\_work\pytorch\pytorch\pytorch\torch\csrc\autograd\generated\python_variable_methods.cpp:837.)
  train_loss_sum += float(loss)
{"best_val_accuracy": 1.0, "best_val_loss": 2.1950178110273554e-05, "dimension": 64, "elapsed_seconds": 205.43897380004637, "epochs": 64, "finite": true, "rounds": 8, "seed": 101, "slots": 4, "status": "completed", "steps": 5000, "task": "multi_hop", "test_accuracy": 1.0, "test_loss": 2.194296650122851e-05, "variant": "shared"}

[57/100] START D:\Install\Dev\Projects\IA\Ejercise\t1_trainability_lab_v0.1.0\.venv\Scripts\python.exe D:\Install\Dev\Projects\IA\Ejercise\t1_trainability_lab_v0.1.0\scripts\train_run.py --task multi_hop --variant shared --dimension 64 --slots 8 --rounds 4 --seed 101 --output-dir campaign\runs\multi_hop\shared\D64_S8_R4\seed_101
D:\Install\Dev\Projects\IA\Ejercise\t1_trainability_lab_v0.1.0\scripts\train_run.py:169: UserWarning: Converting a tensor with requires_grad=True to a scalar may lead to unexpected behavior.
Consider using tensor.detach() first. (Triggered internally at C:\actions-runner\_work\pytorch\pytorch\pytorch\torch\csrc\autograd\generated\python_variable_methods.cpp:837.)
  train_loss_sum += float(loss)
{"best_val_accuracy": 1.0, "best_val_loss": 2.1443370307679287e-05, "dimension": 64, "elapsed_seconds": 198.99578509991989, "epochs": 64, "finite": true, "rounds": 4, "seed": 101, "slots": 8, "status": "completed", "steps": 5000, "task": "multi_hop", "test_accuracy": 1.0, "test_loss": 2.1356350000132806e-05, "variant": "shared"}

[58/100] START D:\Install\Dev\Projects\IA\Ejercise\t1_trainability_lab_v0.1.0\.venv\Scripts\python.exe D:\Install\Dev\Projects\IA\Ejercise\t1_trainability_lab_v0.1.0\scripts\train_run.py --task multi_hop --variant shared --dimension 64 --slots 8 --rounds 4 --seed 202 --output-dir campaign\runs\multi_hop\shared\D64_S8_R4\seed_202
D:\Install\Dev\Projects\IA\Ejercise\t1_trainability_lab_v0.1.0\scripts\train_run.py:169: UserWarning: Converting a tensor with requires_grad=True to a scalar may lead to unexpected behavior.
Consider using tensor.detach() first. (Triggered internally at C:\actions-runner\_work\pytorch\pytorch\pytorch\torch\csrc\autograd\generated\python_variable_methods.cpp:837.)
  train_loss_sum += float(loss)
{"best_val_accuracy": 1.0, "best_val_loss": 2.074970683315769e-05, "dimension": 64, "elapsed_seconds": 202.80409079999663, "epochs": 64, "finite": true, "rounds": 4, "seed": 202, "slots": 8, "status": "completed", "steps": 5000, "task": "multi_hop", "test_accuracy": 1.0, "test_loss": 2.0826476058573462e-05, "variant": "shared"}

[59/100] START D:\Install\Dev\Projects\IA\Ejercise\t1_trainability_lab_v0.1.0\.venv\Scripts\python.exe D:\Install\Dev\Projects\IA\Ejercise\t1_trainability_lab_v0.1.0\scripts\train_run.py --task multi_hop --variant shared --dimension 64 --slots 8 --rounds 4 --seed 303 --output-dir campaign\runs\multi_hop\shared\D64_S8_R4\seed_303
D:\Install\Dev\Projects\IA\Ejercise\t1_trainability_lab_v0.1.0\scripts\train_run.py:169: UserWarning: Converting a tensor with requires_grad=True to a scalar may lead to unexpected behavior.
Consider using tensor.detach() first. (Triggered internally at C:\actions-runner\_work\pytorch\pytorch\pytorch\torch\csrc\autograd\generated\python_variable_methods.cpp:837.)
  train_loss_sum += float(loss)
{"best_val_accuracy": 1.0, "best_val_loss": 2.014133376360405e-05, "dimension": 64, "elapsed_seconds": 180.14664339995943, "epochs": 64, "finite": true, "rounds": 4, "seed": 303, "slots": 8, "status": "completed", "steps": 5000, "task": "multi_hop", "test_accuracy": 1.0, "test_loss": 2.0100385881960392e-05, "variant": "shared"}

[60/100] START D:\Install\Dev\Projects\IA\Ejercise\t1_trainability_lab_v0.1.0\.venv\Scripts\python.exe D:\Install\Dev\Projects\IA\Ejercise\t1_trainability_lab_v0.1.0\scripts\train_run.py --task multi_hop --variant shared --dimension 64 --slots 8 --rounds 4 --seed 404 --output-dir campaign\runs\multi_hop\shared\D64_S8_R4\seed_404
D:\Install\Dev\Projects\IA\Ejercise\t1_trainability_lab_v0.1.0\scripts\train_run.py:169: UserWarning: Converting a tensor with requires_grad=True to a scalar may lead to unexpected behavior.
Consider using tensor.detach() first. (Triggered internally at C:\actions-runner\_work\pytorch\pytorch\pytorch\torch\csrc\autograd\generated\python_variable_methods.cpp:837.)
  train_loss_sum += float(loss)
{"best_val_accuracy": 1.0, "best_val_loss": 2.0441258835489862e-05, "dimension": 64, "elapsed_seconds": 181.82640139991418, "epochs": 64, "finite": true, "rounds": 4, "seed": 404, "slots": 8, "status": "completed", "steps": 5000, "task": "multi_hop", "test_accuracy": 1.0, "test_loss": 2.0386423653690143e-05, "variant": "shared"}

[61/100] START D:\Install\Dev\Projects\IA\Ejercise\t1_trainability_lab_v0.1.0\.venv\Scripts\python.exe D:\Install\Dev\Projects\IA\Ejercise\t1_trainability_lab_v0.1.0\scripts\train_run.py --task multi_hop --variant shared --dimension 64 --slots 8 --rounds 4 --seed 505 --output-dir campaign\runs\multi_hop\shared\D64_S8_R4\seed_505
D:\Install\Dev\Projects\IA\Ejercise\t1_trainability_lab_v0.1.0\scripts\train_run.py:169: UserWarning: Converting a tensor with requires_grad=True to a scalar may lead to unexpected behavior.
Consider using tensor.detach() first. (Triggered internally at C:\actions-runner\_work\pytorch\pytorch\pytorch\torch\csrc\autograd\generated\python_variable_methods.cpp:837.)
  train_loss_sum += float(loss)
{"best_val_accuracy": 1.0, "best_val_loss": 2.0539723336696625e-05, "dimension": 64, "elapsed_seconds": 181.04771400010213, "epochs": 64, "finite": true, "rounds": 4, "seed": 505, "slots": 8, "status": "completed", "steps": 5000, "task": "multi_hop", "test_accuracy": 1.0, "test_loss": 2.049508060736116e-05, "variant": "shared"}

[62/100] START D:\Install\Dev\Projects\IA\Ejercise\t1_trainability_lab_v0.1.0\.venv\Scripts\python.exe D:\Install\Dev\Projects\IA\Ejercise\t1_trainability_lab_v0.1.0\scripts\train_run.py --task multi_hop --variant single --dimension 64 --slots 4 --rounds 1 --seed 101 --output-dir campaign\runs\multi_hop\single\D64_S4_R1\seed_101
D:\Install\Dev\Projects\IA\Ejercise\t1_trainability_lab_v0.1.0\scripts\train_run.py:169: UserWarning: Converting a tensor with requires_grad=True to a scalar may lead to unexpected behavior.
Consider using tensor.detach() first. (Triggered internally at C:\actions-runner\_work\pytorch\pytorch\pytorch\torch\csrc\autograd\generated\python_variable_methods.cpp:837.)
  train_loss_sum += float(loss)
{"best_val_accuracy": 1.0, "best_val_loss": 2.1912687880103477e-05, "dimension": 64, "elapsed_seconds": 84.69554359978065, "epochs": 64, "finite": true, "rounds": 1, "seed": 101, "slots": 4, "status": "completed", "steps": 5000, "task": "multi_hop", "test_accuracy": 1.0, "test_loss": 2.1965198087855242e-05, "variant": "single"}

[63/100] START D:\Install\Dev\Projects\IA\Ejercise\t1_trainability_lab_v0.1.0\.venv\Scripts\python.exe D:\Install\Dev\Projects\IA\Ejercise\t1_trainability_lab_v0.1.0\scripts\train_run.py --task multi_hop --variant untied --dimension 64 --slots 4 --rounds 4 --seed 101 --output-dir campaign\runs\multi_hop\untied\D64_S4_R4\seed_101
D:\Install\Dev\Projects\IA\Ejercise\t1_trainability_lab_v0.1.0\scripts\train_run.py:169: UserWarning: Converting a tensor with requires_grad=True to a scalar may lead to unexpected behavior.
Consider using tensor.detach() first. (Triggered internally at C:\actions-runner\_work\pytorch\pytorch\pytorch\torch\csrc\autograd\generated\python_variable_methods.cpp:837.)
  train_loss_sum += float(loss)
{"best_val_accuracy": 1.0, "best_val_loss": 2.1730657637817785e-05, "dimension": 64, "elapsed_seconds": 149.92966230004095, "epochs": 64, "finite": true, "rounds": 4, "seed": 101, "slots": 4, "status": "completed", "steps": 5000, "task": "multi_hop", "test_accuracy": 1.0, "test_loss": 2.1761055206297898e-05, "variant": "untied"}

[64/100] START D:\Install\Dev\Projects\IA\Ejercise\t1_trainability_lab_v0.1.0\.venv\Scripts\python.exe D:\Install\Dev\Projects\IA\Ejercise\t1_trainability_lab_v0.1.0\scripts\train_run.py --task multi_hop --variant untied --dimension 64 --slots 4 --rounds 4 --seed 202 --output-dir campaign\runs\multi_hop\untied\D64_S4_R4\seed_202
D:\Install\Dev\Projects\IA\Ejercise\t1_trainability_lab_v0.1.0\scripts\train_run.py:169: UserWarning: Converting a tensor with requires_grad=True to a scalar may lead to unexpected behavior.
Consider using tensor.detach() first. (Triggered internally at C:\actions-runner\_work\pytorch\pytorch\pytorch\torch\csrc\autograd\generated\python_variable_methods.cpp:837.)
  train_loss_sum += float(loss)
{"best_val_accuracy": 1.0, "best_val_loss": 2.0233363000443205e-05, "dimension": 64, "elapsed_seconds": 149.54027710016817, "epochs": 64, "finite": true, "rounds": 4, "seed": 202, "slots": 4, "status": "completed", "steps": 5000, "task": "multi_hop", "test_accuracy": 1.0, "test_loss": 2.0240992278559134e-05, "variant": "untied"}

[65/100] START D:\Install\Dev\Projects\IA\Ejercise\t1_trainability_lab_v0.1.0\.venv\Scripts\python.exe D:\Install\Dev\Projects\IA\Ejercise\t1_trainability_lab_v0.1.0\scripts\train_run.py --task multi_hop --variant untied --dimension 64 --slots 4 --rounds 4 --seed 303 --output-dir campaign\runs\multi_hop\untied\D64_S4_R4\seed_303
D:\Install\Dev\Projects\IA\Ejercise\t1_trainability_lab_v0.1.0\scripts\train_run.py:169: UserWarning: Converting a tensor with requires_grad=True to a scalar may lead to unexpected behavior.
Consider using tensor.detach() first. (Triggered internally at C:\actions-runner\_work\pytorch\pytorch\pytorch\torch\csrc\autograd\generated\python_variable_methods.cpp:837.)
  train_loss_sum += float(loss)
{"best_val_accuracy": 1.0, "best_val_loss": 2.054049957951065e-05, "dimension": 64, "elapsed_seconds": 149.16363389999606, "epochs": 64, "finite": true, "rounds": 4, "seed": 303, "slots": 4, "status": "completed", "steps": 5000, "task": "multi_hop", "test_accuracy": 1.0, "test_loss": 2.0446981288841925e-05, "variant": "untied"}

[66/100] START D:\Install\Dev\Projects\IA\Ejercise\t1_trainability_lab_v0.1.0\.venv\Scripts\python.exe D:\Install\Dev\Projects\IA\Ejercise\t1_trainability_lab_v0.1.0\scripts\train_run.py --task multi_hop --variant untied --dimension 64 --slots 4 --rounds 4 --seed 404 --output-dir campaign\runs\multi_hop\untied\D64_S4_R4\seed_404
D:\Install\Dev\Projects\IA\Ejercise\t1_trainability_lab_v0.1.0\scripts\train_run.py:169: UserWarning: Converting a tensor with requires_grad=True to a scalar may lead to unexpected behavior.
Consider using tensor.detach() first. (Triggered internally at C:\actions-runner\_work\pytorch\pytorch\pytorch\torch\csrc\autograd\generated\python_variable_methods.cpp:837.)
  train_loss_sum += float(loss)
{"best_val_accuracy": 1.0, "best_val_loss": 2.1070848815725186e-05, "dimension": 64, "elapsed_seconds": 148.28839099989273, "epochs": 64, "finite": true, "rounds": 4, "seed": 404, "slots": 4, "status": "completed", "steps": 5000, "task": "multi_hop", "test_accuracy": 1.0, "test_loss": 2.1068464702693747e-05, "variant": "untied"}

[67/100] START D:\Install\Dev\Projects\IA\Ejercise\t1_trainability_lab_v0.1.0\.venv\Scripts\python.exe D:\Install\Dev\Projects\IA\Ejercise\t1_trainability_lab_v0.1.0\scripts\train_run.py --task multi_hop --variant untied --dimension 64 --slots 4 --rounds 4 --seed 505 --output-dir campaign\runs\multi_hop\untied\D64_S4_R4\seed_505
D:\Install\Dev\Projects\IA\Ejercise\t1_trainability_lab_v0.1.0\scripts\train_run.py:169: UserWarning: Converting a tensor with requires_grad=True to a scalar may lead to unexpected behavior.
Consider using tensor.detach() first. (Triggered internally at C:\actions-runner\_work\pytorch\pytorch\pytorch\torch\csrc\autograd\generated\python_variable_methods.cpp:837.)
  train_loss_sum += float(loss)
{"best_val_accuracy": 1.0, "best_val_loss": 2.058544068131596e-05, "dimension": 64, "elapsed_seconds": 149.21124589978717, "epochs": 64, "finite": true, "rounds": 4, "seed": 505, "slots": 4, "status": "completed", "steps": 5000, "task": "multi_hop", "test_accuracy": 1.0, "test_loss": 2.051260505686514e-05, "variant": "untied"}

[68/100] START D:\Install\Dev\Projects\IA\Ejercise\t1_trainability_lab_v0.1.0\.venv\Scripts\python.exe D:\Install\Dev\Projects\IA\Ejercise\t1_trainability_lab_v0.1.0\scripts\train_run.py --task multi_hop --variant vector-state --dimension 64 --slots 1 --rounds 4 --seed 101 --output-dir campaign\runs\multi_hop\vector-state\D64_S1_R4\seed_101
D:\Install\Dev\Projects\IA\Ejercise\t1_trainability_lab_v0.1.0\scripts\train_run.py:169: UserWarning: Converting a tensor with requires_grad=True to a scalar may lead to unexpected behavior.
Consider using tensor.detach() first. (Triggered internally at C:\actions-runner\_work\pytorch\pytorch\pytorch\torch\csrc\autograd\generated\python_variable_methods.cpp:837.)
  train_loss_sum += float(loss)
{"best_val_accuracy": 1.0, "best_val_loss": 2.2308215397060848e-05, "dimension": 64, "elapsed_seconds": 97.15370929986238, "epochs": 64, "finite": true, "rounds": 4, "seed": 101, "slots": 1, "status": "completed", "steps": 5000, "task": "multi_hop", "test_accuracy": 1.0, "test_loss": 2.231447356462013e-05, "variant": "vector-state"}

[69/100] START D:\Install\Dev\Projects\IA\Ejercise\t1_trainability_lab_v0.1.0\.venv\Scripts\python.exe D:\Install\Dev\Projects\IA\Ejercise\t1_trainability_lab_v0.1.0\scripts\train_run.py --task sequential_update --variant shared --dimension 64 --slots 1 --rounds 4 --seed 101 --output-dir campaign\runs\sequential_update\shared\D64_S1_R4\seed_101
D:\Install\Dev\Projects\IA\Ejercise\t1_trainability_lab_v0.1.0\scripts\train_run.py:169: UserWarning: Converting a tensor with requires_grad=True to a scalar may lead to unexpected behavior.
Consider using tensor.detach() first. (Triggered internally at C:\actions-runner\_work\pytorch\pytorch\pytorch\torch\csrc\autograd\generated\python_variable_methods.cpp:837.)
  train_loss_sum += float(loss)
{"best_val_accuracy": 0.23, "best_val_loss": 2.7976345767974853, "dimension": 64, "elapsed_seconds": 58.691591300070286, "epochs": 37, "finite": true, "rounds": 4, "seed": 101, "slots": 1, "status": "completed", "steps": 2900, "task": "sequential_update", "test_accuracy": 0.2025, "test_loss": 2.8036058464050293, "variant": "shared"}

[70/100] START D:\Install\Dev\Projects\IA\Ejercise\t1_trainability_lab_v0.1.0\.venv\Scripts\python.exe D:\Install\Dev\Projects\IA\Ejercise\t1_trainability_lab_v0.1.0\scripts\train_run.py --task sequential_update --variant shared --dimension 64 --slots 4 --rounds 1 --seed 101 --output-dir campaign\runs\sequential_update\shared\D64_S4_R1\seed_101
D:\Install\Dev\Projects\IA\Ejercise\t1_trainability_lab_v0.1.0\scripts\train_run.py:169: UserWarning: Converting a tensor with requires_grad=True to a scalar may lead to unexpected behavior.
Consider using tensor.detach() first. (Triggered internally at C:\actions-runner\_work\pytorch\pytorch\pytorch\torch\csrc\autograd\generated\python_variable_methods.cpp:837.)
  train_loss_sum += float(loss)
{"best_val_accuracy": 0.2325, "best_val_loss": 2.686978681564331, "dimension": 64, "elapsed_seconds": 78.5288533999119, "epochs": 57, "finite": true, "rounds": 1, "seed": 101, "slots": 4, "status": "completed", "steps": 4500, "task": "sequential_update", "test_accuracy": 0.211, "test_loss": 2.7034443416595457, "variant": "shared"}

[71/100] START D:\Install\Dev\Projects\IA\Ejercise\t1_trainability_lab_v0.1.0\.venv\Scripts\python.exe D:\Install\Dev\Projects\IA\Ejercise\t1_trainability_lab_v0.1.0\scripts\train_run.py --task sequential_update --variant shared --dimension 64 --slots 4 --rounds 4 --seed 101 --output-dir campaign\runs\sequential_update\shared\D64_S4_R4\seed_101
D:\Install\Dev\Projects\IA\Ejercise\t1_trainability_lab_v0.1.0\scripts\train_run.py:169: UserWarning: Converting a tensor with requires_grad=True to a scalar may lead to unexpected behavior.
Consider using tensor.detach() first. (Triggered internally at C:\actions-runner\_work\pytorch\pytorch\pytorch\torch\csrc\autograd\generated\python_variable_methods.cpp:837.)
  train_loss_sum += float(loss)
{"best_val_accuracy": 0.254, "best_val_loss": 2.6056465167999265, "dimension": 64, "elapsed_seconds": 138.20002200012095, "epochs": 64, "finite": true, "rounds": 4, "seed": 101, "slots": 4, "status": "completed", "steps": 5000, "task": "sequential_update", "test_accuracy": 0.241, "test_loss": 2.604717576980591, "variant": "shared"}

[72/100] START D:\Install\Dev\Projects\IA\Ejercise\t1_trainability_lab_v0.1.0\.venv\Scripts\python.exe D:\Install\Dev\Projects\IA\Ejercise\t1_trainability_lab_v0.1.0\scripts\train_run.py --task sequential_update --variant shared --dimension 64 --slots 4 --rounds 4 --seed 202 --output-dir campaign\runs\sequential_update\shared\D64_S4_R4\seed_202
D:\Install\Dev\Projects\IA\Ejercise\t1_trainability_lab_v0.1.0\scripts\train_run.py:169: UserWarning: Converting a tensor with requires_grad=True to a scalar may lead to unexpected behavior.
Consider using tensor.detach() first. (Triggered internally at C:\actions-runner\_work\pytorch\pytorch\pytorch\torch\csrc\autograd\generated\python_variable_methods.cpp:837.)
  train_loss_sum += float(loss)
{"best_val_accuracy": 0.295, "best_val_loss": 2.3449273834228515, "dimension": 64, "elapsed_seconds": 138.3122497999575, "epochs": 64, "finite": true, "rounds": 4, "seed": 202, "slots": 4, "status": "completed", "steps": 5000, "task": "sequential_update", "test_accuracy": 0.282, "test_loss": 2.369819871902466, "variant": "shared"}

[73/100] START D:\Install\Dev\Projects\IA\Ejercise\t1_trainability_lab_v0.1.0\.venv\Scripts\python.exe D:\Install\Dev\Projects\IA\Ejercise\t1_trainability_lab_v0.1.0\scripts\train_run.py --task sequential_update --variant shared --dimension 64 --slots 4 --rounds 4 --seed 303 --output-dir campaign\runs\sequential_update\shared\D64_S4_R4\seed_303
D:\Install\Dev\Projects\IA\Ejercise\t1_trainability_lab_v0.1.0\scripts\train_run.py:169: UserWarning: Converting a tensor with requires_grad=True to a scalar may lead to unexpected behavior.
Consider using tensor.detach() first. (Triggered internally at C:\actions-runner\_work\pytorch\pytorch\pytorch\torch\csrc\autograd\generated\python_variable_methods.cpp:837.)
  train_loss_sum += float(loss)
{"best_val_accuracy": 0.2885, "best_val_loss": 2.386594047546387, "dimension": 64, "elapsed_seconds": 130.45099100004882, "epochs": 60, "finite": true, "rounds": 4, "seed": 303, "slots": 4, "status": "completed", "steps": 4700, "task": "sequential_update", "test_accuracy": 0.28, "test_loss": 2.372541118621826, "variant": "shared"}

[74/100] START D:\Install\Dev\Projects\IA\Ejercise\t1_trainability_lab_v0.1.0\.venv\Scripts\python.exe D:\Install\Dev\Projects\IA\Ejercise\t1_trainability_lab_v0.1.0\scripts\train_run.py --task sequential_update --variant shared --dimension 64 --slots 4 --rounds 4 --seed 404 --output-dir campaign\runs\sequential_update\shared\D64_S4_R4\seed_404
D:\Install\Dev\Projects\IA\Ejercise\t1_trainability_lab_v0.1.0\scripts\train_run.py:169: UserWarning: Converting a tensor with requires_grad=True to a scalar may lead to unexpected behavior.
Consider using tensor.detach() first. (Triggered internally at C:\actions-runner\_work\pytorch\pytorch\pytorch\torch\csrc\autograd\generated\python_variable_methods.cpp:837.)
  train_loss_sum += float(loss)
{"best_val_accuracy": 0.2475, "best_val_loss": 2.643925708770752, "dimension": 64, "elapsed_seconds": 141.00350530003197, "epochs": 64, "finite": true, "rounds": 4, "seed": 404, "slots": 4, "status": "completed", "steps": 5000, "task": "sequential_update", "test_accuracy": 0.2245, "test_loss": 2.6433823432922363, "variant": "shared"}

[75/100] START D:\Install\Dev\Projects\IA\Ejercise\t1_trainability_lab_v0.1.0\.venv\Scripts\python.exe D:\Install\Dev\Projects\IA\Ejercise\t1_trainability_lab_v0.1.0\scripts\train_run.py --task sequential_update --variant shared --dimension 64 --slots 4 --rounds 4 --seed 505 --output-dir campaign\runs\sequential_update\shared\D64_S4_R4\seed_505
D:\Install\Dev\Projects\IA\Ejercise\t1_trainability_lab_v0.1.0\scripts\train_run.py:169: UserWarning: Converting a tensor with requires_grad=True to a scalar may lead to unexpected behavior.
Consider using tensor.detach() first. (Triggered internally at C:\actions-runner\_work\pytorch\pytorch\pytorch\torch\csrc\autograd\generated\python_variable_methods.cpp:837.)
  train_loss_sum += float(loss)
{"best_val_accuracy": 0.296, "best_val_loss": 2.3473860454559325, "dimension": 64, "elapsed_seconds": 139.60550189996138, "epochs": 64, "finite": true, "rounds": 4, "seed": 505, "slots": 4, "status": "completed", "steps": 5000, "task": "sequential_update", "test_accuracy": 0.2725, "test_loss": 2.3428989143371584, "variant": "shared"}

[76/100] START D:\Install\Dev\Projects\IA\Ejercise\t1_trainability_lab_v0.1.0\.venv\Scripts\python.exe D:\Install\Dev\Projects\IA\Ejercise\t1_trainability_lab_v0.1.0\scripts\train_run.py --task sequential_update --variant shared --dimension 64 --slots 4 --rounds 8 --seed 101 --output-dir campaign\runs\sequential_update\shared\D64_S4_R8\seed_101
D:\Install\Dev\Projects\IA\Ejercise\t1_trainability_lab_v0.1.0\scripts\train_run.py:169: UserWarning: Converting a tensor with requires_grad=True to a scalar may lead to unexpected behavior.
Consider using tensor.detach() first. (Triggered internally at C:\actions-runner\_work\pytorch\pytorch\pytorch\torch\csrc\autograd\generated\python_variable_methods.cpp:837.)
  train_loss_sum += float(loss)
{"best_val_accuracy": 0.2415, "best_val_loss": 2.644082675933838, "dimension": 64, "elapsed_seconds": 207.5542266999837, "epochs": 64, "finite": true, "rounds": 8, "seed": 101, "slots": 4, "status": "completed", "steps": 5000, "task": "sequential_update", "test_accuracy": 0.226, "test_loss": 2.6706982192993163, "variant": "shared"}

[77/100] START D:\Install\Dev\Projects\IA\Ejercise\t1_trainability_lab_v0.1.0\.venv\Scripts\python.exe D:\Install\Dev\Projects\IA\Ejercise\t1_trainability_lab_v0.1.0\scripts\train_run.py --task sequential_update --variant shared --dimension 64 --slots 8 --rounds 4 --seed 101 --output-dir campaign\runs\sequential_update\shared\D64_S8_R4\seed_101
D:\Install\Dev\Projects\IA\Ejercise\t1_trainability_lab_v0.1.0\scripts\train_run.py:169: UserWarning: Converting a tensor with requires_grad=True to a scalar may lead to unexpected behavior.
Consider using tensor.detach() first. (Triggered internally at C:\actions-runner\_work\pytorch\pytorch\pytorch\torch\csrc\autograd\generated\python_variable_methods.cpp:837.)
  train_loss_sum += float(loss)
{"best_val_accuracy": 0.241, "best_val_loss": 2.6750561599731446, "dimension": 64, "elapsed_seconds": 182.9754113999661, "epochs": 64, "finite": true, "rounds": 4, "seed": 101, "slots": 8, "status": "completed", "steps": 5000, "task": "sequential_update", "test_accuracy": 0.231, "test_loss": 2.6829542541503906, "variant": "shared"}

[78/100] START D:\Install\Dev\Projects\IA\Ejercise\t1_trainability_lab_v0.1.0\.venv\Scripts\python.exe D:\Install\Dev\Projects\IA\Ejercise\t1_trainability_lab_v0.1.0\scripts\train_run.py --task sequential_update --variant single --dimension 64 --slots 4 --rounds 1 --seed 101 --output-dir campaign\runs\sequential_update\single\D64_S4_R1\seed_101
D:\Install\Dev\Projects\IA\Ejercise\t1_trainability_lab_v0.1.0\scripts\train_run.py:169: UserWarning: Converting a tensor with requires_grad=True to a scalar may lead to unexpected behavior.
Consider using tensor.detach() first. (Triggered internally at C:\actions-runner\_work\pytorch\pytorch\pytorch\torch\csrc\autograd\generated\python_variable_methods.cpp:837.)
  train_loss_sum += float(loss)
{"best_val_accuracy": 0.2325, "best_val_loss": 2.686978681564331, "dimension": 64, "elapsed_seconds": 79.345104200067, "epochs": 57, "finite": true, "rounds": 1, "seed": 101, "slots": 4, "status": "completed", "steps": 4500, "task": "sequential_update", "test_accuracy": 0.211, "test_loss": 2.7034443416595457, "variant": "single"}

[79/100] START D:\Install\Dev\Projects\IA\Ejercise\t1_trainability_lab_v0.1.0\.venv\Scripts\python.exe D:\Install\Dev\Projects\IA\Ejercise\t1_trainability_lab_v0.1.0\scripts\train_run.py --task sequential_update --variant untied --dimension 64 --slots 4 --rounds 4 --seed 101 --output-dir campaign\runs\sequential_update\untied\D64_S4_R4\seed_101
D:\Install\Dev\Projects\IA\Ejercise\t1_trainability_lab_v0.1.0\scripts\train_run.py:169: UserWarning: Converting a tensor with requires_grad=True to a scalar may lead to unexpected behavior.
Consider using tensor.detach() first. (Triggered internally at C:\actions-runner\_work\pytorch\pytorch\pytorch\torch\csrc\autograd\generated\python_variable_methods.cpp:837.)
  train_loss_sum += float(loss)
{"best_val_accuracy": 0.2225, "best_val_loss": 2.869357452392578, "dimension": 64, "elapsed_seconds": 66.7607256998308, "epochs": 28, "finite": true, "rounds": 4, "seed": 101, "slots": 4, "status": "completed", "steps": 2200, "task": "sequential_update", "test_accuracy": 0.209, "test_loss": 2.876502559661865, "variant": "untied"}

[80/100] START D:\Install\Dev\Projects\IA\Ejercise\t1_trainability_lab_v0.1.0\.venv\Scripts\python.exe D:\Install\Dev\Projects\IA\Ejercise\t1_trainability_lab_v0.1.0\scripts\train_run.py --task sequential_update --variant untied --dimension 64 --slots 4 --rounds 4 --seed 202 --output-dir campaign\runs\sequential_update\untied\D64_S4_R4\seed_202
D:\Install\Dev\Projects\IA\Ejercise\t1_trainability_lab_v0.1.0\scripts\train_run.py:169: UserWarning: Converting a tensor with requires_grad=True to a scalar may lead to unexpected behavior.
Consider using tensor.detach() first. (Triggered internally at C:\actions-runner\_work\pytorch\pytorch\pytorch\torch\csrc\autograd\generated\python_variable_methods.cpp:837.)
  train_loss_sum += float(loss)
{"best_val_accuracy": 0.296, "best_val_loss": 2.4049629859924315, "dimension": 64, "elapsed_seconds": 128.03898070007563, "epochs": 54, "finite": true, "rounds": 4, "seed": 202, "slots": 4, "status": "completed", "steps": 4200, "task": "sequential_update", "test_accuracy": 0.2755, "test_loss": 2.4239001121520998, "variant": "untied"}

[81/100] START D:\Install\Dev\Projects\IA\Ejercise\t1_trainability_lab_v0.1.0\.venv\Scripts\python.exe D:\Install\Dev\Projects\IA\Ejercise\t1_trainability_lab_v0.1.0\scripts\train_run.py --task sequential_update --variant untied --dimension 64 --slots 4 --rounds 4 --seed 303 --output-dir campaign\runs\sequential_update\untied\D64_S4_R4\seed_303
D:\Install\Dev\Projects\IA\Ejercise\t1_trainability_lab_v0.1.0\scripts\train_run.py:169: UserWarning: Converting a tensor with requires_grad=True to a scalar may lead to unexpected behavior.
Consider using tensor.detach() first. (Triggered internally at C:\actions-runner\_work\pytorch\pytorch\pytorch\torch\csrc\autograd\generated\python_variable_methods.cpp:837.)
  train_loss_sum += float(loss)
{"best_val_accuracy": 0.2925, "best_val_loss": 2.4086866073608397, "dimension": 64, "elapsed_seconds": 152.2163547000382, "epochs": 64, "finite": true, "rounds": 4, "seed": 303, "slots": 4, "status": "completed", "steps": 5000, "task": "sequential_update", "test_accuracy": 0.2885, "test_loss": 2.4124763736724852, "variant": "untied"}

[82/100] START D:\Install\Dev\Projects\IA\Ejercise\t1_trainability_lab_v0.1.0\.venv\Scripts\python.exe D:\Install\Dev\Projects\IA\Ejercise\t1_trainability_lab_v0.1.0\scripts\train_run.py --task sequential_update --variant untied --dimension 64 --slots 4 --rounds 4 --seed 404 --output-dir campaign\runs\sequential_update\untied\D64_S4_R4\seed_404
D:\Install\Dev\Projects\IA\Ejercise\t1_trainability_lab_v0.1.0\scripts\train_run.py:169: UserWarning: Converting a tensor with requires_grad=True to a scalar may lead to unexpected behavior.
Consider using tensor.detach() first. (Triggered internally at C:\actions-runner\_work\pytorch\pytorch\pytorch\torch\csrc\autograd\generated\python_variable_methods.cpp:837.)
  train_loss_sum += float(loss)
{"best_val_accuracy": 0.2895, "best_val_loss": 2.380807088851929, "dimension": 64, "elapsed_seconds": 152.40360429999419, "epochs": 64, "finite": true, "rounds": 4, "seed": 404, "slots": 4, "status": "completed", "steps": 5000, "task": "sequential_update", "test_accuracy": 0.279, "test_loss": 2.3778010292053224, "variant": "untied"}

[83/100] START D:\Install\Dev\Projects\IA\Ejercise\t1_trainability_lab_v0.1.0\.venv\Scripts\python.exe D:\Install\Dev\Projects\IA\Ejercise\t1_trainability_lab_v0.1.0\scripts\train_run.py --task sequential_update --variant untied --dimension 64 --slots 4 --rounds 4 --seed 505 --output-dir campaign\runs\sequential_update\untied\D64_S4_R4\seed_505
D:\Install\Dev\Projects\IA\Ejercise\t1_trainability_lab_v0.1.0\scripts\train_run.py:169: UserWarning: Converting a tensor with requires_grad=True to a scalar may lead to unexpected behavior.
Consider using tensor.detach() first. (Triggered internally at C:\actions-runner\_work\pytorch\pytorch\pytorch\torch\csrc\autograd\generated\python_variable_methods.cpp:837.)
  train_loss_sum += float(loss)
{"best_val_accuracy": 0.303, "best_val_loss": 2.324114398956299, "dimension": 64, "elapsed_seconds": 121.86319479998201, "epochs": 51, "finite": true, "rounds": 4, "seed": 505, "slots": 4, "status": "completed", "steps": 4000, "task": "sequential_update", "test_accuracy": 0.2835, "test_loss": 2.319838388442993, "variant": "untied"}

[84/100] START D:\Install\Dev\Projects\IA\Ejercise\t1_trainability_lab_v0.1.0\.venv\Scripts\python.exe D:\Install\Dev\Projects\IA\Ejercise\t1_trainability_lab_v0.1.0\scripts\train_run.py --task sequential_update --variant vector-state --dimension 64 --slots 1 --rounds 4 --seed 101 --output-dir campaign\runs\sequential_update\vector-state\D64_S1_R4\seed_101
D:\Install\Dev\Projects\IA\Ejercise\t1_trainability_lab_v0.1.0\scripts\train_run.py:169: UserWarning: Converting a tensor with requires_grad=True to a scalar may lead to unexpected behavior.
Consider using tensor.detach() first. (Triggered internally at C:\actions-runner\_work\pytorch\pytorch\pytorch\torch\csrc\autograd\generated\python_variable_methods.cpp:837.)
  train_loss_sum += float(loss)
{"best_val_accuracy": 0.23, "best_val_loss": 2.7976345767974853, "dimension": 64, "elapsed_seconds": 58.98413380002603, "epochs": 37, "finite": true, "rounds": 4, "seed": 101, "slots": 1, "status": "completed", "steps": 2900, "task": "sequential_update", "test_accuracy": 0.2025, "test_loss": 2.8036058464050293, "variant": "vector-state"}

[85/100] START D:\Install\Dev\Projects\IA\Ejercise\t1_trainability_lab_v0.1.0\.venv\Scripts\python.exe D:\Install\Dev\Projects\IA\Ejercise\t1_trainability_lab_v0.1.0\scripts\train_run.py --task variable_binding --variant shared --dimension 64 --slots 1 --rounds 4 --seed 101 --output-dir campaign\runs\variable_binding\shared\D64_S1_R4\seed_101
D:\Install\Dev\Projects\IA\Ejercise\t1_trainability_lab_v0.1.0\scripts\train_run.py:169: UserWarning: Converting a tensor with requires_grad=True to a scalar may lead to unexpected behavior.
Consider using tensor.detach() first. (Triggered internally at C:\actions-runner\_work\pytorch\pytorch\pytorch\torch\csrc\autograd\generated\python_variable_methods.cpp:837.)
  train_loss_sum += float(loss)
{"best_val_accuracy": 1.0, "best_val_loss": 5.7983227270597124e-06, "dimension": 64, "elapsed_seconds": 104.48874220019206, "epochs": 64, "finite": true, "rounds": 4, "seed": 101, "slots": 1, "status": "completed", "steps": 5000, "task": "variable_binding", "test_accuracy": 1.0, "test_loss": 5.801958697702503e-06, "variant": "shared"}

[86/100] START D:\Install\Dev\Projects\IA\Ejercise\t1_trainability_lab_v0.1.0\.venv\Scripts\python.exe D:\Install\Dev\Projects\IA\Ejercise\t1_trainability_lab_v0.1.0\scripts\train_run.py --task variable_binding --variant shared --dimension 64 --slots 4 --rounds 1 --seed 101 --output-dir campaign\runs\variable_binding\shared\D64_S4_R1\seed_101
D:\Install\Dev\Projects\IA\Ejercise\t1_trainability_lab_v0.1.0\scripts\train_run.py:169: UserWarning: Converting a tensor with requires_grad=True to a scalar may lead to unexpected behavior.
Consider using tensor.detach() first. (Triggered internally at C:\actions-runner\_work\pytorch\pytorch\pytorch\torch\csrc\autograd\generated\python_variable_methods.cpp:837.)
  train_loss_sum += float(loss)
{"best_val_accuracy": 1.0, "best_val_loss": 5.373582411266397e-06, "dimension": 64, "elapsed_seconds": 90.4139775999356, "epochs": 64, "finite": true, "rounds": 1, "seed": 101, "slots": 4, "status": "completed", "steps": 5000, "task": "variable_binding", "test_accuracy": 1.0, "test_loss": 5.3689929118263535e-06, "variant": "shared"}

[87/100] START D:\Install\Dev\Projects\IA\Ejercise\t1_trainability_lab_v0.1.0\.venv\Scripts\python.exe D:\Install\Dev\Projects\IA\Ejercise\t1_trainability_lab_v0.1.0\scripts\train_run.py --task variable_binding --variant shared --dimension 64 --slots 4 --rounds 4 --seed 101 --output-dir campaign\runs\variable_binding\shared\D64_S4_R4\seed_101
D:\Install\Dev\Projects\IA\Ejercise\t1_trainability_lab_v0.1.0\scripts\train_run.py:169: UserWarning: Converting a tensor with requires_grad=True to a scalar may lead to unexpected behavior.
Consider using tensor.detach() first. (Triggered internally at C:\actions-runner\_work\pytorch\pytorch\pytorch\torch\csrc\autograd\generated\python_variable_methods.cpp:837.)
  train_loss_sum += float(loss)
{"best_val_accuracy": 1.0, "best_val_loss": 5.708499571483117e-06, "dimension": 64, "elapsed_seconds": 142.34980319999158, "epochs": 64, "finite": true, "rounds": 4, "seed": 101, "slots": 4, "status": "completed", "steps": 5000, "task": "variable_binding", "test_accuracy": 1.0, "test_loss": 5.716486553865252e-06, "variant": "shared"}

[88/100] START D:\Install\Dev\Projects\IA\Ejercise\t1_trainability_lab_v0.1.0\.venv\Scripts\python.exe D:\Install\Dev\Projects\IA\Ejercise\t1_trainability_lab_v0.1.0\scripts\train_run.py --task variable_binding --variant shared --dimension 64 --slots 4 --rounds 4 --seed 202 --output-dir campaign\runs\variable_binding\shared\D64_S4_R4\seed_202
D:\Install\Dev\Projects\IA\Ejercise\t1_trainability_lab_v0.1.0\scripts\train_run.py:169: UserWarning: Converting a tensor with requires_grad=True to a scalar may lead to unexpected behavior.
Consider using tensor.detach() first. (Triggered internally at C:\actions-runner\_work\pytorch\pytorch\pytorch\torch\csrc\autograd\generated\python_variable_methods.cpp:837.)
  train_loss_sum += float(loss)
{"best_val_accuracy": 1.0, "best_val_loss": 4.990207544324221e-06, "dimension": 64, "elapsed_seconds": 254.29453559988178, "epochs": 64, "finite": true, "rounds": 4, "seed": 202, "slots": 4, "status": "completed", "steps": 5000, "task": "variable_binding", "test_accuracy": 1.0, "test_loss": 5.014049202145543e-06, "variant": "shared"}

[89/100] START D:\Install\Dev\Projects\IA\Ejercise\t1_trainability_lab_v0.1.0\.venv\Scripts\python.exe D:\Install\Dev\Projects\IA\Ejercise\t1_trainability_lab_v0.1.0\scripts\train_run.py --task variable_binding --variant shared --dimension 64 --slots 4 --rounds 4 --seed 303 --output-dir campaign\runs\variable_binding\shared\D64_S4_R4\seed_303
D:\Install\Dev\Projects\IA\Ejercise\t1_trainability_lab_v0.1.0\scripts\train_run.py:169: UserWarning: Converting a tensor with requires_grad=True to a scalar may lead to unexpected behavior.
Consider using tensor.detach() first. (Triggered internally at C:\actions-runner\_work\pytorch\pytorch\pytorch\torch\csrc\autograd\generated\python_variable_methods.cpp:837.)
  train_loss_sum += float(loss)
{"best_val_accuracy": 1.0, "best_val_loss": 6.026428447512444e-06, "dimension": 64, "elapsed_seconds": 444.6568189000245, "epochs": 64, "finite": true, "rounds": 4, "seed": 303, "slots": 4, "status": "completed", "steps": 5000, "task": "variable_binding", "test_accuracy": 1.0, "test_loss": 6.030481614288874e-06, "variant": "shared"}

[90/100] START D:\Install\Dev\Projects\IA\Ejercise\t1_trainability_lab_v0.1.0\.venv\Scripts\python.exe D:\Install\Dev\Projects\IA\Ejercise\t1_trainability_lab_v0.1.0\scripts\train_run.py --task variable_binding --variant shared --dimension 64 --slots 4 --rounds 4 --seed 404 --output-dir campaign\runs\variable_binding\shared\D64_S4_R4\seed_404
D:\Install\Dev\Projects\IA\Ejercise\t1_trainability_lab_v0.1.0\scripts\train_run.py:169: UserWarning: Converting a tensor with requires_grad=True to a scalar may lead to unexpected behavior.
Consider using tensor.detach() first. (Triggered internally at C:\actions-runner\_work\pytorch\pytorch\pytorch\torch\csrc\autograd\generated\python_variable_methods.cpp:837.)
  train_loss_sum += float(loss)
{"best_val_accuracy": 1.0, "best_val_loss": 5.610689047898632e-06, "dimension": 64, "elapsed_seconds": 140.22729579987936, "epochs": 64, "finite": true, "rounds": 4, "seed": 404, "slots": 4, "status": "completed", "steps": 5000, "task": "variable_binding", "test_accuracy": 1.0, "test_loss": 5.619391402433394e-06, "variant": "shared"}

[91/100] START D:\Install\Dev\Projects\IA\Ejercise\t1_trainability_lab_v0.1.0\.venv\Scripts\python.exe D:\Install\Dev\Projects\IA\Ejercise\t1_trainability_lab_v0.1.0\scripts\train_run.py --task variable_binding --variant shared --dimension 64 --slots 4 --rounds 4 --seed 505 --output-dir campaign\runs\variable_binding\shared\D64_S4_R4\seed_505
D:\Install\Dev\Projects\IA\Ejercise\t1_trainability_lab_v0.1.0\scripts\train_run.py:169: UserWarning: Converting a tensor with requires_grad=True to a scalar may lead to unexpected behavior.
Consider using tensor.detach() first. (Triggered internally at C:\actions-runner\_work\pytorch\pytorch\pytorch\torch\csrc\autograd\generated\python_variable_methods.cpp:837.)
  train_loss_sum += float(loss)
{"best_val_accuracy": 1.0, "best_val_loss": 5.174384627025575e-06, "dimension": 64, "elapsed_seconds": 140.68910089996643, "epochs": 64, "finite": true, "rounds": 4, "seed": 505, "slots": 4, "status": "completed", "steps": 5000, "task": "variable_binding", "test_accuracy": 1.0, "test_loss": 5.198822385864332e-06, "variant": "shared"}

[92/100] START D:\Install\Dev\Projects\IA\Ejercise\t1_trainability_lab_v0.1.0\.venv\Scripts\python.exe D:\Install\Dev\Projects\IA\Ejercise\t1_trainability_lab_v0.1.0\scripts\train_run.py --task variable_binding --variant shared --dimension 64 --slots 4 --rounds 8 --seed 101 --output-dir campaign\runs\variable_binding\shared\D64_S4_R8\seed_101
D:\Install\Dev\Projects\IA\Ejercise\t1_trainability_lab_v0.1.0\scripts\train_run.py:169: UserWarning: Converting a tensor with requires_grad=True to a scalar may lead to unexpected behavior.
Consider using tensor.detach() first. (Triggered internally at C:\actions-runner\_work\pytorch\pytorch\pytorch\torch\csrc\autograd\generated\python_variable_methods.cpp:837.)
  train_loss_sum += float(loss)
{"best_val_accuracy": 1.0, "best_val_loss": 5.4684724964317865e-06, "dimension": 64, "elapsed_seconds": 209.83847469999455, "epochs": 64, "finite": true, "rounds": 8, "seed": 101, "slots": 4, "status": "completed", "steps": 5000, "task": "variable_binding", "test_accuracy": 1.0, "test_loss": 5.480214629642432e-06, "variant": "shared"}

[93/100] START D:\Install\Dev\Projects\IA\Ejercise\t1_trainability_lab_v0.1.0\.venv\Scripts\python.exe D:\Install\Dev\Projects\IA\Ejercise\t1_trainability_lab_v0.1.0\scripts\train_run.py --task variable_binding --variant shared --dimension 64 --slots 8 --rounds 4 --seed 101 --output-dir campaign\runs\variable_binding\shared\D64_S8_R4\seed_101
D:\Install\Dev\Projects\IA\Ejercise\t1_trainability_lab_v0.1.0\scripts\train_run.py:169: UserWarning: Converting a tensor with requires_grad=True to a scalar may lead to unexpected behavior.
Consider using tensor.detach() first. (Triggered internally at C:\actions-runner\_work\pytorch\pytorch\pytorch\torch\csrc\autograd\generated\python_variable_methods.cpp:837.)
  train_loss_sum += float(loss)
{"best_val_accuracy": 1.0, "best_val_loss": 5.599304389761528e-06, "dimension": 64, "elapsed_seconds": 184.76064760005102, "epochs": 64, "finite": true, "rounds": 4, "seed": 101, "slots": 8, "status": "completed", "steps": 5000, "task": "variable_binding", "test_accuracy": 1.0, "test_loss": 5.5878007769933905e-06, "variant": "shared"}

[94/100] START D:\Install\Dev\Projects\IA\Ejercise\t1_trainability_lab_v0.1.0\.venv\Scripts\python.exe D:\Install\Dev\Projects\IA\Ejercise\t1_trainability_lab_v0.1.0\scripts\train_run.py --task variable_binding --variant single --dimension 64 --slots 4 --rounds 1 --seed 101 --output-dir campaign\runs\variable_binding\single\D64_S4_R1\seed_101
D:\Install\Dev\Projects\IA\Ejercise\t1_trainability_lab_v0.1.0\scripts\train_run.py:169: UserWarning: Converting a tensor with requires_grad=True to a scalar may lead to unexpected behavior.
Consider using tensor.detach() first. (Triggered internally at C:\actions-runner\_work\pytorch\pytorch\pytorch\torch\csrc\autograd\generated\python_variable_methods.cpp:837.)
  train_loss_sum += float(loss)
{"best_val_accuracy": 1.0, "best_val_loss": 5.373582411266397e-06, "dimension": 64, "elapsed_seconds": 89.30113409995101, "epochs": 64, "finite": true, "rounds": 1, "seed": 101, "slots": 4, "status": "completed", "steps": 5000, "task": "variable_binding", "test_accuracy": 1.0, "test_loss": 5.3689929118263535e-06, "variant": "single"}

[95/100] START D:\Install\Dev\Projects\IA\Ejercise\t1_trainability_lab_v0.1.0\.venv\Scripts\python.exe D:\Install\Dev\Projects\IA\Ejercise\t1_trainability_lab_v0.1.0\scripts\train_run.py --task variable_binding --variant untied --dimension 64 --slots 4 --rounds 4 --seed 101 --output-dir campaign\runs\variable_binding\untied\D64_S4_R4\seed_101
D:\Install\Dev\Projects\IA\Ejercise\t1_trainability_lab_v0.1.0\scripts\train_run.py:169: UserWarning: Converting a tensor with requires_grad=True to a scalar may lead to unexpected behavior.
Consider using tensor.detach() first. (Triggered internally at C:\actions-runner\_work\pytorch\pytorch\pytorch\torch\csrc\autograd\generated\python_variable_methods.cpp:837.)
  train_loss_sum += float(loss)
{"best_val_accuracy": 1.0, "best_val_loss": 5.005287232052069e-06, "dimension": 64, "elapsed_seconds": 155.88218270009384, "epochs": 64, "finite": true, "rounds": 4, "seed": 101, "slots": 4, "status": "completed", "steps": 5000, "task": "variable_binding", "test_accuracy": 1.0, "test_loss": 5.024658610636834e-06, "variant": "untied"}

[96/100] START D:\Install\Dev\Projects\IA\Ejercise\t1_trainability_lab_v0.1.0\.venv\Scripts\python.exe D:\Install\Dev\Projects\IA\Ejercise\t1_trainability_lab_v0.1.0\scripts\train_run.py --task variable_binding --variant untied --dimension 64 --slots 4 --rounds 4 --seed 202 --output-dir campaign\runs\variable_binding\untied\D64_S4_R4\seed_202
D:\Install\Dev\Projects\IA\Ejercise\t1_trainability_lab_v0.1.0\scripts\train_run.py:169: UserWarning: Converting a tensor with requires_grad=True to a scalar may lead to unexpected behavior.
Consider using tensor.detach() first. (Triggered internally at C:\actions-runner\_work\pytorch\pytorch\pytorch\torch\csrc\autograd\generated\python_variable_methods.cpp:837.)
  train_loss_sum += float(loss)
{"best_val_accuracy": 1.0, "best_val_loss": 6.04180646041641e-06, "dimension": 64, "elapsed_seconds": 154.10129999998026, "epochs": 64, "finite": true, "rounds": 4, "seed": 202, "slots": 4, "status": "completed", "steps": 5000, "task": "variable_binding", "test_accuracy": 1.0, "test_loss": 6.040077740181004e-06, "variant": "untied"}

[97/100] START D:\Install\Dev\Projects\IA\Ejercise\t1_trainability_lab_v0.1.0\.venv\Scripts\python.exe D:\Install\Dev\Projects\IA\Ejercise\t1_trainability_lab_v0.1.0\scripts\train_run.py --task variable_binding --variant untied --dimension 64 --slots 4 --rounds 4 --seed 303 --output-dir campaign\runs\variable_binding\untied\D64_S4_R4\seed_303
D:\Install\Dev\Projects\IA\Ejercise\t1_trainability_lab_v0.1.0\scripts\train_run.py:169: UserWarning: Converting a tensor with requires_grad=True to a scalar may lead to unexpected behavior.
Consider using tensor.detach() first. (Triggered internally at C:\actions-runner\_work\pytorch\pytorch\pytorch\torch\csrc\autograd\generated\python_variable_methods.cpp:837.)
  train_loss_sum += float(loss)
{"best_val_accuracy": 1.0, "best_val_loss": 5.480035830260022e-06, "dimension": 64, "elapsed_seconds": 156.27086769999005, "epochs": 64, "finite": true, "rounds": 4, "seed": 303, "slots": 4, "status": "completed", "steps": 5000, "task": "variable_binding", "test_accuracy": 1.0, "test_loss": 5.49672489069053e-06, "variant": "untied"}

[98/100] START D:\Install\Dev\Projects\IA\Ejercise\t1_trainability_lab_v0.1.0\.venv\Scripts\python.exe D:\Install\Dev\Projects\IA\Ejercise\t1_trainability_lab_v0.1.0\scripts\train_run.py --task variable_binding --variant untied --dimension 64 --slots 4 --rounds 4 --seed 404 --output-dir campaign\runs\variable_binding\untied\D64_S4_R4\seed_404
D:\Install\Dev\Projects\IA\Ejercise\t1_trainability_lab_v0.1.0\scripts\train_run.py:169: UserWarning: Converting a tensor with requires_grad=True to a scalar may lead to unexpected behavior.
Consider using tensor.detach() first. (Triggered internally at C:\actions-runner\_work\pytorch\pytorch\pytorch\torch\csrc\autograd\generated\python_variable_methods.cpp:837.)
  train_loss_sum += float(loss)
{"best_val_accuracy": 1.0, "best_val_loss": 5.885047132323962e-06, "dimension": 64, "elapsed_seconds": 154.40176020003855, "epochs": 64, "finite": true, "rounds": 4, "seed": 404, "slots": 4, "status": "completed", "steps": 5000, "task": "variable_binding", "test_accuracy": 1.0, "test_loss": 5.897444709262345e-06, "variant": "untied"}

[99/100] START D:\Install\Dev\Projects\IA\Ejercise\t1_trainability_lab_v0.1.0\.venv\Scripts\python.exe D:\Install\Dev\Projects\IA\Ejercise\t1_trainability_lab_v0.1.0\scripts\train_run.py --task variable_binding --variant untied --dimension 64 --slots 4 --rounds 4 --seed 505 --output-dir campaign\runs\variable_binding\untied\D64_S4_R4\seed_505
D:\Install\Dev\Projects\IA\Ejercise\t1_trainability_lab_v0.1.0\scripts\train_run.py:169: UserWarning: Converting a tensor with requires_grad=True to a scalar may lead to unexpected behavior.
Consider using tensor.detach() first. (Triggered internally at C:\actions-runner\_work\pytorch\pytorch\pytorch\torch\csrc\autograd\generated\python_variable_methods.cpp:837.)
  train_loss_sum += float(loss)
{"best_val_accuracy": 1.0, "best_val_loss": 5.695863415894564e-06, "dimension": 64, "elapsed_seconds": 154.98048140015453, "epochs": 64, "finite": true, "rounds": 4, "seed": 505, "slots": 4, "status": "completed", "steps": 5000, "task": "variable_binding", "test_accuracy": 1.0, "test_loss": 5.702777321857866e-06, "variant": "untied"}

[100/100] START D:\Install\Dev\Projects\IA\Ejercise\t1_trainability_lab_v0.1.0\.venv\Scripts\python.exe D:\Install\Dev\Projects\IA\Ejercise\t1_trainability_lab_v0.1.0\scripts\train_run.py --task variable_binding --variant vector-state --dimension 64 --slots 1 --rounds 4 --seed 101 --output-dir campaign\runs\variable_binding\vector-state\D64_S1_R4\seed_101
D:\Install\Dev\Projects\IA\Ejercise\t1_trainability_lab_v0.1.0\scripts\train_run.py:169: UserWarning: Converting a tensor with requires_grad=True to a scalar may lead to unexpected behavior.
Consider using tensor.detach() first. (Triggered internally at C:\actions-runner\_work\pytorch\pytorch\pytorch\torch\csrc\autograd\generated\python_variable_methods.cpp:837.)
  train_loss_sum += float(loss)
{"best_val_accuracy": 1.0, "best_val_loss": 5.7983227270597124e-06, "dimension": 64, "elapsed_seconds": 103.77302190009505, "epochs": 64, "finite": true, "rounds": 4, "seed": 101, "slots": 1, "status": "completed", "steps": 5000, "task": "variable_binding", "test_accuracy": 1.0, "test_loss": 5.801958697702503e-06, "variant": "vector-state"}
