T0-M Phase 3 stderr and correction-gated command log
executable=D:\Install\Dev\Projects\IA\Ejercise\cpu-native-arch\build\t0m_int8_probe.exe
D=512; bytes_per_int8=1; physical_cpus=0,2,4,6; workers=4
target_kib_per_worker=384,512,640,768; S=1,2,4,8,16; R=1,2,4,8,16; modes=fused,repeat; variants=A,B
timed_repetitions=5; warmup=2; pilot_repeats=3
Phase 4 constant-work sweep=NOT RUN
command[1] "D:\Install\Dev\Projects\IA\Ejercise\cpu-native-arch\build\t0m_int8_probe.exe" --D 512 --S 8 --R 16 --mode fused --variant A --S-tile 2 --workers 4 --cpus 0,2,4,6 --rows-per-worker 1024,1024,1024,1024 --iterations 1 --timed-repetitions 5 --warmup 2
stdout[1] D,S,R,O_i,B_i,rows_per_worker,bytes_per_worker,mode,variant,S_tile,iterations,timed_repetitions,warmup,worker_count,worker_list,affinity,affinity_error,affinity_succeeded,timed_repetitions_exact,avx2_supported,kernel_used,eviction_bytes,eviction_checksum,elapsed_seconds,mac_total,mac_per_second,checksum
512,8,16,"1024,1024,1024,1024","524288,524288,524288,524288","1024,1024,1024,1024","524288,524288,524288,524288",fused,A,2,1,5,2,4,"0,2,4,6","true,true,true,true","0,0,0,0",true,true,true,avx2,0,0,0.107127,1342177280,1.25289e+10,1344005558
stderr[1] T0-M correction passed: every Y[S x O_i] cell, fused/repeat/reference, A/B/C, S_tile=2/4/8, four shards, and one/four-worker accounting gate
command[2] "D:\Install\Dev\Projects\IA\Ejercise\cpu-native-arch\build\t0m_int8_probe.exe" --D 512 --S 8 --R 16 --mode fused --variant B --S-tile 2 --workers 4 --cpus 0,2,4,6 --rows-per-worker 1024,1024,1024,1024 --iterations 1 --timed-repetitions 5 --warmup 2
stdout[2] D,S,R,O_i,B_i,rows_per_worker,bytes_per_worker,mode,variant,S_tile,iterations,timed_repetitions,warmup,worker_count,worker_list,affinity,affinity_error,affinity_succeeded,timed_repetitions_exact,avx2_supported,kernel_used,eviction_bytes,eviction_checksum,elapsed_seconds,mac_total,mac_per_second,checksum
512,8,16,"1024,1024,1024,1024","8388608,8388608,8388608,8388608","1024,1024,1024,1024","8388608,8388608,8388608,8388608",fused,B,2,1,5,2,4,"0,2,4,6","true,true,true,true","0,0,0,0",true,true,true,avx2,0,0,0.0770075,1342177280,1.74292e+10,18446744071836486043
stderr[2] T0-M correction passed: every Y[S x O_i] cell, fused/repeat/reference, A/B/C, S_tile=2/4/8, four shards, and one/four-worker accounting gate
command[3] "D:\Install\Dev\Projects\IA\Ejercise\cpu-native-arch\build\t0m_int8_probe.exe" --D 512 --S 8 --R 16 --mode repeat --variant A --S-tile 2 --workers 4 --cpus 0,2,4,6 --rows-per-worker 1024,1024,1024,1024 --iterations 1 --timed-repetitions 5 --warmup 2
stdout[3] D,S,R,O_i,B_i,rows_per_worker,bytes_per_worker,mode,variant,S_tile,iterations,timed_repetitions,warmup,worker_count,worker_list,affinity,affinity_error,affinity_succeeded,timed_repetitions_exact,avx2_supported,kernel_used,eviction_bytes,eviction_checksum,elapsed_seconds,mac_total,mac_per_second,checksum
512,8,16,"1024,1024,1024,1024","524288,524288,524288,524288","1024,1024,1024,1024","524288,524288,524288,524288",repeat,A,2,1,5,2,4,"0,2,4,6","true,true,true,true","0,0,0,0",true,true,true,avx2,0,0,0.0394013,1342177280,3.40643e+10,1344005558
stderr[3] T0-M correction passed: every Y[S x O_i] cell, fused/repeat/reference, A/B/C, S_tile=2/4/8, four shards, and one/four-worker accounting gate
command[4] "D:\Install\Dev\Projects\IA\Ejercise\cpu-native-arch\build\t0m_int8_probe.exe" --D 512 --S 8 --R 16 --mode repeat --variant B --S-tile 2 --workers 4 --cpus 0,2,4,6 --rows-per-worker 1024,1024,1024,1024 --iterations 1 --timed-repetitions 5 --warmup 2
stdout[4] D,S,R,O_i,B_i,rows_per_worker,bytes_per_worker,mode,variant,S_tile,iterations,timed_repetitions,warmup,worker_count,worker_list,affinity,affinity_error,affinity_succeeded,timed_repetitions_exact,avx2_supported,kernel_used,eviction_bytes,eviction_checksum,elapsed_seconds,mac_total,mac_per_second,checksum
512,8,16,"1024,1024,1024,1024","8388608,8388608,8388608,8388608","1024,1024,1024,1024","8388608,8388608,8388608,8388608",repeat,B,2,1,5,2,4,"0,2,4,6","true,true,true,true","0,0,0,0",true,true,true,avx2,0,0,0.0407136,1342177280,3.29663e+10,18446744071836486043
stderr[4] T0-M correction passed: every Y[S x O_i] cell, fused/repeat/reference, A/B/C, S_tile=2/4/8, four shards, and one/four-worker accounting gate
command[5] "D:\Install\Dev\Projects\IA\Ejercise\cpu-native-arch\build\t0m_int8_probe.exe" --D 512 --S 8 --R 16 --mode fused --variant A --S-tile 4 --workers 4 --cpus 0,2,4,6 --rows-per-worker 1024,1024,1024,1024 --iterations 1 --timed-repetitions 5 --warmup 2
stdout[5] D,S,R,O_i,B_i,rows_per_worker,bytes_per_worker,mode,variant,S_tile,iterations,timed_repetitions,warmup,worker_count,worker_list,affinity,affinity_error,affinity_succeeded,timed_repetitions_exact,avx2_supported,kernel_used,eviction_bytes,eviction_checksum,elapsed_seconds,mac_total,mac_per_second,checksum
512,8,16,"1024,1024,1024,1024","524288,524288,524288,524288","1024,1024,1024,1024","524288,524288,524288,524288",fused,A,4,1,5,2,4,"0,2,4,6","true,true,true,true","0,0,0,0",true,true,true,avx2,0,0,0.0543518,1342177280,2.46943e+10,1344005558
stderr[5] T0-M correction passed: every Y[S x O_i] cell, fused/repeat/reference, A/B/C, S_tile=2/4/8, four shards, and one/four-worker accounting gate
command[6] "D:\Install\Dev\Projects\IA\Ejercise\cpu-native-arch\build\t0m_int8_probe.exe" --D 512 --S 8 --R 16 --mode fused --variant B --S-tile 4 --workers 4 --cpus 0,2,4,6 --rows-per-worker 1024,1024,1024,1024 --iterations 1 --timed-repetitions 5 --warmup 2
stdout[6] D,S,R,O_i,B_i,rows_per_worker,bytes_per_worker,mode,variant,S_tile,iterations,timed_repetitions,warmup,worker_count,worker_list,affinity,affinity_error,affinity_succeeded,timed_repetitions_exact,avx2_supported,kernel_used,eviction_bytes,eviction_checksum,elapsed_seconds,mac_total,mac_per_second,checksum
512,8,16,"1024,1024,1024,1024","8388608,8388608,8388608,8388608","1024,1024,1024,1024","8388608,8388608,8388608,8388608",fused,B,4,1,5,2,4,"0,2,4,6","true,true,true,true","0,0,0,0",true,true,true,avx2,0,0,0.0917097,1342177280,1.46351e+10,18446744071836486043
stderr[6] T0-M correction passed: every Y[S x O_i] cell, fused/repeat/reference, A/B/C, S_tile=2/4/8, four shards, and one/four-worker accounting gate
command[7] "D:\Install\Dev\Projects\IA\Ejercise\cpu-native-arch\build\t0m_int8_probe.exe" --D 512 --S 8 --R 16 --mode repeat --variant A --S-tile 4 --workers 4 --cpus 0,2,4,6 --rows-per-worker 1024,1024,1024,1024 --iterations 1 --timed-repetitions 5 --warmup 2
stdout[7] D,S,R,O_i,B_i,rows_per_worker,bytes_per_worker,mode,variant,S_tile,iterations,timed_repetitions,warmup,worker_count,worker_list,affinity,affinity_error,affinity_succeeded,timed_repetitions_exact,avx2_supported,kernel_used,eviction_bytes,eviction_checksum,elapsed_seconds,mac_total,mac_per_second,checksum
512,8,16,"1024,1024,1024,1024","524288,524288,524288,524288","1024,1024,1024,1024","524288,524288,524288,524288",repeat,A,4,1,5,2,4,"0,2,4,6","true,true,true,true","0,0,0,0",true,true,true,avx2,0,0,0.0408067,1342177280,3.28911e+10,1344005558
stderr[7] T0-M correction passed: every Y[S x O_i] cell, fused/repeat/reference, A/B/C, S_tile=2/4/8, four shards, and one/four-worker accounting gate
command[8] "D:\Install\Dev\Projects\IA\Ejercise\cpu-native-arch\build\t0m_int8_probe.exe" --D 512 --S 8 --R 16 --mode repeat --variant B --S-tile 4 --workers 4 --cpus 0,2,4,6 --rows-per-worker 1024,1024,1024,1024 --iterations 1 --timed-repetitions 5 --warmup 2
stdout[8] D,S,R,O_i,B_i,rows_per_worker,bytes_per_worker,mode,variant,S_tile,iterations,timed_repetitions,warmup,worker_count,worker_list,affinity,affinity_error,affinity_succeeded,timed_repetitions_exact,avx2_supported,kernel_used,eviction_bytes,eviction_checksum,elapsed_seconds,mac_total,mac_per_second,checksum
512,8,16,"1024,1024,1024,1024","8388608,8388608,8388608,8388608","1024,1024,1024,1024","8388608,8388608,8388608,8388608",repeat,B,4,1,5,2,4,"0,2,4,6","true,true,true,true","0,0,0,0",true,true,true,avx2,0,0,0.0393172,1342177280,3.41372e+10,18446744071836486043
stderr[8] T0-M correction passed: every Y[S x O_i] cell, fused/repeat/reference, A/B/C, S_tile=2/4/8, four shards, and one/four-worker accounting gate
command[9] "D:\Install\Dev\Projects\IA\Ejercise\cpu-native-arch\build\t0m_int8_probe.exe" --D 512 --S 8 --R 16 --mode fused --variant A --S-tile 8 --workers 4 --cpus 0,2,4,6 --rows-per-worker 1024,1024,1024,1024 --iterations 1 --timed-repetitions 5 --warmup 2
stdout[9] D,S,R,O_i,B_i,rows_per_worker,bytes_per_worker,mode,variant,S_tile,iterations,timed_repetitions,warmup,worker_count,worker_list,affinity,affinity_error,affinity_succeeded,timed_repetitions_exact,avx2_supported,kernel_used,eviction_bytes,eviction_checksum,elapsed_seconds,mac_total,mac_per_second,checksum
512,8,16,"1024,1024,1024,1024","524288,524288,524288,524288","1024,1024,1024,1024","524288,524288,524288,524288",fused,A,8,1,5,2,4,"0,2,4,6","true,true,true,true","0,0,0,0",true,true,true,avx2,0,0,0.0490398,1342177280,2.73691e+10,1344005558
stderr[9] T0-M correction passed: every Y[S x O_i] cell, fused/repeat/reference, A/B/C, S_tile=2/4/8, four shards, and one/four-worker accounting gate
command[10] "D:\Install\Dev\Projects\IA\Ejercise\cpu-native-arch\build\t0m_int8_probe.exe" --D 512 --S 8 --R 16 --mode fused --variant B --S-tile 8 --workers 4 --cpus 0,2,4,6 --rows-per-worker 1024,1024,1024,1024 --iterations 1 --timed-repetitions 5 --warmup 2
stdout[10] D,S,R,O_i,B_i,rows_per_worker,bytes_per_worker,mode,variant,S_tile,iterations,timed_repetitions,warmup,worker_count,worker_list,affinity,affinity_error,affinity_succeeded,timed_repetitions_exact,avx2_supported,kernel_used,eviction_bytes,eviction_checksum,elapsed_seconds,mac_total,mac_per_second,checksum
512,8,16,"1024,1024,1024,1024","8388608,8388608,8388608,8388608","1024,1024,1024,1024","8388608,8388608,8388608,8388608",fused,B,8,1,5,2,4,"0,2,4,6","true,true,true,true","0,0,0,0",true,true,true,avx2,0,0,0.0527558,1342177280,2.54413e+10,18446744071836486043
stderr[10] T0-M correction passed: every Y[S x O_i] cell, fused/repeat/reference, A/B/C, S_tile=2/4/8, four shards, and one/four-worker accounting gate
command[11] "D:\Install\Dev\Projects\IA\Ejercise\cpu-native-arch\build\t0m_int8_probe.exe" --D 512 --S 8 --R 16 --mode repeat --variant A --S-tile 8 --workers 4 --cpus 0,2,4,6 --rows-per-worker 1024,1024,1024,1024 --iterations 1 --timed-repetitions 5 --warmup 2
stdout[11] D,S,R,O_i,B_i,rows_per_worker,bytes_per_worker,mode,variant,S_tile,iterations,timed_repetitions,warmup,worker_count,worker_list,affinity,affinity_error,affinity_succeeded,timed_repetitions_exact,avx2_supported,kernel_used,eviction_bytes,eviction_checksum,elapsed_seconds,mac_total,mac_per_second,checksum
512,8,16,"1024,1024,1024,1024","524288,524288,524288,524288","1024,1024,1024,1024","524288,524288,524288,524288",repeat,A,8,1,5,2,4,"0,2,4,6","true,true,true,true","0,0,0,0",true,true,true,avx2,0,0,0.0408679,1342177280,3.28418e+10,1344005558
stderr[11] T0-M correction passed: every Y[S x O_i] cell, fused/repeat/reference, A/B/C, S_tile=2/4/8, four shards, and one/four-worker accounting gate
command[12] "D:\Install\Dev\Projects\IA\Ejercise\cpu-native-arch\build\t0m_int8_probe.exe" --D 512 --S 8 --R 16 --mode repeat --variant B --S-tile 8 --workers 4 --cpus 0,2,4,6 --rows-per-worker 1024,1024,1024,1024 --iterations 1 --timed-repetitions 5 --warmup 2
stdout[12] D,S,R,O_i,B_i,rows_per_worker,bytes_per_worker,mode,variant,S_tile,iterations,timed_repetitions,warmup,worker_count,worker_list,affinity,affinity_error,affinity_succeeded,timed_repetitions_exact,avx2_supported,kernel_used,eviction_bytes,eviction_checksum,elapsed_seconds,mac_total,mac_per_second,checksum
512,8,16,"1024,1024,1024,1024","8388608,8388608,8388608,8388608","1024,1024,1024,1024","8388608,8388608,8388608,8388608",repeat,B,8,1,5,2,4,"0,2,4,6","true,true,true,true","0,0,0,0",true,true,true,avx2,0,0,0.0467379,1342177280,2.87171e+10,18446744071836486043
stderr[12] T0-M correction passed: every Y[S x O_i] cell, fused/repeat/reference, A/B/C, S_tile=2/4/8, four shards, and one/four-worker accounting gate
command[13] "D:\Install\Dev\Projects\IA\Ejercise\cpu-native-arch\build\t0m_int8_probe.exe" --D 512 --S 8 --R 16 --mode fused --variant A --S-tile 2 --workers 4 --cpus 0,2,4,6 --rows-per-worker 1024,1024,1024,1024 --iterations 1 --timed-repetitions 5 --warmup 2
stdout[13] D,S,R,O_i,B_i,rows_per_worker,bytes_per_worker,mode,variant,S_tile,iterations,timed_repetitions,warmup,worker_count,worker_list,affinity,affinity_error,affinity_succeeded,timed_repetitions_exact,avx2_supported,kernel_used,eviction_bytes,eviction_checksum,elapsed_seconds,mac_total,mac_per_second,checksum
512,8,16,"1024,1024,1024,1024","524288,524288,524288,524288","1024,1024,1024,1024","524288,524288,524288,524288",fused,A,2,1,5,2,4,"0,2,4,6","true,true,true,true","0,0,0,0",true,true,true,avx2,0,0,0.0702239,1342177280,1.91128e+10,1344005558
stderr[13] T0-M correction passed: every Y[S x O_i] cell, fused/repeat/reference, A/B/C, S_tile=2/4/8, four shards, and one/four-worker accounting gate
command[14] "D:\Install\Dev\Projects\IA\Ejercise\cpu-native-arch\build\t0m_int8_probe.exe" --D 512 --S 8 --R 16 --mode fused --variant B --S-tile 2 --workers 4 --cpus 0,2,4,6 --rows-per-worker 1024,1024,1024,1024 --iterations 1 --timed-repetitions 5 --warmup 2
stdout[14] D,S,R,O_i,B_i,rows_per_worker,bytes_per_worker,mode,variant,S_tile,iterations,timed_repetitions,warmup,worker_count,worker_list,affinity,affinity_error,affinity_succeeded,timed_repetitions_exact,avx2_supported,kernel_used,eviction_bytes,eviction_checksum,elapsed_seconds,mac_total,mac_per_second,checksum
512,8,16,"1024,1024,1024,1024","8388608,8388608,8388608,8388608","1024,1024,1024,1024","8388608,8388608,8388608,8388608",fused,B,2,1,5,2,4,"0,2,4,6","true,true,true,true","0,0,0,0",true,true,true,avx2,0,0,0.0734987,1342177280,1.82612e+10,18446744071836486043
stderr[14] T0-M correction passed: every Y[S x O_i] cell, fused/repeat/reference, A/B/C, S_tile=2/4/8, four shards, and one/four-worker accounting gate
command[15] "D:\Install\Dev\Projects\IA\Ejercise\cpu-native-arch\build\t0m_int8_probe.exe" --D 512 --S 8 --R 16 --mode repeat --variant A --S-tile 2 --workers 4 --cpus 0,2,4,6 --rows-per-worker 1024,1024,1024,1024 --iterations 1 --timed-repetitions 5 --warmup 2
stdout[15] D,S,R,O_i,B_i,rows_per_worker,bytes_per_worker,mode,variant,S_tile,iterations,timed_repetitions,warmup,worker_count,worker_list,affinity,affinity_error,affinity_succeeded,timed_repetitions_exact,avx2_supported,kernel_used,eviction_bytes,eviction_checksum,elapsed_seconds,mac_total,mac_per_second,checksum
512,8,16,"1024,1024,1024,1024","524288,524288,524288,524288","1024,1024,1024,1024","524288,524288,524288,524288",repeat,A,2,1,5,2,4,"0,2,4,6","true,true,true,true","0,0,0,0",true,true,true,avx2,0,0,0.043245,1342177280,3.10366e+10,1344005558
stderr[15] T0-M correction passed: every Y[S x O_i] cell, fused/repeat/reference, A/B/C, S_tile=2/4/8, four shards, and one/four-worker accounting gate
command[16] "D:\Install\Dev\Projects\IA\Ejercise\cpu-native-arch\build\t0m_int8_probe.exe" --D 512 --S 8 --R 16 --mode repeat --variant B --S-tile 2 --workers 4 --cpus 0,2,4,6 --rows-per-worker 1024,1024,1024,1024 --iterations 1 --timed-repetitions 5 --warmup 2
stdout[16] D,S,R,O_i,B_i,rows_per_worker,bytes_per_worker,mode,variant,S_tile,iterations,timed_repetitions,warmup,worker_count,worker_list,affinity,affinity_error,affinity_succeeded,timed_repetitions_exact,avx2_supported,kernel_used,eviction_bytes,eviction_checksum,elapsed_seconds,mac_total,mac_per_second,checksum
512,8,16,"1024,1024,1024,1024","8388608,8388608,8388608,8388608","1024,1024,1024,1024","8388608,8388608,8388608,8388608",repeat,B,2,1,5,2,4,"0,2,4,6","true,true,true,true","0,0,0,0",true,true,true,avx2,0,0,0.0425092,1342177280,3.15738e+10,18446744071836486043
stderr[16] T0-M correction passed: every Y[S x O_i] cell, fused/repeat/reference, A/B/C, S_tile=2/4/8, four shards, and one/four-worker accounting gate
command[17] "D:\Install\Dev\Projects\IA\Ejercise\cpu-native-arch\build\t0m_int8_probe.exe" --D 512 --S 8 --R 16 --mode fused --variant A --S-tile 4 --workers 4 --cpus 0,2,4,6 --rows-per-worker 1024,1024,1024,1024 --iterations 1 --timed-repetitions 5 --warmup 2
stdout[17] D,S,R,O_i,B_i,rows_per_worker,bytes_per_worker,mode,variant,S_tile,iterations,timed_repetitions,warmup,worker_count,worker_list,affinity,affinity_error,affinity_succeeded,timed_repetitions_exact,avx2_supported,kernel_used,eviction_bytes,eviction_checksum,elapsed_seconds,mac_total,mac_per_second,checksum
512,8,16,"1024,1024,1024,1024","524288,524288,524288,524288","1024,1024,1024,1024","524288,524288,524288,524288",fused,A,4,1,5,2,4,"0,2,4,6","true,true,true,true","0,0,0,0",true,true,true,avx2,0,0,0.0779795,1342177280,1.72119e+10,1344005558
stderr[17] T0-M correction passed: every Y[S x O_i] cell, fused/repeat/reference, A/B/C, S_tile=2/4/8, four shards, and one/four-worker accounting gate
command[18] "D:\Install\Dev\Projects\IA\Ejercise\cpu-native-arch\build\t0m_int8_probe.exe" --D 512 --S 8 --R 16 --mode fused --variant B --S-tile 4 --workers 4 --cpus 0,2,4,6 --rows-per-worker 1024,1024,1024,1024 --iterations 1 --timed-repetitions 5 --warmup 2
stdout[18] D,S,R,O_i,B_i,rows_per_worker,bytes_per_worker,mode,variant,S_tile,iterations,timed_repetitions,warmup,worker_count,worker_list,affinity,affinity_error,affinity_succeeded,timed_repetitions_exact,avx2_supported,kernel_used,eviction_bytes,eviction_checksum,elapsed_seconds,mac_total,mac_per_second,checksum
512,8,16,"1024,1024,1024,1024","8388608,8388608,8388608,8388608","1024,1024,1024,1024","8388608,8388608,8388608,8388608",fused,B,4,1,5,2,4,"0,2,4,6","true,true,true,true","0,0,0,0",true,true,true,avx2,0,0,0.0645771,1342177280,2.07841e+10,18446744071836486043
stderr[18] T0-M correction passed: every Y[S x O_i] cell, fused/repeat/reference, A/B/C, S_tile=2/4/8, four shards, and one/four-worker accounting gate
command[19] "D:\Install\Dev\Projects\IA\Ejercise\cpu-native-arch\build\t0m_int8_probe.exe" --D 512 --S 8 --R 16 --mode repeat --variant A --S-tile 4 --workers 4 --cpus 0,2,4,6 --rows-per-worker 1024,1024,1024,1024 --iterations 1 --timed-repetitions 5 --warmup 2
stdout[19] D,S,R,O_i,B_i,rows_per_worker,bytes_per_worker,mode,variant,S_tile,iterations,timed_repetitions,warmup,worker_count,worker_list,affinity,affinity_error,affinity_succeeded,timed_repetitions_exact,avx2_supported,kernel_used,eviction_bytes,eviction_checksum,elapsed_seconds,mac_total,mac_per_second,checksum
512,8,16,"1024,1024,1024,1024","524288,524288,524288,524288","1024,1024,1024,1024","524288,524288,524288,524288",repeat,A,4,1,5,2,4,"0,2,4,6","true,true,true,true","0,0,0,0",true,true,true,avx2,0,0,0.0411696,1342177280,3.26012e+10,1344005558
stderr[19] T0-M correction passed: every Y[S x O_i] cell, fused/repeat/reference, A/B/C, S_tile=2/4/8, four shards, and one/four-worker accounting gate
command[20] "D:\Install\Dev\Projects\IA\Ejercise\cpu-native-arch\build\t0m_int8_probe.exe" --D 512 --S 8 --R 16 --mode repeat --variant B --S-tile 4 --workers 4 --cpus 0,2,4,6 --rows-per-worker 1024,1024,1024,1024 --iterations 1 --timed-repetitions 5 --warmup 2
stdout[20] D,S,R,O_i,B_i,rows_per_worker,bytes_per_worker,mode,variant,S_tile,iterations,timed_repetitions,warmup,worker_count,worker_list,affinity,affinity_error,affinity_succeeded,timed_repetitions_exact,avx2_supported,kernel_used,eviction_bytes,eviction_checksum,elapsed_seconds,mac_total,mac_per_second,checksum
512,8,16,"1024,1024,1024,1024","8388608,8388608,8388608,8388608","1024,1024,1024,1024","8388608,8388608,8388608,8388608",repeat,B,4,1,5,2,4,"0,2,4,6","true,true,true,true","0,0,0,0",true,true,true,avx2,0,0,0.0406425,1342177280,3.3024e+10,18446744071836486043
stderr[20] T0-M correction passed: every Y[S x O_i] cell, fused/repeat/reference, A/B/C, S_tile=2/4/8, four shards, and one/four-worker accounting gate
command[21] "D:\Install\Dev\Projects\IA\Ejercise\cpu-native-arch\build\t0m_int8_probe.exe" --D 512 --S 8 --R 16 --mode fused --variant A --S-tile 8 --workers 4 --cpus 0,2,4,6 --rows-per-worker 1024,1024,1024,1024 --iterations 1 --timed-repetitions 5 --warmup 2
stdout[21] D,S,R,O_i,B_i,rows_per_worker,bytes_per_worker,mode,variant,S_tile,iterations,timed_repetitions,warmup,worker_count,worker_list,affinity,affinity_error,affinity_succeeded,timed_repetitions_exact,avx2_supported,kernel_used,eviction_bytes,eviction_checksum,elapsed_seconds,mac_total,mac_per_second,checksum
512,8,16,"1024,1024,1024,1024","524288,524288,524288,524288","1024,1024,1024,1024","524288,524288,524288,524288",fused,A,8,1,5,2,4,"0,2,4,6","true,true,true,true","0,0,0,0",true,true,true,avx2,0,0,0.0517485,1342177280,2.59365e+10,1344005558
stderr[21] T0-M correction passed: every Y[S x O_i] cell, fused/repeat/reference, A/B/C, S_tile=2/4/8, four shards, and one/four-worker accounting gate
command[22] "D:\Install\Dev\Projects\IA\Ejercise\cpu-native-arch\build\t0m_int8_probe.exe" --D 512 --S 8 --R 16 --mode fused --variant B --S-tile 8 --workers 4 --cpus 0,2,4,6 --rows-per-worker 1024,1024,1024,1024 --iterations 1 --timed-repetitions 5 --warmup 2
stdout[22] D,S,R,O_i,B_i,rows_per_worker,bytes_per_worker,mode,variant,S_tile,iterations,timed_repetitions,warmup,worker_count,worker_list,affinity,affinity_error,affinity_succeeded,timed_repetitions_exact,avx2_supported,kernel_used,eviction_bytes,eviction_checksum,elapsed_seconds,mac_total,mac_per_second,checksum
512,8,16,"1024,1024,1024,1024","8388608,8388608,8388608,8388608","1024,1024,1024,1024","8388608,8388608,8388608,8388608",fused,B,8,1,5,2,4,"0,2,4,6","true,true,true,true","0,0,0,0",true,true,true,avx2,0,0,0.0534573,1342177280,2.51075e+10,18446744071836486043
stderr[22] T0-M correction passed: every Y[S x O_i] cell, fused/repeat/reference, A/B/C, S_tile=2/4/8, four shards, and one/four-worker accounting gate
command[23] "D:\Install\Dev\Projects\IA\Ejercise\cpu-native-arch\build\t0m_int8_probe.exe" --D 512 --S 8 --R 16 --mode repeat --variant A --S-tile 8 --workers 4 --cpus 0,2,4,6 --rows-per-worker 1024,1024,1024,1024 --iterations 1 --timed-repetitions 5 --warmup 2
stdout[23] D,S,R,O_i,B_i,rows_per_worker,bytes_per_worker,mode,variant,S_tile,iterations,timed_repetitions,warmup,worker_count,worker_list,affinity,affinity_error,affinity_succeeded,timed_repetitions_exact,avx2_supported,kernel_used,eviction_bytes,eviction_checksum,elapsed_seconds,mac_total,mac_per_second,checksum
512,8,16,"1024,1024,1024,1024","524288,524288,524288,524288","1024,1024,1024,1024","524288,524288,524288,524288",repeat,A,8,1,5,2,4,"0,2,4,6","true,true,true,true","0,0,0,0",true,true,true,avx2,0,0,0.0486477,1342177280,2.75897e+10,1344005558
stderr[23] T0-M correction passed: every Y[S x O_i] cell, fused/repeat/reference, A/B/C, S_tile=2/4/8, four shards, and one/four-worker accounting gate
command[24] "D:\Install\Dev\Projects\IA\Ejercise\cpu-native-arch\build\t0m_int8_probe.exe" --D 512 --S 8 --R 16 --mode repeat --variant B --S-tile 8 --workers 4 --cpus 0,2,4,6 --rows-per-worker 1024,1024,1024,1024 --iterations 1 --timed-repetitions 5 --warmup 2
stdout[24] D,S,R,O_i,B_i,rows_per_worker,bytes_per_worker,mode,variant,S_tile,iterations,timed_repetitions,warmup,worker_count,worker_list,affinity,affinity_error,affinity_succeeded,timed_repetitions_exact,avx2_supported,kernel_used,eviction_bytes,eviction_checksum,elapsed_seconds,mac_total,mac_per_second,checksum
512,8,16,"1024,1024,1024,1024","8388608,8388608,8388608,8388608","1024,1024,1024,1024","8388608,8388608,8388608,8388608",repeat,B,8,1,5,2,4,"0,2,4,6","true,true,true,true","0,0,0,0",true,true,true,avx2,0,0,0.0416417,1342177280,3.22316e+10,18446744071836486043
stderr[24] T0-M correction passed: every Y[S x O_i] cell, fused/repeat/reference, A/B/C, S_tile=2/4/8, four shards, and one/four-worker accounting gate
command[25] "D:\Install\Dev\Projects\IA\Ejercise\cpu-native-arch\build\t0m_int8_probe.exe" --D 512 --S 8 --R 16 --mode fused --variant A --S-tile 2 --workers 4 --cpus 0,2,4,6 --rows-per-worker 1024,1024,1024,1024 --iterations 1 --timed-repetitions 5 --warmup 2
stdout[25] D,S,R,O_i,B_i,rows_per_worker,bytes_per_worker,mode,variant,S_tile,iterations,timed_repetitions,warmup,worker_count,worker_list,affinity,affinity_error,affinity_succeeded,timed_repetitions_exact,avx2_supported,kernel_used,eviction_bytes,eviction_checksum,elapsed_seconds,mac_total,mac_per_second,checksum
512,8,16,"1024,1024,1024,1024","524288,524288,524288,524288","1024,1024,1024,1024","524288,524288,524288,524288",fused,A,2,1,5,2,4,"0,2,4,6","true,true,true,true","0,0,0,0",true,true,true,avx2,0,0,0.0715401,1342177280,1.87612e+10,1344005558
stderr[25] T0-M correction passed: every Y[S x O_i] cell, fused/repeat/reference, A/B/C, S_tile=2/4/8, four shards, and one/four-worker accounting gate
command[26] "D:\Install\Dev\Projects\IA\Ejercise\cpu-native-arch\build\t0m_int8_probe.exe" --D 512 --S 8 --R 16 --mode fused --variant B --S-tile 2 --workers 4 --cpus 0,2,4,6 --rows-per-worker 1024,1024,1024,1024 --iterations 1 --timed-repetitions 5 --warmup 2
stdout[26] D,S,R,O_i,B_i,rows_per_worker,bytes_per_worker,mode,variant,S_tile,iterations,timed_repetitions,warmup,worker_count,worker_list,affinity,affinity_error,affinity_succeeded,timed_repetitions_exact,avx2_supported,kernel_used,eviction_bytes,eviction_checksum,elapsed_seconds,mac_total,mac_per_second,checksum
512,8,16,"1024,1024,1024,1024","8388608,8388608,8388608,8388608","1024,1024,1024,1024","8388608,8388608,8388608,8388608",fused,B,2,1,5,2,4,"0,2,4,6","true,true,true,true","0,0,0,0",true,true,true,avx2,0,0,0.0746109,1342177280,1.7989e+10,18446744071836486043
stderr[26] T0-M correction passed: every Y[S x O_i] cell, fused/repeat/reference, A/B/C, S_tile=2/4/8, four shards, and one/four-worker accounting gate
command[27] "D:\Install\Dev\Projects\IA\Ejercise\cpu-native-arch\build\t0m_int8_probe.exe" --D 512 --S 8 --R 16 --mode repeat --variant A --S-tile 2 --workers 4 --cpus 0,2,4,6 --rows-per-worker 1024,1024,1024,1024 --iterations 1 --timed-repetitions 5 --warmup 2
stdout[27] D,S,R,O_i,B_i,rows_per_worker,bytes_per_worker,mode,variant,S_tile,iterations,timed_repetitions,warmup,worker_count,worker_list,affinity,affinity_error,affinity_succeeded,timed_repetitions_exact,avx2_supported,kernel_used,eviction_bytes,eviction_checksum,elapsed_seconds,mac_total,mac_per_second,checksum
512,8,16,"1024,1024,1024,1024","524288,524288,524288,524288","1024,1024,1024,1024","524288,524288,524288,524288",repeat,A,2,1,5,2,4,"0,2,4,6","true,true,true,true","0,0,0,0",true,true,true,avx2,0,0,0.0408732,1342177280,3.28376e+10,1344005558
stderr[27] T0-M correction passed: every Y[S x O_i] cell, fused/repeat/reference, A/B/C, S_tile=2/4/8, four shards, and one/four-worker accounting gate
command[28] "D:\Install\Dev\Projects\IA\Ejercise\cpu-native-arch\build\t0m_int8_probe.exe" --D 512 --S 8 --R 16 --mode repeat --variant B --S-tile 2 --workers 4 --cpus 0,2,4,6 --rows-per-worker 1024,1024,1024,1024 --iterations 1 --timed-repetitions 5 --warmup 2
stdout[28] D,S,R,O_i,B_i,rows_per_worker,bytes_per_worker,mode,variant,S_tile,iterations,timed_repetitions,warmup,worker_count,worker_list,affinity,affinity_error,affinity_succeeded,timed_repetitions_exact,avx2_supported,kernel_used,eviction_bytes,eviction_checksum,elapsed_seconds,mac_total,mac_per_second,checksum
512,8,16,"1024,1024,1024,1024","8388608,8388608,8388608,8388608","1024,1024,1024,1024","8388608,8388608,8388608,8388608",repeat,B,2,1,5,2,4,"0,2,4,6","true,true,true,true","0,0,0,0",true,true,true,avx2,0,0,0.0524456,1342177280,2.55918e+10,18446744071836486043
stderr[28] T0-M correction passed: every Y[S x O_i] cell, fused/repeat/reference, A/B/C, S_tile=2/4/8, four shards, and one/four-worker accounting gate
command[29] "D:\Install\Dev\Projects\IA\Ejercise\cpu-native-arch\build\t0m_int8_probe.exe" --D 512 --S 8 --R 16 --mode fused --variant A --S-tile 4 --workers 4 --cpus 0,2,4,6 --rows-per-worker 1024,1024,1024,1024 --iterations 1 --timed-repetitions 5 --warmup 2
stdout[29] D,S,R,O_i,B_i,rows_per_worker,bytes_per_worker,mode,variant,S_tile,iterations,timed_repetitions,warmup,worker_count,worker_list,affinity,affinity_error,affinity_succeeded,timed_repetitions_exact,avx2_supported,kernel_used,eviction_bytes,eviction_checksum,elapsed_seconds,mac_total,mac_per_second,checksum
512,8,16,"1024,1024,1024,1024","524288,524288,524288,524288","1024,1024,1024,1024","524288,524288,524288,524288",fused,A,4,1,5,2,4,"0,2,4,6","true,true,true,true","0,0,0,0",true,true,true,avx2,0,0,0.0545436,1342177280,2.46074e+10,1344005558
stderr[29] T0-M correction passed: every Y[S x O_i] cell, fused/repeat/reference, A/B/C, S_tile=2/4/8, four shards, and one/four-worker accounting gate
command[30] "D:\Install\Dev\Projects\IA\Ejercise\cpu-native-arch\build\t0m_int8_probe.exe" --D 512 --S 8 --R 16 --mode fused --variant B --S-tile 4 --workers 4 --cpus 0,2,4,6 --rows-per-worker 1024,1024,1024,1024 --iterations 1 --timed-repetitions 5 --warmup 2
stdout[30] D,S,R,O_i,B_i,rows_per_worker,bytes_per_worker,mode,variant,S_tile,iterations,timed_repetitions,warmup,worker_count,worker_list,affinity,affinity_error,affinity_succeeded,timed_repetitions_exact,avx2_supported,kernel_used,eviction_bytes,eviction_checksum,elapsed_seconds,mac_total,mac_per_second,checksum
512,8,16,"1024,1024,1024,1024","8388608,8388608,8388608,8388608","1024,1024,1024,1024","8388608,8388608,8388608,8388608",fused,B,4,1,5,2,4,"0,2,4,6","true,true,true,true","0,0,0,0",true,true,true,avx2,0,0,0.0593138,1342177280,2.26284e+10,18446744071836486043
stderr[30] T0-M correction passed: every Y[S x O_i] cell, fused/repeat/reference, A/B/C, S_tile=2/4/8, four shards, and one/four-worker accounting gate
command[31] "D:\Install\Dev\Projects\IA\Ejercise\cpu-native-arch\build\t0m_int8_probe.exe" --D 512 --S 8 --R 16 --mode repeat --variant A --S-tile 4 --workers 4 --cpus 0,2,4,6 --rows-per-worker 1024,1024,1024,1024 --iterations 1 --timed-repetitions 5 --warmup 2
stdout[31] D,S,R,O_i,B_i,rows_per_worker,bytes_per_worker,mode,variant,S_tile,iterations,timed_repetitions,warmup,worker_count,worker_list,affinity,affinity_error,affinity_succeeded,timed_repetitions_exact,avx2_supported,kernel_used,eviction_bytes,eviction_checksum,elapsed_seconds,mac_total,mac_per_second,checksum
512,8,16,"1024,1024,1024,1024","524288,524288,524288,524288","1024,1024,1024,1024","524288,524288,524288,524288",repeat,A,4,1,5,2,4,"0,2,4,6","true,true,true,true","0,0,0,0",true,true,true,avx2,0,0,0.0404695,1342177280,3.31652e+10,1344005558
stderr[31] T0-M correction passed: every Y[S x O_i] cell, fused/repeat/reference, A/B/C, S_tile=2/4/8, four shards, and one/four-worker accounting gate
command[32] "D:\Install\Dev\Projects\IA\Ejercise\cpu-native-arch\build\t0m_int8_probe.exe" --D 512 --S 8 --R 16 --mode repeat --variant B --S-tile 4 --workers 4 --cpus 0,2,4,6 --rows-per-worker 1024,1024,1024,1024 --iterations 1 --timed-repetitions 5 --warmup 2
stdout[32] D,S,R,O_i,B_i,rows_per_worker,bytes_per_worker,mode,variant,S_tile,iterations,timed_repetitions,warmup,worker_count,worker_list,affinity,affinity_error,affinity_succeeded,timed_repetitions_exact,avx2_supported,kernel_used,eviction_bytes,eviction_checksum,elapsed_seconds,mac_total,mac_per_second,checksum
512,8,16,"1024,1024,1024,1024","8388608,8388608,8388608,8388608","1024,1024,1024,1024","8388608,8388608,8388608,8388608",repeat,B,4,1,5,2,4,"0,2,4,6","true,true,true,true","0,0,0,0",true,true,true,avx2,0,0,0.0465031,1342177280,2.88621e+10,18446744071836486043
stderr[32] T0-M correction passed: every Y[S x O_i] cell, fused/repeat/reference, A/B/C, S_tile=2/4/8, four shards, and one/four-worker accounting gate
command[33] "D:\Install\Dev\Projects\IA\Ejercise\cpu-native-arch\build\t0m_int8_probe.exe" --D 512 --S 8 --R 16 --mode fused --variant A --S-tile 8 --workers 4 --cpus 0,2,4,6 --rows-per-worker 1024,1024,1024,1024 --iterations 1 --timed-repetitions 5 --warmup 2
stdout[33] D,S,R,O_i,B_i,rows_per_worker,bytes_per_worker,mode,variant,S_tile,iterations,timed_repetitions,warmup,worker_count,worker_list,affinity,affinity_error,affinity_succeeded,timed_repetitions_exact,avx2_supported,kernel_used,eviction_bytes,eviction_checksum,elapsed_seconds,mac_total,mac_per_second,checksum
512,8,16,"1024,1024,1024,1024","524288,524288,524288,524288","1024,1024,1024,1024","524288,524288,524288,524288",fused,A,8,1,5,2,4,"0,2,4,6","true,true,true,true","0,0,0,0",true,true,true,avx2,0,0,0.0646023,1342177280,2.0776e+10,1344005558
stderr[33] T0-M correction passed: every Y[S x O_i] cell, fused/repeat/reference, A/B/C, S_tile=2/4/8, four shards, and one/four-worker accounting gate
command[34] "D:\Install\Dev\Projects\IA\Ejercise\cpu-native-arch\build\t0m_int8_probe.exe" --D 512 --S 8 --R 16 --mode fused --variant B --S-tile 8 --workers 4 --cpus 0,2,4,6 --rows-per-worker 1024,1024,1024,1024 --iterations 1 --timed-repetitions 5 --warmup 2
stdout[34] D,S,R,O_i,B_i,rows_per_worker,bytes_per_worker,mode,variant,S_tile,iterations,timed_repetitions,warmup,worker_count,worker_list,affinity,affinity_error,affinity_succeeded,timed_repetitions_exact,avx2_supported,kernel_used,eviction_bytes,eviction_checksum,elapsed_seconds,mac_total,mac_per_second,checksum
512,8,16,"1024,1024,1024,1024","8388608,8388608,8388608,8388608","1024,1024,1024,1024","8388608,8388608,8388608,8388608",fused,B,8,1,5,2,4,"0,2,4,6","true,true,true,true","0,0,0,0",true,true,true,avx2,0,0,0.0597166,1342177280,2.24758e+10,18446744071836486043
stderr[34] T0-M correction passed: every Y[S x O_i] cell, fused/repeat/reference, A/B/C, S_tile=2/4/8, four shards, and one/four-worker accounting gate
command[35] "D:\Install\Dev\Projects\IA\Ejercise\cpu-native-arch\build\t0m_int8_probe.exe" --D 512 --S 8 --R 16 --mode repeat --variant A --S-tile 8 --workers 4 --cpus 0,2,4,6 --rows-per-worker 1024,1024,1024,1024 --iterations 1 --timed-repetitions 5 --warmup 2
stdout[35] D,S,R,O_i,B_i,rows_per_worker,bytes_per_worker,mode,variant,S_tile,iterations,timed_repetitions,warmup,worker_count,worker_list,affinity,affinity_error,affinity_succeeded,timed_repetitions_exact,avx2_supported,kernel_used,eviction_bytes,eviction_checksum,elapsed_seconds,mac_total,mac_per_second,checksum
512,8,16,"1024,1024,1024,1024","524288,524288,524288,524288","1024,1024,1024,1024","524288,524288,524288,524288",repeat,A,8,1,5,2,4,"0,2,4,6","true,true,true,true","0,0,0,0",true,true,true,avx2,0,0,0.0404589,1342177280,3.31738e+10,1344005558
stderr[35] T0-M correction passed: every Y[S x O_i] cell, fused/repeat/reference, A/B/C, S_tile=2/4/8, four shards, and one/four-worker accounting gate
command[36] "D:\Install\Dev\Projects\IA\Ejercise\cpu-native-arch\build\t0m_int8_probe.exe" --D 512 --S 8 --R 16 --mode repeat --variant B --S-tile 8 --workers 4 --cpus 0,2,4,6 --rows-per-worker 1024,1024,1024,1024 --iterations 1 --timed-repetitions 5 --warmup 2
stdout[36] D,S,R,O_i,B_i,rows_per_worker,bytes_per_worker,mode,variant,S_tile,iterations,timed_repetitions,warmup,worker_count,worker_list,affinity,affinity_error,affinity_succeeded,timed_repetitions_exact,avx2_supported,kernel_used,eviction_bytes,eviction_checksum,elapsed_seconds,mac_total,mac_per_second,checksum
512,8,16,"1024,1024,1024,1024","8388608,8388608,8388608,8388608","1024,1024,1024,1024","8388608,8388608,8388608,8388608",repeat,B,8,1,5,2,4,"0,2,4,6","true,true,true,true","0,0,0,0",true,true,true,avx2,0,0,0.0404468,1342177280,3.31838e+10,18446744071836486043
stderr[36] T0-M correction passed: every Y[S x O_i] cell, fused/repeat/reference, A/B/C, S_tile=2/4/8, four shards, and one/four-worker accounting gate
command[37] "D:\Install\Dev\Projects\IA\Ejercise\cpu-native-arch\build\t0m_int8_probe.exe" --D 512 --S 1 --R 1 --mode fused --variant A --S-tile 8 --workers 4 --cpus 0,2,4,6 --rows-per-worker 768,768,768,768 --iterations 1 --timed-repetitions 5 --warmup 2
stdout[37] D,S,R,O_i,B_i,rows_per_worker,bytes_per_worker,mode,variant,S_tile,iterations,timed_repetitions,warmup,worker_count,worker_list,affinity,affinity_error,affinity_succeeded,timed_repetitions_exact,avx2_supported,kernel_used,eviction_bytes,eviction_checksum,elapsed_seconds,mac_total,mac_per_second,checksum
512,1,1,"768,768,768,768","393216,393216,393216,393216","768,768,768,768","393216,393216,393216,393216",fused,A,8,1,5,2,4,"0,2,4,6","true,true,true,true","0,0,0,0",true,true,true,avx2,0,0,0.0009731,7864320,8.08172e+09,225443989
stderr[37] T0-M correction passed: every Y[S x O_i] cell, fused/repeat/reference, A/B/C, S_tile=2/4/8, four shards, and one/four-worker accounting gate
command[38] "D:\Install\Dev\Projects\IA\Ejercise\cpu-native-arch\build\t0m_int8_probe.exe" --D 512 --S 1 --R 1 --mode fused --variant B --S-tile 8 --workers 4 --cpus 0,2,4,6 --rows-per-worker 768,768,768,768 --iterations 1 --timed-repetitions 5 --warmup 2
stdout[38] D,S,R,O_i,B_i,rows_per_worker,bytes_per_worker,mode,variant,S_tile,iterations,timed_repetitions,warmup,worker_count,worker_list,affinity,affinity_error,affinity_succeeded,timed_repetitions_exact,avx2_supported,kernel_used,eviction_bytes,eviction_checksum,elapsed_seconds,mac_total,mac_per_second,checksum
512,1,1,"768,768,768,768","393216,393216,393216,393216","768,768,768,768","393216,393216,393216,393216",fused,B,8,1,5,2,4,"0,2,4,6","true,true,true,true","0,0,0,0",true,true,true,avx2,0,0,0.0018191,7864320,4.32319e+09,225443989
stderr[38] T0-M correction passed: every Y[S x O_i] cell, fused/repeat/reference, A/B/C, S_tile=2/4/8, four shards, and one/four-worker accounting gate
command[39] "D:\Install\Dev\Projects\IA\Ejercise\cpu-native-arch\build\t0m_int8_probe.exe" --D 512 --S 1 --R 1 --mode repeat --variant A --S-tile 8 --workers 4 --cpus 0,2,4,6 --rows-per-worker 768,768,768,768 --iterations 1 --timed-repetitions 5 --warmup 2
stdout[39] D,S,R,O_i,B_i,rows_per_worker,bytes_per_worker,mode,variant,S_tile,iterations,timed_repetitions,warmup,worker_count,worker_list,affinity,affinity_error,affinity_succeeded,timed_repetitions_exact,avx2_supported,kernel_used,eviction_bytes,eviction_checksum,elapsed_seconds,mac_total,mac_per_second,checksum
512,1,1,"768,768,768,768","393216,393216,393216,393216","768,768,768,768","393216,393216,393216,393216",repeat,A,8,1,5,2,4,"0,2,4,6","true,true,true,true","0,0,0,0",true,true,true,avx2,0,0,0.0005002,7864320,1.57224e+10,225443989
stderr[39] T0-M correction passed: every Y[S x O_i] cell, fused/repeat/reference, A/B/C, S_tile=2/4/8, four shards, and one/four-worker accounting gate
command[40] "D:\Install\Dev\Projects\IA\Ejercise\cpu-native-arch\build\t0m_int8_probe.exe" --D 512 --S 1 --R 1 --mode repeat --variant B --S-tile 8 --workers 4 --cpus 0,2,4,6 --rows-per-worker 768,768,768,768 --iterations 1 --timed-repetitions 5 --warmup 2
stdout[40] D,S,R,O_i,B_i,rows_per_worker,bytes_per_worker,mode,variant,S_tile,iterations,timed_repetitions,warmup,worker_count,worker_list,affinity,affinity_error,affinity_succeeded,timed_repetitions_exact,avx2_supported,kernel_used,eviction_bytes,eviction_checksum,elapsed_seconds,mac_total,mac_per_second,checksum
512,1,1,"768,768,768,768","393216,393216,393216,393216","768,768,768,768","393216,393216,393216,393216",repeat,B,8,1,5,2,4,"0,2,4,6","true,true,true,true","0,0,0,0",true,true,true,avx2,0,0,0.0007534,7864320,1.04384e+10,225443989
stderr[40] T0-M correction passed: every Y[S x O_i] cell, fused/repeat/reference, A/B/C, S_tile=2/4/8, four shards, and one/four-worker accounting gate
command[41] "D:\Install\Dev\Projects\IA\Ejercise\cpu-native-arch\build\t0m_int8_probe.exe" --D 512 --S 1 --R 2 --mode fused --variant A --S-tile 8 --workers 4 --cpus 0,2,4,6 --rows-per-worker 768,768,768,768 --iterations 1 --timed-repetitions 5 --warmup 2
stdout[41] D,S,R,O_i,B_i,rows_per_worker,bytes_per_worker,mode,variant,S_tile,iterations,timed_repetitions,warmup,worker_count,worker_list,affinity,affinity_error,affinity_succeeded,timed_repetitions_exact,avx2_supported,kernel_used,eviction_bytes,eviction_checksum,elapsed_seconds,mac_total,mac_per_second,checksum
512,1,2,"768,768,768,768","393216,393216,393216,393216","768,768,768,768","393216,393216,393216,393216",fused,A,8,1,5,2,4,"0,2,4,6","true,true,true,true","0,0,0,0",true,true,true,avx2,0,0,0.0042267,15728640,3.72126e+09,225443989
stderr[41] T0-M correction passed: every Y[S x O_i] cell, fused/repeat/reference, A/B/C, S_tile=2/4/8, four shards, and one/four-worker accounting gate
command[42] "D:\Install\Dev\Projects\IA\Ejercise\cpu-native-arch\build\t0m_int8_probe.exe" --D 512 --S 1 --R 2 --mode fused --variant B --S-tile 8 --workers 4 --cpus 0,2,4,6 --rows-per-worker 768,768,768,768 --iterations 1 --timed-repetitions 5 --warmup 2
stdout[42] D,S,R,O_i,B_i,rows_per_worker,bytes_per_worker,mode,variant,S_tile,iterations,timed_repetitions,warmup,worker_count,worker_list,affinity,affinity_error,affinity_succeeded,timed_repetitions_exact,avx2_supported,kernel_used,eviction_bytes,eviction_checksum,elapsed_seconds,mac_total,mac_per_second,checksum
512,1,2,"768,768,768,768","786432,786432,786432,786432","768,768,768,768","786432,786432,786432,786432",fused,B,8,1,5,2,4,"0,2,4,6","true,true,true,true","0,0,0,0",true,true,true,avx2,0,0,0.0012848,15728640,1.22421e+10,426046714
stderr[42] T0-M correction passed: every Y[S x O_i] cell, fused/repeat/reference, A/B/C, S_tile=2/4/8, four shards, and one/four-worker accounting gate
command[43] "D:\Install\Dev\Projects\IA\Ejercise\cpu-native-arch\build\t0m_int8_probe.exe" --D 512 --S 1 --R 2 --mode repeat --variant A --S-tile 8 --workers 4 --cpus 0,2,4,6 --rows-per-worker 768,768,768,768 --iterations 1 --timed-repetitions 5 --warmup 2
stdout[43] D,S,R,O_i,B_i,rows_per_worker,bytes_per_worker,mode,variant,S_tile,iterations,timed_repetitions,warmup,worker_count,worker_list,affinity,affinity_error,affinity_succeeded,timed_repetitions_exact,avx2_supported,kernel_used,eviction_bytes,eviction_checksum,elapsed_seconds,mac_total,mac_per_second,checksum
512,1,2,"768,768,768,768","393216,393216,393216,393216","768,768,768,768","393216,393216,393216,393216",repeat,A,8,1,5,2,4,"0,2,4,6","true,true,true,true","0,0,0,0",true,true,true,avx2,0,0,0.0005248,15728640,2.99707e+10,225443989
stderr[43] T0-M correction passed: every Y[S x O_i] cell, fused/repeat/reference, A/B/C, S_tile=2/4/8, four shards, and one/four-worker accounting gate
command[44] "D:\Install\Dev\Projects\IA\Ejercise\cpu-native-arch\build\t0m_int8_probe.exe" --D 512 --S 1 --R 2 --mode repeat --variant B --S-tile 8 --workers 4 --cpus 0,2,4,6 --rows-per-worker 768,768,768,768 --iterations 1 --timed-repetitions 5 --warmup 2
stdout[44] D,S,R,O_i,B_i,rows_per_worker,bytes_per_worker,mode,variant,S_tile,iterations,timed_repetitions,warmup,worker_count,worker_list,affinity,affinity_error,affinity_succeeded,timed_repetitions_exact,avx2_supported,kernel_used,eviction_bytes,eviction_checksum,elapsed_seconds,mac_total,mac_per_second,checksum
512,1,2,"768,768,768,768","786432,786432,786432,786432","768,768,768,768","786432,786432,786432,786432",repeat,B,8,1,5,2,4,"0,2,4,6","true,true,true,true","0,0,0,0",true,true,true,avx2,0,0,0.0009369,15728640,1.6788e+10,426046714
stderr[44] T0-M correction passed: every Y[S x O_i] cell, fused/repeat/reference, A/B/C, S_tile=2/4/8, four shards, and one/four-worker accounting gate
command[45] "D:\Install\Dev\Projects\IA\Ejercise\cpu-native-arch\build\t0m_int8_probe.exe" --D 512 --S 1 --R 4 --mode fused --variant A --S-tile 8 --workers 4 --cpus 0,2,4,6 --rows-per-worker 768,768,768,768 --iterations 1 --timed-repetitions 5 --warmup 2
stdout[45] D,S,R,O_i,B_i,rows_per_worker,bytes_per_worker,mode,variant,S_tile,iterations,timed_repetitions,warmup,worker_count,worker_list,affinity,affinity_error,affinity_succeeded,timed_repetitions_exact,avx2_supported,kernel_used,eviction_bytes,eviction_checksum,elapsed_seconds,mac_total,mac_per_second,checksum
512,1,4,"768,768,768,768","393216,393216,393216,393216","768,768,768,768","393216,393216,393216,393216",fused,A,8,1,5,2,4,"0,2,4,6","true,true,true,true","0,0,0,0",true,true,true,avx2,0,0,0.0037133,31457280,8.47152e+09,225443989
stderr[45] T0-M correction passed: every Y[S x O_i] cell, fused/repeat/reference, A/B/C, S_tile=2/4/8, four shards, and one/four-worker accounting gate
command[46] "D:\Install\Dev\Projects\IA\Ejercise\cpu-native-arch\build\t0m_int8_probe.exe" --D 512 --S 1 --R 4 --mode fused --variant B --S-tile 8 --workers 4 --cpus 0,2,4,6 --rows-per-worker 768,768,768,768 --iterations 1 --timed-repetitions 5 --warmup 2
stdout[46] D,S,R,O_i,B_i,rows_per_worker,bytes_per_worker,mode,variant,S_tile,iterations,timed_repetitions,warmup,worker_count,worker_list,affinity,affinity_error,affinity_succeeded,timed_repetitions_exact,avx2_supported,kernel_used,eviction_bytes,eviction_checksum,elapsed_seconds,mac_total,mac_per_second,checksum
512,1,4,"768,768,768,768","1572864,1572864,1572864,1572864","768,768,768,768","1572864,1572864,1572864,1572864",fused,B,8,1,5,2,4,"0,2,4,6","true,true,true,true","0,0,0,0",true,true,true,avx2,0,0,0.0024148,31457280,1.30269e+10,18446744073504481505
stderr[46] T0-M correction passed: every Y[S x O_i] cell, fused/repeat/reference, A/B/C, S_tile=2/4/8, four shards, and one/four-worker accounting gate
command[47] "D:\Install\Dev\Projects\IA\Ejercise\cpu-native-arch\build\t0m_int8_probe.exe" --D 512 --S 1 --R 4 --mode repeat --variant A --S-tile 8 --workers 4 --cpus 0,2,4,6 --rows-per-worker 768,768,768,768 --iterations 1 --timed-repetitions 5 --warmup 2
stdout[47] D,S,R,O_i,B_i,rows_per_worker,bytes_per_worker,mode,variant,S_tile,iterations,timed_repetitions,warmup,worker_count,worker_list,affinity,affinity_error,affinity_succeeded,timed_repetitions_exact,avx2_supported,kernel_used,eviction_bytes,eviction_checksum,elapsed_seconds,mac_total,mac_per_second,checksum
512,1,4,"768,768,768,768","393216,393216,393216,393216","768,768,768,768","393216,393216,393216,393216",repeat,A,8,1,5,2,4,"0,2,4,6","true,true,true,true","0,0,0,0",true,true,true,avx2,0,0,0.0017142,31457280,1.8351e+10,225443989
stderr[47] T0-M correction passed: every Y[S x O_i] cell, fused/repeat/reference, A/B/C, S_tile=2/4/8, four shards, and one/four-worker accounting gate
command[48] "D:\Install\Dev\Projects\IA\Ejercise\cpu-native-arch\build\t0m_int8_probe.exe" --D 512 --S 1 --R 4 --mode repeat --variant B --S-tile 8 --workers 4 --cpus 0,2,4,6 --rows-per-worker 768,768,768,768 --iterations 1 --timed-repetitions 5 --warmup 2
stdout[48] D,S,R,O_i,B_i,rows_per_worker,bytes_per_worker,mode,variant,S_tile,iterations,timed_repetitions,warmup,worker_count,worker_list,affinity,affinity_error,affinity_succeeded,timed_repetitions_exact,avx2_supported,kernel_used,eviction_bytes,eviction_checksum,elapsed_seconds,mac_total,mac_per_second,checksum
512,1,4,"768,768,768,768","1572864,1572864,1572864,1572864","768,768,768,768","1572864,1572864,1572864,1572864",repeat,B,8,1,5,2,4,"0,2,4,6","true,true,true,true","0,0,0,0",true,true,true,avx2,0,0,0.0016157,31457280,1.94698e+10,18446744073504481505
stderr[48] T0-M correction passed: every Y[S x O_i] cell, fused/repeat/reference, A/B/C, S_tile=2/4/8, four shards, and one/four-worker accounting gate
command[49] "D:\Install\Dev\Projects\IA\Ejercise\cpu-native-arch\build\t0m_int8_probe.exe" --D 512 --S 1 --R 8 --mode fused --variant A --S-tile 8 --workers 4 --cpus 0,2,4,6 --rows-per-worker 768,768,768,768 --iterations 1 --timed-repetitions 5 --warmup 2
stdout[49] D,S,R,O_i,B_i,rows_per_worker,bytes_per_worker,mode,variant,S_tile,iterations,timed_repetitions,warmup,worker_count,worker_list,affinity,affinity_error,affinity_succeeded,timed_repetitions_exact,avx2_supported,kernel_used,eviction_bytes,eviction_checksum,elapsed_seconds,mac_total,mac_per_second,checksum
512,1,8,"768,768,768,768","393216,393216,393216,393216","768,768,768,768","393216,393216,393216,393216",fused,A,8,1,5,2,4,"0,2,4,6","true,true,true,true","0,0,0,0",true,true,true,avx2,0,0,0.0062621,62914560,1.00469e+10,225443989
stderr[49] T0-M correction passed: every Y[S x O_i] cell, fused/repeat/reference, A/B/C, S_tile=2/4/8, four shards, and one/four-worker accounting gate
command[50] "D:\Install\Dev\Projects\IA\Ejercise\cpu-native-arch\build\t0m_int8_probe.exe" --D 512 --S 1 --R 8 --mode fused --variant B --S-tile 8 --workers 4 --cpus 0,2,4,6 --rows-per-worker 768,768,768,768 --iterations 1 --timed-repetitions 5 --warmup 2
stdout[50] D,S,R,O_i,B_i,rows_per_worker,bytes_per_worker,mode,variant,S_tile,iterations,timed_repetitions,warmup,worker_count,worker_list,affinity,affinity_error,affinity_succeeded,timed_repetitions_exact,avx2_supported,kernel_used,eviction_bytes,eviction_checksum,elapsed_seconds,mac_total,mac_per_second,checksum
512,1,8,"768,768,768,768","3145728,3145728,3145728,3145728","768,768,768,768","3145728,3145728,3145728,3145728",fused,B,8,1,5,2,4,"0,2,4,6","true,true,true,true","0,0,0,0",true,true,true,avx2,0,0,0.0055803,62914560,1.12744e+10,18446744073264054763
stderr[50] T0-M correction passed: every Y[S x O_i] cell, fused/repeat/reference, A/B/C, S_tile=2/4/8, four shards, and one/four-worker accounting gate
command[51] "D:\Install\Dev\Projects\IA\Ejercise\cpu-native-arch\build\t0m_int8_probe.exe" --D 512 --S 1 --R 8 --mode repeat --variant A --S-tile 8 --workers 4 --cpus 0,2,4,6 --rows-per-worker 768,768,768,768 --iterations 1 --timed-repetitions 5 --warmup 2
stdout[51] D,S,R,O_i,B_i,rows_per_worker,bytes_per_worker,mode,variant,S_tile,iterations,timed_repetitions,warmup,worker_count,worker_list,affinity,affinity_error,affinity_succeeded,timed_repetitions_exact,avx2_supported,kernel_used,eviction_bytes,eviction_checksum,elapsed_seconds,mac_total,mac_per_second,checksum
512,1,8,"768,768,768,768","393216,393216,393216,393216","768,768,768,768","393216,393216,393216,393216",repeat,A,8,1,5,2,4,"0,2,4,6","true,true,true,true","0,0,0,0",true,true,true,avx2,0,0,0.0036404,62914560,1.72823e+10,225443989
stderr[51] T0-M correction passed: every Y[S x O_i] cell, fused/repeat/reference, A/B/C, S_tile=2/4/8, four shards, and one/four-worker accounting gate
command[52] "D:\Install\Dev\Projects\IA\Ejercise\cpu-native-arch\build\t0m_int8_probe.exe" --D 512 --S 1 --R 8 --mode repeat --variant B --S-tile 8 --workers 4 --cpus 0,2,4,6 --rows-per-worker 768,768,768,768 --iterations 1 --timed-repetitions 5 --warmup 2
stdout[52] D,S,R,O_i,B_i,rows_per_worker,bytes_per_worker,mode,variant,S_tile,iterations,timed_repetitions,warmup,worker_count,worker_list,affinity,affinity_error,affinity_succeeded,timed_repetitions_exact,avx2_supported,kernel_used,eviction_bytes,eviction_checksum,elapsed_seconds,mac_total,mac_per_second,checksum
512,1,8,"768,768,768,768","3145728,3145728,3145728,3145728","768,768,768,768","3145728,3145728,3145728,3145728",repeat,B,8,1,5,2,4,"0,2,4,6","true,true,true,true","0,0,0,0",true,true,true,avx2,0,0,0.0022635,62914560,2.77953e+10,18446744073264054763
stderr[52] T0-M correction passed: every Y[S x O_i] cell, fused/repeat/reference, A/B/C, S_tile=2/4/8, four shards, and one/four-worker accounting gate
command[53] "D:\Install\Dev\Projects\IA\Ejercise\cpu-native-arch\build\t0m_int8_probe.exe" --D 512 --S 1 --R 16 --mode fused --variant A --S-tile 8 --workers 4 --cpus 0,2,4,6 --rows-per-worker 768,768,768,768 --iterations 1 --timed-repetitions 5 --warmup 2
stdout[53] D,S,R,O_i,B_i,rows_per_worker,bytes_per_worker,mode,variant,S_tile,iterations,timed_repetitions,warmup,worker_count,worker_list,affinity,affinity_error,affinity_succeeded,timed_repetitions_exact,avx2_supported,kernel_used,eviction_bytes,eviction_checksum,elapsed_seconds,mac_total,mac_per_second,checksum
512,1,16,"768,768,768,768","393216,393216,393216,393216","768,768,768,768","393216,393216,393216,393216",fused,A,8,1,5,2,4,"0,2,4,6","true,true,true,true","0,0,0,0",true,true,true,avx2,0,0,0.013317,125829120,9.44876e+09,225443989
stderr[53] T0-M correction passed: every Y[S x O_i] cell, fused/repeat/reference, A/B/C, S_tile=2/4/8, four shards, and one/four-worker accounting gate
command[54] "D:\Install\Dev\Projects\IA\Ejercise\cpu-native-arch\build\t0m_int8_probe.exe" --D 512 --S 1 --R 16 --mode fused --variant B --S-tile 8 --workers 4 --cpus 0,2,4,6 --rows-per-worker 768,768,768,768 --iterations 1 --timed-repetitions 5 --warmup 2
stdout[54] D,S,R,O_i,B_i,rows_per_worker,bytes_per_worker,mode,variant,S_tile,iterations,timed_repetitions,warmup,worker_count,worker_list,affinity,affinity_error,affinity_succeeded,timed_repetitions_exact,avx2_supported,kernel_used,eviction_bytes,eviction_checksum,elapsed_seconds,mac_total,mac_per_second,checksum
512,1,16,"768,768,768,768","6291456,6291456,6291456,6291456","768,768,768,768","6291456,6291456,6291456,6291456",fused,B,8,1,5,2,4,"0,2,4,6","true,true,true,true","0,0,0,0",true,true,true,avx2,0,0,0.0141586,125829120,8.88712e+09,18446744073599699090
stderr[54] T0-M correction passed: every Y[S x O_i] cell, fused/repeat/reference, A/B/C, S_tile=2/4/8, four shards, and one/four-worker accounting gate
command[55] "D:\Install\Dev\Projects\IA\Ejercise\cpu-native-arch\build\t0m_int8_probe.exe" --D 512 --S 1 --R 16 --mode repeat --variant A --S-tile 8 --workers 4 --cpus 0,2,4,6 --rows-per-worker 768,768,768,768 --iterations 1 --timed-repetitions 5 --warmup 2
stdout[55] D,S,R,O_i,B_i,rows_per_worker,bytes_per_worker,mode,variant,S_tile,iterations,timed_repetitions,warmup,worker_count,worker_list,affinity,affinity_error,affinity_succeeded,timed_repetitions_exact,avx2_supported,kernel_used,eviction_bytes,eviction_checksum,elapsed_seconds,mac_total,mac_per_second,checksum
512,1,16,"768,768,768,768","393216,393216,393216,393216","768,768,768,768","393216,393216,393216,393216",repeat,A,8,1,5,2,4,"0,2,4,6","true,true,true,true","0,0,0,0",true,true,true,avx2,0,0,0.0048797,125829120,2.57862e+10,225443989
stderr[55] T0-M correction passed: every Y[S x O_i] cell, fused/repeat/reference, A/B/C, S_tile=2/4/8, four shards, and one/four-worker accounting gate
command[56] "D:\Install\Dev\Projects\IA\Ejercise\cpu-native-arch\build\t0m_int8_probe.exe" --D 512 --S 1 --R 16 --mode repeat --variant B --S-tile 8 --workers 4 --cpus 0,2,4,6 --rows-per-worker 768,768,768,768 --iterations 1 --timed-repetitions 5 --warmup 2
stdout[56] D,S,R,O_i,B_i,rows_per_worker,bytes_per_worker,mode,variant,S_tile,iterations,timed_repetitions,warmup,worker_count,worker_list,affinity,affinity_error,affinity_succeeded,timed_repetitions_exact,avx2_supported,kernel_used,eviction_bytes,eviction_checksum,elapsed_seconds,mac_total,mac_per_second,checksum
512,1,16,"768,768,768,768","6291456,6291456,6291456,6291456","768,768,768,768","6291456,6291456,6291456,6291456",repeat,B,8,1,5,2,4,"0,2,4,6","true,true,true,true","0,0,0,0",true,true,true,avx2,0,0,0.0048019,125829120,2.6204e+10,18446744073599699090
stderr[56] T0-M correction passed: every Y[S x O_i] cell, fused/repeat/reference, A/B/C, S_tile=2/4/8, four shards, and one/four-worker accounting gate
command[57] "D:\Install\Dev\Projects\IA\Ejercise\cpu-native-arch\build\t0m_int8_probe.exe" --D 512 --S 2 --R 1 --mode fused --variant A --S-tile 8 --workers 4 --cpus 0,2,4,6 --rows-per-worker 768,768,768,768 --iterations 1 --timed-repetitions 5 --warmup 2
stdout[57] D,S,R,O_i,B_i,rows_per_worker,bytes_per_worker,mode,variant,S_tile,iterations,timed_repetitions,warmup,worker_count,worker_list,affinity,affinity_error,affinity_succeeded,timed_repetitions_exact,avx2_supported,kernel_used,eviction_bytes,eviction_checksum,elapsed_seconds,mac_total,mac_per_second,checksum
512,2,1,"768,768,768,768","393216,393216,393216,393216","768,768,768,768","393216,393216,393216,393216",fused,A,8,1,5,2,4,"0,2,4,6","true,true,true,true","0,0,0,0",true,true,true,avx2,0,0,0.0014675,15728640,1.0718e+10,678267491
stderr[57] T0-M correction passed: every Y[S x O_i] cell, fused/repeat/reference, A/B/C, S_tile=2/4/8, four shards, and one/four-worker accounting gate
command[58] "D:\Install\Dev\Projects\IA\Ejercise\cpu-native-arch\build\t0m_int8_probe.exe" --D 512 --S 2 --R 1 --mode fused --variant B --S-tile 8 --workers 4 --cpus 0,2,4,6 --rows-per-worker 768,768,768,768 --iterations 1 --timed-repetitions 5 --warmup 2
stdout[58] D,S,R,O_i,B_i,rows_per_worker,bytes_per_worker,mode,variant,S_tile,iterations,timed_repetitions,warmup,worker_count,worker_list,affinity,affinity_error,affinity_succeeded,timed_repetitions_exact,avx2_supported,kernel_used,eviction_bytes,eviction_checksum,elapsed_seconds,mac_total,mac_per_second,checksum
512,2,1,"768,768,768,768","393216,393216,393216,393216","768,768,768,768","393216,393216,393216,393216",fused,B,8,1,5,2,4,"0,2,4,6","true,true,true,true","0,0,0,0",true,true,true,avx2,0,0,0.0025625,15728640,6.13801e+09,678267491
stderr[58] T0-M correction passed: every Y[S x O_i] cell, fused/repeat/reference, A/B/C, S_tile=2/4/8, four shards, and one/four-worker accounting gate
command[59] "D:\Install\Dev\Projects\IA\Ejercise\cpu-native-arch\build\t0m_int8_probe.exe" --D 512 --S 2 --R 1 --mode repeat --variant A --S-tile 8 --workers 4 --cpus 0,2,4,6 --rows-per-worker 768,768,768,768 --iterations 1 --timed-repetitions 5 --warmup 2
stdout[59] D,S,R,O_i,B_i,rows_per_worker,bytes_per_worker,mode,variant,S_tile,iterations,timed_repetitions,warmup,worker_count,worker_list,affinity,affinity_error,affinity_succeeded,timed_repetitions_exact,avx2_supported,kernel_used,eviction_bytes,eviction_checksum,elapsed_seconds,mac_total,mac_per_second,checksum
512,2,1,"768,768,768,768","393216,393216,393216,393216","768,768,768,768","393216,393216,393216,393216",repeat,A,8,1,5,2,4,"0,2,4,6","true,true,true,true","0,0,0,0",true,true,true,avx2,0,0,0.000853,15728640,1.84392e+10,678267491
stderr[59] T0-M correction passed: every Y[S x O_i] cell, fused/repeat/reference, A/B/C, S_tile=2/4/8, four shards, and one/four-worker accounting gate
command[60] "D:\Install\Dev\Projects\IA\Ejercise\cpu-native-arch\build\t0m_int8_probe.exe" --D 512 --S 2 --R 1 --mode repeat --variant B --S-tile 8 --workers 4 --cpus 0,2,4,6 --rows-per-worker 768,768,768,768 --iterations 1 --timed-repetitions 5 --warmup 2
stdout[60] D,S,R,O_i,B_i,rows_per_worker,bytes_per_worker,mode,variant,S_tile,iterations,timed_repetitions,warmup,worker_count,worker_list,affinity,affinity_error,affinity_succeeded,timed_repetitions_exact,avx2_supported,kernel_used,eviction_bytes,eviction_checksum,elapsed_seconds,mac_total,mac_per_second,checksum
512,2,1,"768,768,768,768","393216,393216,393216,393216","768,768,768,768","393216,393216,393216,393216",repeat,B,8,1,5,2,4,"0,2,4,6","true,true,true,true","0,0,0,0",true,true,true,avx2,0,0,0.0008662,15728640,1.81582e+10,678267491
stderr[60] T0-M correction passed: every Y[S x O_i] cell, fused/repeat/reference, A/B/C, S_tile=2/4/8, four shards, and one/four-worker accounting gate
command[61] "D:\Install\Dev\Projects\IA\Ejercise\cpu-native-arch\build\t0m_int8_probe.exe" --D 512 --S 2 --R 2 --mode fused --variant A --S-tile 8 --workers 4 --cpus 0,2,4,6 --rows-per-worker 768,768,768,768 --iterations 1 --timed-repetitions 5 --warmup 2
stdout[61] D,S,R,O_i,B_i,rows_per_worker,bytes_per_worker,mode,variant,S_tile,iterations,timed_repetitions,warmup,worker_count,worker_list,affinity,affinity_error,affinity_succeeded,timed_repetitions_exact,avx2_supported,kernel_used,eviction_bytes,eviction_checksum,elapsed_seconds,mac_total,mac_per_second,checksum
512,2,2,"768,768,768,768","393216,393216,393216,393216","768,768,768,768","393216,393216,393216,393216",fused,A,8,1,5,2,4,"0,2,4,6","true,true,true,true","0,0,0,0",true,true,true,avx2,0,0,0.0030961,31457280,1.01603e+10,678267491
stderr[61] T0-M correction passed: every Y[S x O_i] cell, fused/repeat/reference, A/B/C, S_tile=2/4/8, four shards, and one/four-worker accounting gate
command[62] "D:\Install\Dev\Projects\IA\Ejercise\cpu-native-arch\build\t0m_int8_probe.exe" --D 512 --S 2 --R 2 --mode fused --variant B --S-tile 8 --workers 4 --cpus 0,2,4,6 --rows-per-worker 768,768,768,768 --iterations 1 --timed-repetitions 5 --warmup 2
stdout[62] D,S,R,O_i,B_i,rows_per_worker,bytes_per_worker,mode,variant,S_tile,iterations,timed_repetitions,warmup,worker_count,worker_list,affinity,affinity_error,affinity_succeeded,timed_repetitions_exact,avx2_supported,kernel_used,eviction_bytes,eviction_checksum,elapsed_seconds,mac_total,mac_per_second,checksum
512,2,2,"768,768,768,768","786432,786432,786432,786432","768,768,768,768","786432,786432,786432,786432",fused,B,8,1,5,2,4,"0,2,4,6","true,true,true,true","0,0,0,0",true,true,true,avx2,0,0,0.0025981,31457280,1.21078e+10,544491149
stderr[62] T0-M correction passed: every Y[S x O_i] cell, fused/repeat/reference, A/B/C, S_tile=2/4/8, four shards, and one/four-worker accounting gate
command[63] "D:\Install\Dev\Projects\IA\Ejercise\cpu-native-arch\build\t0m_int8_probe.exe" --D 512 --S 2 --R 2 --mode repeat --variant A --S-tile 8 --workers 4 --cpus 0,2,4,6 --rows-per-worker 768,768,768,768 --iterations 1 --timed-repetitions 5 --warmup 2
stdout[63] D,S,R,O_i,B_i,rows_per_worker,bytes_per_worker,mode,variant,S_tile,iterations,timed_repetitions,warmup,worker_count,worker_list,affinity,affinity_error,affinity_succeeded,timed_repetitions_exact,avx2_supported,kernel_used,eviction_bytes,eviction_checksum,elapsed_seconds,mac_total,mac_per_second,checksum
512,2,2,"768,768,768,768","393216,393216,393216,393216","768,768,768,768","393216,393216,393216,393216",repeat,A,8,1,5,2,4,"0,2,4,6","true,true,true,true","0,0,0,0",true,true,true,avx2,0,0,0.0015435,31457280,2.03805e+10,678267491
stderr[63] T0-M correction passed: every Y[S x O_i] cell, fused/repeat/reference, A/B/C, S_tile=2/4/8, four shards, and one/four-worker accounting gate
command[64] "D:\Install\Dev\Projects\IA\Ejercise\cpu-native-arch\build\t0m_int8_probe.exe" --D 512 --S 2 --R 2 --mode repeat --variant B --S-tile 8 --workers 4 --cpus 0,2,4,6 --rows-per-worker 768,768,768,768 --iterations 1 --timed-repetitions 5 --warmup 2
stdout[64] D,S,R,O_i,B_i,rows_per_worker,bytes_per_worker,mode,variant,S_tile,iterations,timed_repetitions,warmup,worker_count,worker_list,affinity,affinity_error,affinity_succeeded,timed_repetitions_exact,avx2_supported,kernel_used,eviction_bytes,eviction_checksum,elapsed_seconds,mac_total,mac_per_second,checksum
512,2,2,"768,768,768,768","786432,786432,786432,786432","768,768,768,768","786432,786432,786432,786432",repeat,B,8,1,5,2,4,"0,2,4,6","true,true,true,true","0,0,0,0",true,true,true,avx2,0,0,0.001307,31457280,2.40683e+10,544491149
stderr[64] T0-M correction passed: every Y[S x O_i] cell, fused/repeat/reference, A/B/C, S_tile=2/4/8, four shards, and one/four-worker accounting gate
command[65] "D:\Install\Dev\Projects\IA\Ejercise\cpu-native-arch\build\t0m_int8_probe.exe" --D 512 --S 2 --R 4 --mode fused --variant A --S-tile 8 --workers 4 --cpus 0,2,4,6 --rows-per-worker 768,768,768,768 --iterations 1 --timed-repetitions 5 --warmup 2
stdout[65] D,S,R,O_i,B_i,rows_per_worker,bytes_per_worker,mode,variant,S_tile,iterations,timed_repetitions,warmup,worker_count,worker_list,affinity,affinity_error,affinity_succeeded,timed_repetitions_exact,avx2_supported,kernel_used,eviction_bytes,eviction_checksum,elapsed_seconds,mac_total,mac_per_second,checksum
512,2,4,"768,768,768,768","393216,393216,393216,393216","768,768,768,768","393216,393216,393216,393216",fused,A,8,1,5,2,4,"0,2,4,6","true,true,true,true","0,0,0,0",true,true,true,avx2,0,0,0.004794,62914560,1.31236e+10,678267491
stderr[65] T0-M correction passed: every Y[S x O_i] cell, fused/repeat/reference, A/B/C, S_tile=2/4/8, four shards, and one/four-worker accounting gate
command[66] "D:\Install\Dev\Projects\IA\Ejercise\cpu-native-arch\build\t0m_int8_probe.exe" --D 512 --S 2 --R 4 --mode fused --variant B --S-tile 8 --workers 4 --cpus 0,2,4,6 --rows-per-worker 768,768,768,768 --iterations 1 --timed-repetitions 5 --warmup 2
stdout[66] D,S,R,O_i,B_i,rows_per_worker,bytes_per_worker,mode,variant,S_tile,iterations,timed_repetitions,warmup,worker_count,worker_list,affinity,affinity_error,affinity_succeeded,timed_repetitions_exact,avx2_supported,kernel_used,eviction_bytes,eviction_checksum,elapsed_seconds,mac_total,mac_per_second,checksum
512,2,4,"768,768,768,768","1572864,1572864,1572864,1572864","768,768,768,768","1572864,1572864,1572864,1572864",fused,B,8,1,5,2,4,"0,2,4,6","true,true,true,true","0,0,0,0",true,true,true,avx2,0,0,0.0033612,62914560,1.87179e+10,40724527
stderr[66] T0-M correction passed: every Y[S x O_i] cell, fused/repeat/reference, A/B/C, S_tile=2/4/8, four shards, and one/four-worker accounting gate
command[67] "D:\Install\Dev\Projects\IA\Ejercise\cpu-native-arch\build\t0m_int8_probe.exe" --D 512 --S 2 --R 4 --mode repeat --variant A --S-tile 8 --workers 4 --cpus 0,2,4,6 --rows-per-worker 768,768,768,768 --iterations 1 --timed-repetitions 5 --warmup 2
stdout[67] D,S,R,O_i,B_i,rows_per_worker,bytes_per_worker,mode,variant,S_tile,iterations,timed_repetitions,warmup,worker_count,worker_list,affinity,affinity_error,affinity_succeeded,timed_repetitions_exact,avx2_supported,kernel_used,eviction_bytes,eviction_checksum,elapsed_seconds,mac_total,mac_per_second,checksum
512,2,4,"768,768,768,768","393216,393216,393216,393216","768,768,768,768","393216,393216,393216,393216",repeat,A,8,1,5,2,4,"0,2,4,6","true,true,true,true","0,0,0,0",true,true,true,avx2,0,0,0.0030596,62914560,2.0563e+10,678267491
stderr[67] T0-M correction passed: every Y[S x O_i] cell, fused/repeat/reference, A/B/C, S_tile=2/4/8, four shards, and one/four-worker accounting gate
command[68] "D:\Install\Dev\Projects\IA\Ejercise\cpu-native-arch\build\t0m_int8_probe.exe" --D 512 --S 2 --R 4 --mode repeat --variant B --S-tile 8 --workers 4 --cpus 0,2,4,6 --rows-per-worker 768,768,768,768 --iterations 1 --timed-repetitions 5 --warmup 2
stdout[68] D,S,R,O_i,B_i,rows_per_worker,bytes_per_worker,mode,variant,S_tile,iterations,timed_repetitions,warmup,worker_count,worker_list,affinity,affinity_error,affinity_succeeded,timed_repetitions_exact,avx2_supported,kernel_used,eviction_bytes,eviction_checksum,elapsed_seconds,mac_total,mac_per_second,checksum
512,2,4,"768,768,768,768","1572864,1572864,1572864,1572864","768,768,768,768","1572864,1572864,1572864,1572864",repeat,B,8,1,5,2,4,"0,2,4,6","true,true,true,true","0,0,0,0",true,true,true,avx2,0,0,0.0046477,62914560,1.35367e+10,40724527
stderr[68] T0-M correction passed: every Y[S x O_i] cell, fused/repeat/reference, A/B/C, S_tile=2/4/8, four shards, and one/four-worker accounting gate
command[69] "D:\Install\Dev\Projects\IA\Ejercise\cpu-native-arch\build\t0m_int8_probe.exe" --D 512 --S 2 --R 8 --mode fused --variant A --S-tile 8 --workers 4 --cpus 0,2,4,6 --rows-per-worker 768,768,768,768 --iterations 1 --timed-repetitions 5 --warmup 2
stdout[69] D,S,R,O_i,B_i,rows_per_worker,bytes_per_worker,mode,variant,S_tile,iterations,timed_repetitions,warmup,worker_count,worker_list,affinity,affinity_error,affinity_succeeded,timed_repetitions_exact,avx2_supported,kernel_used,eviction_bytes,eviction_checksum,elapsed_seconds,mac_total,mac_per_second,checksum
512,2,8,"768,768,768,768","393216,393216,393216,393216","768,768,768,768","393216,393216,393216,393216",fused,A,8,1,5,2,4,"0,2,4,6","true,true,true,true","0,0,0,0",true,true,true,avx2,0,0,0.008557,125829120,1.47048e+10,678267491
stderr[69] T0-M correction passed: every Y[S x O_i] cell, fused/repeat/reference, A/B/C, S_tile=2/4/8, four shards, and one/four-worker accounting gate
command[70] "D:\Install\Dev\Projects\IA\Ejercise\cpu-native-arch\build\t0m_int8_probe.exe" --D 512 --S 2 --R 8 --mode fused --variant B --S-tile 8 --workers 4 --cpus 0,2,4,6 --rows-per-worker 768,768,768,768 --iterations 1 --timed-repetitions 5 --warmup 2
stdout[70] D,S,R,O_i,B_i,rows_per_worker,bytes_per_worker,mode,variant,S_tile,iterations,timed_repetitions,warmup,worker_count,worker_list,affinity,affinity_error,affinity_succeeded,timed_repetitions_exact,avx2_supported,kernel_used,eviction_bytes,eviction_checksum,elapsed_seconds,mac_total,mac_per_second,checksum
512,2,8,"768,768,768,768","3145728,3145728,3145728,3145728","768,768,768,768","3145728,3145728,3145728,3145728",fused,B,8,1,5,2,4,"0,2,4,6","true,true,true,true","0,0,0,0",true,true,true,avx2,0,0,0.0074217,125829120,1.69542e+10,554621
stderr[70] T0-M correction passed: every Y[S x O_i] cell, fused/repeat/reference, A/B/C, S_tile=2/4/8, four shards, and one/four-worker accounting gate
command[71] "D:\Install\Dev\Projects\IA\Ejercise\cpu-native-arch\build\t0m_int8_probe.exe" --D 512 --S 2 --R 8 --mode repeat --variant A --S-tile 8 --workers 4 --cpus 0,2,4,6 --rows-per-worker 768,768,768,768 --iterations 1 --timed-repetitions 5 --warmup 2
stdout[71] D,S,R,O_i,B_i,rows_per_worker,bytes_per_worker,mode,variant,S_tile,iterations,timed_repetitions,warmup,worker_count,worker_list,affinity,affinity_error,affinity_succeeded,timed_repetitions_exact,avx2_supported,kernel_used,eviction_bytes,eviction_checksum,elapsed_seconds,mac_total,mac_per_second,checksum
512,2,8,"768,768,768,768","393216,393216,393216,393216","768,768,768,768","393216,393216,393216,393216",repeat,A,8,1,5,2,4,"0,2,4,6","true,true,true,true","0,0,0,0",true,true,true,avx2,0,0,0.0056059,125829120,2.24458e+10,678267491
stderr[71] T0-M correction passed: every Y[S x O_i] cell, fused/repeat/reference, A/B/C, S_tile=2/4/8, four shards, and one/four-worker accounting gate
command[72] "D:\Install\Dev\Projects\IA\Ejercise\cpu-native-arch\build\t0m_int8_probe.exe" --D 512 --S 2 --R 8 --mode repeat --variant B --S-tile 8 --workers 4 --cpus 0,2,4,6 --rows-per-worker 768,768,768,768 --iterations 1 --timed-repetitions 5 --warmup 2
stdout[72] D,S,R,O_i,B_i,rows_per_worker,bytes_per_worker,mode,variant,S_tile,iterations,timed_repetitions,warmup,worker_count,worker_list,affinity,affinity_error,affinity_succeeded,timed_repetitions_exact,avx2_supported,kernel_used,eviction_bytes,eviction_checksum,elapsed_seconds,mac_total,mac_per_second,checksum
512,2,8,"768,768,768,768","3145728,3145728,3145728,3145728","768,768,768,768","3145728,3145728,3145728,3145728",repeat,B,8,1,5,2,4,"0,2,4,6","true,true,true,true","0,0,0,0",true,true,true,avx2,0,0,0.003705,125829120,3.3962e+10,554621
stderr[72] T0-M correction passed: every Y[S x O_i] cell, fused/repeat/reference, A/B/C, S_tile=2/4/8, four shards, and one/four-worker accounting gate
command[73] "D:\Install\Dev\Projects\IA\Ejercise\cpu-native-arch\build\t0m_int8_probe.exe" --D 512 --S 2 --R 16 --mode fused --variant A --S-tile 8 --workers 4 --cpus 0,2,4,6 --rows-per-worker 768,768,768,768 --iterations 1 --timed-repetitions 5 --warmup 2
stdout[73] D,S,R,O_i,B_i,rows_per_worker,bytes_per_worker,mode,variant,S_tile,iterations,timed_repetitions,warmup,worker_count,worker_list,affinity,affinity_error,affinity_succeeded,timed_repetitions_exact,avx2_supported,kernel_used,eviction_bytes,eviction_checksum,elapsed_seconds,mac_total,mac_per_second,checksum
512,2,16,"768,768,768,768","393216,393216,393216,393216","768,768,768,768","393216,393216,393216,393216",fused,A,8,1,5,2,4,"0,2,4,6","true,true,true,true","0,0,0,0",true,true,true,avx2,0,0,0.0136244,251658240,1.84711e+10,678267491
stderr[73] T0-M correction passed: every Y[S x O_i] cell, fused/repeat/reference, A/B/C, S_tile=2/4/8, four shards, and one/four-worker accounting gate
command[74] "D:\Install\Dev\Projects\IA\Ejercise\cpu-native-arch\build\t0m_int8_probe.exe" --D 512 --S 2 --R 16 --mode fused --variant B --S-tile 8 --workers 4 --cpus 0,2,4,6 --rows-per-worker 768,768,768,768 --iterations 1 --timed-repetitions 5 --warmup 2
stdout[74] D,S,R,O_i,B_i,rows_per_worker,bytes_per_worker,mode,variant,S_tile,iterations,timed_repetitions,warmup,worker_count,worker_list,affinity,affinity_error,affinity_succeeded,timed_repetitions_exact,avx2_supported,kernel_used,eviction_bytes,eviction_checksum,elapsed_seconds,mac_total,mac_per_second,checksum
512,2,16,"768,768,768,768","6291456,6291456,6291456,6291456","768,768,768,768","6291456,6291456,6291456,6291456",fused,B,8,1,5,2,4,"0,2,4,6","true,true,true,true","0,0,0,0",true,true,true,avx2,0,0,0.0205583,251658240,1.22412e+10,34440378
stderr[74] T0-M correction passed: every Y[S x O_i] cell, fused/repeat/reference, A/B/C, S_tile=2/4/8, four shards, and one/four-worker accounting gate
command[75] "D:\Install\Dev\Projects\IA\Ejercise\cpu-native-arch\build\t0m_int8_probe.exe" --D 512 --S 2 --R 16 --mode repeat --variant A --S-tile 8 --workers 4 --cpus 0,2,4,6 --rows-per-worker 768,768,768,768 --iterations 1 --timed-repetitions 5 --warmup 2
stdout[75] D,S,R,O_i,B_i,rows_per_worker,bytes_per_worker,mode,variant,S_tile,iterations,timed_repetitions,warmup,worker_count,worker_list,affinity,affinity_error,affinity_succeeded,timed_repetitions_exact,avx2_supported,kernel_used,eviction_bytes,eviction_checksum,elapsed_seconds,mac_total,mac_per_second,checksum
512,2,16,"768,768,768,768","393216,393216,393216,393216","768,768,768,768","393216,393216,393216,393216",repeat,A,8,1,5,2,4,"0,2,4,6","true,true,true,true","0,0,0,0",true,true,true,avx2,0,0,0.0086477,251658240,2.91012e+10,678267491
stderr[75] T0-M correction passed: every Y[S x O_i] cell, fused/repeat/reference, A/B/C, S_tile=2/4/8, four shards, and one/four-worker accounting gate
command[76] "D:\Install\Dev\Projects\IA\Ejercise\cpu-native-arch\build\t0m_int8_probe.exe" --D 512 --S 2 --R 16 --mode repeat --variant B --S-tile 8 --workers 4 --cpus 0,2,4,6 --rows-per-worker 768,768,768,768 --iterations 1 --timed-repetitions 5 --warmup 2
stdout[76] D,S,R,O_i,B_i,rows_per_worker,bytes_per_worker,mode,variant,S_tile,iterations,timed_repetitions,warmup,worker_count,worker_list,affinity,affinity_error,affinity_succeeded,timed_repetitions_exact,avx2_supported,kernel_used,eviction_bytes,eviction_checksum,elapsed_seconds,mac_total,mac_per_second,checksum
512,2,16,"768,768,768,768","6291456,6291456,6291456,6291456","768,768,768,768","6291456,6291456,6291456,6291456",repeat,B,8,1,5,2,4,"0,2,4,6","true,true,true,true","0,0,0,0",true,true,true,avx2,0,0,0.0074759,251658240,3.36626e+10,34440378
stderr[76] T0-M correction passed: every Y[S x O_i] cell, fused/repeat/reference, A/B/C, S_tile=2/4/8, four shards, and one/four-worker accounting gate
command[77] "D:\Install\Dev\Projects\IA\Ejercise\cpu-native-arch\build\t0m_int8_probe.exe" --D 512 --S 4 --R 1 --mode fused --variant A --S-tile 8 --workers 4 --cpus 0,2,4,6 --rows-per-worker 768,768,768,768 --iterations 1 --timed-repetitions 5 --warmup 2
stdout[77] D,S,R,O_i,B_i,rows_per_worker,bytes_per_worker,mode,variant,S_tile,iterations,timed_repetitions,warmup,worker_count,worker_list,affinity,affinity_error,affinity_succeeded,timed_repetitions_exact,avx2_supported,kernel_used,eviction_bytes,eviction_checksum,elapsed_seconds,mac_total,mac_per_second,checksum
512,4,1,"768,768,768,768","393216,393216,393216,393216","768,768,768,768","393216,393216,393216,393216",fused,A,8,1,5,2,4,"0,2,4,6","true,true,true,true","0,0,0,0",true,true,true,avx2,0,0,0.0022151,31457280,1.42013e+10,1986990123
stderr[77] T0-M correction passed: every Y[S x O_i] cell, fused/repeat/reference, A/B/C, S_tile=2/4/8, four shards, and one/four-worker accounting gate
command[78] "D:\Install\Dev\Projects\IA\Ejercise\cpu-native-arch\build\t0m_int8_probe.exe" --D 512 --S 4 --R 1 --mode fused --variant B --S-tile 8 --workers 4 --cpus 0,2,4,6 --rows-per-worker 768,768,768,768 --iterations 1 --timed-repetitions 5 --warmup 2
stdout[78] D,S,R,O_i,B_i,rows_per_worker,bytes_per_worker,mode,variant,S_tile,iterations,timed_repetitions,warmup,worker_count,worker_list,affinity,affinity_error,affinity_succeeded,timed_repetitions_exact,avx2_supported,kernel_used,eviction_bytes,eviction_checksum,elapsed_seconds,mac_total,mac_per_second,checksum
512,4,1,"768,768,768,768","393216,393216,393216,393216","768,768,768,768","393216,393216,393216,393216",fused,B,8,1,5,2,4,"0,2,4,6","true,true,true,true","0,0,0,0",true,true,true,avx2,0,0,0.001783,31457280,1.76429e+10,1986990123
stderr[78] T0-M correction passed: every Y[S x O_i] cell, fused/repeat/reference, A/B/C, S_tile=2/4/8, four shards, and one/four-worker accounting gate
command[79] "D:\Install\Dev\Projects\IA\Ejercise\cpu-native-arch\build\t0m_int8_probe.exe" --D 512 --S 4 --R 1 --mode repeat --variant A --S-tile 8 --workers 4 --cpus 0,2,4,6 --rows-per-worker 768,768,768,768 --iterations 1 --timed-repetitions 5 --warmup 2
stdout[79] D,S,R,O_i,B_i,rows_per_worker,bytes_per_worker,mode,variant,S_tile,iterations,timed_repetitions,warmup,worker_count,worker_list,affinity,affinity_error,affinity_succeeded,timed_repetitions_exact,avx2_supported,kernel_used,eviction_bytes,eviction_checksum,elapsed_seconds,mac_total,mac_per_second,checksum
512,4,1,"768,768,768,768","393216,393216,393216,393216","768,768,768,768","393216,393216,393216,393216",repeat,A,8,1,5,2,4,"0,2,4,6","true,true,true,true","0,0,0,0",true,true,true,avx2,0,0,0.0017645,31457280,1.78279e+10,1986990123
stderr[79] T0-M correction passed: every Y[S x O_i] cell, fused/repeat/reference, A/B/C, S_tile=2/4/8, four shards, and one/four-worker accounting gate
command[80] "D:\Install\Dev\Projects\IA\Ejercise\cpu-native-arch\build\t0m_int8_probe.exe" --D 512 --S 4 --R 1 --mode repeat --variant B --S-tile 8 --workers 4 --cpus 0,2,4,6 --rows-per-worker 768,768,768,768 --iterations 1 --timed-repetitions 5 --warmup 2
stdout[80] D,S,R,O_i,B_i,rows_per_worker,bytes_per_worker,mode,variant,S_tile,iterations,timed_repetitions,warmup,worker_count,worker_list,affinity,affinity_error,affinity_succeeded,timed_repetitions_exact,avx2_supported,kernel_used,eviction_bytes,eviction_checksum,elapsed_seconds,mac_total,mac_per_second,checksum
512,4,1,"768,768,768,768","393216,393216,393216,393216","768,768,768,768","393216,393216,393216,393216",repeat,B,8,1,5,2,4,"0,2,4,6","true,true,true,true","0,0,0,0",true,true,true,avx2,0,0,0.0016784,31457280,1.87424e+10,1986990123
stderr[80] T0-M correction passed: every Y[S x O_i] cell, fused/repeat/reference, A/B/C, S_tile=2/4/8, four shards, and one/four-worker accounting gate
command[81] "D:\Install\Dev\Projects\IA\Ejercise\cpu-native-arch\build\t0m_int8_probe.exe" --D 512 --S 4 --R 2 --mode fused --variant A --S-tile 8 --workers 4 --cpus 0,2,4,6 --rows-per-worker 768,768,768,768 --iterations 1 --timed-repetitions 5 --warmup 2
stdout[81] D,S,R,O_i,B_i,rows_per_worker,bytes_per_worker,mode,variant,S_tile,iterations,timed_repetitions,warmup,worker_count,worker_list,affinity,affinity_error,affinity_succeeded,timed_repetitions_exact,avx2_supported,kernel_used,eviction_bytes,eviction_checksum,elapsed_seconds,mac_total,mac_per_second,checksum
512,4,2,"768,768,768,768","393216,393216,393216,393216","768,768,768,768","393216,393216,393216,393216",fused,A,8,1,5,2,4,"0,2,4,6","true,true,true,true","0,0,0,0",true,true,true,avx2,0,0,0.0036414,62914560,1.72776e+10,1986990123
stderr[81] T0-M correction passed: every Y[S x O_i] cell, fused/repeat/reference, A/B/C, S_tile=2/4/8, four shards, and one/four-worker accounting gate
command[82] "D:\Install\Dev\Projects\IA\Ejercise\cpu-native-arch\build\t0m_int8_probe.exe" --D 512 --S 4 --R 2 --mode fused --variant B --S-tile 8 --workers 4 --cpus 0,2,4,6 --rows-per-worker 768,768,768,768 --iterations 1 --timed-repetitions 5 --warmup 2
stdout[82] D,S,R,O_i,B_i,rows_per_worker,bytes_per_worker,mode,variant,S_tile,iterations,timed_repetitions,warmup,worker_count,worker_list,affinity,affinity_error,affinity_succeeded,timed_repetitions_exact,avx2_supported,kernel_used,eviction_bytes,eviction_checksum,elapsed_seconds,mac_total,mac_per_second,checksum
512,4,2,"768,768,768,768","786432,786432,786432,786432","768,768,768,768","786432,786432,786432,786432",fused,B,8,1,5,2,4,"0,2,4,6","true,true,true,true","0,0,0,0",true,true,true,avx2,0,0,0.002496,62914560,2.52062e+10,18446744073363475066
stderr[82] T0-M correction passed: every Y[S x O_i] cell, fused/repeat/reference, A/B/C, S_tile=2/4/8, four shards, and one/four-worker accounting gate
command[83] "D:\Install\Dev\Projects\IA\Ejercise\cpu-native-arch\build\t0m_int8_probe.exe" --D 512 --S 4 --R 2 --mode repeat --variant A --S-tile 8 --workers 4 --cpus 0,2,4,6 --rows-per-worker 768,768,768,768 --iterations 1 --timed-repetitions 5 --warmup 2
stdout[83] D,S,R,O_i,B_i,rows_per_worker,bytes_per_worker,mode,variant,S_tile,iterations,timed_repetitions,warmup,worker_count,worker_list,affinity,affinity_error,affinity_succeeded,timed_repetitions_exact,avx2_supported,kernel_used,eviction_bytes,eviction_checksum,elapsed_seconds,mac_total,mac_per_second,checksum
512,4,2,"768,768,768,768","393216,393216,393216,393216","768,768,768,768","393216,393216,393216,393216",repeat,A,8,1,5,2,4,"0,2,4,6","true,true,true,true","0,0,0,0",true,true,true,avx2,0,0,0.0028087,62914560,2.23999e+10,1986990123
stderr[83] T0-M correction passed: every Y[S x O_i] cell, fused/repeat/reference, A/B/C, S_tile=2/4/8, four shards, and one/four-worker accounting gate
command[84] "D:\Install\Dev\Projects\IA\Ejercise\cpu-native-arch\build\t0m_int8_probe.exe" --D 512 --S 4 --R 2 --mode repeat --variant B --S-tile 8 --workers 4 --cpus 0,2,4,6 --rows-per-worker 768,768,768,768 --iterations 1 --timed-repetitions 5 --warmup 2
stdout[84] D,S,R,O_i,B_i,rows_per_worker,bytes_per_worker,mode,variant,S_tile,iterations,timed_repetitions,warmup,worker_count,worker_list,affinity,affinity_error,affinity_succeeded,timed_repetitions_exact,avx2_supported,kernel_used,eviction_bytes,eviction_checksum,elapsed_seconds,mac_total,mac_per_second,checksum
512,4,2,"768,768,768,768","786432,786432,786432,786432","768,768,768,768","786432,786432,786432,786432",repeat,B,8,1,5,2,4,"0,2,4,6","true,true,true,true","0,0,0,0",true,true,true,avx2,0,0,0.0025448,62914560,2.47228e+10,18446744073363475066
stderr[84] T0-M correction passed: every Y[S x O_i] cell, fused/repeat/reference, A/B/C, S_tile=2/4/8, four shards, and one/four-worker accounting gate
command[85] "D:\Install\Dev\Projects\IA\Ejercise\cpu-native-arch\build\t0m_int8_probe.exe" --D 512 --S 4 --R 4 --mode fused --variant A --S-tile 8 --workers 4 --cpus 0,2,4,6 --rows-per-worker 768,768,768,768 --iterations 1 --timed-repetitions 5 --warmup 2
stdout[85] D,S,R,O_i,B_i,rows_per_worker,bytes_per_worker,mode,variant,S_tile,iterations,timed_repetitions,warmup,worker_count,worker_list,affinity,affinity_error,affinity_succeeded,timed_repetitions_exact,avx2_supported,kernel_used,eviction_bytes,eviction_checksum,elapsed_seconds,mac_total,mac_per_second,checksum
512,4,4,"768,768,768,768","393216,393216,393216,393216","768,768,768,768","393216,393216,393216,393216",fused,A,8,1,5,2,4,"0,2,4,6","true,true,true,true","0,0,0,0",true,true,true,avx2,0,0,0.005713,125829120,2.20251e+10,1986990123
stderr[85] T0-M correction passed: every Y[S x O_i] cell, fused/repeat/reference, A/B/C, S_tile=2/4/8, four shards, and one/four-worker accounting gate
command[86] "D:\Install\Dev\Projects\IA\Ejercise\cpu-native-arch\build\t0m_int8_probe.exe" --D 512 --S 4 --R 4 --mode fused --variant B --S-tile 8 --workers 4 --cpus 0,2,4,6 --rows-per-worker 768,768,768,768 --iterations 1 --timed-repetitions 5 --warmup 2
stdout[86] D,S,R,O_i,B_i,rows_per_worker,bytes_per_worker,mode,variant,S_tile,iterations,timed_repetitions,warmup,worker_count,worker_list,affinity,affinity_error,affinity_succeeded,timed_repetitions_exact,avx2_supported,kernel_used,eviction_bytes,eviction_checksum,elapsed_seconds,mac_total,mac_per_second,checksum
512,4,4,"768,768,768,768","1572864,1572864,1572864,1572864","768,768,768,768","1572864,1572864,1572864,1572864",fused,B,8,1,5,2,4,"0,2,4,6","true,true,true,true","0,0,0,0",true,true,true,avx2,0,0,0.0052157,125829120,2.41251e+10,861613369
stderr[86] T0-M correction passed: every Y[S x O_i] cell, fused/repeat/reference, A/B/C, S_tile=2/4/8, four shards, and one/four-worker accounting gate
command[87] "D:\Install\Dev\Projects\IA\Ejercise\cpu-native-arch\build\t0m_int8_probe.exe" --D 512 --S 4 --R 4 --mode repeat --variant A --S-tile 8 --workers 4 --cpus 0,2,4,6 --rows-per-worker 768,768,768,768 --iterations 1 --timed-repetitions 5 --warmup 2
stdout[87] D,S,R,O_i,B_i,rows_per_worker,bytes_per_worker,mode,variant,S_tile,iterations,timed_repetitions,warmup,worker_count,worker_list,affinity,affinity_error,affinity_succeeded,timed_repetitions_exact,avx2_supported,kernel_used,eviction_bytes,eviction_checksum,elapsed_seconds,mac_total,mac_per_second,checksum
512,4,4,"768,768,768,768","393216,393216,393216,393216","768,768,768,768","393216,393216,393216,393216",repeat,A,8,1,5,2,4,"0,2,4,6","true,true,true,true","0,0,0,0",true,true,true,avx2,0,0,0.0064923,125829120,1.93813e+10,1986990123
stderr[87] T0-M correction passed: every Y[S x O_i] cell, fused/repeat/reference, A/B/C, S_tile=2/4/8, four shards, and one/four-worker accounting gate
command[88] "D:\Install\Dev\Projects\IA\Ejercise\cpu-native-arch\build\t0m_int8_probe.exe" --D 512 --S 4 --R 4 --mode repeat --variant B --S-tile 8 --workers 4 --cpus 0,2,4,6 --rows-per-worker 768,768,768,768 --iterations 1 --timed-repetitions 5 --warmup 2
stdout[88] D,S,R,O_i,B_i,rows_per_worker,bytes_per_worker,mode,variant,S_tile,iterations,timed_repetitions,warmup,worker_count,worker_list,affinity,affinity_error,affinity_succeeded,timed_repetitions_exact,avx2_supported,kernel_used,eviction_bytes,eviction_checksum,elapsed_seconds,mac_total,mac_per_second,checksum
512,4,4,"768,768,768,768","1572864,1572864,1572864,1572864","768,768,768,768","1572864,1572864,1572864,1572864",repeat,B,8,1,5,2,4,"0,2,4,6","true,true,true,true","0,0,0,0",true,true,true,avx2,0,0,0.0036598,125829120,3.43814e+10,861613369
stderr[88] T0-M correction passed: every Y[S x O_i] cell, fused/repeat/reference, A/B/C, S_tile=2/4/8, four shards, and one/four-worker accounting gate
command[89] "D:\Install\Dev\Projects\IA\Ejercise\cpu-native-arch\build\t0m_int8_probe.exe" --D 512 --S 4 --R 8 --mode fused --variant A --S-tile 8 --workers 4 --cpus 0,2,4,6 --rows-per-worker 768,768,768,768 --iterations 1 --timed-repetitions 5 --warmup 2
stdout[89] D,S,R,O_i,B_i,rows_per_worker,bytes_per_worker,mode,variant,S_tile,iterations,timed_repetitions,warmup,worker_count,worker_list,affinity,affinity_error,affinity_succeeded,timed_repetitions_exact,avx2_supported,kernel_used,eviction_bytes,eviction_checksum,elapsed_seconds,mac_total,mac_per_second,checksum
512,4,8,"768,768,768,768","393216,393216,393216,393216","768,768,768,768","393216,393216,393216,393216",fused,A,8,1,5,2,4,"0,2,4,6","true,true,true,true","0,0,0,0",true,true,true,avx2,0,0,0.0113778,251658240,2.21184e+10,1986990123
stderr[89] T0-M correction passed: every Y[S x O_i] cell, fused/repeat/reference, A/B/C, S_tile=2/4/8, four shards, and one/four-worker accounting gate
command[90] "D:\Install\Dev\Projects\IA\Ejercise\cpu-native-arch\build\t0m_int8_probe.exe" --D 512 --S 4 --R 8 --mode fused --variant B --S-tile 8 --workers 4 --cpus 0,2,4,6 --rows-per-worker 768,768,768,768 --iterations 1 --timed-repetitions 5 --warmup 2
stdout[90] D,S,R,O_i,B_i,rows_per_worker,bytes_per_worker,mode,variant,S_tile,iterations,timed_repetitions,warmup,worker_count,worker_list,affinity,affinity_error,affinity_succeeded,timed_repetitions_exact,avx2_supported,kernel_used,eviction_bytes,eviction_checksum,elapsed_seconds,mac_total,mac_per_second,checksum
512,4,8,"768,768,768,768","3145728,3145728,3145728,3145728","768,768,768,768","3145728,3145728,3145728,3145728",fused,B,8,1,5,2,4,"0,2,4,6","true,true,true,true","0,0,0,0",true,true,true,avx2,0,0,0.0306814,251658240,8.20231e+09,1650775687
stderr[90] T0-M correction passed: every Y[S x O_i] cell, fused/repeat/reference, A/B/C, S_tile=2/4/8, four shards, and one/four-worker accounting gate
command[91] "D:\Install\Dev\Projects\IA\Ejercise\cpu-native-arch\build\t0m_int8_probe.exe" --D 512 --S 4 --R 8 --mode repeat --variant A --S-tile 8 --workers 4 --cpus 0,2,4,6 --rows-per-worker 768,768,768,768 --iterations 1 --timed-repetitions 5 --warmup 2
stdout[91] D,S,R,O_i,B_i,rows_per_worker,bytes_per_worker,mode,variant,S_tile,iterations,timed_repetitions,warmup,worker_count,worker_list,affinity,affinity_error,affinity_succeeded,timed_repetitions_exact,avx2_supported,kernel_used,eviction_bytes,eviction_checksum,elapsed_seconds,mac_total,mac_per_second,checksum
512,4,8,"768,768,768,768","393216,393216,393216,393216","768,768,768,768","393216,393216,393216,393216",repeat,A,8,1,5,2,4,"0,2,4,6","true,true,true,true","0,0,0,0",true,true,true,avx2,0,0,0.015316,251658240,1.64311e+10,1986990123
stderr[91] T0-M correction passed: every Y[S x O_i] cell, fused/repeat/reference, A/B/C, S_tile=2/4/8, four shards, and one/four-worker accounting gate
command[92] "D:\Install\Dev\Projects\IA\Ejercise\cpu-native-arch\build\t0m_int8_probe.exe" --D 512 --S 4 --R 8 --mode repeat --variant B --S-tile 8 --workers 4 --cpus 0,2,4,6 --rows-per-worker 768,768,768,768 --iterations 1 --timed-repetitions 5 --warmup 2
stdout[92] D,S,R,O_i,B_i,rows_per_worker,bytes_per_worker,mode,variant,S_tile,iterations,timed_repetitions,warmup,worker_count,worker_list,affinity,affinity_error,affinity_succeeded,timed_repetitions_exact,avx2_supported,kernel_used,eviction_bytes,eviction_checksum,elapsed_seconds,mac_total,mac_per_second,checksum
512,4,8,"768,768,768,768","3145728,3145728,3145728,3145728","768,768,768,768","3145728,3145728,3145728,3145728",repeat,B,8,1,5,2,4,"0,2,4,6","true,true,true,true","0,0,0,0",true,true,true,avx2,0,0,0.0076223,251658240,3.30161e+10,1650775687
stderr[92] T0-M correction passed: every Y[S x O_i] cell, fused/repeat/reference, A/B/C, S_tile=2/4/8, four shards, and one/four-worker accounting gate
command[93] "D:\Install\Dev\Projects\IA\Ejercise\cpu-native-arch\build\t0m_int8_probe.exe" --D 512 --S 4 --R 16 --mode fused --variant A --S-tile 8 --workers 4 --cpus 0,2,4,6 --rows-per-worker 768,768,768,768 --iterations 1 --timed-repetitions 5 --warmup 2
stdout[93] D,S,R,O_i,B_i,rows_per_worker,bytes_per_worker,mode,variant,S_tile,iterations,timed_repetitions,warmup,worker_count,worker_list,affinity,affinity_error,affinity_succeeded,timed_repetitions_exact,avx2_supported,kernel_used,eviction_bytes,eviction_checksum,elapsed_seconds,mac_total,mac_per_second,checksum
512,4,16,"768,768,768,768","393216,393216,393216,393216","768,768,768,768","393216,393216,393216,393216",fused,A,8,1,5,2,4,"0,2,4,6","true,true,true,true","0,0,0,0",true,true,true,avx2,0,0,0.0220735,503316480,2.28018e+10,1986990123
stderr[93] T0-M correction passed: every Y[S x O_i] cell, fused/repeat/reference, A/B/C, S_tile=2/4/8, four shards, and one/four-worker accounting gate
command[94] "D:\Install\Dev\Projects\IA\Ejercise\cpu-native-arch\build\t0m_int8_probe.exe" --D 512 --S 4 --R 16 --mode fused --variant B --S-tile 8 --workers 4 --cpus 0,2,4,6 --rows-per-worker 768,768,768,768 --iterations 1 --timed-repetitions 5 --warmup 2
stdout[94] D,S,R,O_i,B_i,rows_per_worker,bytes_per_worker,mode,variant,S_tile,iterations,timed_repetitions,warmup,worker_count,worker_list,affinity,affinity_error,affinity_succeeded,timed_repetitions_exact,avx2_supported,kernel_used,eviction_bytes,eviction_checksum,elapsed_seconds,mac_total,mac_per_second,checksum
512,4,16,"768,768,768,768","6291456,6291456,6291456,6291456","768,768,768,768","6291456,6291456,6291456,6291456",fused,B,8,1,5,2,4,"0,2,4,6","true,true,true,true","0,0,0,0",true,true,true,avx2,0,0,0.0269285,503316480,1.86908e+10,18446744072240926991
stderr[94] T0-M correction passed: every Y[S x O_i] cell, fused/repeat/reference, A/B/C, S_tile=2/4/8, four shards, and one/four-worker accounting gate
command[95] "D:\Install\Dev\Projects\IA\Ejercise\cpu-native-arch\build\t0m_int8_probe.exe" --D 512 --S 4 --R 16 --mode repeat --variant A --S-tile 8 --workers 4 --cpus 0,2,4,6 --rows-per-worker 768,768,768,768 --iterations 1 --timed-repetitions 5 --warmup 2
stdout[95] D,S,R,O_i,B_i,rows_per_worker,bytes_per_worker,mode,variant,S_tile,iterations,timed_repetitions,warmup,worker_count,worker_list,affinity,affinity_error,affinity_succeeded,timed_repetitions_exact,avx2_supported,kernel_used,eviction_bytes,eviction_checksum,elapsed_seconds,mac_total,mac_per_second,checksum
512,4,16,"768,768,768,768","393216,393216,393216,393216","768,768,768,768","393216,393216,393216,393216",repeat,A,8,1,5,2,4,"0,2,4,6","true,true,true,true","0,0,0,0",true,true,true,avx2,0,0,0.0159782,503316480,3.15002e+10,1986990123
stderr[95] T0-M correction passed: every Y[S x O_i] cell, fused/repeat/reference, A/B/C, S_tile=2/4/8, four shards, and one/four-worker accounting gate
command[96] "D:\Install\Dev\Projects\IA\Ejercise\cpu-native-arch\build\t0m_int8_probe.exe" --D 512 --S 4 --R 16 --mode repeat --variant B --S-tile 8 --workers 4 --cpus 0,2,4,6 --rows-per-worker 768,768,768,768 --iterations 1 --timed-repetitions 5 --warmup 2
stdout[96] D,S,R,O_i,B_i,rows_per_worker,bytes_per_worker,mode,variant,S_tile,iterations,timed_repetitions,warmup,worker_count,worker_list,affinity,affinity_error,affinity_succeeded,timed_repetitions_exact,avx2_supported,kernel_used,eviction_bytes,eviction_checksum,elapsed_seconds,mac_total,mac_per_second,checksum
512,4,16,"768,768,768,768","6291456,6291456,6291456,6291456","768,768,768,768","6291456,6291456,6291456,6291456",repeat,B,8,1,5,2,4,"0,2,4,6","true,true,true,true","0,0,0,0",true,true,true,avx2,0,0,0.0159321,503316480,3.15913e+10,18446744072240926991
stderr[96] T0-M correction passed: every Y[S x O_i] cell, fused/repeat/reference, A/B/C, S_tile=2/4/8, four shards, and one/four-worker accounting gate
command[97] "D:\Install\Dev\Projects\IA\Ejercise\cpu-native-arch\build\t0m_int8_probe.exe" --D 512 --S 8 --R 1 --mode fused --variant A --S-tile 8 --workers 4 --cpus 0,2,4,6 --rows-per-worker 768,768,768,768 --iterations 1 --timed-repetitions 5 --warmup 2
stdout[97] D,S,R,O_i,B_i,rows_per_worker,bytes_per_worker,mode,variant,S_tile,iterations,timed_repetitions,warmup,worker_count,worker_list,affinity,affinity_error,affinity_succeeded,timed_repetitions_exact,avx2_supported,kernel_used,eviction_bytes,eviction_checksum,elapsed_seconds,mac_total,mac_per_second,checksum
512,8,1,"768,768,768,768","393216,393216,393216,393216","768,768,768,768","393216,393216,393216,393216",fused,A,8,1,5,2,4,"0,2,4,6","true,true,true,true","0,0,0,0",true,true,true,avx2,0,0,0.0041854,62914560,1.50319e+10,18446744073152474417
stderr[97] T0-M correction passed: every Y[S x O_i] cell, fused/repeat/reference, A/B/C, S_tile=2/4/8, four shards, and one/four-worker accounting gate
command[98] "D:\Install\Dev\Projects\IA\Ejercise\cpu-native-arch\build\t0m_int8_probe.exe" --D 512 --S 8 --R 1 --mode fused --variant B --S-tile 8 --workers 4 --cpus 0,2,4,6 --rows-per-worker 768,768,768,768 --iterations 1 --timed-repetitions 5 --warmup 2
stdout[98] D,S,R,O_i,B_i,rows_per_worker,bytes_per_worker,mode,variant,S_tile,iterations,timed_repetitions,warmup,worker_count,worker_list,affinity,affinity_error,affinity_succeeded,timed_repetitions_exact,avx2_supported,kernel_used,eviction_bytes,eviction_checksum,elapsed_seconds,mac_total,mac_per_second,checksum
512,8,1,"768,768,768,768","393216,393216,393216,393216","768,768,768,768","393216,393216,393216,393216",fused,B,8,1,5,2,4,"0,2,4,6","true,true,true,true","0,0,0,0",true,true,true,avx2,0,0,0.0039541,62914560,1.59112e+10,18446744073152474417
stderr[98] T0-M correction passed: every Y[S x O_i] cell, fused/repeat/reference, A/B/C, S_tile=2/4/8, four shards, and one/four-worker accounting gate
command[99] "D:\Install\Dev\Projects\IA\Ejercise\cpu-native-arch\build\t0m_int8_probe.exe" --D 512 --S 8 --R 1 --mode repeat --variant A --S-tile 8 --workers 4 --cpus 0,2,4,6 --rows-per-worker 768,768,768,768 --iterations 1 --timed-repetitions 5 --warmup 2
stdout[99] D,S,R,O_i,B_i,rows_per_worker,bytes_per_worker,mode,variant,S_tile,iterations,timed_repetitions,warmup,worker_count,worker_list,affinity,affinity_error,affinity_succeeded,timed_repetitions_exact,avx2_supported,kernel_used,eviction_bytes,eviction_checksum,elapsed_seconds,mac_total,mac_per_second,checksum
512,8,1,"768,768,768,768","393216,393216,393216,393216","768,768,768,768","393216,393216,393216,393216",repeat,A,8,1,5,2,4,"0,2,4,6","true,true,true,true","0,0,0,0",true,true,true,avx2,0,0,0.0025531,62914560,2.46424e+10,18446744073152474417
stderr[99] T0-M correction passed: every Y[S x O_i] cell, fused/repeat/reference, A/B/C, S_tile=2/4/8, four shards, and one/four-worker accounting gate
command[100] "D:\Install\Dev\Projects\IA\Ejercise\cpu-native-arch\build\t0m_int8_probe.exe" --D 512 --S 8 --R 1 --mode repeat --variant B --S-tile 8 --workers 4 --cpus 0,2,4,6 --rows-per-worker 768,768,768,768 --iterations 1 --timed-repetitions 5 --warmup 2
stdout[100] D,S,R,O_i,B_i,rows_per_worker,bytes_per_worker,mode,variant,S_tile,iterations,timed_repetitions,warmup,worker_count,worker_list,affinity,affinity_error,affinity_succeeded,timed_repetitions_exact,avx2_supported,kernel_used,eviction_bytes,eviction_checksum,elapsed_seconds,mac_total,mac_per_second,checksum
512,8,1,"768,768,768,768","393216,393216,393216,393216","768,768,768,768","393216,393216,393216,393216",repeat,B,8,1,5,2,4,"0,2,4,6","true,true,true,true","0,0,0,0",true,true,true,avx2,0,0,0.00271,62914560,2.32157e+10,18446744073152474417
stderr[100] T0-M correction passed: every Y[S x O_i] cell, fused/repeat/reference, A/B/C, S_tile=2/4/8, four shards, and one/four-worker accounting gate
command[101] "D:\Install\Dev\Projects\IA\Ejercise\cpu-native-arch\build\t0m_int8_probe.exe" --D 512 --S 8 --R 2 --mode fused --variant A --S-tile 8 --workers 4 --cpus 0,2,4,6 --rows-per-worker 768,768,768,768 --iterations 1 --timed-repetitions 5 --warmup 2
stdout[101] D,S,R,O_i,B_i,rows_per_worker,bytes_per_worker,mode,variant,S_tile,iterations,timed_repetitions,warmup,worker_count,worker_list,affinity,affinity_error,affinity_succeeded,timed_repetitions_exact,avx2_supported,kernel_used,eviction_bytes,eviction_checksum,elapsed_seconds,mac_total,mac_per_second,checksum
512,8,2,"768,768,768,768","393216,393216,393216,393216","768,768,768,768","393216,393216,393216,393216",fused,A,8,1,5,2,4,"0,2,4,6","true,true,true,true","0,0,0,0",true,true,true,avx2,0,0,0.0068344,125829120,1.84111e+10,18446744073152474417
stderr[101] T0-M correction passed: every Y[S x O_i] cell, fused/repeat/reference, A/B/C, S_tile=2/4/8, four shards, and one/four-worker accounting gate
command[102] "D:\Install\Dev\Projects\IA\Ejercise\cpu-native-arch\build\t0m_int8_probe.exe" --D 512 --S 8 --R 2 --mode fused --variant B --S-tile 8 --workers 4 --cpus 0,2,4,6 --rows-per-worker 768,768,768,768 --iterations 1 --timed-repetitions 5 --warmup 2
stdout[102] D,S,R,O_i,B_i,rows_per_worker,bytes_per_worker,mode,variant,S_tile,iterations,timed_repetitions,warmup,worker_count,worker_list,affinity,affinity_error,affinity_succeeded,timed_repetitions_exact,avx2_supported,kernel_used,eviction_bytes,eviction_checksum,elapsed_seconds,mac_total,mac_per_second,checksum
512,8,2,"768,768,768,768","786432,786432,786432,786432","768,768,768,768","786432,786432,786432,786432",fused,B,8,1,5,2,4,"0,2,4,6","true,true,true,true","0,0,0,0",true,true,true,avx2,0,0,0.0106545,125829120,1.181e+10,2053370459
stderr[102] T0-M correction passed: every Y[S x O_i] cell, fused/repeat/reference, A/B/C, S_tile=2/4/8, four shards, and one/four-worker accounting gate
command[103] "D:\Install\Dev\Projects\IA\Ejercise\cpu-native-arch\build\t0m_int8_probe.exe" --D 512 --S 8 --R 2 --mode repeat --variant A --S-tile 8 --workers 4 --cpus 0,2,4,6 --rows-per-worker 768,768,768,768 --iterations 1 --timed-repetitions 5 --warmup 2
stdout[103] D,S,R,O_i,B_i,rows_per_worker,bytes_per_worker,mode,variant,S_tile,iterations,timed_repetitions,warmup,worker_count,worker_list,affinity,affinity_error,affinity_succeeded,timed_repetitions_exact,avx2_supported,kernel_used,eviction_bytes,eviction_checksum,elapsed_seconds,mac_total,mac_per_second,checksum
512,8,2,"768,768,768,768","393216,393216,393216,393216","768,768,768,768","393216,393216,393216,393216",repeat,A,8,1,5,2,4,"0,2,4,6","true,true,true,true","0,0,0,0",true,true,true,avx2,0,0,0.0065502,125829120,1.921e+10,18446744073152474417
stderr[103] T0-M correction passed: every Y[S x O_i] cell, fused/repeat/reference, A/B/C, S_tile=2/4/8, four shards, and one/four-worker accounting gate
command[104] "D:\Install\Dev\Projects\IA\Ejercise\cpu-native-arch\build\t0m_int8_probe.exe" --D 512 --S 8 --R 2 --mode repeat --variant B --S-tile 8 --workers 4 --cpus 0,2,4,6 --rows-per-worker 768,768,768,768 --iterations 1 --timed-repetitions 5 --warmup 2
stdout[104] D,S,R,O_i,B_i,rows_per_worker,bytes_per_worker,mode,variant,S_tile,iterations,timed_repetitions,warmup,worker_count,worker_list,affinity,affinity_error,affinity_succeeded,timed_repetitions_exact,avx2_supported,kernel_used,eviction_bytes,eviction_checksum,elapsed_seconds,mac_total,mac_per_second,checksum
512,8,2,"768,768,768,768","786432,786432,786432,786432","768,768,768,768","786432,786432,786432,786432",repeat,B,8,1,5,2,4,"0,2,4,6","true,true,true,true","0,0,0,0",true,true,true,avx2,0,0,0.0069917,125829120,1.79969e+10,2053370459
stderr[104] T0-M correction passed: every Y[S x O_i] cell, fused/repeat/reference, A/B/C, S_tile=2/4/8, four shards, and one/four-worker accounting gate
command[105] "D:\Install\Dev\Projects\IA\Ejercise\cpu-native-arch\build\t0m_int8_probe.exe" --D 512 --S 8 --R 4 --mode fused --variant A --S-tile 8 --workers 4 --cpus 0,2,4,6 --rows-per-worker 768,768,768,768 --iterations 1 --timed-repetitions 5 --warmup 2
stdout[105] D,S,R,O_i,B_i,rows_per_worker,bytes_per_worker,mode,variant,S_tile,iterations,timed_repetitions,warmup,worker_count,worker_list,affinity,affinity_error,affinity_succeeded,timed_repetitions_exact,avx2_supported,kernel_used,eviction_bytes,eviction_checksum,elapsed_seconds,mac_total,mac_per_second,checksum
512,8,4,"768,768,768,768","393216,393216,393216,393216","768,768,768,768","393216,393216,393216,393216",fused,A,8,1,5,2,4,"0,2,4,6","true,true,true,true","0,0,0,0",true,true,true,avx2,0,0,0.0134245,251658240,1.87462e+10,18446744073152474417
stderr[105] T0-M correction passed: every Y[S x O_i] cell, fused/repeat/reference, A/B/C, S_tile=2/4/8, four shards, and one/four-worker accounting gate
command[106] "D:\Install\Dev\Projects\IA\Ejercise\cpu-native-arch\build\t0m_int8_probe.exe" --D 512 --S 8 --R 4 --mode fused --variant B --S-tile 8 --workers 4 --cpus 0,2,4,6 --rows-per-worker 768,768,768,768 --iterations 1 --timed-repetitions 5 --warmup 2
stdout[106] D,S,R,O_i,B_i,rows_per_worker,bytes_per_worker,mode,variant,S_tile,iterations,timed_repetitions,warmup,worker_count,worker_list,affinity,affinity_error,affinity_succeeded,timed_repetitions_exact,avx2_supported,kernel_used,eviction_bytes,eviction_checksum,elapsed_seconds,mac_total,mac_per_second,checksum
512,8,4,"768,768,768,768","1572864,1572864,1572864,1572864","768,768,768,768","1572864,1572864,1572864,1572864",fused,B,8,1,5,2,4,"0,2,4,6","true,true,true,true","0,0,0,0",true,true,true,avx2,0,0,0.0331989,251658240,7.58032e+09,4936765543
stderr[106] T0-M correction passed: every Y[S x O_i] cell, fused/repeat/reference, A/B/C, S_tile=2/4/8, four shards, and one/four-worker accounting gate
command[107] "D:\Install\Dev\Projects\IA\Ejercise\cpu-native-arch\build\t0m_int8_probe.exe" --D 512 --S 8 --R 4 --mode repeat --variant A --S-tile 8 --workers 4 --cpus 0,2,4,6 --rows-per-worker 768,768,768,768 --iterations 1 --timed-repetitions 5 --warmup 2
stdout[107] D,S,R,O_i,B_i,rows_per_worker,bytes_per_worker,mode,variant,S_tile,iterations,timed_repetitions,warmup,worker_count,worker_list,affinity,affinity_error,affinity_succeeded,timed_repetitions_exact,avx2_supported,kernel_used,eviction_bytes,eviction_checksum,elapsed_seconds,mac_total,mac_per_second,checksum
512,8,4,"768,768,768,768","393216,393216,393216,393216","768,768,768,768","393216,393216,393216,393216",repeat,A,8,1,5,2,4,"0,2,4,6","true,true,true,true","0,0,0,0",true,true,true,avx2,0,0,0.0134207,251658240,1.87515e+10,18446744073152474417
stderr[107] T0-M correction passed: every Y[S x O_i] cell, fused/repeat/reference, A/B/C, S_tile=2/4/8, four shards, and one/four-worker accounting gate
command[108] "D:\Install\Dev\Projects\IA\Ejercise\cpu-native-arch\build\t0m_int8_probe.exe" --D 512 --S 8 --R 4 --mode repeat --variant B --S-tile 8 --workers 4 --cpus 0,2,4,6 --rows-per-worker 768,768,768,768 --iterations 1 --timed-repetitions 5 --warmup 2
stdout[108] D,S,R,O_i,B_i,rows_per_worker,bytes_per_worker,mode,variant,S_tile,iterations,timed_repetitions,warmup,worker_count,worker_list,affinity,affinity_error,affinity_succeeded,timed_repetitions_exact,avx2_supported,kernel_used,eviction_bytes,eviction_checksum,elapsed_seconds,mac_total,mac_per_second,checksum
512,8,4,"768,768,768,768","1572864,1572864,1572864,1572864","768,768,768,768","1572864,1572864,1572864,1572864",repeat,B,8,1,5,2,4,"0,2,4,6","true,true,true,true","0,0,0,0",true,true,true,avx2,0,0,0.0078398,251658240,3.21001e+10,4936765543
stderr[108] T0-M correction passed: every Y[S x O_i] cell, fused/repeat/reference, A/B/C, S_tile=2/4/8, four shards, and one/four-worker accounting gate
command[109] "D:\Install\Dev\Projects\IA\Ejercise\cpu-native-arch\build\t0m_int8_probe.exe" --D 512 --S 8 --R 8 --mode fused --variant A --S-tile 8 --workers 4 --cpus 0,2,4,6 --rows-per-worker 768,768,768,768 --iterations 1 --timed-repetitions 5 --warmup 2
stdout[109] D,S,R,O_i,B_i,rows_per_worker,bytes_per_worker,mode,variant,S_tile,iterations,timed_repetitions,warmup,worker_count,worker_list,affinity,affinity_error,affinity_succeeded,timed_repetitions_exact,avx2_supported,kernel_used,eviction_bytes,eviction_checksum,elapsed_seconds,mac_total,mac_per_second,checksum
512,8,8,"768,768,768,768","393216,393216,393216,393216","768,768,768,768","393216,393216,393216,393216",fused,A,8,1,5,2,4,"0,2,4,6","true,true,true,true","0,0,0,0",true,true,true,avx2,0,0,0.0218681,503316480,2.3016e+10,18446744073152474417
stderr[109] T0-M correction passed: every Y[S x O_i] cell, fused/repeat/reference, A/B/C, S_tile=2/4/8, four shards, and one/four-worker accounting gate
command[110] "D:\Install\Dev\Projects\IA\Ejercise\cpu-native-arch\build\t0m_int8_probe.exe" --D 512 --S 8 --R 8 --mode fused --variant B --S-tile 8 --workers 4 --cpus 0,2,4,6 --rows-per-worker 768,768,768,768 --iterations 1 --timed-repetitions 5 --warmup 2
stdout[110] D,S,R,O_i,B_i,rows_per_worker,bytes_per_worker,mode,variant,S_tile,iterations,timed_repetitions,warmup,worker_count,worker_list,affinity,affinity_error,affinity_succeeded,timed_repetitions_exact,avx2_supported,kernel_used,eviction_bytes,eviction_checksum,elapsed_seconds,mac_total,mac_per_second,checksum
512,8,8,"768,768,768,768","3145728,3145728,3145728,3145728","768,768,768,768","3145728,3145728,3145728,3145728",fused,B,8,1,5,2,4,"0,2,4,6","true,true,true,true","0,0,0,0",true,true,true,avx2,0,0,0.0183565,503316480,2.7419e+10,2444861251
stderr[110] T0-M correction passed: every Y[S x O_i] cell, fused/repeat/reference, A/B/C, S_tile=2/4/8, four shards, and one/four-worker accounting gate
command[111] "D:\Install\Dev\Projects\IA\Ejercise\cpu-native-arch\build\t0m_int8_probe.exe" --D 512 --S 8 --R 8 --mode repeat --variant A --S-tile 8 --workers 4 --cpus 0,2,4,6 --rows-per-worker 768,768,768,768 --iterations 1 --timed-repetitions 5 --warmup 2
stdout[111] D,S,R,O_i,B_i,rows_per_worker,bytes_per_worker,mode,variant,S_tile,iterations,timed_repetitions,warmup,worker_count,worker_list,affinity,affinity_error,affinity_succeeded,timed_repetitions_exact,avx2_supported,kernel_used,eviction_bytes,eviction_checksum,elapsed_seconds,mac_total,mac_per_second,checksum
512,8,8,"768,768,768,768","393216,393216,393216,393216","768,768,768,768","393216,393216,393216,393216",repeat,A,8,1,5,2,4,"0,2,4,6","true,true,true,true","0,0,0,0",true,true,true,avx2,0,0,0.0152267,503316480,3.30549e+10,18446744073152474417
stderr[111] T0-M correction passed: every Y[S x O_i] cell, fused/repeat/reference, A/B/C, S_tile=2/4/8, four shards, and one/four-worker accounting gate
command[112] "D:\Install\Dev\Projects\IA\Ejercise\cpu-native-arch\build\t0m_int8_probe.exe" --D 512 --S 8 --R 8 --mode repeat --variant B --S-tile 8 --workers 4 --cpus 0,2,4,6 --rows-per-worker 768,768,768,768 --iterations 1 --timed-repetitions 5 --warmup 2
stdout[112] D,S,R,O_i,B_i,rows_per_worker,bytes_per_worker,mode,variant,S_tile,iterations,timed_repetitions,warmup,worker_count,worker_list,affinity,affinity_error,affinity_succeeded,timed_repetitions_exact,avx2_supported,kernel_used,eviction_bytes,eviction_checksum,elapsed_seconds,mac_total,mac_per_second,checksum
512,8,8,"768,768,768,768","3145728,3145728,3145728,3145728","768,768,768,768","3145728,3145728,3145728,3145728",repeat,B,8,1,5,2,4,"0,2,4,6","true,true,true,true","0,0,0,0",true,true,true,avx2,0,0,0.0158183,503316480,3.18186e+10,2444861251
stderr[112] T0-M correction passed: every Y[S x O_i] cell, fused/repeat/reference, A/B/C, S_tile=2/4/8, four shards, and one/four-worker accounting gate
command[113] "D:\Install\Dev\Projects\IA\Ejercise\cpu-native-arch\build\t0m_int8_probe.exe" --D 512 --S 8 --R 16 --mode fused --variant A --S-tile 8 --workers 4 --cpus 0,2,4,6 --rows-per-worker 768,768,768,768 --iterations 1 --timed-repetitions 5 --warmup 2
stdout[113] D,S,R,O_i,B_i,rows_per_worker,bytes_per_worker,mode,variant,S_tile,iterations,timed_repetitions,warmup,worker_count,worker_list,affinity,affinity_error,affinity_succeeded,timed_repetitions_exact,avx2_supported,kernel_used,eviction_bytes,eviction_checksum,elapsed_seconds,mac_total,mac_per_second,checksum
512,8,16,"768,768,768,768","393216,393216,393216,393216","768,768,768,768","393216,393216,393216,393216",fused,A,8,1,5,2,4,"0,2,4,6","true,true,true,true","0,0,0,0",true,true,true,avx2,0,0,0.118389,1006632960,8.50273e+09,18446744073152474417
stderr[113] T0-M correction passed: every Y[S x O_i] cell, fused/repeat/reference, A/B/C, S_tile=2/4/8, four shards, and one/four-worker accounting gate
command[114] "D:\Install\Dev\Projects\IA\Ejercise\cpu-native-arch\build\t0m_int8_probe.exe" --D 512 --S 8 --R 16 --mode fused --variant B --S-tile 8 --workers 4 --cpus 0,2,4,6 --rows-per-worker 768,768,768,768 --iterations 1 --timed-repetitions 5 --warmup 2
stdout[114] D,S,R,O_i,B_i,rows_per_worker,bytes_per_worker,mode,variant,S_tile,iterations,timed_repetitions,warmup,worker_count,worker_list,affinity,affinity_error,affinity_succeeded,timed_repetitions_exact,avx2_supported,kernel_used,eviction_bytes,eviction_checksum,elapsed_seconds,mac_total,mac_per_second,checksum
512,8,16,"768,768,768,768","6291456,6291456,6291456,6291456","768,768,768,768","6291456,6291456,6291456,6291456",fused,B,8,1,5,2,4,"0,2,4,6","true,true,true,true","0,0,0,0",true,true,true,avx2,0,0,0.0475137,1006632960,2.11862e+10,18446744070292040802
stderr[114] T0-M correction passed: every Y[S x O_i] cell, fused/repeat/reference, A/B/C, S_tile=2/4/8, four shards, and one/four-worker accounting gate
command[115] "D:\Install\Dev\Projects\IA\Ejercise\cpu-native-arch\build\t0m_int8_probe.exe" --D 512 --S 8 --R 16 --mode repeat --variant A --S-tile 8 --workers 4 --cpus 0,2,4,6 --rows-per-worker 768,768,768,768 --iterations 1 --timed-repetitions 5 --warmup 2
stdout[115] D,S,R,O_i,B_i,rows_per_worker,bytes_per_worker,mode,variant,S_tile,iterations,timed_repetitions,warmup,worker_count,worker_list,affinity,affinity_error,affinity_succeeded,timed_repetitions_exact,avx2_supported,kernel_used,eviction_bytes,eviction_checksum,elapsed_seconds,mac_total,mac_per_second,checksum
512,8,16,"768,768,768,768","393216,393216,393216,393216","768,768,768,768","393216,393216,393216,393216",repeat,A,8,1,5,2,4,"0,2,4,6","true,true,true,true","0,0,0,0",true,true,true,avx2,0,0,0.0436927,1006632960,2.30389e+10,18446744073152474417
stderr[115] T0-M correction passed: every Y[S x O_i] cell, fused/repeat/reference, A/B/C, S_tile=2/4/8, four shards, and one/four-worker accounting gate
command[116] "D:\Install\Dev\Projects\IA\Ejercise\cpu-native-arch\build\t0m_int8_probe.exe" --D 512 --S 8 --R 16 --mode repeat --variant B --S-tile 8 --workers 4 --cpus 0,2,4,6 --rows-per-worker 768,768,768,768 --iterations 1 --timed-repetitions 5 --warmup 2
stdout[116] D,S,R,O_i,B_i,rows_per_worker,bytes_per_worker,mode,variant,S_tile,iterations,timed_repetitions,warmup,worker_count,worker_list,affinity,affinity_error,affinity_succeeded,timed_repetitions_exact,avx2_supported,kernel_used,eviction_bytes,eviction_checksum,elapsed_seconds,mac_total,mac_per_second,checksum
512,8,16,"768,768,768,768","6291456,6291456,6291456,6291456","768,768,768,768","6291456,6291456,6291456,6291456",repeat,B,8,1,5,2,4,"0,2,4,6","true,true,true,true","0,0,0,0",true,true,true,avx2,0,0,0.031511,1006632960,3.19454e+10,18446744070292040802
stderr[116] T0-M correction passed: every Y[S x O_i] cell, fused/repeat/reference, A/B/C, S_tile=2/4/8, four shards, and one/four-worker accounting gate
command[117] "D:\Install\Dev\Projects\IA\Ejercise\cpu-native-arch\build\t0m_int8_probe.exe" --D 512 --S 16 --R 1 --mode fused --variant A --S-tile 8 --workers 4 --cpus 0,2,4,6 --rows-per-worker 768,768,768,768 --iterations 1 --timed-repetitions 5 --warmup 2
stdout[117] D,S,R,O_i,B_i,rows_per_worker,bytes_per_worker,mode,variant,S_tile,iterations,timed_repetitions,warmup,worker_count,worker_list,affinity,affinity_error,affinity_succeeded,timed_repetitions_exact,avx2_supported,kernel_used,eviction_bytes,eviction_checksum,elapsed_seconds,mac_total,mac_per_second,checksum
512,16,1,"768,768,768,768","393216,393216,393216,393216","768,768,768,768","393216,393216,393216,393216",fused,A,8,1,5,2,4,"0,2,4,6","true,true,true,true","0,0,0,0",true,true,true,avx2,0,0,0.0111022,125829120,1.13337e+10,18446744063438981076
stderr[117] T0-M correction passed: every Y[S x O_i] cell, fused/repeat/reference, A/B/C, S_tile=2/4/8, four shards, and one/four-worker accounting gate
command[118] "D:\Install\Dev\Projects\IA\Ejercise\cpu-native-arch\build\t0m_int8_probe.exe" --D 512 --S 16 --R 1 --mode fused --variant B --S-tile 8 --workers 4 --cpus 0,2,4,6 --rows-per-worker 768,768,768,768 --iterations 1 --timed-repetitions 5 --warmup 2
stdout[118] D,S,R,O_i,B_i,rows_per_worker,bytes_per_worker,mode,variant,S_tile,iterations,timed_repetitions,warmup,worker_count,worker_list,affinity,affinity_error,affinity_succeeded,timed_repetitions_exact,avx2_supported,kernel_used,eviction_bytes,eviction_checksum,elapsed_seconds,mac_total,mac_per_second,checksum
512,16,1,"768,768,768,768","393216,393216,393216,393216","768,768,768,768","393216,393216,393216,393216",fused,B,8,1,5,2,4,"0,2,4,6","true,true,true,true","0,0,0,0",true,true,true,avx2,0,0,0.0092716,125829120,1.35715e+10,18446744063438981076
stderr[118] T0-M correction passed: every Y[S x O_i] cell, fused/repeat/reference, A/B/C, S_tile=2/4/8, four shards, and one/four-worker accounting gate
command[119] "D:\Install\Dev\Projects\IA\Ejercise\cpu-native-arch\build\t0m_int8_probe.exe" --D 512 --S 16 --R 1 --mode repeat --variant A --S-tile 8 --workers 4 --cpus 0,2,4,6 --rows-per-worker 768,768,768,768 --iterations 1 --timed-repetitions 5 --warmup 2
stdout[119] D,S,R,O_i,B_i,rows_per_worker,bytes_per_worker,mode,variant,S_tile,iterations,timed_repetitions,warmup,worker_count,worker_list,affinity,affinity_error,affinity_succeeded,timed_repetitions_exact,avx2_supported,kernel_used,eviction_bytes,eviction_checksum,elapsed_seconds,mac_total,mac_per_second,checksum
512,16,1,"768,768,768,768","393216,393216,393216,393216","768,768,768,768","393216,393216,393216,393216",repeat,A,8,1,5,2,4,"0,2,4,6","true,true,true,true","0,0,0,0",true,true,true,avx2,0,0,0.0065503,125829120,1.92097e+10,18446744063438981076
stderr[119] T0-M correction passed: every Y[S x O_i] cell, fused/repeat/reference, A/B/C, S_tile=2/4/8, four shards, and one/four-worker accounting gate
command[120] "D:\Install\Dev\Projects\IA\Ejercise\cpu-native-arch\build\t0m_int8_probe.exe" --D 512 --S 16 --R 1 --mode repeat --variant B --S-tile 8 --workers 4 --cpus 0,2,4,6 --rows-per-worker 768,768,768,768 --iterations 1 --timed-repetitions 5 --warmup 2
stdout[120] D,S,R,O_i,B_i,rows_per_worker,bytes_per_worker,mode,variant,S_tile,iterations,timed_repetitions,warmup,worker_count,worker_list,affinity,affinity_error,affinity_succeeded,timed_repetitions_exact,avx2_supported,kernel_used,eviction_bytes,eviction_checksum,elapsed_seconds,mac_total,mac_per_second,checksum
512,16,1,"768,768,768,768","393216,393216,393216,393216","768,768,768,768","393216,393216,393216,393216",repeat,B,8,1,5,2,4,"0,2,4,6","true,true,true,true","0,0,0,0",true,true,true,avx2,0,0,0.0064811,125829120,1.94148e+10,18446744063438981076
stderr[120] T0-M correction passed: every Y[S x O_i] cell, fused/repeat/reference, A/B/C, S_tile=2/4/8, four shards, and one/four-worker accounting gate
command[121] "D:\Install\Dev\Projects\IA\Ejercise\cpu-native-arch\build\t0m_int8_probe.exe" --D 512 --S 16 --R 2 --mode fused --variant A --S-tile 8 --workers 4 --cpus 0,2,4,6 --rows-per-worker 768,768,768,768 --iterations 1 --timed-repetitions 5 --warmup 2
stdout[121] D,S,R,O_i,B_i,rows_per_worker,bytes_per_worker,mode,variant,S_tile,iterations,timed_repetitions,warmup,worker_count,worker_list,affinity,affinity_error,affinity_succeeded,timed_repetitions_exact,avx2_supported,kernel_used,eviction_bytes,eviction_checksum,elapsed_seconds,mac_total,mac_per_second,checksum
512,16,2,"768,768,768,768","393216,393216,393216,393216","768,768,768,768","393216,393216,393216,393216",fused,A,8,1,5,2,4,"0,2,4,6","true,true,true,true","0,0,0,0",true,true,true,avx2,0,0,0.0781759,251658240,3.21913e+09,18446744063438981076
stderr[121] T0-M correction passed: every Y[S x O_i] cell, fused/repeat/reference, A/B/C, S_tile=2/4/8, four shards, and one/four-worker accounting gate
command[122] "D:\Install\Dev\Projects\IA\Ejercise\cpu-native-arch\build\t0m_int8_probe.exe" --D 512 --S 16 --R 2 --mode fused --variant B --S-tile 8 --workers 4 --cpus 0,2,4,6 --rows-per-worker 768,768,768,768 --iterations 1 --timed-repetitions 5 --warmup 2
stdout[122] D,S,R,O_i,B_i,rows_per_worker,bytes_per_worker,mode,variant,S_tile,iterations,timed_repetitions,warmup,worker_count,worker_list,affinity,affinity_error,affinity_succeeded,timed_repetitions_exact,avx2_supported,kernel_used,eviction_bytes,eviction_checksum,elapsed_seconds,mac_total,mac_per_second,checksum
512,16,2,"768,768,768,768","786432,786432,786432,786432","768,768,768,768","786432,786432,786432,786432",fused,B,8,1,5,2,4,"0,2,4,6","true,true,true,true","0,0,0,0",true,true,true,avx2,0,0,0.0092738,251658240,2.71365e+10,10835340107
stderr[122] T0-M correction passed: every Y[S x O_i] cell, fused/repeat/reference, A/B/C, S_tile=2/4/8, four shards, and one/four-worker accounting gate
command[123] "D:\Install\Dev\Projects\IA\Ejercise\cpu-native-arch\build\t0m_int8_probe.exe" --D 512 --S 16 --R 2 --mode repeat --variant A --S-tile 8 --workers 4 --cpus 0,2,4,6 --rows-per-worker 768,768,768,768 --iterations 1 --timed-repetitions 5 --warmup 2
stdout[123] D,S,R,O_i,B_i,rows_per_worker,bytes_per_worker,mode,variant,S_tile,iterations,timed_repetitions,warmup,worker_count,worker_list,affinity,affinity_error,affinity_succeeded,timed_repetitions_exact,avx2_supported,kernel_used,eviction_bytes,eviction_checksum,elapsed_seconds,mac_total,mac_per_second,checksum
512,16,2,"768,768,768,768","393216,393216,393216,393216","768,768,768,768","393216,393216,393216,393216",repeat,A,8,1,5,2,4,"0,2,4,6","true,true,true,true","0,0,0,0",true,true,true,avx2,0,0,0.0114555,251658240,2.19683e+10,18446744063438981076
stderr[123] T0-M correction passed: every Y[S x O_i] cell, fused/repeat/reference, A/B/C, S_tile=2/4/8, four shards, and one/four-worker accounting gate
command[124] "D:\Install\Dev\Projects\IA\Ejercise\cpu-native-arch\build\t0m_int8_probe.exe" --D 512 --S 16 --R 2 --mode repeat --variant B --S-tile 8 --workers 4 --cpus 0,2,4,6 --rows-per-worker 768,768,768,768 --iterations 1 --timed-repetitions 5 --warmup 2
stdout[124] D,S,R,O_i,B_i,rows_per_worker,bytes_per_worker,mode,variant,S_tile,iterations,timed_repetitions,warmup,worker_count,worker_list,affinity,affinity_error,affinity_succeeded,timed_repetitions_exact,avx2_supported,kernel_used,eviction_bytes,eviction_checksum,elapsed_seconds,mac_total,mac_per_second,checksum
512,16,2,"768,768,768,768","786432,786432,786432,786432","768,768,768,768","786432,786432,786432,786432",repeat,B,8,1,5,2,4,"0,2,4,6","true,true,true,true","0,0,0,0",true,true,true,avx2,0,0,0.0149769,251658240,1.68031e+10,10835340107
stderr[124] T0-M correction passed: every Y[S x O_i] cell, fused/repeat/reference, A/B/C, S_tile=2/4/8, four shards, and one/four-worker accounting gate
command[125] "D:\Install\Dev\Projects\IA\Ejercise\cpu-native-arch\build\t0m_int8_probe.exe" --D 512 --S 16 --R 4 --mode fused --variant A --S-tile 8 --workers 4 --cpus 0,2,4,6 --rows-per-worker 768,768,768,768 --iterations 1 --timed-repetitions 5 --warmup 2
stdout[125] D,S,R,O_i,B_i,rows_per_worker,bytes_per_worker,mode,variant,S_tile,iterations,timed_repetitions,warmup,worker_count,worker_list,affinity,affinity_error,affinity_succeeded,timed_repetitions_exact,avx2_supported,kernel_used,eviction_bytes,eviction_checksum,elapsed_seconds,mac_total,mac_per_second,checksum
512,16,4,"768,768,768,768","393216,393216,393216,393216","768,768,768,768","393216,393216,393216,393216",fused,A,8,1,5,2,4,"0,2,4,6","true,true,true,true","0,0,0,0",true,true,true,avx2,0,0,0.0283538,503316480,1.77513e+10,18446744063438981076
stderr[125] T0-M correction passed: every Y[S x O_i] cell, fused/repeat/reference, A/B/C, S_tile=2/4/8, four shards, and one/four-worker accounting gate
command[126] "D:\Install\Dev\Projects\IA\Ejercise\cpu-native-arch\build\t0m_int8_probe.exe" --D 512 --S 16 --R 4 --mode fused --variant B --S-tile 8 --workers 4 --cpus 0,2,4,6 --rows-per-worker 768,768,768,768 --iterations 1 --timed-repetitions 5 --warmup 2
stdout[126] D,S,R,O_i,B_i,rows_per_worker,bytes_per_worker,mode,variant,S_tile,iterations,timed_repetitions,warmup,worker_count,worker_list,affinity,affinity_error,affinity_succeeded,timed_repetitions_exact,avx2_supported,kernel_used,eviction_bytes,eviction_checksum,elapsed_seconds,mac_total,mac_per_second,checksum
512,16,4,"768,768,768,768","1572864,1572864,1572864,1572864","768,768,768,768","1572864,1572864,1572864,1572864",fused,B,8,1,5,2,4,"0,2,4,6","true,true,true,true","0,0,0,0",true,true,true,avx2,0,0,0.0343007,503316480,1.46737e+10,1795667947
stderr[126] T0-M correction passed: every Y[S x O_i] cell, fused/repeat/reference, A/B/C, S_tile=2/4/8, four shards, and one/four-worker accounting gate
command[127] "D:\Install\Dev\Projects\IA\Ejercise\cpu-native-arch\build\t0m_int8_probe.exe" --D 512 --S 16 --R 4 --mode repeat --variant A --S-tile 8 --workers 4 --cpus 0,2,4,6 --rows-per-worker 768,768,768,768 --iterations 1 --timed-repetitions 5 --warmup 2
stdout[127] D,S,R,O_i,B_i,rows_per_worker,bytes_per_worker,mode,variant,S_tile,iterations,timed_repetitions,warmup,worker_count,worker_list,affinity,affinity_error,affinity_succeeded,timed_repetitions_exact,avx2_supported,kernel_used,eviction_bytes,eviction_checksum,elapsed_seconds,mac_total,mac_per_second,checksum
512,16,4,"768,768,768,768","393216,393216,393216,393216","768,768,768,768","393216,393216,393216,393216",repeat,A,8,1,5,2,4,"0,2,4,6","true,true,true,true","0,0,0,0",true,true,true,avx2,0,0,0.0223145,503316480,2.25556e+10,18446744063438981076
stderr[127] T0-M correction passed: every Y[S x O_i] cell, fused/repeat/reference, A/B/C, S_tile=2/4/8, four shards, and one/four-worker accounting gate
command[128] "D:\Install\Dev\Projects\IA\Ejercise\cpu-native-arch\build\t0m_int8_probe.exe" --D 512 --S 16 --R 4 --mode repeat --variant B --S-tile 8 --workers 4 --cpus 0,2,4,6 --rows-per-worker 768,768,768,768 --iterations 1 --timed-repetitions 5 --warmup 2
stdout[128] D,S,R,O_i,B_i,rows_per_worker,bytes_per_worker,mode,variant,S_tile,iterations,timed_repetitions,warmup,worker_count,worker_list,affinity,affinity_error,affinity_succeeded,timed_repetitions_exact,avx2_supported,kernel_used,eviction_bytes,eviction_checksum,elapsed_seconds,mac_total,mac_per_second,checksum
512,16,4,"768,768,768,768","1572864,1572864,1572864,1572864","768,768,768,768","1572864,1572864,1572864,1572864",repeat,B,8,1,5,2,4,"0,2,4,6","true,true,true,true","0,0,0,0",true,true,true,avx2,0,0,0.0213216,503316480,2.36059e+10,1795667947
stderr[128] T0-M correction passed: every Y[S x O_i] cell, fused/repeat/reference, A/B/C, S_tile=2/4/8, four shards, and one/four-worker accounting gate
command[129] "D:\Install\Dev\Projects\IA\Ejercise\cpu-native-arch\build\t0m_int8_probe.exe" --D 512 --S 16 --R 8 --mode fused --variant A --S-tile 8 --workers 4 --cpus 0,2,4,6 --rows-per-worker 768,768,768,768 --iterations 1 --timed-repetitions 5 --warmup 2
stdout[129] D,S,R,O_i,B_i,rows_per_worker,bytes_per_worker,mode,variant,S_tile,iterations,timed_repetitions,warmup,worker_count,worker_list,affinity,affinity_error,affinity_succeeded,timed_repetitions_exact,avx2_supported,kernel_used,eviction_bytes,eviction_checksum,elapsed_seconds,mac_total,mac_per_second,checksum
512,16,8,"768,768,768,768","393216,393216,393216,393216","768,768,768,768","393216,393216,393216,393216",fused,A,8,1,5,2,4,"0,2,4,6","true,true,true,true","0,0,0,0",true,true,true,avx2,0,0,0.165294,1006632960,6.08996e+09,18446744063438981076
stderr[129] T0-M correction passed: every Y[S x O_i] cell, fused/repeat/reference, A/B/C, S_tile=2/4/8, four shards, and one/four-worker accounting gate
command[130] "D:\Install\Dev\Projects\IA\Ejercise\cpu-native-arch\build\t0m_int8_probe.exe" --D 512 --S 16 --R 8 --mode fused --variant B --S-tile 8 --workers 4 --cpus 0,2,4,6 --rows-per-worker 768,768,768,768 --iterations 1 --timed-repetitions 5 --warmup 2
stdout[130] D,S,R,O_i,B_i,rows_per_worker,bytes_per_worker,mode,variant,S_tile,iterations,timed_repetitions,warmup,worker_count,worker_list,affinity,affinity_error,affinity_succeeded,timed_repetitions_exact,avx2_supported,kernel_used,eviction_bytes,eviction_checksum,elapsed_seconds,mac_total,mac_per_second,checksum
512,16,8,"768,768,768,768","3145728,3145728,3145728,3145728","768,768,768,768","3145728,3145728,3145728,3145728",fused,B,8,1,5,2,4,"0,2,4,6","true,true,true,true","0,0,0,0",true,true,true,avx2,0,0,0.0601934,1006632960,1.67233e+10,15168031758
stderr[130] T0-M correction passed: every Y[S x O_i] cell, fused/repeat/reference, A/B/C, S_tile=2/4/8, four shards, and one/four-worker accounting gate
command[131] "D:\Install\Dev\Projects\IA\Ejercise\cpu-native-arch\build\t0m_int8_probe.exe" --D 512 --S 16 --R 8 --mode repeat --variant A --S-tile 8 --workers 4 --cpus 0,2,4,6 --rows-per-worker 768,768,768,768 --iterations 1 --timed-repetitions 5 --warmup 2
stdout[131] D,S,R,O_i,B_i,rows_per_worker,bytes_per_worker,mode,variant,S_tile,iterations,timed_repetitions,warmup,worker_count,worker_list,affinity,affinity_error,affinity_succeeded,timed_repetitions_exact,avx2_supported,kernel_used,eviction_bytes,eviction_checksum,elapsed_seconds,mac_total,mac_per_second,checksum
512,16,8,"768,768,768,768","393216,393216,393216,393216","768,768,768,768","393216,393216,393216,393216",repeat,A,8,1,5,2,4,"0,2,4,6","true,true,true,true","0,0,0,0",true,true,true,avx2,0,0,0.0394013,1006632960,2.55482e+10,18446744063438981076
stderr[131] T0-M correction passed: every Y[S x O_i] cell, fused/repeat/reference, A/B/C, S_tile=2/4/8, four shards, and one/four-worker accounting gate
command[132] "D:\Install\Dev\Projects\IA\Ejercise\cpu-native-arch\build\t0m_int8_probe.exe" --D 512 --S 16 --R 8 --mode repeat --variant B --S-tile 8 --workers 4 --cpus 0,2,4,6 --rows-per-worker 768,768,768,768 --iterations 1 --timed-repetitions 5 --warmup 2
stdout[132] D,S,R,O_i,B_i,rows_per_worker,bytes_per_worker,mode,variant,S_tile,iterations,timed_repetitions,warmup,worker_count,worker_list,affinity,affinity_error,affinity_succeeded,timed_repetitions_exact,avx2_supported,kernel_used,eviction_bytes,eviction_checksum,elapsed_seconds,mac_total,mac_per_second,checksum
512,16,8,"768,768,768,768","3145728,3145728,3145728,3145728","768,768,768,768","3145728,3145728,3145728,3145728",repeat,B,8,1,5,2,4,"0,2,4,6","true,true,true,true","0,0,0,0",true,true,true,avx2,0,0,0.0472682,1006632960,2.12962e+10,15168031758
stderr[132] T0-M correction passed: every Y[S x O_i] cell, fused/repeat/reference, A/B/C, S_tile=2/4/8, four shards, and one/four-worker accounting gate
command[133] "D:\Install\Dev\Projects\IA\Ejercise\cpu-native-arch\build\t0m_int8_probe.exe" --D 512 --S 16 --R 16 --mode fused --variant A --S-tile 8 --workers 4 --cpus 0,2,4,6 --rows-per-worker 768,768,768,768 --iterations 1 --timed-repetitions 5 --warmup 2
stdout[133] D,S,R,O_i,B_i,rows_per_worker,bytes_per_worker,mode,variant,S_tile,iterations,timed_repetitions,warmup,worker_count,worker_list,affinity,affinity_error,affinity_succeeded,timed_repetitions_exact,avx2_supported,kernel_used,eviction_bytes,eviction_checksum,elapsed_seconds,mac_total,mac_per_second,checksum
512,16,16,"768,768,768,768","393216,393216,393216,393216","768,768,768,768","393216,393216,393216,393216",fused,A,8,1,5,2,4,"0,2,4,6","true,true,true,true","0,0,0,0",true,true,true,avx2,0,0,0.110955,2013265920,1.81448e+10,18446744063438981076
stderr[133] T0-M correction passed: every Y[S x O_i] cell, fused/repeat/reference, A/B/C, S_tile=2/4/8, four shards, and one/four-worker accounting gate
command[134] "D:\Install\Dev\Projects\IA\Ejercise\cpu-native-arch\build\t0m_int8_probe.exe" --D 512 --S 16 --R 16 --mode fused --variant B --S-tile 8 --workers 4 --cpus 0,2,4,6 --rows-per-worker 768,768,768,768 --iterations 1 --timed-repetitions 5 --warmup 2
stdout[134] D,S,R,O_i,B_i,rows_per_worker,bytes_per_worker,mode,variant,S_tile,iterations,timed_repetitions,warmup,worker_count,worker_list,affinity,affinity_error,affinity_succeeded,timed_repetitions_exact,avx2_supported,kernel_used,eviction_bytes,eviction_checksum,elapsed_seconds,mac_total,mac_per_second,checksum
512,16,16,"768,768,768,768","6291456,6291456,6291456,6291456","768,768,768,768","6291456,6291456,6291456,6291456",fused,B,8,1,5,2,4,"0,2,4,6","true,true,true,true","0,0,0,0",true,true,true,avx2,0,0,0.103146,2013265920,1.95186e+10,18446744056699686799
stderr[134] T0-M correction passed: every Y[S x O_i] cell, fused/repeat/reference, A/B/C, S_tile=2/4/8, four shards, and one/four-worker accounting gate
command[135] "D:\Install\Dev\Projects\IA\Ejercise\cpu-native-arch\build\t0m_int8_probe.exe" --D 512 --S 16 --R 16 --mode repeat --variant A --S-tile 8 --workers 4 --cpus 0,2,4,6 --rows-per-worker 768,768,768,768 --iterations 1 --timed-repetitions 5 --warmup 2
stdout[135] D,S,R,O_i,B_i,rows_per_worker,bytes_per_worker,mode,variant,S_tile,iterations,timed_repetitions,warmup,worker_count,worker_list,affinity,affinity_error,affinity_succeeded,timed_repetitions_exact,avx2_supported,kernel_used,eviction_bytes,eviction_checksum,elapsed_seconds,mac_total,mac_per_second,checksum
512,16,16,"768,768,768,768","393216,393216,393216,393216","768,768,768,768","393216,393216,393216,393216",repeat,A,8,1,5,2,4,"0,2,4,6","true,true,true,true","0,0,0,0",true,true,true,avx2,0,0,0.087274,2013265920,2.30683e+10,18446744063438981076
stderr[135] T0-M correction passed: every Y[S x O_i] cell, fused/repeat/reference, A/B/C, S_tile=2/4/8, four shards, and one/four-worker accounting gate
command[136] "D:\Install\Dev\Projects\IA\Ejercise\cpu-native-arch\build\t0m_int8_probe.exe" --D 512 --S 16 --R 16 --mode repeat --variant B --S-tile 8 --workers 4 --cpus 0,2,4,6 --rows-per-worker 768,768,768,768 --iterations 1 --timed-repetitions 5 --warmup 2
stdout[136] D,S,R,O_i,B_i,rows_per_worker,bytes_per_worker,mode,variant,S_tile,iterations,timed_repetitions,warmup,worker_count,worker_list,affinity,affinity_error,affinity_succeeded,timed_repetitions_exact,avx2_supported,kernel_used,eviction_bytes,eviction_checksum,elapsed_seconds,mac_total,mac_per_second,checksum
512,16,16,"768,768,768,768","6291456,6291456,6291456,6291456","768,768,768,768","6291456,6291456,6291456,6291456",repeat,B,8,1,5,2,4,"0,2,4,6","true,true,true,true","0,0,0,0",true,true,true,avx2,0,0,0.0827893,2013265920,2.43179e+10,18446744056699686799
stderr[136] T0-M correction passed: every Y[S x O_i] cell, fused/repeat/reference, A/B/C, S_tile=2/4/8, four shards, and one/four-worker accounting gate
command[137] "D:\Install\Dev\Projects\IA\Ejercise\cpu-native-arch\build\t0m_int8_probe.exe" --D 512 --S 1 --R 1 --mode fused --variant A --S-tile 8 --workers 4 --cpus 0,2,4,6 --rows-per-worker 1024,1024,1024,1024 --iterations 1 --timed-repetitions 5 --warmup 2
stdout[137] D,S,R,O_i,B_i,rows_per_worker,bytes_per_worker,mode,variant,S_tile,iterations,timed_repetitions,warmup,worker_count,worker_list,affinity,affinity_error,affinity_succeeded,timed_repetitions_exact,avx2_supported,kernel_used,eviction_bytes,eviction_checksum,elapsed_seconds,mac_total,mac_per_second,checksum
512,1,1,"1024,1024,1024,1024","524288,524288,524288,524288","1024,1024,1024,1024","524288,524288,524288,524288",fused,A,8,1,5,2,4,"0,2,4,6","true,true,true,true","0,0,0,0",true,true,true,avx2,0,0,0.0014457,10485760,7.25307e+09,240383804
stderr[137] T0-M correction passed: every Y[S x O_i] cell, fused/repeat/reference, A/B/C, S_tile=2/4/8, four shards, and one/four-worker accounting gate
command[138] "D:\Install\Dev\Projects\IA\Ejercise\cpu-native-arch\build\t0m_int8_probe.exe" --D 512 --S 1 --R 1 --mode fused --variant B --S-tile 8 --workers 4 --cpus 0,2,4,6 --rows-per-worker 1024,1024,1024,1024 --iterations 1 --timed-repetitions 5 --warmup 2
stdout[138] D,S,R,O_i,B_i,rows_per_worker,bytes_per_worker,mode,variant,S_tile,iterations,timed_repetitions,warmup,worker_count,worker_list,affinity,affinity_error,affinity_succeeded,timed_repetitions_exact,avx2_supported,kernel_used,eviction_bytes,eviction_checksum,elapsed_seconds,mac_total,mac_per_second,checksum
512,1,1,"1024,1024,1024,1024","524288,524288,524288,524288","1024,1024,1024,1024","524288,524288,524288,524288",fused,B,8,1,5,2,4,"0,2,4,6","true,true,true,true","0,0,0,0",true,true,true,avx2,0,0,0.0012955,10485760,8.09399e+09,240383804
stderr[138] T0-M correction passed: every Y[S x O_i] cell, fused/repeat/reference, A/B/C, S_tile=2/4/8, four shards, and one/four-worker accounting gate
command[139] "D:\Install\Dev\Projects\IA\Ejercise\cpu-native-arch\build\t0m_int8_probe.exe" --D 512 --S 1 --R 1 --mode repeat --variant A --S-tile 8 --workers 4 --cpus 0,2,4,6 --rows-per-worker 1024,1024,1024,1024 --iterations 1 --timed-repetitions 5 --warmup 2
stdout[139] D,S,R,O_i,B_i,rows_per_worker,bytes_per_worker,mode,variant,S_tile,iterations,timed_repetitions,warmup,worker_count,worker_list,affinity,affinity_error,affinity_succeeded,timed_repetitions_exact,avx2_supported,kernel_used,eviction_bytes,eviction_checksum,elapsed_seconds,mac_total,mac_per_second,checksum
512,1,1,"1024,1024,1024,1024","524288,524288,524288,524288","1024,1024,1024,1024","524288,524288,524288,524288",repeat,A,8,1,5,2,4,"0,2,4,6","true,true,true,true","0,0,0,0",true,true,true,avx2,0,0,0.001154,10485760,9.08645e+09,240383804
stderr[139] T0-M correction passed: every Y[S x O_i] cell, fused/repeat/reference, A/B/C, S_tile=2/4/8, four shards, and one/four-worker accounting gate
command[140] "D:\Install\Dev\Projects\IA\Ejercise\cpu-native-arch\build\t0m_int8_probe.exe" --D 512 --S 1 --R 1 --mode repeat --variant B --S-tile 8 --workers 4 --cpus 0,2,4,6 --rows-per-worker 1024,1024,1024,1024 --iterations 1 --timed-repetitions 5 --warmup 2
stdout[140] D,S,R,O_i,B_i,rows_per_worker,bytes_per_worker,mode,variant,S_tile,iterations,timed_repetitions,warmup,worker_count,worker_list,affinity,affinity_error,affinity_succeeded,timed_repetitions_exact,avx2_supported,kernel_used,eviction_bytes,eviction_checksum,elapsed_seconds,mac_total,mac_per_second,checksum
512,1,1,"1024,1024,1024,1024","524288,524288,524288,524288","1024,1024,1024,1024","524288,524288,524288,524288",repeat,B,8,1,5,2,4,"0,2,4,6","true,true,true,true","0,0,0,0",true,true,true,avx2,0,0,0.0011686,10485760,8.97292e+09,240383804
stderr[140] T0-M correction passed: every Y[S x O_i] cell, fused/repeat/reference, A/B/C, S_tile=2/4/8, four shards, and one/four-worker accounting gate
command[141] "D:\Install\Dev\Projects\IA\Ejercise\cpu-native-arch\build\t0m_int8_probe.exe" --D 512 --S 1 --R 2 --mode fused --variant A --S-tile 8 --workers 4 --cpus 0,2,4,6 --rows-per-worker 1024,1024,1024,1024 --iterations 1 --timed-repetitions 5 --warmup 2
stdout[141] D,S,R,O_i,B_i,rows_per_worker,bytes_per_worker,mode,variant,S_tile,iterations,timed_repetitions,warmup,worker_count,worker_list,affinity,affinity_error,affinity_succeeded,timed_repetitions_exact,avx2_supported,kernel_used,eviction_bytes,eviction_checksum,elapsed_seconds,mac_total,mac_per_second,checksum
512,1,2,"1024,1024,1024,1024","524288,524288,524288,524288","1024,1024,1024,1024","524288,524288,524288,524288",fused,A,8,1,5,2,4,"0,2,4,6","true,true,true,true","0,0,0,0",true,true,true,avx2,0,0,0.0022038,20971520,9.51607e+09,240383804
stderr[141] T0-M correction passed: every Y[S x O_i] cell, fused/repeat/reference, A/B/C, S_tile=2/4/8, four shards, and one/four-worker accounting gate
command[142] "D:\Install\Dev\Projects\IA\Ejercise\cpu-native-arch\build\t0m_int8_probe.exe" --D 512 --S 1 --R 2 --mode fused --variant B --S-tile 8 --workers 4 --cpus 0,2,4,6 --rows-per-worker 1024,1024,1024,1024 --iterations 1 --timed-repetitions 5 --warmup 2
stdout[142] D,S,R,O_i,B_i,rows_per_worker,bytes_per_worker,mode,variant,S_tile,iterations,timed_repetitions,warmup,worker_count,worker_list,affinity,affinity_error,affinity_succeeded,timed_repetitions_exact,avx2_supported,kernel_used,eviction_bytes,eviction_checksum,elapsed_seconds,mac_total,mac_per_second,checksum
512,1,2,"1024,1024,1024,1024","1048576,1048576,1048576,1048576","1024,1024,1024,1024","1048576,1048576,1048576,1048576",fused,B,8,1,5,2,4,"0,2,4,6","true,true,true,true","0,0,0,0",true,true,true,avx2,0,0,0.0022663,20971520,9.25364e+09,813419254
stderr[142] T0-M correction passed: every Y[S x O_i] cell, fused/repeat/reference, A/B/C, S_tile=2/4/8, four shards, and one/four-worker accounting gate
command[143] "D:\Install\Dev\Projects\IA\Ejercise\cpu-native-arch\build\t0m_int8_probe.exe" --D 512 --S 1 --R 2 --mode repeat --variant A --S-tile 8 --workers 4 --cpus 0,2,4,6 --rows-per-worker 1024,1024,1024,1024 --iterations 1 --timed-repetitions 5 --warmup 2
stdout[143] D,S,R,O_i,B_i,rows_per_worker,bytes_per_worker,mode,variant,S_tile,iterations,timed_repetitions,warmup,worker_count,worker_list,affinity,affinity_error,affinity_succeeded,timed_repetitions_exact,avx2_supported,kernel_used,eviction_bytes,eviction_checksum,elapsed_seconds,mac_total,mac_per_second,checksum
512,1,2,"1024,1024,1024,1024","524288,524288,524288,524288","1024,1024,1024,1024","524288,524288,524288,524288",repeat,A,8,1,5,2,4,"0,2,4,6","true,true,true,true","0,0,0,0",true,true,true,avx2,0,0,0.0011581,20971520,1.81086e+10,240383804
stderr[143] T0-M correction passed: every Y[S x O_i] cell, fused/repeat/reference, A/B/C, S_tile=2/4/8, four shards, and one/four-worker accounting gate
command[144] "D:\Install\Dev\Projects\IA\Ejercise\cpu-native-arch\build\t0m_int8_probe.exe" --D 512 --S 1 --R 2 --mode repeat --variant B --S-tile 8 --workers 4 --cpus 0,2,4,6 --rows-per-worker 1024,1024,1024,1024 --iterations 1 --timed-repetitions 5 --warmup 2
stdout[144] D,S,R,O_i,B_i,rows_per_worker,bytes_per_worker,mode,variant,S_tile,iterations,timed_repetitions,warmup,worker_count,worker_list,affinity,affinity_error,affinity_succeeded,timed_repetitions_exact,avx2_supported,kernel_used,eviction_bytes,eviction_checksum,elapsed_seconds,mac_total,mac_per_second,checksum
512,1,2,"1024,1024,1024,1024","1048576,1048576,1048576,1048576","1024,1024,1024,1024","1048576,1048576,1048576,1048576",repeat,B,8,1,5,2,4,"0,2,4,6","true,true,true,true","0,0,0,0",true,true,true,avx2,0,0,0.0010796,20971520,1.94253e+10,813419254
stderr[144] T0-M correction passed: every Y[S x O_i] cell, fused/repeat/reference, A/B/C, S_tile=2/4/8, four shards, and one/four-worker accounting gate
command[145] "D:\Install\Dev\Projects\IA\Ejercise\cpu-native-arch\build\t0m_int8_probe.exe" --D 512 --S 1 --R 4 --mode fused --variant A --S-tile 8 --workers 4 --cpus 0,2,4,6 --rows-per-worker 1024,1024,1024,1024 --iterations 1 --timed-repetitions 5 --warmup 2
stdout[145] D,S,R,O_i,B_i,rows_per_worker,bytes_per_worker,mode,variant,S_tile,iterations,timed_repetitions,warmup,worker_count,worker_list,affinity,affinity_error,affinity_succeeded,timed_repetitions_exact,avx2_supported,kernel_used,eviction_bytes,eviction_checksum,elapsed_seconds,mac_total,mac_per_second,checksum
512,1,4,"1024,1024,1024,1024","524288,524288,524288,524288","1024,1024,1024,1024","524288,524288,524288,524288",fused,A,8,1,5,2,4,"0,2,4,6","true,true,true,true","0,0,0,0",true,true,true,avx2,0,0,0.0091461,41943040,4.58589e+09,240383804
stderr[145] T0-M correction passed: every Y[S x O_i] cell, fused/repeat/reference, A/B/C, S_tile=2/4/8, four shards, and one/four-worker accounting gate
command[146] "D:\Install\Dev\Projects\IA\Ejercise\cpu-native-arch\build\t0m_int8_probe.exe" --D 512 --S 1 --R 4 --mode fused --variant B --S-tile 8 --workers 4 --cpus 0,2,4,6 --rows-per-worker 1024,1024,1024,1024 --iterations 1 --timed-repetitions 5 --warmup 2
stdout[146] D,S,R,O_i,B_i,rows_per_worker,bytes_per_worker,mode,variant,S_tile,iterations,timed_repetitions,warmup,worker_count,worker_list,affinity,affinity_error,affinity_succeeded,timed_repetitions_exact,avx2_supported,kernel_used,eviction_bytes,eviction_checksum,elapsed_seconds,mac_total,mac_per_second,checksum
512,1,4,"1024,1024,1024,1024","2097152,2097152,2097152,2097152","1024,1024,1024,1024","2097152,2097152,2097152,2097152",fused,B,8,1,5,2,4,"0,2,4,6","true,true,true,true","0,0,0,0",true,true,true,avx2,0,0,0.0045581,41943040,9.20187e+09,18446744073409374018
stderr[146] T0-M correction passed: every Y[S x O_i] cell, fused/repeat/reference, A/B/C, S_tile=2/4/8, four shards, and one/four-worker accounting gate
command[147] "D:\Install\Dev\Projects\IA\Ejercise\cpu-native-arch\build\t0m_int8_probe.exe" --D 512 --S 1 --R 4 --mode repeat --variant A --S-tile 8 --workers 4 --cpus 0,2,4,6 --rows-per-worker 1024,1024,1024,1024 --iterations 1 --timed-repetitions 5 --warmup 2
stdout[147] D,S,R,O_i,B_i,rows_per_worker,bytes_per_worker,mode,variant,S_tile,iterations,timed_repetitions,warmup,worker_count,worker_list,affinity,affinity_error,affinity_succeeded,timed_repetitions_exact,avx2_supported,kernel_used,eviction_bytes,eviction_checksum,elapsed_seconds,mac_total,mac_per_second,checksum
512,1,4,"1024,1024,1024,1024","524288,524288,524288,524288","1024,1024,1024,1024","524288,524288,524288,524288",repeat,A,8,1,5,2,4,"0,2,4,6","true,true,true,true","0,0,0,0",true,true,true,avx2,0,0,0.0041761,41943040,1.00436e+10,240383804
stderr[147] T0-M correction passed: every Y[S x O_i] cell, fused/repeat/reference, A/B/C, S_tile=2/4/8, four shards, and one/four-worker accounting gate
command[148] "D:\Install\Dev\Projects\IA\Ejercise\cpu-native-arch\build\t0m_int8_probe.exe" --D 512 --S 1 --R 4 --mode repeat --variant B --S-tile 8 --workers 4 --cpus 0,2,4,6 --rows-per-worker 1024,1024,1024,1024 --iterations 1 --timed-repetitions 5 --warmup 2
stdout[148] D,S,R,O_i,B_i,rows_per_worker,bytes_per_worker,mode,variant,S_tile,iterations,timed_repetitions,warmup,worker_count,worker_list,affinity,affinity_error,affinity_succeeded,timed_repetitions_exact,avx2_supported,kernel_used,eviction_bytes,eviction_checksum,elapsed_seconds,mac_total,mac_per_second,checksum
512,1,4,"1024,1024,1024,1024","2097152,2097152,2097152,2097152","1024,1024,1024,1024","2097152,2097152,2097152,2097152",repeat,B,8,1,5,2,4,"0,2,4,6","true,true,true,true","0,0,0,0",true,true,true,avx2,0,0,0.0015536,41943040,2.69973e+10,18446744073409374018
stderr[148] T0-M correction passed: every Y[S x O_i] cell, fused/repeat/reference, A/B/C, S_tile=2/4/8, four shards, and one/four-worker accounting gate
command[149] "D:\Install\Dev\Projects\IA\Ejercise\cpu-native-arch\build\t0m_int8_probe.exe" --D 512 --S 1 --R 8 --mode fused --variant A --S-tile 8 --workers 4 --cpus 0,2,4,6 --rows-per-worker 1024,1024,1024,1024 --iterations 1 --timed-repetitions 5 --warmup 2
stdout[149] D,S,R,O_i,B_i,rows_per_worker,bytes_per_worker,mode,variant,S_tile,iterations,timed_repetitions,warmup,worker_count,worker_list,affinity,affinity_error,affinity_succeeded,timed_repetitions_exact,avx2_supported,kernel_used,eviction_bytes,eviction_checksum,elapsed_seconds,mac_total,mac_per_second,checksum
512,1,8,"1024,1024,1024,1024","524288,524288,524288,524288","1024,1024,1024,1024","524288,524288,524288,524288",fused,A,8,1,5,2,4,"0,2,4,6","true,true,true,true","0,0,0,0",true,true,true,avx2,0,0,0.0140229,83886080,5.98208e+09,240383804
stderr[149] T0-M correction passed: every Y[S x O_i] cell, fused/repeat/reference, A/B/C, S_tile=2/4/8, four shards, and one/four-worker accounting gate
command[150] "D:\Install\Dev\Projects\IA\Ejercise\cpu-native-arch\build\t0m_int8_probe.exe" --D 512 --S 1 --R 8 --mode fused --variant B --S-tile 8 --workers 4 --cpus 0,2,4,6 --rows-per-worker 1024,1024,1024,1024 --iterations 1 --timed-repetitions 5 --warmup 2
stdout[150] D,S,R,O_i,B_i,rows_per_worker,bytes_per_worker,mode,variant,S_tile,iterations,timed_repetitions,warmup,worker_count,worker_list,affinity,affinity_error,affinity_succeeded,timed_repetitions_exact,avx2_supported,kernel_used,eviction_bytes,eviction_checksum,elapsed_seconds,mac_total,mac_per_second,checksum
512,1,8,"1024,1024,1024,1024","4194304,4194304,4194304,4194304","1024,1024,1024,1024","4194304,4194304,4194304,4194304",fused,B,8,1,5,2,4,"0,2,4,6","true,true,true,true","0,0,0,0",true,true,true,avx2,0,0,0.0147372,83886080,5.69213e+09,18446744073030842095
stderr[150] T0-M correction passed: every Y[S x O_i] cell, fused/repeat/reference, A/B/C, S_tile=2/4/8, four shards, and one/four-worker accounting gate
command[151] "D:\Install\Dev\Projects\IA\Ejercise\cpu-native-arch\build\t0m_int8_probe.exe" --D 512 --S 1 --R 8 --mode repeat --variant A --S-tile 8 --workers 4 --cpus 0,2,4,6 --rows-per-worker 1024,1024,1024,1024 --iterations 1 --timed-repetitions 5 --warmup 2
stdout[151] D,S,R,O_i,B_i,rows_per_worker,bytes_per_worker,mode,variant,S_tile,iterations,timed_repetitions,warmup,worker_count,worker_list,affinity,affinity_error,affinity_succeeded,timed_repetitions_exact,avx2_supported,kernel_used,eviction_bytes,eviction_checksum,elapsed_seconds,mac_total,mac_per_second,checksum
512,1,8,"1024,1024,1024,1024","524288,524288,524288,524288","1024,1024,1024,1024","524288,524288,524288,524288",repeat,A,8,1,5,2,4,"0,2,4,6","true,true,true,true","0,0,0,0",true,true,true,avx2,0,0,0.0041229,83886080,2.03464e+10,240383804
stderr[151] T0-M correction passed: every Y[S x O_i] cell, fused/repeat/reference, A/B/C, S_tile=2/4/8, four shards, and one/four-worker accounting gate
command[152] "D:\Install\Dev\Projects\IA\Ejercise\cpu-native-arch\build\t0m_int8_probe.exe" --D 512 --S 1 --R 8 --mode repeat --variant B --S-tile 8 --workers 4 --cpus 0,2,4,6 --rows-per-worker 1024,1024,1024,1024 --iterations 1 --timed-repetitions 5 --warmup 2
stdout[152] D,S,R,O_i,B_i,rows_per_worker,bytes_per_worker,mode,variant,S_tile,iterations,timed_repetitions,warmup,worker_count,worker_list,affinity,affinity_error,affinity_succeeded,timed_repetitions_exact,avx2_supported,kernel_used,eviction_bytes,eviction_checksum,elapsed_seconds,mac_total,mac_per_second,checksum
512,1,8,"1024,1024,1024,1024","4194304,4194304,4194304,4194304","1024,1024,1024,1024","4194304,4194304,4194304,4194304",repeat,B,8,1,5,2,4,"0,2,4,6","true,true,true,true","0,0,0,0",true,true,true,avx2,0,0,0.004358,83886080,1.92488e+10,18446744073030842095
stderr[152] T0-M correction passed: every Y[S x O_i] cell, fused/repeat/reference, A/B/C, S_tile=2/4/8, four shards, and one/four-worker accounting gate
command[153] "D:\Install\Dev\Projects\IA\Ejercise\cpu-native-arch\build\t0m_int8_probe.exe" --D 512 --S 1 --R 16 --mode fused --variant A --S-tile 8 --workers 4 --cpus 0,2,4,6 --rows-per-worker 1024,1024,1024,1024 --iterations 1 --timed-repetitions 5 --warmup 2
stdout[153] D,S,R,O_i,B_i,rows_per_worker,bytes_per_worker,mode,variant,S_tile,iterations,timed_repetitions,warmup,worker_count,worker_list,affinity,affinity_error,affinity_succeeded,timed_repetitions_exact,avx2_supported,kernel_used,eviction_bytes,eviction_checksum,elapsed_seconds,mac_total,mac_per_second,checksum
512,1,16,"1024,1024,1024,1024","524288,524288,524288,524288","1024,1024,1024,1024","524288,524288,524288,524288",fused,A,8,1,5,2,4,"0,2,4,6","true,true,true,true","0,0,0,0",true,true,true,avx2,0,0,0.015868,167772160,1.0573e+10,240383804
stderr[153] T0-M correction passed: every Y[S x O_i] cell, fused/repeat/reference, A/B/C, S_tile=2/4/8, four shards, and one/four-worker accounting gate
command[154] "D:\Install\Dev\Projects\IA\Ejercise\cpu-native-arch\build\t0m_int8_probe.exe" --D 512 --S 1 --R 16 --mode fused --variant B --S-tile 8 --workers 4 --cpus 0,2,4,6 --rows-per-worker 1024,1024,1024,1024 --iterations 1 --timed-repetitions 5 --warmup 2
stdout[154] D,S,R,O_i,B_i,rows_per_worker,bytes_per_worker,mode,variant,S_tile,iterations,timed_repetitions,warmup,worker_count,worker_list,affinity,affinity_error,affinity_succeeded,timed_repetitions_exact,avx2_supported,kernel_used,eviction_bytes,eviction_checksum,elapsed_seconds,mac_total,mac_per_second,checksum
512,1,16,"1024,1024,1024,1024","8388608,8388608,8388608,8388608","1024,1024,1024,1024","8388608,8388608,8388608,8388608",fused,B,8,1,5,2,4,"0,2,4,6","true,true,true,true","0,0,0,0",true,true,true,avx2,0,0,0.0188699,167772160,8.89099e+09,18446744073530265081
stderr[154] T0-M correction passed: every Y[S x O_i] cell, fused/repeat/reference, A/B/C, S_tile=2/4/8, four shards, and one/four-worker accounting gate
command[155] "D:\Install\Dev\Projects\IA\Ejercise\cpu-native-arch\build\t0m_int8_probe.exe" --D 512 --S 1 --R 16 --mode repeat --variant A --S-tile 8 --workers 4 --cpus 0,2,4,6 --rows-per-worker 1024,1024,1024,1024 --iterations 1 --timed-repetitions 5 --warmup 2
stdout[155] D,S,R,O_i,B_i,rows_per_worker,bytes_per_worker,mode,variant,S_tile,iterations,timed_repetitions,warmup,worker_count,worker_list,affinity,affinity_error,affinity_succeeded,timed_repetitions_exact,avx2_supported,kernel_used,eviction_bytes,eviction_checksum,elapsed_seconds,mac_total,mac_per_second,checksum
512,1,16,"1024,1024,1024,1024","524288,524288,524288,524288","1024,1024,1024,1024","524288,524288,524288,524288",repeat,A,8,1,5,2,4,"0,2,4,6","true,true,true,true","0,0,0,0",true,true,true,avx2,0,0,0.0109209,167772160,1.53625e+10,240383804
stderr[155] T0-M correction passed: every Y[S x O_i] cell, fused/repeat/reference, A/B/C, S_tile=2/4/8, four shards, and one/four-worker accounting gate
command[156] "D:\Install\Dev\Projects\IA\Ejercise\cpu-native-arch\build\t0m_int8_probe.exe" --D 512 --S 1 --R 16 --mode repeat --variant B --S-tile 8 --workers 4 --cpus 0,2,4,6 --rows-per-worker 1024,1024,1024,1024 --iterations 1 --timed-repetitions 5 --warmup 2
stdout[156] D,S,R,O_i,B_i,rows_per_worker,bytes_per_worker,mode,variant,S_tile,iterations,timed_repetitions,warmup,worker_count,worker_list,affinity,affinity_error,affinity_succeeded,timed_repetitions_exact,avx2_supported,kernel_used,eviction_bytes,eviction_checksum,elapsed_seconds,mac_total,mac_per_second,checksum
512,1,16,"1024,1024,1024,1024","8388608,8388608,8388608,8388608","1024,1024,1024,1024","8388608,8388608,8388608,8388608",repeat,B,8,1,5,2,4,"0,2,4,6","true,true,true,true","0,0,0,0",true,true,true,avx2,0,0,0.0072701,167772160,2.3077e+10,18446744073530265081
stderr[156] T0-M correction passed: every Y[S x O_i] cell, fused/repeat/reference, A/B/C, S_tile=2/4/8, four shards, and one/four-worker accounting gate
command[157] "D:\Install\Dev\Projects\IA\Ejercise\cpu-native-arch\build\t0m_int8_probe.exe" --D 512 --S 2 --R 1 --mode fused --variant A --S-tile 8 --workers 4 --cpus 0,2,4,6 --rows-per-worker 1024,1024,1024,1024 --iterations 1 --timed-repetitions 5 --warmup 2
stdout[157] D,S,R,O_i,B_i,rows_per_worker,bytes_per_worker,mode,variant,S_tile,iterations,timed_repetitions,warmup,worker_count,worker_list,affinity,affinity_error,affinity_succeeded,timed_repetitions_exact,avx2_supported,kernel_used,eviction_bytes,eviction_checksum,elapsed_seconds,mac_total,mac_per_second,checksum
512,2,1,"1024,1024,1024,1024","524288,524288,524288,524288","1024,1024,1024,1024","524288,524288,524288,524288",fused,A,8,1,5,2,4,"0,2,4,6","true,true,true,true","0,0,0,0",true,true,true,avx2,0,0,0.0013617,20971520,1.5401e+10,783834524
stderr[157] T0-M correction passed: every Y[S x O_i] cell, fused/repeat/reference, A/B/C, S_tile=2/4/8, four shards, and one/four-worker accounting gate
command[158] "D:\Install\Dev\Projects\IA\Ejercise\cpu-native-arch\build\t0m_int8_probe.exe" --D 512 --S 2 --R 1 --mode fused --variant B --S-tile 8 --workers 4 --cpus 0,2,4,6 --rows-per-worker 1024,1024,1024,1024 --iterations 1 --timed-repetitions 5 --warmup 2
stdout[158] D,S,R,O_i,B_i,rows_per_worker,bytes_per_worker,mode,variant,S_tile,iterations,timed_repetitions,warmup,worker_count,worker_list,affinity,affinity_error,affinity_succeeded,timed_repetitions_exact,avx2_supported,kernel_used,eviction_bytes,eviction_checksum,elapsed_seconds,mac_total,mac_per_second,checksum
512,2,1,"1024,1024,1024,1024","524288,524288,524288,524288","1024,1024,1024,1024","524288,524288,524288,524288",fused,B,8,1,5,2,4,"0,2,4,6","true,true,true,true","0,0,0,0",true,true,true,avx2,0,0,0.0024875,20971520,8.43076e+09,783834524
stderr[158] T0-M correction passed: every Y[S x O_i] cell, fused/repeat/reference, A/B/C, S_tile=2/4/8, four shards, and one/four-worker accounting gate
command[159] "D:\Install\Dev\Projects\IA\Ejercise\cpu-native-arch\build\t0m_int8_probe.exe" --D 512 --S 2 --R 1 --mode repeat --variant A --S-tile 8 --workers 4 --cpus 0,2,4,6 --rows-per-worker 1024,1024,1024,1024 --iterations 1 --timed-repetitions 5 --warmup 2
stdout[159] D,S,R,O_i,B_i,rows_per_worker,bytes_per_worker,mode,variant,S_tile,iterations,timed_repetitions,warmup,worker_count,worker_list,affinity,affinity_error,affinity_succeeded,timed_repetitions_exact,avx2_supported,kernel_used,eviction_bytes,eviction_checksum,elapsed_seconds,mac_total,mac_per_second,checksum
512,2,1,"1024,1024,1024,1024","524288,524288,524288,524288","1024,1024,1024,1024","524288,524288,524288,524288",repeat,A,8,1,5,2,4,"0,2,4,6","true,true,true,true","0,0,0,0",true,true,true,avx2,0,0,0.0044916,20971520,4.66905e+09,783834524
stderr[159] T0-M correction passed: every Y[S x O_i] cell, fused/repeat/reference, A/B/C, S_tile=2/4/8, four shards, and one/four-worker accounting gate
command[160] "D:\Install\Dev\Projects\IA\Ejercise\cpu-native-arch\build\t0m_int8_probe.exe" --D 512 --S 2 --R 1 --mode repeat --variant B --S-tile 8 --workers 4 --cpus 0,2,4,6 --rows-per-worker 1024,1024,1024,1024 --iterations 1 --timed-repetitions 5 --warmup 2
stdout[160] D,S,R,O_i,B_i,rows_per_worker,bytes_per_worker,mode,variant,S_tile,iterations,timed_repetitions,warmup,worker_count,worker_list,affinity,affinity_error,affinity_succeeded,timed_repetitions_exact,avx2_supported,kernel_used,eviction_bytes,eviction_checksum,elapsed_seconds,mac_total,mac_per_second,checksum
512,2,1,"1024,1024,1024,1024","524288,524288,524288,524288","1024,1024,1024,1024","524288,524288,524288,524288",repeat,B,8,1,5,2,4,"0,2,4,6","true,true,true,true","0,0,0,0",true,true,true,avx2,0,0,0.0028969,20971520,7.2393e+09,783834524
stderr[160] T0-M correction passed: every Y[S x O_i] cell, fused/repeat/reference, A/B/C, S_tile=2/4/8, four shards, and one/four-worker accounting gate
command[161] "D:\Install\Dev\Projects\IA\Ejercise\cpu-native-arch\build\t0m_int8_probe.exe" --D 512 --S 2 --R 2 --mode fused --variant A --S-tile 8 --workers 4 --cpus 0,2,4,6 --rows-per-worker 1024,1024,1024,1024 --iterations 1 --timed-repetitions 5 --warmup 2
stdout[161] D,S,R,O_i,B_i,rows_per_worker,bytes_per_worker,mode,variant,S_tile,iterations,timed_repetitions,warmup,worker_count,worker_list,affinity,affinity_error,affinity_succeeded,timed_repetitions_exact,avx2_supported,kernel_used,eviction_bytes,eviction_checksum,elapsed_seconds,mac_total,mac_per_second,checksum
512,2,2,"1024,1024,1024,1024","524288,524288,524288,524288","1024,1024,1024,1024","524288,524288,524288,524288",fused,A,8,1,5,2,4,"0,2,4,6","true,true,true,true","0,0,0,0",true,true,true,avx2,0,0,0.0027408,41943040,1.53032e+10,783834524
stderr[161] T0-M correction passed: every Y[S x O_i] cell, fused/repeat/reference, A/B/C, S_tile=2/4/8, four shards, and one/four-worker accounting gate
command[162] "D:\Install\Dev\Projects\IA\Ejercise\cpu-native-arch\build\t0m_int8_probe.exe" --D 512 --S 2 --R 2 --mode fused --variant B --S-tile 8 --workers 4 --cpus 0,2,4,6 --rows-per-worker 1024,1024,1024,1024 --iterations 1 --timed-repetitions 5 --warmup 2
stdout[162] D,S,R,O_i,B_i,rows_per_worker,bytes_per_worker,mode,variant,S_tile,iterations,timed_repetitions,warmup,worker_count,worker_list,affinity,affinity_error,affinity_succeeded,timed_repetitions_exact,avx2_supported,kernel_used,eviction_bytes,eviction_checksum,elapsed_seconds,mac_total,mac_per_second,checksum
512,2,2,"1024,1024,1024,1024","1048576,1048576,1048576,1048576","1024,1024,1024,1024","1048576,1048576,1048576,1048576",fused,B,8,1,5,2,4,"0,2,4,6","true,true,true,true","0,0,0,0",true,true,true,avx2,0,0,0.0023038,41943040,1.8206e+10,1106709878
stderr[162] T0-M correction passed: every Y[S x O_i] cell, fused/repeat/reference, A/B/C, S_tile=2/4/8, four shards, and one/four-worker accounting gate
command[163] "D:\Install\Dev\Projects\IA\Ejercise\cpu-native-arch\build\t0m_int8_probe.exe" --D 512 --S 2 --R 2 --mode repeat --variant A --S-tile 8 --workers 4 --cpus 0,2,4,6 --rows-per-worker 1024,1024,1024,1024 --iterations 1 --timed-repetitions 5 --warmup 2
stdout[163] D,S,R,O_i,B_i,rows_per_worker,bytes_per_worker,mode,variant,S_tile,iterations,timed_repetitions,warmup,worker_count,worker_list,affinity,affinity_error,affinity_succeeded,timed_repetitions_exact,avx2_supported,kernel_used,eviction_bytes,eviction_checksum,elapsed_seconds,mac_total,mac_per_second,checksum
512,2,2,"1024,1024,1024,1024","524288,524288,524288,524288","1024,1024,1024,1024","524288,524288,524288,524288",repeat,A,8,1,5,2,4,"0,2,4,6","true,true,true,true","0,0,0,0",true,true,true,avx2,0,0,0.0021031,41943040,1.99434e+10,783834524
stderr[163] T0-M correction passed: every Y[S x O_i] cell, fused/repeat/reference, A/B/C, S_tile=2/4/8, four shards, and one/four-worker accounting gate
command[164] "D:\Install\Dev\Projects\IA\Ejercise\cpu-native-arch\build\t0m_int8_probe.exe" --D 512 --S 2 --R 2 --mode repeat --variant B --S-tile 8 --workers 4 --cpus 0,2,4,6 --rows-per-worker 1024,1024,1024,1024 --iterations 1 --timed-repetitions 5 --warmup 2
stdout[164] D,S,R,O_i,B_i,rows_per_worker,bytes_per_worker,mode,variant,S_tile,iterations,timed_repetitions,warmup,worker_count,worker_list,affinity,affinity_error,affinity_succeeded,timed_repetitions_exact,avx2_supported,kernel_used,eviction_bytes,eviction_checksum,elapsed_seconds,mac_total,mac_per_second,checksum
512,2,2,"1024,1024,1024,1024","1048576,1048576,1048576,1048576","1024,1024,1024,1024","1048576,1048576,1048576,1048576",repeat,B,8,1,5,2,4,"0,2,4,6","true,true,true,true","0,0,0,0",true,true,true,avx2,0,0,0.0013713,41943040,3.05863e+10,1106709878
stderr[164] T0-M correction passed: every Y[S x O_i] cell, fused/repeat/reference, A/B/C, S_tile=2/4/8, four shards, and one/four-worker accounting gate
command[165] "D:\Install\Dev\Projects\IA\Ejercise\cpu-native-arch\build\t0m_int8_probe.exe" --D 512 --S 2 --R 4 --mode fused --variant A --S-tile 8 --workers 4 --cpus 0,2,4,6 --rows-per-worker 1024,1024,1024,1024 --iterations 1 --timed-repetitions 5 --warmup 2
stdout[165] D,S,R,O_i,B_i,rows_per_worker,bytes_per_worker,mode,variant,S_tile,iterations,timed_repetitions,warmup,worker_count,worker_list,affinity,affinity_error,affinity_succeeded,timed_repetitions_exact,avx2_supported,kernel_used,eviction_bytes,eviction_checksum,elapsed_seconds,mac_total,mac_per_second,checksum
512,2,4,"1024,1024,1024,1024","524288,524288,524288,524288","1024,1024,1024,1024","524288,524288,524288,524288",fused,A,8,1,5,2,4,"0,2,4,6","true,true,true,true","0,0,0,0",true,true,true,avx2,0,0,0.0082836,83886080,1.01268e+10,783834524
stderr[165] T0-M correction passed: every Y[S x O_i] cell, fused/repeat/reference, A/B/C, S_tile=2/4/8, four shards, and one/four-worker accounting gate
command[166] "D:\Install\Dev\Projects\IA\Ejercise\cpu-native-arch\build\t0m_int8_probe.exe" --D 512 --S 2 --R 4 --mode fused --variant B --S-tile 8 --workers 4 --cpus 0,2,4,6 --rows-per-worker 1024,1024,1024,1024 --iterations 1 --timed-repetitions 5 --warmup 2
stdout[166] D,S,R,O_i,B_i,rows_per_worker,bytes_per_worker,mode,variant,S_tile,iterations,timed_repetitions,warmup,worker_count,worker_list,affinity,affinity_error,affinity_succeeded,timed_repetitions_exact,avx2_supported,kernel_used,eviction_bytes,eviction_checksum,elapsed_seconds,mac_total,mac_per_second,checksum
512,2,4,"1024,1024,1024,1024","2097152,2097152,2097152,2097152","1024,1024,1024,1024","2097152,2097152,2097152,2097152",fused,B,8,1,5,2,4,"0,2,4,6","true,true,true,true","0,0,0,0",true,true,true,avx2,0,0,0.0043103,83886080,1.94618e+10,520735018
stderr[166] T0-M correction passed: every Y[S x O_i] cell, fused/repeat/reference, A/B/C, S_tile=2/4/8, four shards, and one/four-worker accounting gate
command[167] "D:\Install\Dev\Projects\IA\Ejercise\cpu-native-arch\build\t0m_int8_probe.exe" --D 512 --S 2 --R 4 --mode repeat --variant A --S-tile 8 --workers 4 --cpus 0,2,4,6 --rows-per-worker 1024,1024,1024,1024 --iterations 1 --timed-repetitions 5 --warmup 2
stdout[167] D,S,R,O_i,B_i,rows_per_worker,bytes_per_worker,mode,variant,S_tile,iterations,timed_repetitions,warmup,worker_count,worker_list,affinity,affinity_error,affinity_succeeded,timed_repetitions_exact,avx2_supported,kernel_used,eviction_bytes,eviction_checksum,elapsed_seconds,mac_total,mac_per_second,checksum
512,2,4,"1024,1024,1024,1024","524288,524288,524288,524288","1024,1024,1024,1024","524288,524288,524288,524288",repeat,A,8,1,5,2,4,"0,2,4,6","true,true,true,true","0,0,0,0",true,true,true,avx2,0,0,0.0028731,83886080,2.91971e+10,783834524
stderr[167] T0-M correction passed: every Y[S x O_i] cell, fused/repeat/reference, A/B/C, S_tile=2/4/8, four shards, and one/four-worker accounting gate
command[168] "D:\Install\Dev\Projects\IA\Ejercise\cpu-native-arch\build\t0m_int8_probe.exe" --D 512 --S 2 --R 4 --mode repeat --variant B --S-tile 8 --workers 4 --cpus 0,2,4,6 --rows-per-worker 1024,1024,1024,1024 --iterations 1 --timed-repetitions 5 --warmup 2
stdout[168] D,S,R,O_i,B_i,rows_per_worker,bytes_per_worker,mode,variant,S_tile,iterations,timed_repetitions,warmup,worker_count,worker_list,affinity,affinity_error,affinity_succeeded,timed_repetitions_exact,avx2_supported,kernel_used,eviction_bytes,eviction_checksum,elapsed_seconds,mac_total,mac_per_second,checksum
512,2,4,"1024,1024,1024,1024","2097152,2097152,2097152,2097152","1024,1024,1024,1024","2097152,2097152,2097152,2097152",repeat,B,8,1,5,2,4,"0,2,4,6","true,true,true,true","0,0,0,0",true,true,true,avx2,0,0,0.0040745,83886080,2.05881e+10,520735018
stderr[168] T0-M correction passed: every Y[S x O_i] cell, fused/repeat/reference, A/B/C, S_tile=2/4/8, four shards, and one/four-worker accounting gate
command[169] "D:\Install\Dev\Projects\IA\Ejercise\cpu-native-arch\build\t0m_int8_probe.exe" --D 512 --S 2 --R 8 --mode fused --variant A --S-tile 8 --workers 4 --cpus 0,2,4,6 --rows-per-worker 1024,1024,1024,1024 --iterations 1 --timed-repetitions 5 --warmup 2
stdout[169] D,S,R,O_i,B_i,rows_per_worker,bytes_per_worker,mode,variant,S_tile,iterations,timed_repetitions,warmup,worker_count,worker_list,affinity,affinity_error,affinity_succeeded,timed_repetitions_exact,avx2_supported,kernel_used,eviction_bytes,eviction_checksum,elapsed_seconds,mac_total,mac_per_second,checksum
512,2,8,"1024,1024,1024,1024","524288,524288,524288,524288","1024,1024,1024,1024","524288,524288,524288,524288",fused,A,8,1,5,2,4,"0,2,4,6","true,true,true,true","0,0,0,0",true,true,true,avx2,0,0,0.008959,167772160,1.87267e+10,783834524
stderr[169] T0-M correction passed: every Y[S x O_i] cell, fused/repeat/reference, A/B/C, S_tile=2/4/8, four shards, and one/four-worker accounting gate
command[170] "D:\Install\Dev\Projects\IA\Ejercise\cpu-native-arch\build\t0m_int8_probe.exe" --D 512 --S 2 --R 8 --mode fused --variant B --S-tile 8 --workers 4 --cpus 0,2,4,6 --rows-per-worker 1024,1024,1024,1024 --iterations 1 --timed-repetitions 5 --warmup 2
stdout[170] D,S,R,O_i,B_i,rows_per_worker,bytes_per_worker,mode,variant,S_tile,iterations,timed_repetitions,warmup,worker_count,worker_list,affinity,affinity_error,affinity_succeeded,timed_repetitions_exact,avx2_supported,kernel_used,eviction_bytes,eviction_checksum,elapsed_seconds,mac_total,mac_per_second,checksum
512,2,8,"1024,1024,1024,1024","4194304,4194304,4194304,4194304","1024,1024,1024,1024","4194304,4194304,4194304,4194304",fused,B,8,1,5,2,4,"0,2,4,6","true,true,true,true","0,0,0,0",true,true,true,avx2,0,0,0.010212,167772160,1.64289e+10,10104390
stderr[170] T0-M correction passed: every Y[S x O_i] cell, fused/repeat/reference, A/B/C, S_tile=2/4/8, four shards, and one/four-worker accounting gate
command[171] "D:\Install\Dev\Projects\IA\Ejercise\cpu-native-arch\build\t0m_int8_probe.exe" --D 512 --S 2 --R 8 --mode repeat --variant A --S-tile 8 --workers 4 --cpus 0,2,4,6 --rows-per-worker 1024,1024,1024,1024 --iterations 1 --timed-repetitions 5 --warmup 2
stdout[171] D,S,R,O_i,B_i,rows_per_worker,bytes_per_worker,mode,variant,S_tile,iterations,timed_repetitions,warmup,worker_count,worker_list,affinity,affinity_error,affinity_succeeded,timed_repetitions_exact,avx2_supported,kernel_used,eviction_bytes,eviction_checksum,elapsed_seconds,mac_total,mac_per_second,checksum
512,2,8,"1024,1024,1024,1024","524288,524288,524288,524288","1024,1024,1024,1024","524288,524288,524288,524288",repeat,A,8,1,5,2,4,"0,2,4,6","true,true,true,true","0,0,0,0",true,true,true,avx2,0,0,0.0066796,167772160,2.51171e+10,783834524
stderr[171] T0-M correction passed: every Y[S x O_i] cell, fused/repeat/reference, A/B/C, S_tile=2/4/8, four shards, and one/four-worker accounting gate
command[172] "D:\Install\Dev\Projects\IA\Ejercise\cpu-native-arch\build\t0m_int8_probe.exe" --D 512 --S 2 --R 8 --mode repeat --variant B --S-tile 8 --workers 4 --cpus 0,2,4,6 --rows-per-worker 1024,1024,1024,1024 --iterations 1 --timed-repetitions 5 --warmup 2
stdout[172] D,S,R,O_i,B_i,rows_per_worker,bytes_per_worker,mode,variant,S_tile,iterations,timed_repetitions,warmup,worker_count,worker_list,affinity,affinity_error,affinity_succeeded,timed_repetitions_exact,avx2_supported,kernel_used,eviction_bytes,eviction_checksum,elapsed_seconds,mac_total,mac_per_second,checksum
512,2,8,"1024,1024,1024,1024","4194304,4194304,4194304,4194304","1024,1024,1024,1024","4194304,4194304,4194304,4194304",repeat,B,8,1,5,2,4,"0,2,4,6","true,true,true,true","0,0,0,0",true,true,true,avx2,0,0,0.0085284,167772160,1.96722e+10,10104390
stderr[172] T0-M correction passed: every Y[S x O_i] cell, fused/repeat/reference, A/B/C, S_tile=2/4/8, four shards, and one/four-worker accounting gate
command[173] "D:\Install\Dev\Projects\IA\Ejercise\cpu-native-arch\build\t0m_int8_probe.exe" --D 512 --S 2 --R 16 --mode fused --variant A --S-tile 8 --workers 4 --cpus 0,2,4,6 --rows-per-worker 1024,1024,1024,1024 --iterations 1 --timed-repetitions 5 --warmup 2
stdout[173] D,S,R,O_i,B_i,rows_per_worker,bytes_per_worker,mode,variant,S_tile,iterations,timed_repetitions,warmup,worker_count,worker_list,affinity,affinity_error,affinity_succeeded,timed_repetitions_exact,avx2_supported,kernel_used,eviction_bytes,eviction_checksum,elapsed_seconds,mac_total,mac_per_second,checksum
512,2,16,"1024,1024,1024,1024","524288,524288,524288,524288","1024,1024,1024,1024","524288,524288,524288,524288",fused,A,8,1,5,2,4,"0,2,4,6","true,true,true,true","0,0,0,0",true,true,true,avx2,0,0,0.0173065,335544320,1.93883e+10,783834524
stderr[173] T0-M correction passed: every Y[S x O_i] cell, fused/repeat/reference, A/B/C, S_tile=2/4/8, four shards, and one/four-worker accounting gate
command[174] "D:\Install\Dev\Projects\IA\Ejercise\cpu-native-arch\build\t0m_int8_probe.exe" --D 512 --S 2 --R 16 --mode fused --variant B --S-tile 8 --workers 4 --cpus 0,2,4,6 --rows-per-worker 1024,1024,1024,1024 --iterations 1 --timed-repetitions 5 --warmup 2
stdout[174] D,S,R,O_i,B_i,rows_per_worker,bytes_per_worker,mode,variant,S_tile,iterations,timed_repetitions,warmup,worker_count,worker_list,affinity,affinity_error,affinity_succeeded,timed_repetitions_exact,avx2_supported,kernel_used,eviction_bytes,eviction_checksum,elapsed_seconds,mac_total,mac_per_second,checksum
512,2,16,"1024,1024,1024,1024","8388608,8388608,8388608,8388608","1024,1024,1024,1024","8388608,8388608,8388608,8388608",fused,B,8,1,5,2,4,"0,2,4,6","true,true,true,true","0,0,0,0",true,true,true,avx2,0,0,0.023626,335544320,1.42023e+10,12682126
stderr[174] T0-M correction passed: every Y[S x O_i] cell, fused/repeat/reference, A/B/C, S_tile=2/4/8, four shards, and one/four-worker accounting gate
command[175] "D:\Install\Dev\Projects\IA\Ejercise\cpu-native-arch\build\t0m_int8_probe.exe" --D 512 --S 2 --R 16 --mode repeat --variant A --S-tile 8 --workers 4 --cpus 0,2,4,6 --rows-per-worker 1024,1024,1024,1024 --iterations 1 --timed-repetitions 5 --warmup 2
stdout[175] D,S,R,O_i,B_i,rows_per_worker,bytes_per_worker,mode,variant,S_tile,iterations,timed_repetitions,warmup,worker_count,worker_list,affinity,affinity_error,affinity_succeeded,timed_repetitions_exact,avx2_supported,kernel_used,eviction_bytes,eviction_checksum,elapsed_seconds,mac_total,mac_per_second,checksum
512,2,16,"1024,1024,1024,1024","524288,524288,524288,524288","1024,1024,1024,1024","524288,524288,524288,524288",repeat,A,8,1,5,2,4,"0,2,4,6","true,true,true,true","0,0,0,0",true,true,true,avx2,0,0,0.0142364,335544320,2.35695e+10,783834524
stderr[175] T0-M correction passed: every Y[S x O_i] cell, fused/repeat/reference, A/B/C, S_tile=2/4/8, four shards, and one/four-worker accounting gate
command[176] "D:\Install\Dev\Projects\IA\Ejercise\cpu-native-arch\build\t0m_int8_probe.exe" --D 512 --S 2 --R 16 --mode repeat --variant B --S-tile 8 --workers 4 --cpus 0,2,4,6 --rows-per-worker 1024,1024,1024,1024 --iterations 1 --timed-repetitions 5 --warmup 2
stdout[176] D,S,R,O_i,B_i,rows_per_worker,bytes_per_worker,mode,variant,S_tile,iterations,timed_repetitions,warmup,worker_count,worker_list,affinity,affinity_error,affinity_succeeded,timed_repetitions_exact,avx2_supported,kernel_used,eviction_bytes,eviction_checksum,elapsed_seconds,mac_total,mac_per_second,checksum
512,2,16,"1024,1024,1024,1024","8388608,8388608,8388608,8388608","1024,1024,1024,1024","8388608,8388608,8388608,8388608",repeat,B,8,1,5,2,4,"0,2,4,6","true,true,true,true","0,0,0,0",true,true,true,avx2,0,0,0.011896,335544320,2.82065e+10,12682126
stderr[176] T0-M correction passed: every Y[S x O_i] cell, fused/repeat/reference, A/B/C, S_tile=2/4/8, four shards, and one/four-worker accounting gate
command[177] "D:\Install\Dev\Projects\IA\Ejercise\cpu-native-arch\build\t0m_int8_probe.exe" --D 512 --S 4 --R 1 --mode fused --variant A --S-tile 8 --workers 4 --cpus 0,2,4,6 --rows-per-worker 1024,1024,1024,1024 --iterations 1 --timed-repetitions 5 --warmup 2
stdout[177] D,S,R,O_i,B_i,rows_per_worker,bytes_per_worker,mode,variant,S_tile,iterations,timed_repetitions,warmup,worker_count,worker_list,affinity,affinity_error,affinity_succeeded,timed_repetitions_exact,avx2_supported,kernel_used,eviction_bytes,eviction_checksum,elapsed_seconds,mac_total,mac_per_second,checksum
512,4,1,"1024,1024,1024,1024","524288,524288,524288,524288","1024,1024,1024,1024","524288,524288,524288,524288",fused,A,8,1,5,2,4,"0,2,4,6","true,true,true,true","0,0,0,0",true,true,true,avx2,0,0,0.0033843,41943040,1.23934e+10,2433271104
stderr[177] T0-M correction passed: every Y[S x O_i] cell, fused/repeat/reference, A/B/C, S_tile=2/4/8, four shards, and one/four-worker accounting gate
command[178] "D:\Install\Dev\Projects\IA\Ejercise\cpu-native-arch\build\t0m_int8_probe.exe" --D 512 --S 4 --R 1 --mode fused --variant B --S-tile 8 --workers 4 --cpus 0,2,4,6 --rows-per-worker 1024,1024,1024,1024 --iterations 1 --timed-repetitions 5 --warmup 2
stdout[178] D,S,R,O_i,B_i,rows_per_worker,bytes_per_worker,mode,variant,S_tile,iterations,timed_repetitions,warmup,worker_count,worker_list,affinity,affinity_error,affinity_succeeded,timed_repetitions_exact,avx2_supported,kernel_used,eviction_bytes,eviction_checksum,elapsed_seconds,mac_total,mac_per_second,checksum
512,4,1,"1024,1024,1024,1024","524288,524288,524288,524288","1024,1024,1024,1024","524288,524288,524288,524288",fused,B,8,1,5,2,4,"0,2,4,6","true,true,true,true","0,0,0,0",true,true,true,avx2,0,0,0.0024328,41943040,1.72406e+10,2433271104
stderr[178] T0-M correction passed: every Y[S x O_i] cell, fused/repeat/reference, A/B/C, S_tile=2/4/8, four shards, and one/four-worker accounting gate
command[179] "D:\Install\Dev\Projects\IA\Ejercise\cpu-native-arch\build\t0m_int8_probe.exe" --D 512 --S 4 --R 1 --mode repeat --variant A --S-tile 8 --workers 4 --cpus 0,2,4,6 --rows-per-worker 1024,1024,1024,1024 --iterations 1 --timed-repetitions 5 --warmup 2
stdout[179] D,S,R,O_i,B_i,rows_per_worker,bytes_per_worker,mode,variant,S_tile,iterations,timed_repetitions,warmup,worker_count,worker_list,affinity,affinity_error,affinity_succeeded,timed_repetitions_exact,avx2_supported,kernel_used,eviction_bytes,eviction_checksum,elapsed_seconds,mac_total,mac_per_second,checksum
512,4,1,"1024,1024,1024,1024","524288,524288,524288,524288","1024,1024,1024,1024","524288,524288,524288,524288",repeat,A,8,1,5,2,4,"0,2,4,6","true,true,true,true","0,0,0,0",true,true,true,avx2,0,0,0.0042944,41943040,9.76692e+09,2433271104
stderr[179] T0-M correction passed: every Y[S x O_i] cell, fused/repeat/reference, A/B/C, S_tile=2/4/8, four shards, and one/four-worker accounting gate
command[180] "D:\Install\Dev\Projects\IA\Ejercise\cpu-native-arch\build\t0m_int8_probe.exe" --D 512 --S 4 --R 1 --mode repeat --variant B --S-tile 8 --workers 4 --cpus 0,2,4,6 --rows-per-worker 1024,1024,1024,1024 --iterations 1 --timed-repetitions 5 --warmup 2
stdout[180] D,S,R,O_i,B_i,rows_per_worker,bytes_per_worker,mode,variant,S_tile,iterations,timed_repetitions,warmup,worker_count,worker_list,affinity,affinity_error,affinity_succeeded,timed_repetitions_exact,avx2_supported,kernel_used,eviction_bytes,eviction_checksum,elapsed_seconds,mac_total,mac_per_second,checksum
512,4,1,"1024,1024,1024,1024","524288,524288,524288,524288","1024,1024,1024,1024","524288,524288,524288,524288",repeat,B,8,1,5,2,4,"0,2,4,6","true,true,true,true","0,0,0,0",true,true,true,avx2,0,0,0.0016236,41943040,2.58334e+10,2433271104
stderr[180] T0-M correction passed: every Y[S x O_i] cell, fused/repeat/reference, A/B/C, S_tile=2/4/8, four shards, and one/four-worker accounting gate
command[181] "D:\Install\Dev\Projects\IA\Ejercise\cpu-native-arch\build\t0m_int8_probe.exe" --D 512 --S 4 --R 2 --mode fused --variant A --S-tile 8 --workers 4 --cpus 0,2,4,6 --rows-per-worker 1024,1024,1024,1024 --iterations 1 --timed-repetitions 5 --warmup 2
stdout[181] D,S,R,O_i,B_i,rows_per_worker,bytes_per_worker,mode,variant,S_tile,iterations,timed_repetitions,warmup,worker_count,worker_list,affinity,affinity_error,affinity_succeeded,timed_repetitions_exact,avx2_supported,kernel_used,eviction_bytes,eviction_checksum,elapsed_seconds,mac_total,mac_per_second,checksum
512,4,2,"1024,1024,1024,1024","524288,524288,524288,524288","1024,1024,1024,1024","524288,524288,524288,524288",fused,A,8,1,5,2,4,"0,2,4,6","true,true,true,true","0,0,0,0",true,true,true,avx2,0,0,0.0044082,83886080,1.90296e+10,2433271104
stderr[181] T0-M correction passed: every Y[S x O_i] cell, fused/repeat/reference, A/B/C, S_tile=2/4/8, four shards, and one/four-worker accounting gate
command[182] "D:\Install\Dev\Projects\IA\Ejercise\cpu-native-arch\build\t0m_int8_probe.exe" --D 512 --S 4 --R 2 --mode fused --variant B --S-tile 8 --workers 4 --cpus 0,2,4,6 --rows-per-worker 1024,1024,1024,1024 --iterations 1 --timed-repetitions 5 --warmup 2
stdout[182] D,S,R,O_i,B_i,rows_per_worker,bytes_per_worker,mode,variant,S_tile,iterations,timed_repetitions,warmup,worker_count,worker_list,affinity,affinity_error,affinity_succeeded,timed_repetitions_exact,avx2_supported,kernel_used,eviction_bytes,eviction_checksum,elapsed_seconds,mac_total,mac_per_second,checksum
512,4,2,"1024,1024,1024,1024","1048576,1048576,1048576,1048576","1024,1024,1024,1024","1048576,1048576,1048576,1048576",fused,B,8,1,5,2,4,"0,2,4,6","true,true,true,true","0,0,0,0",true,true,true,avx2,0,0,0.003745,83886080,2.23995e+10,379156297
stderr[182] T0-M correction passed: every Y[S x O_i] cell, fused/repeat/reference, A/B/C, S_tile=2/4/8, four shards, and one/four-worker accounting gate
command[183] "D:\Install\Dev\Projects\IA\Ejercise\cpu-native-arch\build\t0m_int8_probe.exe" --D 512 --S 4 --R 2 --mode repeat --variant A --S-tile 8 --workers 4 --cpus 0,2,4,6 --rows-per-worker 1024,1024,1024,1024 --iterations 1 --timed-repetitions 5 --warmup 2
stdout[183] D,S,R,O_i,B_i,rows_per_worker,bytes_per_worker,mode,variant,S_tile,iterations,timed_repetitions,warmup,worker_count,worker_list,affinity,affinity_error,affinity_succeeded,timed_repetitions_exact,avx2_supported,kernel_used,eviction_bytes,eviction_checksum,elapsed_seconds,mac_total,mac_per_second,checksum
512,4,2,"1024,1024,1024,1024","524288,524288,524288,524288","1024,1024,1024,1024","524288,524288,524288,524288",repeat,A,8,1,5,2,4,"0,2,4,6","true,true,true,true","0,0,0,0",true,true,true,avx2,0,0,0.0024948,83886080,3.36244e+10,2433271104
stderr[183] T0-M correction passed: every Y[S x O_i] cell, fused/repeat/reference, A/B/C, S_tile=2/4/8, four shards, and one/four-worker accounting gate
command[184] "D:\Install\Dev\Projects\IA\Ejercise\cpu-native-arch\build\t0m_int8_probe.exe" --D 512 --S 4 --R 2 --mode repeat --variant B --S-tile 8 --workers 4 --cpus 0,2,4,6 --rows-per-worker 1024,1024,1024,1024 --iterations 1 --timed-repetitions 5 --warmup 2
stdout[184] D,S,R,O_i,B_i,rows_per_worker,bytes_per_worker,mode,variant,S_tile,iterations,timed_repetitions,warmup,worker_count,worker_list,affinity,affinity_error,affinity_succeeded,timed_repetitions_exact,avx2_supported,kernel_used,eviction_bytes,eviction_checksum,elapsed_seconds,mac_total,mac_per_second,checksum
512,4,2,"1024,1024,1024,1024","1048576,1048576,1048576,1048576","1024,1024,1024,1024","1048576,1048576,1048576,1048576",repeat,B,8,1,5,2,4,"0,2,4,6","true,true,true,true","0,0,0,0",true,true,true,avx2,0,0,0.0083373,83886080,1.00615e+10,379156297
stderr[184] T0-M correction passed: every Y[S x O_i] cell, fused/repeat/reference, A/B/C, S_tile=2/4/8, four shards, and one/four-worker accounting gate
command[185] "D:\Install\Dev\Projects\IA\Ejercise\cpu-native-arch\build\t0m_int8_probe.exe" --D 512 --S 4 --R 4 --mode fused --variant A --S-tile 8 --workers 4 --cpus 0,2,4,6 --rows-per-worker 1024,1024,1024,1024 --iterations 1 --timed-repetitions 5 --warmup 2
stdout[185] D,S,R,O_i,B_i,rows_per_worker,bytes_per_worker,mode,variant,S_tile,iterations,timed_repetitions,warmup,worker_count,worker_list,affinity,affinity_error,affinity_succeeded,timed_repetitions_exact,avx2_supported,kernel_used,eviction_bytes,eviction_checksum,elapsed_seconds,mac_total,mac_per_second,checksum
512,4,4,"1024,1024,1024,1024","524288,524288,524288,524288","1024,1024,1024,1024","524288,524288,524288,524288",fused,A,8,1,5,2,4,"0,2,4,6","true,true,true,true","0,0,0,0",true,true,true,avx2,0,0,0.0157435,167772160,1.06566e+10,2433271104
stderr[185] T0-M correction passed: every Y[S x O_i] cell, fused/repeat/reference, A/B/C, S_tile=2/4/8, four shards, and one/four-worker accounting gate
command[186] "D:\Install\Dev\Projects\IA\Ejercise\cpu-native-arch\build\t0m_int8_probe.exe" --D 512 --S 4 --R 4 --mode fused --variant B --S-tile 8 --workers 4 --cpus 0,2,4,6 --rows-per-worker 1024,1024,1024,1024 --iterations 1 --timed-repetitions 5 --warmup 2
stdout[186] D,S,R,O_i,B_i,rows_per_worker,bytes_per_worker,mode,variant,S_tile,iterations,timed_repetitions,warmup,worker_count,worker_list,affinity,affinity_error,affinity_succeeded,timed_repetitions_exact,avx2_supported,kernel_used,eviction_bytes,eviction_checksum,elapsed_seconds,mac_total,mac_per_second,checksum
512,4,4,"1024,1024,1024,1024","2097152,2097152,2097152,2097152","1024,1024,1024,1024","2097152,2097152,2097152,2097152",fused,B,8,1,5,2,4,"0,2,4,6","true,true,true,true","0,0,0,0",true,true,true,avx2,0,0,0.0116242,167772160,1.4433e+10,1771619293
stderr[186] T0-M correction passed: every Y[S x O_i] cell, fused/repeat/reference, A/B/C, S_tile=2/4/8, four shards, and one/four-worker accounting gate
command[187] "D:\Install\Dev\Projects\IA\Ejercise\cpu-native-arch\build\t0m_int8_probe.exe" --D 512 --S 4 --R 4 --mode repeat --variant A --S-tile 8 --workers 4 --cpus 0,2,4,6 --rows-per-worker 1024,1024,1024,1024 --iterations 1 --timed-repetitions 5 --warmup 2
stdout[187] D,S,R,O_i,B_i,rows_per_worker,bytes_per_worker,mode,variant,S_tile,iterations,timed_repetitions,warmup,worker_count,worker_list,affinity,affinity_error,affinity_succeeded,timed_repetitions_exact,avx2_supported,kernel_used,eviction_bytes,eviction_checksum,elapsed_seconds,mac_total,mac_per_second,checksum
512,4,4,"1024,1024,1024,1024","524288,524288,524288,524288","1024,1024,1024,1024","524288,524288,524288,524288",repeat,A,8,1,5,2,4,"0,2,4,6","true,true,true,true","0,0,0,0",true,true,true,avx2,0,0,0.0074467,167772160,2.25297e+10,2433271104
stderr[187] T0-M correction passed: every Y[S x O_i] cell, fused/repeat/reference, A/B/C, S_tile=2/4/8, four shards, and one/four-worker accounting gate
command[188] "D:\Install\Dev\Projects\IA\Ejercise\cpu-native-arch\build\t0m_int8_probe.exe" --D 512 --S 4 --R 4 --mode repeat --variant B --S-tile 8 --workers 4 --cpus 0,2,4,6 --rows-per-worker 1024,1024,1024,1024 --iterations 1 --timed-repetitions 5 --warmup 2
stdout[188] D,S,R,O_i,B_i,rows_per_worker,bytes_per_worker,mode,variant,S_tile,iterations,timed_repetitions,warmup,worker_count,worker_list,affinity,affinity_error,affinity_succeeded,timed_repetitions_exact,avx2_supported,kernel_used,eviction_bytes,eviction_checksum,elapsed_seconds,mac_total,mac_per_second,checksum
512,4,4,"1024,1024,1024,1024","2097152,2097152,2097152,2097152","1024,1024,1024,1024","2097152,2097152,2097152,2097152",repeat,B,8,1,5,2,4,"0,2,4,6","true,true,true,true","0,0,0,0",true,true,true,avx2,0,0,0.0048558,167772160,3.45509e+10,1771619293
stderr[188] T0-M correction passed: every Y[S x O_i] cell, fused/repeat/reference, A/B/C, S_tile=2/4/8, four shards, and one/four-worker accounting gate
command[189] "D:\Install\Dev\Projects\IA\Ejercise\cpu-native-arch\build\t0m_int8_probe.exe" --D 512 --S 4 --R 8 --mode fused --variant A --S-tile 8 --workers 4 --cpus 0,2,4,6 --rows-per-worker 1024,1024,1024,1024 --iterations 1 --timed-repetitions 5 --warmup 2
stdout[189] D,S,R,O_i,B_i,rows_per_worker,bytes_per_worker,mode,variant,S_tile,iterations,timed_repetitions,warmup,worker_count,worker_list,affinity,affinity_error,affinity_succeeded,timed_repetitions_exact,avx2_supported,kernel_used,eviction_bytes,eviction_checksum,elapsed_seconds,mac_total,mac_per_second,checksum
512,4,8,"1024,1024,1024,1024","524288,524288,524288,524288","1024,1024,1024,1024","524288,524288,524288,524288",fused,A,8,1,5,2,4,"0,2,4,6","true,true,true,true","0,0,0,0",true,true,true,avx2,0,0,0.0149995,335544320,2.23704e+10,2433271104
stderr[189] T0-M correction passed: every Y[S x O_i] cell, fused/repeat/reference, A/B/C, S_tile=2/4/8, four shards, and one/four-worker accounting gate
command[190] "D:\Install\Dev\Projects\IA\Ejercise\cpu-native-arch\build\t0m_int8_probe.exe" --D 512 --S 4 --R 8 --mode fused --variant B --S-tile 8 --workers 4 --cpus 0,2,4,6 --rows-per-worker 1024,1024,1024,1024 --iterations 1 --timed-repetitions 5 --warmup 2
stdout[190] D,S,R,O_i,B_i,rows_per_worker,bytes_per_worker,mode,variant,S_tile,iterations,timed_repetitions,warmup,worker_count,worker_list,affinity,affinity_error,affinity_succeeded,timed_repetitions_exact,avx2_supported,kernel_used,eviction_bytes,eviction_checksum,elapsed_seconds,mac_total,mac_per_second,checksum
512,4,8,"1024,1024,1024,1024","4194304,4194304,4194304,4194304","1024,1024,1024,1024","4194304,4194304,4194304,4194304",fused,B,8,1,5,2,4,"0,2,4,6","true,true,true,true","0,0,0,0",true,true,true,avx2,0,0,0.0197381,335544320,1.69998e+10,1894918923
stderr[190] T0-M correction passed: every Y[S x O_i] cell, fused/repeat/reference, A/B/C, S_tile=2/4/8, four shards, and one/four-worker accounting gate
command[191] "D:\Install\Dev\Projects\IA\Ejercise\cpu-native-arch\build\t0m_int8_probe.exe" --D 512 --S 4 --R 8 --mode repeat --variant A --S-tile 8 --workers 4 --cpus 0,2,4,6 --rows-per-worker 1024,1024,1024,1024 --iterations 1 --timed-repetitions 5 --warmup 2
stdout[191] D,S,R,O_i,B_i,rows_per_worker,bytes_per_worker,mode,variant,S_tile,iterations,timed_repetitions,warmup,worker_count,worker_list,affinity,affinity_error,affinity_succeeded,timed_repetitions_exact,avx2_supported,kernel_used,eviction_bytes,eviction_checksum,elapsed_seconds,mac_total,mac_per_second,checksum
512,4,8,"1024,1024,1024,1024","524288,524288,524288,524288","1024,1024,1024,1024","524288,524288,524288,524288",repeat,A,8,1,5,2,4,"0,2,4,6","true,true,true,true","0,0,0,0",true,true,true,avx2,0,0,0.0169785,335544320,1.97629e+10,2433271104
stderr[191] T0-M correction passed: every Y[S x O_i] cell, fused/repeat/reference, A/B/C, S_tile=2/4/8, four shards, and one/four-worker accounting gate
command[192] "D:\Install\Dev\Projects\IA\Ejercise\cpu-native-arch\build\t0m_int8_probe.exe" --D 512 --S 4 --R 8 --mode repeat --variant B --S-tile 8 --workers 4 --cpus 0,2,4,6 --rows-per-worker 1024,1024,1024,1024 --iterations 1 --timed-repetitions 5 --warmup 2
stdout[192] D,S,R,O_i,B_i,rows_per_worker,bytes_per_worker,mode,variant,S_tile,iterations,timed_repetitions,warmup,worker_count,worker_list,affinity,affinity_error,affinity_succeeded,timed_repetitions_exact,avx2_supported,kernel_used,eviction_bytes,eviction_checksum,elapsed_seconds,mac_total,mac_per_second,checksum
512,4,8,"1024,1024,1024,1024","4194304,4194304,4194304,4194304","1024,1024,1024,1024","4194304,4194304,4194304,4194304",repeat,B,8,1,5,2,4,"0,2,4,6","true,true,true,true","0,0,0,0",true,true,true,avx2,0,0,0.0103241,335544320,3.25011e+10,1894918923
stderr[192] T0-M correction passed: every Y[S x O_i] cell, fused/repeat/reference, A/B/C, S_tile=2/4/8, four shards, and one/four-worker accounting gate
command[193] "D:\Install\Dev\Projects\IA\Ejercise\cpu-native-arch\build\t0m_int8_probe.exe" --D 512 --S 4 --R 16 --mode fused --variant A --S-tile 8 --workers 4 --cpus 0,2,4,6 --rows-per-worker 1024,1024,1024,1024 --iterations 1 --timed-repetitions 5 --warmup 2
stdout[193] D,S,R,O_i,B_i,rows_per_worker,bytes_per_worker,mode,variant,S_tile,iterations,timed_repetitions,warmup,worker_count,worker_list,affinity,affinity_error,affinity_succeeded,timed_repetitions_exact,avx2_supported,kernel_used,eviction_bytes,eviction_checksum,elapsed_seconds,mac_total,mac_per_second,checksum
512,4,16,"1024,1024,1024,1024","524288,524288,524288,524288","1024,1024,1024,1024","524288,524288,524288,524288",fused,A,8,1,5,2,4,"0,2,4,6","true,true,true,true","0,0,0,0",true,true,true,avx2,0,0,0.0336423,671088640,1.99478e+10,2433271104
stderr[193] T0-M correction passed: every Y[S x O_i] cell, fused/repeat/reference, A/B/C, S_tile=2/4/8, four shards, and one/four-worker accounting gate
command[194] "D:\Install\Dev\Projects\IA\Ejercise\cpu-native-arch\build\t0m_int8_probe.exe" --D 512 --S 4 --R 16 --mode fused --variant B --S-tile 8 --workers 4 --cpus 0,2,4,6 --rows-per-worker 1024,1024,1024,1024 --iterations 1 --timed-repetitions 5 --warmup 2
stdout[194] D,S,R,O_i,B_i,rows_per_worker,bytes_per_worker,mode,variant,S_tile,iterations,timed_repetitions,warmup,worker_count,worker_list,affinity,affinity_error,affinity_succeeded,timed_repetitions_exact,avx2_supported,kernel_used,eviction_bytes,eviction_checksum,elapsed_seconds,mac_total,mac_per_second,checksum
512,4,16,"1024,1024,1024,1024","8388608,8388608,8388608,8388608","1024,1024,1024,1024","8388608,8388608,8388608,8388608",fused,B,8,1,5,2,4,"0,2,4,6","true,true,true,true","0,0,0,0",true,true,true,avx2,0,0,0.0348691,671088640,1.92459e+10,18446744072217627122
stderr[194] T0-M correction passed: every Y[S x O_i] cell, fused/repeat/reference, A/B/C, S_tile=2/4/8, four shards, and one/four-worker accounting gate
command[195] "D:\Install\Dev\Projects\IA\Ejercise\cpu-native-arch\build\t0m_int8_probe.exe" --D 512 --S 4 --R 16 --mode repeat --variant A --S-tile 8 --workers 4 --cpus 0,2,4,6 --rows-per-worker 1024,1024,1024,1024 --iterations 1 --timed-repetitions 5 --warmup 2
stdout[195] D,S,R,O_i,B_i,rows_per_worker,bytes_per_worker,mode,variant,S_tile,iterations,timed_repetitions,warmup,worker_count,worker_list,affinity,affinity_error,affinity_succeeded,timed_repetitions_exact,avx2_supported,kernel_used,eviction_bytes,eviction_checksum,elapsed_seconds,mac_total,mac_per_second,checksum
512,4,16,"1024,1024,1024,1024","524288,524288,524288,524288","1024,1024,1024,1024","524288,524288,524288,524288",repeat,A,8,1,5,2,4,"0,2,4,6","true,true,true,true","0,0,0,0",true,true,true,avx2,0,0,0.021272,671088640,3.1548e+10,2433271104
stderr[195] T0-M correction passed: every Y[S x O_i] cell, fused/repeat/reference, A/B/C, S_tile=2/4/8, four shards, and one/four-worker accounting gate
command[196] "D:\Install\Dev\Projects\IA\Ejercise\cpu-native-arch\build\t0m_int8_probe.exe" --D 512 --S 4 --R 16 --mode repeat --variant B --S-tile 8 --workers 4 --cpus 0,2,4,6 --rows-per-worker 1024,1024,1024,1024 --iterations 1 --timed-repetitions 5 --warmup 2
stdout[196] D,S,R,O_i,B_i,rows_per_worker,bytes_per_worker,mode,variant,S_tile,iterations,timed_repetitions,warmup,worker_count,worker_list,affinity,affinity_error,affinity_succeeded,timed_repetitions_exact,avx2_supported,kernel_used,eviction_bytes,eviction_checksum,elapsed_seconds,mac_total,mac_per_second,checksum
512,4,16,"1024,1024,1024,1024","8388608,8388608,8388608,8388608","1024,1024,1024,1024","8388608,8388608,8388608,8388608",repeat,B,8,1,5,2,4,"0,2,4,6","true,true,true,true","0,0,0,0",true,true,true,avx2,0,0,0.0308019,671088640,2.17872e+10,18446744072217627122
stderr[196] T0-M correction passed: every Y[S x O_i] cell, fused/repeat/reference, A/B/C, S_tile=2/4/8, four shards, and one/four-worker accounting gate
command[197] "D:\Install\Dev\Projects\IA\Ejercise\cpu-native-arch\build\t0m_int8_probe.exe" --D 512 --S 8 --R 1 --mode fused --variant A --S-tile 8 --workers 4 --cpus 0,2,4,6 --rows-per-worker 1024,1024,1024,1024 --iterations 1 --timed-repetitions 5 --warmup 2
stdout[197] D,S,R,O_i,B_i,rows_per_worker,bytes_per_worker,mode,variant,S_tile,iterations,timed_repetitions,warmup,worker_count,worker_list,affinity,affinity_error,affinity_succeeded,timed_repetitions_exact,avx2_supported,kernel_used,eviction_bytes,eviction_checksum,elapsed_seconds,mac_total,mac_per_second,checksum
512,8,1,"1024,1024,1024,1024","524288,524288,524288,524288","1024,1024,1024,1024","524288,524288,524288,524288",fused,A,8,1,5,2,4,"0,2,4,6","true,true,true,true","0,0,0,0",true,true,true,avx2,0,0,0.0034154,83886080,2.45611e+10,1344005558
stderr[197] T0-M correction passed: every Y[S x O_i] cell, fused/repeat/reference, A/B/C, S_tile=2/4/8, four shards, and one/four-worker accounting gate
command[198] "D:\Install\Dev\Projects\IA\Ejercise\cpu-native-arch\build\t0m_int8_probe.exe" --D 512 --S 8 --R 1 --mode fused --variant B --S-tile 8 --workers 4 --cpus 0,2,4,6 --rows-per-worker 1024,1024,1024,1024 --iterations 1 --timed-repetitions 5 --warmup 2
stdout[198] D,S,R,O_i,B_i,rows_per_worker,bytes_per_worker,mode,variant,S_tile,iterations,timed_repetitions,warmup,worker_count,worker_list,affinity,affinity_error,affinity_succeeded,timed_repetitions_exact,avx2_supported,kernel_used,eviction_bytes,eviction_checksum,elapsed_seconds,mac_total,mac_per_second,checksum
512,8,1,"1024,1024,1024,1024","524288,524288,524288,524288","1024,1024,1024,1024","524288,524288,524288,524288",fused,B,8,1,5,2,4,"0,2,4,6","true,true,true,true","0,0,0,0",true,true,true,avx2,0,0,0.0088681,83886080,9.45931e+09,1344005558
stderr[198] T0-M correction passed: every Y[S x O_i] cell, fused/repeat/reference, A/B/C, S_tile=2/4/8, four shards, and one/four-worker accounting gate
command[199] "D:\Install\Dev\Projects\IA\Ejercise\cpu-native-arch\build\t0m_int8_probe.exe" --D 512 --S 8 --R 1 --mode repeat --variant A --S-tile 8 --workers 4 --cpus 0,2,4,6 --rows-per-worker 1024,1024,1024,1024 --iterations 1 --timed-repetitions 5 --warmup 2
stdout[199] D,S,R,O_i,B_i,rows_per_worker,bytes_per_worker,mode,variant,S_tile,iterations,timed_repetitions,warmup,worker_count,worker_list,affinity,affinity_error,affinity_succeeded,timed_repetitions_exact,avx2_supported,kernel_used,eviction_bytes,eviction_checksum,elapsed_seconds,mac_total,mac_per_second,checksum
512,8,1,"1024,1024,1024,1024","524288,524288,524288,524288","1024,1024,1024,1024","524288,524288,524288,524288",repeat,A,8,1,5,2,4,"0,2,4,6","true,true,true,true","0,0,0,0",true,true,true,avx2,0,0,0.0049402,83886080,1.69803e+10,1344005558
stderr[199] T0-M correction passed: every Y[S x O_i] cell, fused/repeat/reference, A/B/C, S_tile=2/4/8, four shards, and one/four-worker accounting gate
command[200] "D:\Install\Dev\Projects\IA\Ejercise\cpu-native-arch\build\t0m_int8_probe.exe" --D 512 --S 8 --R 1 --mode repeat --variant B --S-tile 8 --workers 4 --cpus 0,2,4,6 --rows-per-worker 1024,1024,1024,1024 --iterations 1 --timed-repetitions 5 --warmup 2
stdout[200] D,S,R,O_i,B_i,rows_per_worker,bytes_per_worker,mode,variant,S_tile,iterations,timed_repetitions,warmup,worker_count,worker_list,affinity,affinity_error,affinity_succeeded,timed_repetitions_exact,avx2_supported,kernel_used,eviction_bytes,eviction_checksum,elapsed_seconds,mac_total,mac_per_second,checksum
512,8,1,"1024,1024,1024,1024","524288,524288,524288,524288","1024,1024,1024,1024","524288,524288,524288,524288",repeat,B,8,1,5,2,4,"0,2,4,6","true,true,true,true","0,0,0,0",true,true,true,avx2,0,0,0.0061702,83886080,1.35954e+10,1344005558
stderr[200] T0-M correction passed: every Y[S x O_i] cell, fused/repeat/reference, A/B/C, S_tile=2/4/8, four shards, and one/four-worker accounting gate
command[201] "D:\Install\Dev\Projects\IA\Ejercise\cpu-native-arch\build\t0m_int8_probe.exe" --D 512 --S 8 --R 2 --mode fused --variant A --S-tile 8 --workers 4 --cpus 0,2,4,6 --rows-per-worker 1024,1024,1024,1024 --iterations 1 --timed-repetitions 5 --warmup 2
stdout[201] D,S,R,O_i,B_i,rows_per_worker,bytes_per_worker,mode,variant,S_tile,iterations,timed_repetitions,warmup,worker_count,worker_list,affinity,affinity_error,affinity_succeeded,timed_repetitions_exact,avx2_supported,kernel_used,eviction_bytes,eviction_checksum,elapsed_seconds,mac_total,mac_per_second,checksum
512,8,2,"1024,1024,1024,1024","524288,524288,524288,524288","1024,1024,1024,1024","524288,524288,524288,524288",fused,A,8,1,5,2,4,"0,2,4,6","true,true,true,true","0,0,0,0",true,true,true,avx2,0,0,0.0122069,167772160,1.3744e+10,1344005558
stderr[201] T0-M correction passed: every Y[S x O_i] cell, fused/repeat/reference, A/B/C, S_tile=2/4/8, four shards, and one/four-worker accounting gate
command[202] "D:\Install\Dev\Projects\IA\Ejercise\cpu-native-arch\build\t0m_int8_probe.exe" --D 512 --S 8 --R 2 --mode fused --variant B --S-tile 8 --workers 4 --cpus 0,2,4,6 --rows-per-worker 1024,1024,1024,1024 --iterations 1 --timed-repetitions 5 --warmup 2
stdout[202] D,S,R,O_i,B_i,rows_per_worker,bytes_per_worker,mode,variant,S_tile,iterations,timed_repetitions,warmup,worker_count,worker_list,affinity,affinity_error,affinity_succeeded,timed_repetitions_exact,avx2_supported,kernel_used,eviction_bytes,eviction_checksum,elapsed_seconds,mac_total,mac_per_second,checksum
512,8,2,"1024,1024,1024,1024","1048576,1048576,1048576,1048576","1024,1024,1024,1024","1048576,1048576,1048576,1048576",fused,B,8,1,5,2,4,"0,2,4,6","true,true,true,true","0,0,0,0",true,true,true,avx2,0,0,0.0106577,167772160,1.57419e+10,5391324698
stderr[202] T0-M correction passed: every Y[S x O_i] cell, fused/repeat/reference, A/B/C, S_tile=2/4/8, four shards, and one/four-worker accounting gate
command[203] "D:\Install\Dev\Projects\IA\Ejercise\cpu-native-arch\build\t0m_int8_probe.exe" --D 512 --S 8 --R 2 --mode repeat --variant A --S-tile 8 --workers 4 --cpus 0,2,4,6 --rows-per-worker 1024,1024,1024,1024 --iterations 1 --timed-repetitions 5 --warmup 2
stdout[203] D,S,R,O_i,B_i,rows_per_worker,bytes_per_worker,mode,variant,S_tile,iterations,timed_repetitions,warmup,worker_count,worker_list,affinity,affinity_error,affinity_succeeded,timed_repetitions_exact,avx2_supported,kernel_used,eviction_bytes,eviction_checksum,elapsed_seconds,mac_total,mac_per_second,checksum
512,8,2,"1024,1024,1024,1024","524288,524288,524288,524288","1024,1024,1024,1024","524288,524288,524288,524288",repeat,A,8,1,5,2,4,"0,2,4,6","true,true,true,true","0,0,0,0",true,true,true,avx2,0,0,0.0127679,167772160,1.31402e+10,1344005558
stderr[203] T0-M correction passed: every Y[S x O_i] cell, fused/repeat/reference, A/B/C, S_tile=2/4/8, four shards, and one/four-worker accounting gate
command[204] "D:\Install\Dev\Projects\IA\Ejercise\cpu-native-arch\build\t0m_int8_probe.exe" --D 512 --S 8 --R 2 --mode repeat --variant B --S-tile 8 --workers 4 --cpus 0,2,4,6 --rows-per-worker 1024,1024,1024,1024 --iterations 1 --timed-repetitions 5 --warmup 2
stdout[204] D,S,R,O_i,B_i,rows_per_worker,bytes_per_worker,mode,variant,S_tile,iterations,timed_repetitions,warmup,worker_count,worker_list,affinity,affinity_error,affinity_succeeded,timed_repetitions_exact,avx2_supported,kernel_used,eviction_bytes,eviction_checksum,elapsed_seconds,mac_total,mac_per_second,checksum
512,8,2,"1024,1024,1024,1024","1048576,1048576,1048576,1048576","1024,1024,1024,1024","1048576,1048576,1048576,1048576",repeat,B,8,1,5,2,4,"0,2,4,6","true,true,true,true","0,0,0,0",true,true,true,avx2,0,0,0.0050117,167772160,3.34761e+10,5391324698
stderr[204] T0-M correction passed: every Y[S x O_i] cell, fused/repeat/reference, A/B/C, S_tile=2/4/8, four shards, and one/four-worker accounting gate
command[205] "D:\Install\Dev\Projects\IA\Ejercise\cpu-native-arch\build\t0m_int8_probe.exe" --D 512 --S 8 --R 4 --mode fused --variant A --S-tile 8 --workers 4 --cpus 0,2,4,6 --rows-per-worker 1024,1024,1024,1024 --iterations 1 --timed-repetitions 5 --warmup 2
stdout[205] D,S,R,O_i,B_i,rows_per_worker,bytes_per_worker,mode,variant,S_tile,iterations,timed_repetitions,warmup,worker_count,worker_list,affinity,affinity_error,affinity_succeeded,timed_repetitions_exact,avx2_supported,kernel_used,eviction_bytes,eviction_checksum,elapsed_seconds,mac_total,mac_per_second,checksum
512,8,4,"1024,1024,1024,1024","524288,524288,524288,524288","1024,1024,1024,1024","524288,524288,524288,524288",fused,A,8,1,5,2,4,"0,2,4,6","true,true,true,true","0,0,0,0",true,true,true,avx2,0,0,0.0254446,335544320,1.31873e+10,1344005558
stderr[205] T0-M correction passed: every Y[S x O_i] cell, fused/repeat/reference, A/B/C, S_tile=2/4/8, four shards, and one/four-worker accounting gate
command[206] "D:\Install\Dev\Projects\IA\Ejercise\cpu-native-arch\build\t0m_int8_probe.exe" --D 512 --S 8 --R 4 --mode fused --variant B --S-tile 8 --workers 4 --cpus 0,2,4,6 --rows-per-worker 1024,1024,1024,1024 --iterations 1 --timed-repetitions 5 --warmup 2
stdout[206] D,S,R,O_i,B_i,rows_per_worker,bytes_per_worker,mode,variant,S_tile,iterations,timed_repetitions,warmup,worker_count,worker_list,affinity,affinity_error,affinity_succeeded,timed_repetitions_exact,avx2_supported,kernel_used,eviction_bytes,eviction_checksum,elapsed_seconds,mac_total,mac_per_second,checksum
512,8,4,"1024,1024,1024,1024","2097152,2097152,2097152,2097152","1024,1024,1024,1024","2097152,2097152,2097152,2097152",fused,B,8,1,5,2,4,"0,2,4,6","true,true,true,true","0,0,0,0",true,true,true,avx2,0,0,0.0213515,335544320,1.57153e+10,7439516418
stderr[206] T0-M correction passed: every Y[S x O_i] cell, fused/repeat/reference, A/B/C, S_tile=2/4/8, four shards, and one/four-worker accounting gate
command[207] "D:\Install\Dev\Projects\IA\Ejercise\cpu-native-arch\build\t0m_int8_probe.exe" --D 512 --S 8 --R 4 --mode repeat --variant A --S-tile 8 --workers 4 --cpus 0,2,4,6 --rows-per-worker 1024,1024,1024,1024 --iterations 1 --timed-repetitions 5 --warmup 2
stdout[207] D,S,R,O_i,B_i,rows_per_worker,bytes_per_worker,mode,variant,S_tile,iterations,timed_repetitions,warmup,worker_count,worker_list,affinity,affinity_error,affinity_succeeded,timed_repetitions_exact,avx2_supported,kernel_used,eviction_bytes,eviction_checksum,elapsed_seconds,mac_total,mac_per_second,checksum
512,8,4,"1024,1024,1024,1024","524288,524288,524288,524288","1024,1024,1024,1024","524288,524288,524288,524288",repeat,A,8,1,5,2,4,"0,2,4,6","true,true,true,true","0,0,0,0",true,true,true,avx2,0,0,0.013274,335544320,2.52783e+10,1344005558
stderr[207] T0-M correction passed: every Y[S x O_i] cell, fused/repeat/reference, A/B/C, S_tile=2/4/8, four shards, and one/four-worker accounting gate
command[208] "D:\Install\Dev\Projects\IA\Ejercise\cpu-native-arch\build\t0m_int8_probe.exe" --D 512 --S 8 --R 4 --mode repeat --variant B --S-tile 8 --workers 4 --cpus 0,2,4,6 --rows-per-worker 1024,1024,1024,1024 --iterations 1 --timed-repetitions 5 --warmup 2
stdout[208] D,S,R,O_i,B_i,rows_per_worker,bytes_per_worker,mode,variant,S_tile,iterations,timed_repetitions,warmup,worker_count,worker_list,affinity,affinity_error,affinity_succeeded,timed_repetitions_exact,avx2_supported,kernel_used,eviction_bytes,eviction_checksum,elapsed_seconds,mac_total,mac_per_second,checksum
512,8,4,"1024,1024,1024,1024","2097152,2097152,2097152,2097152","1024,1024,1024,1024","2097152,2097152,2097152,2097152",repeat,B,8,1,5,2,4,"0,2,4,6","true,true,true,true","0,0,0,0",true,true,true,avx2,0,0,0.0159593,335544320,2.1025e+10,7439516418
stderr[208] T0-M correction passed: every Y[S x O_i] cell, fused/repeat/reference, A/B/C, S_tile=2/4/8, four shards, and one/four-worker accounting gate
command[209] "D:\Install\Dev\Projects\IA\Ejercise\cpu-native-arch\build\t0m_int8_probe.exe" --D 512 --S 8 --R 8 --mode fused --variant A --S-tile 8 --workers 4 --cpus 0,2,4,6 --rows-per-worker 1024,1024,1024,1024 --iterations 1 --timed-repetitions 5 --warmup 2
stdout[209] D,S,R,O_i,B_i,rows_per_worker,bytes_per_worker,mode,variant,S_tile,iterations,timed_repetitions,warmup,worker_count,worker_list,affinity,affinity_error,affinity_succeeded,timed_repetitions_exact,avx2_supported,kernel_used,eviction_bytes,eviction_checksum,elapsed_seconds,mac_total,mac_per_second,checksum
512,8,8,"1024,1024,1024,1024","524288,524288,524288,524288","1024,1024,1024,1024","524288,524288,524288,524288",fused,A,8,1,5,2,4,"0,2,4,6","true,true,true,true","0,0,0,0",true,true,true,avx2,0,0,0.0466298,671088640,1.43918e+10,1344005558
stderr[209] T0-M correction passed: every Y[S x O_i] cell, fused/repeat/reference, A/B/C, S_tile=2/4/8, four shards, and one/four-worker accounting gate
command[210] "D:\Install\Dev\Projects\IA\Ejercise\cpu-native-arch\build\t0m_int8_probe.exe" --D 512 --S 8 --R 8 --mode fused --variant B --S-tile 8 --workers 4 --cpus 0,2,4,6 --rows-per-worker 1024,1024,1024,1024 --iterations 1 --timed-repetitions 5 --warmup 2
stdout[210] D,S,R,O_i,B_i,rows_per_worker,bytes_per_worker,mode,variant,S_tile,iterations,timed_repetitions,warmup,worker_count,worker_list,affinity,affinity_error,affinity_succeeded,timed_repetitions_exact,avx2_supported,kernel_used,eviction_bytes,eviction_checksum,elapsed_seconds,mac_total,mac_per_second,checksum
512,8,8,"1024,1024,1024,1024","4194304,4194304,4194304,4194304","1024,1024,1024,1024","4194304,4194304,4194304,4194304",fused,B,8,1,5,2,4,"0,2,4,6","true,true,true,true","0,0,0,0",true,true,true,avx2,0,0,0.0278854,671088640,2.40659e+10,18446744070912557479
stderr[210] T0-M correction passed: every Y[S x O_i] cell, fused/repeat/reference, A/B/C, S_tile=2/4/8, four shards, and one/four-worker accounting gate
command[211] "D:\Install\Dev\Projects\IA\Ejercise\cpu-native-arch\build\t0m_int8_probe.exe" --D 512 --S 8 --R 8 --mode repeat --variant A --S-tile 8 --workers 4 --cpus 0,2,4,6 --rows-per-worker 1024,1024,1024,1024 --iterations 1 --timed-repetitions 5 --warmup 2
stdout[211] D,S,R,O_i,B_i,rows_per_worker,bytes_per_worker,mode,variant,S_tile,iterations,timed_repetitions,warmup,worker_count,worker_list,affinity,affinity_error,affinity_succeeded,timed_repetitions_exact,avx2_supported,kernel_used,eviction_bytes,eviction_checksum,elapsed_seconds,mac_total,mac_per_second,checksum
512,8,8,"1024,1024,1024,1024","524288,524288,524288,524288","1024,1024,1024,1024","524288,524288,524288,524288",repeat,A,8,1,5,2,4,"0,2,4,6","true,true,true,true","0,0,0,0",true,true,true,avx2,0,0,0.0291193,671088640,2.30462e+10,1344005558
stderr[211] T0-M correction passed: every Y[S x O_i] cell, fused/repeat/reference, A/B/C, S_tile=2/4/8, four shards, and one/four-worker accounting gate
command[212] "D:\Install\Dev\Projects\IA\Ejercise\cpu-native-arch\build\t0m_int8_probe.exe" --D 512 --S 8 --R 8 --mode repeat --variant B --S-tile 8 --workers 4 --cpus 0,2,4,6 --rows-per-worker 1024,1024,1024,1024 --iterations 1 --timed-repetitions 5 --warmup 2
stdout[212] D,S,R,O_i,B_i,rows_per_worker,bytes_per_worker,mode,variant,S_tile,iterations,timed_repetitions,warmup,worker_count,worker_list,affinity,affinity_error,affinity_succeeded,timed_repetitions_exact,avx2_supported,kernel_used,eviction_bytes,eviction_checksum,elapsed_seconds,mac_total,mac_per_second,checksum
512,8,8,"1024,1024,1024,1024","4194304,4194304,4194304,4194304","1024,1024,1024,1024","4194304,4194304,4194304,4194304",repeat,B,8,1,5,2,4,"0,2,4,6","true,true,true,true","0,0,0,0",true,true,true,avx2,0,0,0.0201401,671088640,3.3321e+10,18446744070912557479
stderr[212] T0-M correction passed: every Y[S x O_i] cell, fused/repeat/reference, A/B/C, S_tile=2/4/8, four shards, and one/four-worker accounting gate
command[213] "D:\Install\Dev\Projects\IA\Ejercise\cpu-native-arch\build\t0m_int8_probe.exe" --D 512 --S 8 --R 16 --mode fused --variant A --S-tile 8 --workers 4 --cpus 0,2,4,6 --rows-per-worker 1024,1024,1024,1024 --iterations 1 --timed-repetitions 5 --warmup 2
stdout[213] D,S,R,O_i,B_i,rows_per_worker,bytes_per_worker,mode,variant,S_tile,iterations,timed_repetitions,warmup,worker_count,worker_list,affinity,affinity_error,affinity_succeeded,timed_repetitions_exact,avx2_supported,kernel_used,eviction_bytes,eviction_checksum,elapsed_seconds,mac_total,mac_per_second,checksum
512,8,16,"1024,1024,1024,1024","524288,524288,524288,524288","1024,1024,1024,1024","524288,524288,524288,524288",fused,A,8,1,5,2,4,"0,2,4,6","true,true,true,true","0,0,0,0",true,true,true,avx2,0,0,0.0656419,1342177280,2.0447e+10,1344005558
stderr[213] T0-M correction passed: every Y[S x O_i] cell, fused/repeat/reference, A/B/C, S_tile=2/4/8, four shards, and one/four-worker accounting gate
command[214] "D:\Install\Dev\Projects\IA\Ejercise\cpu-native-arch\build\t0m_int8_probe.exe" --D 512 --S 8 --R 16 --mode fused --variant B --S-tile 8 --workers 4 --cpus 0,2,4,6 --rows-per-worker 1024,1024,1024,1024 --iterations 1 --timed-repetitions 5 --warmup 2
stdout[214] D,S,R,O_i,B_i,rows_per_worker,bytes_per_worker,mode,variant,S_tile,iterations,timed_repetitions,warmup,worker_count,worker_list,affinity,affinity_error,affinity_succeeded,timed_repetitions_exact,avx2_supported,kernel_used,eviction_bytes,eviction_checksum,elapsed_seconds,mac_total,mac_per_second,checksum
512,8,16,"1024,1024,1024,1024","8388608,8388608,8388608,8388608","1024,1024,1024,1024","8388608,8388608,8388608,8388608",fused,B,8,1,5,2,4,"0,2,4,6","true,true,true,true","0,0,0,0",true,true,true,avx2,0,0,0.0849622,1342177280,1.57973e+10,18446744071836486043
stderr[214] T0-M correction passed: every Y[S x O_i] cell, fused/repeat/reference, A/B/C, S_tile=2/4/8, four shards, and one/four-worker accounting gate
command[215] "D:\Install\Dev\Projects\IA\Ejercise\cpu-native-arch\build\t0m_int8_probe.exe" --D 512 --S 8 --R 16 --mode repeat --variant A --S-tile 8 --workers 4 --cpus 0,2,4,6 --rows-per-worker 1024,1024,1024,1024 --iterations 1 --timed-repetitions 5 --warmup 2
stdout[215] D,S,R,O_i,B_i,rows_per_worker,bytes_per_worker,mode,variant,S_tile,iterations,timed_repetitions,warmup,worker_count,worker_list,affinity,affinity_error,affinity_succeeded,timed_repetitions_exact,avx2_supported,kernel_used,eviction_bytes,eviction_checksum,elapsed_seconds,mac_total,mac_per_second,checksum
512,8,16,"1024,1024,1024,1024","524288,524288,524288,524288","1024,1024,1024,1024","524288,524288,524288,524288",repeat,A,8,1,5,2,4,"0,2,4,6","true,true,true,true","0,0,0,0",true,true,true,avx2,0,0,0.0556968,1342177280,2.40979e+10,1344005558
stderr[215] T0-M correction passed: every Y[S x O_i] cell, fused/repeat/reference, A/B/C, S_tile=2/4/8, four shards, and one/four-worker accounting gate
command[216] "D:\Install\Dev\Projects\IA\Ejercise\cpu-native-arch\build\t0m_int8_probe.exe" --D 512 --S 8 --R 16 --mode repeat --variant B --S-tile 8 --workers 4 --cpus 0,2,4,6 --rows-per-worker 1024,1024,1024,1024 --iterations 1 --timed-repetitions 5 --warmup 2
stdout[216] D,S,R,O_i,B_i,rows_per_worker,bytes_per_worker,mode,variant,S_tile,iterations,timed_repetitions,warmup,worker_count,worker_list,affinity,affinity_error,affinity_succeeded,timed_repetitions_exact,avx2_supported,kernel_used,eviction_bytes,eviction_checksum,elapsed_seconds,mac_total,mac_per_second,checksum
512,8,16,"1024,1024,1024,1024","8388608,8388608,8388608,8388608","1024,1024,1024,1024","8388608,8388608,8388608,8388608",repeat,B,8,1,5,2,4,"0,2,4,6","true,true,true,true","0,0,0,0",true,true,true,avx2,0,0,0.0525433,1342177280,2.55442e+10,18446744071836486043
stderr[216] T0-M correction passed: every Y[S x O_i] cell, fused/repeat/reference, A/B/C, S_tile=2/4/8, four shards, and one/four-worker accounting gate
command[217] "D:\Install\Dev\Projects\IA\Ejercise\cpu-native-arch\build\t0m_int8_probe.exe" --D 512 --S 16 --R 1 --mode fused --variant A --S-tile 8 --workers 4 --cpus 0,2,4,6 --rows-per-worker 1024,1024,1024,1024 --iterations 1 --timed-repetitions 5 --warmup 2
stdout[217] D,S,R,O_i,B_i,rows_per_worker,bytes_per_worker,mode,variant,S_tile,iterations,timed_repetitions,warmup,worker_count,worker_list,affinity,affinity_error,affinity_succeeded,timed_repetitions_exact,avx2_supported,kernel_used,eviction_bytes,eviction_checksum,elapsed_seconds,mac_total,mac_per_second,checksum
512,16,1,"1024,1024,1024,1024","524288,524288,524288,524288","1024,1024,1024,1024","524288,524288,524288,524288",fused,A,8,1,5,2,4,"0,2,4,6","true,true,true,true","0,0,0,0",true,true,true,avx2,0,0,0.011034,167772160,1.5205e+10,18446744070659756371
stderr[217] T0-M correction passed: every Y[S x O_i] cell, fused/repeat/reference, A/B/C, S_tile=2/4/8, four shards, and one/four-worker accounting gate
command[218] "D:\Install\Dev\Projects\IA\Ejercise\cpu-native-arch\build\t0m_int8_probe.exe" --D 512 --S 16 --R 1 --mode fused --variant B --S-tile 8 --workers 4 --cpus 0,2,4,6 --rows-per-worker 1024,1024,1024,1024 --iterations 1 --timed-repetitions 5 --warmup 2
stdout[218] D,S,R,O_i,B_i,rows_per_worker,bytes_per_worker,mode,variant,S_tile,iterations,timed_repetitions,warmup,worker_count,worker_list,affinity,affinity_error,affinity_succeeded,timed_repetitions_exact,avx2_supported,kernel_used,eviction_bytes,eviction_checksum,elapsed_seconds,mac_total,mac_per_second,checksum
512,16,1,"1024,1024,1024,1024","524288,524288,524288,524288","1024,1024,1024,1024","524288,524288,524288,524288",fused,B,8,1,5,2,4,"0,2,4,6","true,true,true,true","0,0,0,0",true,true,true,avx2,0,0,0.0074149,167772160,2.26264e+10,18446744070659756371
stderr[218] T0-M correction passed: every Y[S x O_i] cell, fused/repeat/reference, A/B/C, S_tile=2/4/8, four shards, and one/four-worker accounting gate
command[219] "D:\Install\Dev\Projects\IA\Ejercise\cpu-native-arch\build\t0m_int8_probe.exe" --D 512 --S 16 --R 1 --mode repeat --variant A --S-tile 8 --workers 4 --cpus 0,2,4,6 --rows-per-worker 1024,1024,1024,1024 --iterations 1 --timed-repetitions 5 --warmup 2
stdout[219] D,S,R,O_i,B_i,rows_per_worker,bytes_per_worker,mode,variant,S_tile,iterations,timed_repetitions,warmup,worker_count,worker_list,affinity,affinity_error,affinity_succeeded,timed_repetitions_exact,avx2_supported,kernel_used,eviction_bytes,eviction_checksum,elapsed_seconds,mac_total,mac_per_second,checksum
512,16,1,"1024,1024,1024,1024","524288,524288,524288,524288","1024,1024,1024,1024","524288,524288,524288,524288",repeat,A,8,1,5,2,4,"0,2,4,6","true,true,true,true","0,0,0,0",true,true,true,avx2,0,0,0.0051234,167772160,3.27463e+10,18446744070659756371
stderr[219] T0-M correction passed: every Y[S x O_i] cell, fused/repeat/reference, A/B/C, S_tile=2/4/8, four shards, and one/four-worker accounting gate
command[220] "D:\Install\Dev\Projects\IA\Ejercise\cpu-native-arch\build\t0m_int8_probe.exe" --D 512 --S 16 --R 1 --mode repeat --variant B --S-tile 8 --workers 4 --cpus 0,2,4,6 --rows-per-worker 1024,1024,1024,1024 --iterations 1 --timed-repetitions 5 --warmup 2
stdout[220] D,S,R,O_i,B_i,rows_per_worker,bytes_per_worker,mode,variant,S_tile,iterations,timed_repetitions,warmup,worker_count,worker_list,affinity,affinity_error,affinity_succeeded,timed_repetitions_exact,avx2_supported,kernel_used,eviction_bytes,eviction_checksum,elapsed_seconds,mac_total,mac_per_second,checksum
512,16,1,"1024,1024,1024,1024","524288,524288,524288,524288","1024,1024,1024,1024","524288,524288,524288,524288",repeat,B,8,1,5,2,4,"0,2,4,6","true,true,true,true","0,0,0,0",true,true,true,avx2,0,0,0.005043,167772160,3.32683e+10,18446744070659756371
stderr[220] T0-M correction passed: every Y[S x O_i] cell, fused/repeat/reference, A/B/C, S_tile=2/4/8, four shards, and one/four-worker accounting gate
command[221] "D:\Install\Dev\Projects\IA\Ejercise\cpu-native-arch\build\t0m_int8_probe.exe" --D 512 --S 16 --R 2 --mode fused --variant A --S-tile 8 --workers 4 --cpus 0,2,4,6 --rows-per-worker 1024,1024,1024,1024 --iterations 1 --timed-repetitions 5 --warmup 2
stdout[221] D,S,R,O_i,B_i,rows_per_worker,bytes_per_worker,mode,variant,S_tile,iterations,timed_repetitions,warmup,worker_count,worker_list,affinity,affinity_error,affinity_succeeded,timed_repetitions_exact,avx2_supported,kernel_used,eviction_bytes,eviction_checksum,elapsed_seconds,mac_total,mac_per_second,checksum
512,16,2,"1024,1024,1024,1024","524288,524288,524288,524288","1024,1024,1024,1024","524288,524288,524288,524288",fused,A,8,1,5,2,4,"0,2,4,6","true,true,true,true","0,0,0,0",true,true,true,avx2,0,0,0.0139621,335544320,2.40325e+10,18446744070659756371
stderr[221] T0-M correction passed: every Y[S x O_i] cell, fused/repeat/reference, A/B/C, S_tile=2/4/8, four shards, and one/four-worker accounting gate
command[222] "D:\Install\Dev\Projects\IA\Ejercise\cpu-native-arch\build\t0m_int8_probe.exe" --D 512 --S 16 --R 2 --mode fused --variant B --S-tile 8 --workers 4 --cpus 0,2,4,6 --rows-per-worker 1024,1024,1024,1024 --iterations 1 --timed-repetitions 5 --warmup 2
stdout[222] D,S,R,O_i,B_i,rows_per_worker,bytes_per_worker,mode,variant,S_tile,iterations,timed_repetitions,warmup,worker_count,worker_list,affinity,affinity_error,affinity_succeeded,timed_repetitions_exact,avx2_supported,kernel_used,eviction_bytes,eviction_checksum,elapsed_seconds,mac_total,mac_per_second,checksum
512,16,2,"1024,1024,1024,1024","1048576,1048576,1048576,1048576","1024,1024,1024,1024","1048576,1048576,1048576,1048576",fused,B,8,1,5,2,4,"0,2,4,6","true,true,true,true","0,0,0,0",true,true,true,avx2,0,0,0.0122162,335544320,2.74672e+10,16726293068
stderr[222] T0-M correction passed: every Y[S x O_i] cell, fused/repeat/reference, A/B/C, S_tile=2/4/8, four shards, and one/four-worker accounting gate
command[223] "D:\Install\Dev\Projects\IA\Ejercise\cpu-native-arch\build\t0m_int8_probe.exe" --D 512 --S 16 --R 2 --mode repeat --variant A --S-tile 8 --workers 4 --cpus 0,2,4,6 --rows-per-worker 1024,1024,1024,1024 --iterations 1 --timed-repetitions 5 --warmup 2
stdout[223] D,S,R,O_i,B_i,rows_per_worker,bytes_per_worker,mode,variant,S_tile,iterations,timed_repetitions,warmup,worker_count,worker_list,affinity,affinity_error,affinity_succeeded,timed_repetitions_exact,avx2_supported,kernel_used,eviction_bytes,eviction_checksum,elapsed_seconds,mac_total,mac_per_second,checksum
512,16,2,"1024,1024,1024,1024","524288,524288,524288,524288","1024,1024,1024,1024","524288,524288,524288,524288",repeat,A,8,1,5,2,4,"0,2,4,6","true,true,true,true","0,0,0,0",true,true,true,avx2,0,0,0.0111458,335544320,3.0105e+10,18446744070659756371
stderr[223] T0-M correction passed: every Y[S x O_i] cell, fused/repeat/reference, A/B/C, S_tile=2/4/8, four shards, and one/four-worker accounting gate
command[224] "D:\Install\Dev\Projects\IA\Ejercise\cpu-native-arch\build\t0m_int8_probe.exe" --D 512 --S 16 --R 2 --mode repeat --variant B --S-tile 8 --workers 4 --cpus 0,2,4,6 --rows-per-worker 1024,1024,1024,1024 --iterations 1 --timed-repetitions 5 --warmup 2
stdout[224] D,S,R,O_i,B_i,rows_per_worker,bytes_per_worker,mode,variant,S_tile,iterations,timed_repetitions,warmup,worker_count,worker_list,affinity,affinity_error,affinity_succeeded,timed_repetitions_exact,avx2_supported,kernel_used,eviction_bytes,eviction_checksum,elapsed_seconds,mac_total,mac_per_second,checksum
512,16,2,"1024,1024,1024,1024","1048576,1048576,1048576,1048576","1024,1024,1024,1024","1048576,1048576,1048576,1048576",repeat,B,8,1,5,2,4,"0,2,4,6","true,true,true,true","0,0,0,0",true,true,true,avx2,0,0,0.0119439,335544320,2.80934e+10,16726293068
stderr[224] T0-M correction passed: every Y[S x O_i] cell, fused/repeat/reference, A/B/C, S_tile=2/4/8, four shards, and one/four-worker accounting gate
command[225] "D:\Install\Dev\Projects\IA\Ejercise\cpu-native-arch\build\t0m_int8_probe.exe" --D 512 --S 16 --R 4 --mode fused --variant A --S-tile 8 --workers 4 --cpus 0,2,4,6 --rows-per-worker 1024,1024,1024,1024 --iterations 1 --timed-repetitions 5 --warmup 2
stdout[225] D,S,R,O_i,B_i,rows_per_worker,bytes_per_worker,mode,variant,S_tile,iterations,timed_repetitions,warmup,worker_count,worker_list,affinity,affinity_error,affinity_succeeded,timed_repetitions_exact,avx2_supported,kernel_used,eviction_bytes,eviction_checksum,elapsed_seconds,mac_total,mac_per_second,checksum
512,16,4,"1024,1024,1024,1024","524288,524288,524288,524288","1024,1024,1024,1024","524288,524288,524288,524288",fused,A,8,1,5,2,4,"0,2,4,6","true,true,true,true","0,0,0,0",true,true,true,avx2,0,0,0.0273412,671088640,2.4545e+10,18446744070659756371
stderr[225] T0-M correction passed: every Y[S x O_i] cell, fused/repeat/reference, A/B/C, S_tile=2/4/8, four shards, and one/four-worker accounting gate
command[226] "D:\Install\Dev\Projects\IA\Ejercise\cpu-native-arch\build\t0m_int8_probe.exe" --D 512 --S 16 --R 4 --mode fused --variant B --S-tile 8 --workers 4 --cpus 0,2,4,6 --rows-per-worker 1024,1024,1024,1024 --iterations 1 --timed-repetitions 5 --warmup 2
stdout[226] D,S,R,O_i,B_i,rows_per_worker,bytes_per_worker,mode,variant,S_tile,iterations,timed_repetitions,warmup,worker_count,worker_list,affinity,affinity_error,affinity_succeeded,timed_repetitions_exact,avx2_supported,kernel_used,eviction_bytes,eviction_checksum,elapsed_seconds,mac_total,mac_per_second,checksum
512,16,4,"1024,1024,1024,1024","2097152,2097152,2097152,2097152","1024,1024,1024,1024","2097152,2097152,2097152,2097152",fused,B,8,1,5,2,4,"0,2,4,6","true,true,true,true","0,0,0,0",true,true,true,avx2,0,0,0.0263298,671088640,2.54878e+10,13200890138
stderr[226] T0-M correction passed: every Y[S x O_i] cell, fused/repeat/reference, A/B/C, S_tile=2/4/8, four shards, and one/four-worker accounting gate
command[227] "D:\Install\Dev\Projects\IA\Ejercise\cpu-native-arch\build\t0m_int8_probe.exe" --D 512 --S 16 --R 4 --mode repeat --variant A --S-tile 8 --workers 4 --cpus 0,2,4,6 --rows-per-worker 1024,1024,1024,1024 --iterations 1 --timed-repetitions 5 --warmup 2
stdout[227] D,S,R,O_i,B_i,rows_per_worker,bytes_per_worker,mode,variant,S_tile,iterations,timed_repetitions,warmup,worker_count,worker_list,affinity,affinity_error,affinity_succeeded,timed_repetitions_exact,avx2_supported,kernel_used,eviction_bytes,eviction_checksum,elapsed_seconds,mac_total,mac_per_second,checksum
512,16,4,"1024,1024,1024,1024","524288,524288,524288,524288","1024,1024,1024,1024","524288,524288,524288,524288",repeat,A,8,1,5,2,4,"0,2,4,6","true,true,true,true","0,0,0,0",true,true,true,avx2,0,0,0.0323657,671088640,2.07346e+10,18446744070659756371
stderr[227] T0-M correction passed: every Y[S x O_i] cell, fused/repeat/reference, A/B/C, S_tile=2/4/8, four shards, and one/four-worker accounting gate
command[228] "D:\Install\Dev\Projects\IA\Ejercise\cpu-native-arch\build\t0m_int8_probe.exe" --D 512 --S 16 --R 4 --mode repeat --variant B --S-tile 8 --workers 4 --cpus 0,2,4,6 --rows-per-worker 1024,1024,1024,1024 --iterations 1 --timed-repetitions 5 --warmup 2
stdout[228] D,S,R,O_i,B_i,rows_per_worker,bytes_per_worker,mode,variant,S_tile,iterations,timed_repetitions,warmup,worker_count,worker_list,affinity,affinity_error,affinity_succeeded,timed_repetitions_exact,avx2_supported,kernel_used,eviction_bytes,eviction_checksum,elapsed_seconds,mac_total,mac_per_second,checksum
512,16,4,"1024,1024,1024,1024","2097152,2097152,2097152,2097152","1024,1024,1024,1024","2097152,2097152,2097152,2097152",repeat,B,8,1,5,2,4,"0,2,4,6","true,true,true,true","0,0,0,0",true,true,true,avx2,0,0,0.0254587,671088640,2.63599e+10,13200890138
stderr[228] T0-M correction passed: every Y[S x O_i] cell, fused/repeat/reference, A/B/C, S_tile=2/4/8, four shards, and one/four-worker accounting gate
command[229] "D:\Install\Dev\Projects\IA\Ejercise\cpu-native-arch\build\t0m_int8_probe.exe" --D 512 --S 16 --R 8 --mode fused --variant A --S-tile 8 --workers 4 --cpus 0,2,4,6 --rows-per-worker 1024,1024,1024,1024 --iterations 1 --timed-repetitions 5 --warmup 2
stdout[229] D,S,R,O_i,B_i,rows_per_worker,bytes_per_worker,mode,variant,S_tile,iterations,timed_repetitions,warmup,worker_count,worker_list,affinity,affinity_error,affinity_succeeded,timed_repetitions_exact,avx2_supported,kernel_used,eviction_bytes,eviction_checksum,elapsed_seconds,mac_total,mac_per_second,checksum
512,16,8,"1024,1024,1024,1024","524288,524288,524288,524288","1024,1024,1024,1024","524288,524288,524288,524288",fused,A,8,1,5,2,4,"0,2,4,6","true,true,true,true","0,0,0,0",true,true,true,avx2,0,0,0.0706794,1342177280,1.89897e+10,18446744070659756371
stderr[229] T0-M correction passed: every Y[S x O_i] cell, fused/repeat/reference, A/B/C, S_tile=2/4/8, four shards, and one/four-worker accounting gate
command[230] "D:\Install\Dev\Projects\IA\Ejercise\cpu-native-arch\build\t0m_int8_probe.exe" --D 512 --S 16 --R 8 --mode fused --variant B --S-tile 8 --workers 4 --cpus 0,2,4,6 --rows-per-worker 1024,1024,1024,1024 --iterations 1 --timed-repetitions 5 --warmup 2
stdout[230] D,S,R,O_i,B_i,rows_per_worker,bytes_per_worker,mode,variant,S_tile,iterations,timed_repetitions,warmup,worker_count,worker_list,affinity,affinity_error,affinity_succeeded,timed_repetitions_exact,avx2_supported,kernel_used,eviction_bytes,eviction_checksum,elapsed_seconds,mac_total,mac_per_second,checksum
512,16,8,"1024,1024,1024,1024","4194304,4194304,4194304,4194304","1024,1024,1024,1024","4194304,4194304,4194304,4194304",fused,B,8,1,5,2,4,"0,2,4,6","true,true,true,true","0,0,0,0",true,true,true,avx2,0,0,0.0701787,1342177280,1.91251e+10,6734433848
stderr[230] T0-M correction passed: every Y[S x O_i] cell, fused/repeat/reference, A/B/C, S_tile=2/4/8, four shards, and one/four-worker accounting gate
command[231] "D:\Install\Dev\Projects\IA\Ejercise\cpu-native-arch\build\t0m_int8_probe.exe" --D 512 --S 16 --R 8 --mode repeat --variant A --S-tile 8 --workers 4 --cpus 0,2,4,6 --rows-per-worker 1024,1024,1024,1024 --iterations 1 --timed-repetitions 5 --warmup 2
stdout[231] D,S,R,O_i,B_i,rows_per_worker,bytes_per_worker,mode,variant,S_tile,iterations,timed_repetitions,warmup,worker_count,worker_list,affinity,affinity_error,affinity_succeeded,timed_repetitions_exact,avx2_supported,kernel_used,eviction_bytes,eviction_checksum,elapsed_seconds,mac_total,mac_per_second,checksum
512,16,8,"1024,1024,1024,1024","524288,524288,524288,524288","1024,1024,1024,1024","524288,524288,524288,524288",repeat,A,8,1,5,2,4,"0,2,4,6","true,true,true,true","0,0,0,0",true,true,true,avx2,0,0,0.0525349,1342177280,2.55483e+10,18446744070659756371
stderr[231] T0-M correction passed: every Y[S x O_i] cell, fused/repeat/reference, A/B/C, S_tile=2/4/8, four shards, and one/four-worker accounting gate
command[232] "D:\Install\Dev\Projects\IA\Ejercise\cpu-native-arch\build\t0m_int8_probe.exe" --D 512 --S 16 --R 8 --mode repeat --variant B --S-tile 8 --workers 4 --cpus 0,2,4,6 --rows-per-worker 1024,1024,1024,1024 --iterations 1 --timed-repetitions 5 --warmup 2
stdout[232] D,S,R,O_i,B_i,rows_per_worker,bytes_per_worker,mode,variant,S_tile,iterations,timed_repetitions,warmup,worker_count,worker_list,affinity,affinity_error,affinity_succeeded,timed_repetitions_exact,avx2_supported,kernel_used,eviction_bytes,eviction_checksum,elapsed_seconds,mac_total,mac_per_second,checksum
512,16,8,"1024,1024,1024,1024","4194304,4194304,4194304,4194304","1024,1024,1024,1024","4194304,4194304,4194304,4194304",repeat,B,8,1,5,2,4,"0,2,4,6","true,true,true,true","0,0,0,0",true,true,true,avx2,0,0,0.0517477,1342177280,2.59369e+10,6734433848
stderr[232] T0-M correction passed: every Y[S x O_i] cell, fused/repeat/reference, A/B/C, S_tile=2/4/8, four shards, and one/four-worker accounting gate
command[233] "D:\Install\Dev\Projects\IA\Ejercise\cpu-native-arch\build\t0m_int8_probe.exe" --D 512 --S 16 --R 16 --mode fused --variant A --S-tile 8 --workers 4 --cpus 0,2,4,6 --rows-per-worker 1024,1024,1024,1024 --iterations 1 --timed-repetitions 5 --warmup 2
stdout[233] D,S,R,O_i,B_i,rows_per_worker,bytes_per_worker,mode,variant,S_tile,iterations,timed_repetitions,warmup,worker_count,worker_list,affinity,affinity_error,affinity_succeeded,timed_repetitions_exact,avx2_supported,kernel_used,eviction_bytes,eviction_checksum,elapsed_seconds,mac_total,mac_per_second,checksum
512,16,16,"1024,1024,1024,1024","524288,524288,524288,524288","1024,1024,1024,1024","524288,524288,524288,524288",fused,A,8,1,5,2,4,"0,2,4,6","true,true,true,true","0,0,0,0",true,true,true,avx2,0,0,0.139152,2684354560,1.92908e+10,18446744070659756371
stderr[233] T0-M correction passed: every Y[S x O_i] cell, fused/repeat/reference, A/B/C, S_tile=2/4/8, four shards, and one/four-worker accounting gate
command[234] "D:\Install\Dev\Projects\IA\Ejercise\cpu-native-arch\build\t0m_int8_probe.exe" --D 512 --S 16 --R 16 --mode fused --variant B --S-tile 8 --workers 4 --cpus 0,2,4,6 --rows-per-worker 1024,1024,1024,1024 --iterations 1 --timed-repetitions 5 --warmup 2
stdout[234] D,S,R,O_i,B_i,rows_per_worker,bytes_per_worker,mode,variant,S_tile,iterations,timed_repetitions,warmup,worker_count,worker_list,affinity,affinity_error,affinity_succeeded,timed_repetitions_exact,avx2_supported,kernel_used,eviction_bytes,eviction_checksum,elapsed_seconds,mac_total,mac_per_second,checksum
512,16,16,"1024,1024,1024,1024","8388608,8388608,8388608,8388608","1024,1024,1024,1024","8388608,8388608,8388608,8388608",fused,B,8,1,5,2,4,"0,2,4,6","true,true,true,true","0,0,0,0",true,true,true,avx2,0,0,0.14589,2684354560,1.83999e+10,18446744066805120955
stderr[234] T0-M correction passed: every Y[S x O_i] cell, fused/repeat/reference, A/B/C, S_tile=2/4/8, four shards, and one/four-worker accounting gate
command[235] "D:\Install\Dev\Projects\IA\Ejercise\cpu-native-arch\build\t0m_int8_probe.exe" --D 512 --S 16 --R 16 --mode repeat --variant A --S-tile 8 --workers 4 --cpus 0,2,4,6 --rows-per-worker 1024,1024,1024,1024 --iterations 1 --timed-repetitions 5 --warmup 2
stdout[235] D,S,R,O_i,B_i,rows_per_worker,bytes_per_worker,mode,variant,S_tile,iterations,timed_repetitions,warmup,worker_count,worker_list,affinity,affinity_error,affinity_succeeded,timed_repetitions_exact,avx2_supported,kernel_used,eviction_bytes,eviction_checksum,elapsed_seconds,mac_total,mac_per_second,checksum
512,16,16,"1024,1024,1024,1024","524288,524288,524288,524288","1024,1024,1024,1024","524288,524288,524288,524288",repeat,A,8,1,5,2,4,"0,2,4,6","true,true,true,true","0,0,0,0",true,true,true,avx2,0,0,0.120235,2684354560,2.23259e+10,18446744070659756371
stderr[235] T0-M correction passed: every Y[S x O_i] cell, fused/repeat/reference, A/B/C, S_tile=2/4/8, four shards, and one/four-worker accounting gate
command[236] "D:\Install\Dev\Projects\IA\Ejercise\cpu-native-arch\build\t0m_int8_probe.exe" --D 512 --S 16 --R 16 --mode repeat --variant B --S-tile 8 --workers 4 --cpus 0,2,4,6 --rows-per-worker 1024,1024,1024,1024 --iterations 1 --timed-repetitions 5 --warmup 2
stdout[236] D,S,R,O_i,B_i,rows_per_worker,bytes_per_worker,mode,variant,S_tile,iterations,timed_repetitions,warmup,worker_count,worker_list,affinity,affinity_error,affinity_succeeded,timed_repetitions_exact,avx2_supported,kernel_used,eviction_bytes,eviction_checksum,elapsed_seconds,mac_total,mac_per_second,checksum
512,16,16,"1024,1024,1024,1024","8388608,8388608,8388608,8388608","1024,1024,1024,1024","8388608,8388608,8388608,8388608",repeat,B,8,1,5,2,4,"0,2,4,6","true,true,true,true","0,0,0,0",true,true,true,avx2,0,0,0.116602,2684354560,2.30215e+10,18446744066805120955
stderr[236] T0-M correction passed: every Y[S x O_i] cell, fused/repeat/reference, A/B/C, S_tile=2/4/8, four shards, and one/four-worker accounting gate
command[237] "D:\Install\Dev\Projects\IA\Ejercise\cpu-native-arch\build\t0m_int8_probe.exe" --D 512 --S 1 --R 1 --mode fused --variant A --S-tile 8 --workers 4 --cpus 0,2,4,6 --rows-per-worker 1280,1280,1280,1280 --iterations 1 --timed-repetitions 5 --warmup 2
stdout[237] D,S,R,O_i,B_i,rows_per_worker,bytes_per_worker,mode,variant,S_tile,iterations,timed_repetitions,warmup,worker_count,worker_list,affinity,affinity_error,affinity_succeeded,timed_repetitions_exact,avx2_supported,kernel_used,eviction_bytes,eviction_checksum,elapsed_seconds,mac_total,mac_per_second,checksum
512,1,1,"1280,1280,1280,1280","655360,655360,655360,655360","1280,1280,1280,1280","655360,655360,655360,655360",fused,A,8,1,5,2,4,"0,2,4,6","true,true,true,true","0,0,0,0",true,true,true,avx2,0,0,0.0019849,13107200,6.60346e+09,64670729
stderr[237] T0-M correction passed: every Y[S x O_i] cell, fused/repeat/reference, A/B/C, S_tile=2/4/8, four shards, and one/four-worker accounting gate
command[238] "D:\Install\Dev\Projects\IA\Ejercise\cpu-native-arch\build\t0m_int8_probe.exe" --D 512 --S 1 --R 1 --mode fused --variant B --S-tile 8 --workers 4 --cpus 0,2,4,6 --rows-per-worker 1280,1280,1280,1280 --iterations 1 --timed-repetitions 5 --warmup 2
stdout[238] D,S,R,O_i,B_i,rows_per_worker,bytes_per_worker,mode,variant,S_tile,iterations,timed_repetitions,warmup,worker_count,worker_list,affinity,affinity_error,affinity_succeeded,timed_repetitions_exact,avx2_supported,kernel_used,eviction_bytes,eviction_checksum,elapsed_seconds,mac_total,mac_per_second,checksum
512,1,1,"1280,1280,1280,1280","655360,655360,655360,655360","1280,1280,1280,1280","655360,655360,655360,655360",fused,B,8,1,5,2,4,"0,2,4,6","true,true,true,true","0,0,0,0",true,true,true,avx2,0,0,0.0037089,13107200,3.53399e+09,64670729
stderr[238] T0-M correction passed: every Y[S x O_i] cell, fused/repeat/reference, A/B/C, S_tile=2/4/8, four shards, and one/four-worker accounting gate
command[239] "D:\Install\Dev\Projects\IA\Ejercise\cpu-native-arch\build\t0m_int8_probe.exe" --D 512 --S 1 --R 1 --mode repeat --variant A --S-tile 8 --workers 4 --cpus 0,2,4,6 --rows-per-worker 1280,1280,1280,1280 --iterations 1 --timed-repetitions 5 --warmup 2
stdout[239] D,S,R,O_i,B_i,rows_per_worker,bytes_per_worker,mode,variant,S_tile,iterations,timed_repetitions,warmup,worker_count,worker_list,affinity,affinity_error,affinity_succeeded,timed_repetitions_exact,avx2_supported,kernel_used,eviction_bytes,eviction_checksum,elapsed_seconds,mac_total,mac_per_second,checksum
512,1,1,"1280,1280,1280,1280","655360,655360,655360,655360","1280,1280,1280,1280","655360,655360,655360,655360",repeat,A,8,1,5,2,4,"0,2,4,6","true,true,true,true","0,0,0,0",true,true,true,avx2,0,0,0.0012864,13107200,1.01891e+10,64670729
stderr[239] T0-M correction passed: every Y[S x O_i] cell, fused/repeat/reference, A/B/C, S_tile=2/4/8, four shards, and one/four-worker accounting gate
command[240] "D:\Install\Dev\Projects\IA\Ejercise\cpu-native-arch\build\t0m_int8_probe.exe" --D 512 --S 1 --R 1 --mode repeat --variant B --S-tile 8 --workers 4 --cpus 0,2,4,6 --rows-per-worker 1280,1280,1280,1280 --iterations 1 --timed-repetitions 5 --warmup 2
stdout[240] D,S,R,O_i,B_i,rows_per_worker,bytes_per_worker,mode,variant,S_tile,iterations,timed_repetitions,warmup,worker_count,worker_list,affinity,affinity_error,affinity_succeeded,timed_repetitions_exact,avx2_supported,kernel_used,eviction_bytes,eviction_checksum,elapsed_seconds,mac_total,mac_per_second,checksum
512,1,1,"1280,1280,1280,1280","655360,655360,655360,655360","1280,1280,1280,1280","655360,655360,655360,655360",repeat,B,8,1,5,2,4,"0,2,4,6","true,true,true,true","0,0,0,0",true,true,true,avx2,0,0,0.0007198,13107200,1.82095e+10,64670729
stderr[240] T0-M correction passed: every Y[S x O_i] cell, fused/repeat/reference, A/B/C, S_tile=2/4/8, four shards, and one/four-worker accounting gate
command[241] "D:\Install\Dev\Projects\IA\Ejercise\cpu-native-arch\build\t0m_int8_probe.exe" --D 512 --S 1 --R 2 --mode fused --variant A --S-tile 8 --workers 4 --cpus 0,2,4,6 --rows-per-worker 1280,1280,1280,1280 --iterations 1 --timed-repetitions 5 --warmup 2
stdout[241] D,S,R,O_i,B_i,rows_per_worker,bytes_per_worker,mode,variant,S_tile,iterations,timed_repetitions,warmup,worker_count,worker_list,affinity,affinity_error,affinity_succeeded,timed_repetitions_exact,avx2_supported,kernel_used,eviction_bytes,eviction_checksum,elapsed_seconds,mac_total,mac_per_second,checksum
512,1,2,"1280,1280,1280,1280","655360,655360,655360,655360","1280,1280,1280,1280","655360,655360,655360,655360",fused,A,8,1,5,2,4,"0,2,4,6","true,true,true,true","0,0,0,0",true,true,true,avx2,0,0,0.004411,26214400,5.94296e+09,64670729
stderr[241] T0-M correction passed: every Y[S x O_i] cell, fused/repeat/reference, A/B/C, S_tile=2/4/8, four shards, and one/four-worker accounting gate
command[242] "D:\Install\Dev\Projects\IA\Ejercise\cpu-native-arch\build\t0m_int8_probe.exe" --D 512 --S 1 --R 2 --mode fused --variant B --S-tile 8 --workers 4 --cpus 0,2,4,6 --rows-per-worker 1280,1280,1280,1280 --iterations 1 --timed-repetitions 5 --warmup 2
stdout[242] D,S,R,O_i,B_i,rows_per_worker,bytes_per_worker,mode,variant,S_tile,iterations,timed_repetitions,warmup,worker_count,worker_list,affinity,affinity_error,affinity_succeeded,timed_repetitions_exact,avx2_supported,kernel_used,eviction_bytes,eviction_checksum,elapsed_seconds,mac_total,mac_per_second,checksum
512,1,2,"1280,1280,1280,1280","1310720,1310720,1310720,1310720","1280,1280,1280,1280","1310720,1310720,1310720,1310720",fused,B,8,1,5,2,4,"0,2,4,6","true,true,true,true","0,0,0,0",true,true,true,avx2,0,0,0.0041031,26214400,6.38893e+09,754139901
stderr[242] T0-M correction passed: every Y[S x O_i] cell, fused/repeat/reference, A/B/C, S_tile=2/4/8, four shards, and one/four-worker accounting gate
command[243] "D:\Install\Dev\Projects\IA\Ejercise\cpu-native-arch\build\t0m_int8_probe.exe" --D 512 --S 1 --R 2 --mode repeat --variant A --S-tile 8 --workers 4 --cpus 0,2,4,6 --rows-per-worker 1280,1280,1280,1280 --iterations 1 --timed-repetitions 5 --warmup 2
stdout[243] D,S,R,O_i,B_i,rows_per_worker,bytes_per_worker,mode,variant,S_tile,iterations,timed_repetitions,warmup,worker_count,worker_list,affinity,affinity_error,affinity_succeeded,timed_repetitions_exact,avx2_supported,kernel_used,eviction_bytes,eviction_checksum,elapsed_seconds,mac_total,mac_per_second,checksum
512,1,2,"1280,1280,1280,1280","655360,655360,655360,655360","1280,1280,1280,1280","655360,655360,655360,655360",repeat,A,8,1,5,2,4,"0,2,4,6","true,true,true,true","0,0,0,0",true,true,true,avx2,0,0,0.0017628,26214400,1.48709e+10,64670729
stderr[243] T0-M correction passed: every Y[S x O_i] cell, fused/repeat/reference, A/B/C, S_tile=2/4/8, four shards, and one/four-worker accounting gate
command[244] "D:\Install\Dev\Projects\IA\Ejercise\cpu-native-arch\build\t0m_int8_probe.exe" --D 512 --S 1 --R 2 --mode repeat --variant B --S-tile 8 --workers 4 --cpus 0,2,4,6 --rows-per-worker 1280,1280,1280,1280 --iterations 1 --timed-repetitions 5 --warmup 2
stdout[244] D,S,R,O_i,B_i,rows_per_worker,bytes_per_worker,mode,variant,S_tile,iterations,timed_repetitions,warmup,worker_count,worker_list,affinity,affinity_error,affinity_succeeded,timed_repetitions_exact,avx2_supported,kernel_used,eviction_bytes,eviction_checksum,elapsed_seconds,mac_total,mac_per_second,checksum
512,1,2,"1280,1280,1280,1280","1310720,1310720,1310720,1310720","1280,1280,1280,1280","1310720,1310720,1310720,1310720",repeat,B,8,1,5,2,4,"0,2,4,6","true,true,true,true","0,0,0,0",true,true,true,avx2,0,0,0.0016064,26214400,1.63187e+10,754139901
stderr[244] T0-M correction passed: every Y[S x O_i] cell, fused/repeat/reference, A/B/C, S_tile=2/4/8, four shards, and one/four-worker accounting gate
command[245] "D:\Install\Dev\Projects\IA\Ejercise\cpu-native-arch\build\t0m_int8_probe.exe" --D 512 --S 1 --R 4 --mode fused --variant A --S-tile 8 --workers 4 --cpus 0,2,4,6 --rows-per-worker 1280,1280,1280,1280 --iterations 1 --timed-repetitions 5 --warmup 2
stdout[245] D,S,R,O_i,B_i,rows_per_worker,bytes_per_worker,mode,variant,S_tile,iterations,timed_repetitions,warmup,worker_count,worker_list,affinity,affinity_error,affinity_succeeded,timed_repetitions_exact,avx2_supported,kernel_used,eviction_bytes,eviction_checksum,elapsed_seconds,mac_total,mac_per_second,checksum
512,1,4,"1280,1280,1280,1280","655360,655360,655360,655360","1280,1280,1280,1280","655360,655360,655360,655360",fused,A,8,1,5,2,4,"0,2,4,6","true,true,true,true","0,0,0,0",true,true,true,avx2,0,0,0.0061092,52428800,8.58194e+09,64670729
stderr[245] T0-M correction passed: every Y[S x O_i] cell, fused/repeat/reference, A/B/C, S_tile=2/4/8, four shards, and one/four-worker accounting gate
command[246] "D:\Install\Dev\Projects\IA\Ejercise\cpu-native-arch\build\t0m_int8_probe.exe" --D 512 --S 1 --R 4 --mode fused --variant B --S-tile 8 --workers 4 --cpus 0,2,4,6 --rows-per-worker 1280,1280,1280,1280 --iterations 1 --timed-repetitions 5 --warmup 2
stdout[246] D,S,R,O_i,B_i,rows_per_worker,bytes_per_worker,mode,variant,S_tile,iterations,timed_repetitions,warmup,worker_count,worker_list,affinity,affinity_error,affinity_succeeded,timed_repetitions_exact,avx2_supported,kernel_used,eviction_bytes,eviction_checksum,elapsed_seconds,mac_total,mac_per_second,checksum
512,1,4,"1280,1280,1280,1280","2621440,2621440,2621440,2621440","1280,1280,1280,1280","2621440,2621440,2621440,2621440",fused,B,8,1,5,2,4,"0,2,4,6","true,true,true,true","0,0,0,0",true,true,true,avx2,0,0,0.005971,52428800,8.78057e+09,18446744073165017443
stderr[246] T0-M correction passed: every Y[S x O_i] cell, fused/repeat/reference, A/B/C, S_tile=2/4/8, four shards, and one/four-worker accounting gate
command[247] "D:\Install\Dev\Projects\IA\Ejercise\cpu-native-arch\build\t0m_int8_probe.exe" --D 512 --S 1 --R 4 --mode repeat --variant A --S-tile 8 --workers 4 --cpus 0,2,4,6 --rows-per-worker 1280,1280,1280,1280 --iterations 1 --timed-repetitions 5 --warmup 2
stdout[247] D,S,R,O_i,B_i,rows_per_worker,bytes_per_worker,mode,variant,S_tile,iterations,timed_repetitions,warmup,worker_count,worker_list,affinity,affinity_error,affinity_succeeded,timed_repetitions_exact,avx2_supported,kernel_used,eviction_bytes,eviction_checksum,elapsed_seconds,mac_total,mac_per_second,checksum
512,1,4,"1280,1280,1280,1280","655360,655360,655360,655360","1280,1280,1280,1280","655360,655360,655360,655360",repeat,A,8,1,5,2,4,"0,2,4,6","true,true,true,true","0,0,0,0",true,true,true,avx2,0,0,0.002777,52428800,1.88797e+10,64670729
stderr[247] T0-M correction passed: every Y[S x O_i] cell, fused/repeat/reference, A/B/C, S_tile=2/4/8, four shards, and one/four-worker accounting gate
command[248] "D:\Install\Dev\Projects\IA\Ejercise\cpu-native-arch\build\t0m_int8_probe.exe" --D 512 --S 1 --R 4 --mode repeat --variant B --S-tile 8 --workers 4 --cpus 0,2,4,6 --rows-per-worker 1280,1280,1280,1280 --iterations 1 --timed-repetitions 5 --warmup 2
stdout[248] D,S,R,O_i,B_i,rows_per_worker,bytes_per_worker,mode,variant,S_tile,iterations,timed_repetitions,warmup,worker_count,worker_list,affinity,affinity_error,affinity_succeeded,timed_repetitions_exact,avx2_supported,kernel_used,eviction_bytes,eviction_checksum,elapsed_seconds,mac_total,mac_per_second,checksum
512,1,4,"1280,1280,1280,1280","2621440,2621440,2621440,2621440","1280,1280,1280,1280","2621440,2621440,2621440,2621440",repeat,B,8,1,5,2,4,"0,2,4,6","true,true,true,true","0,0,0,0",true,true,true,avx2,0,0,0.0021956,52428800,2.3879e+10,18446744073165017443
stderr[248] T0-M correction passed: every Y[S x O_i] cell, fused/repeat/reference, A/B/C, S_tile=2/4/8, four shards, and one/four-worker accounting gate
command[249] "D:\Install\Dev\Projects\IA\Ejercise\cpu-native-arch\build\t0m_int8_probe.exe" --D 512 --S 1 --R 8 --mode fused --variant A --S-tile 8 --workers 4 --cpus 0,2,4,6 --rows-per-worker 1280,1280,1280,1280 --iterations 1 --timed-repetitions 5 --warmup 2
stdout[249] D,S,R,O_i,B_i,rows_per_worker,bytes_per_worker,mode,variant,S_tile,iterations,timed_repetitions,warmup,worker_count,worker_list,affinity,affinity_error,affinity_succeeded,timed_repetitions_exact,avx2_supported,kernel_used,eviction_bytes,eviction_checksum,elapsed_seconds,mac_total,mac_per_second,checksum
512,1,8,"1280,1280,1280,1280","655360,655360,655360,655360","1280,1280,1280,1280","655360,655360,655360,655360",fused,A,8,1,5,2,4,"0,2,4,6","true,true,true,true","0,0,0,0",true,true,true,avx2,0,0,0.0096617,104857600,1.08529e+10,64670729
stderr[249] T0-M correction passed: every Y[S x O_i] cell, fused/repeat/reference, A/B/C, S_tile=2/4/8, four shards, and one/four-worker accounting gate
command[250] "D:\Install\Dev\Projects\IA\Ejercise\cpu-native-arch\build\t0m_int8_probe.exe" --D 512 --S 1 --R 8 --mode fused --variant B --S-tile 8 --workers 4 --cpus 0,2,4,6 --rows-per-worker 1280,1280,1280,1280 --iterations 1 --timed-repetitions 5 --warmup 2
stdout[250] D,S,R,O_i,B_i,rows_per_worker,bytes_per_worker,mode,variant,S_tile,iterations,timed_repetitions,warmup,worker_count,worker_list,affinity,affinity_error,affinity_succeeded,timed_repetitions_exact,avx2_supported,kernel_used,eviction_bytes,eviction_checksum,elapsed_seconds,mac_total,mac_per_second,checksum
512,1,8,"1280,1280,1280,1280","5242880,5242880,5242880,5242880","1280,1280,1280,1280","5242880,5242880,5242880,5242880",fused,B,8,1,5,2,4,"0,2,4,6","true,true,true,true","0,0,0,0",true,true,true,avx2,0,0,0.009593,104857600,1.09306e+10,18446744072504415719
stderr[250] T0-M correction passed: every Y[S x O_i] cell, fused/repeat/reference, A/B/C, S_tile=2/4/8, four shards, and one/four-worker accounting gate
command[251] "D:\Install\Dev\Projects\IA\Ejercise\cpu-native-arch\build\t0m_int8_probe.exe" --D 512 --S 1 --R 8 --mode repeat --variant A --S-tile 8 --workers 4 --cpus 0,2,4,6 --rows-per-worker 1280,1280,1280,1280 --iterations 1 --timed-repetitions 5 --warmup 2
stdout[251] D,S,R,O_i,B_i,rows_per_worker,bytes_per_worker,mode,variant,S_tile,iterations,timed_repetitions,warmup,worker_count,worker_list,affinity,affinity_error,affinity_succeeded,timed_repetitions_exact,avx2_supported,kernel_used,eviction_bytes,eviction_checksum,elapsed_seconds,mac_total,mac_per_second,checksum
512,1,8,"1280,1280,1280,1280","655360,655360,655360,655360","1280,1280,1280,1280","655360,655360,655360,655360",repeat,A,8,1,5,2,4,"0,2,4,6","true,true,true,true","0,0,0,0",true,true,true,avx2,0,0,0.0033656,104857600,3.11557e+10,64670729
stderr[251] T0-M correction passed: every Y[S x O_i] cell, fused/repeat/reference, A/B/C, S_tile=2/4/8, four shards, and one/four-worker accounting gate
command[252] "D:\Install\Dev\Projects\IA\Ejercise\cpu-native-arch\build\t0m_int8_probe.exe" --D 512 --S 1 --R 8 --mode repeat --variant B --S-tile 8 --workers 4 --cpus 0,2,4,6 --rows-per-worker 1280,1280,1280,1280 --iterations 1 --timed-repetitions 5 --warmup 2
stdout[252] D,S,R,O_i,B_i,rows_per_worker,bytes_per_worker,mode,variant,S_tile,iterations,timed_repetitions,warmup,worker_count,worker_list,affinity,affinity_error,affinity_succeeded,timed_repetitions_exact,avx2_supported,kernel_used,eviction_bytes,eviction_checksum,elapsed_seconds,mac_total,mac_per_second,checksum
512,1,8,"1280,1280,1280,1280","5242880,5242880,5242880,5242880","1280,1280,1280,1280","5242880,5242880,5242880,5242880",repeat,B,8,1,5,2,4,"0,2,4,6","true,true,true,true","0,0,0,0",true,true,true,avx2,0,0,0.0046672,104857600,2.24669e+10,18446744072504415719
stderr[252] T0-M correction passed: every Y[S x O_i] cell, fused/repeat/reference, A/B/C, S_tile=2/4/8, four shards, and one/four-worker accounting gate
command[253] "D:\Install\Dev\Projects\IA\Ejercise\cpu-native-arch\build\t0m_int8_probe.exe" --D 512 --S 1 --R 16 --mode fused --variant A --S-tile 8 --workers 4 --cpus 0,2,4,6 --rows-per-worker 1280,1280,1280,1280 --iterations 1 --timed-repetitions 5 --warmup 2
stdout[253] D,S,R,O_i,B_i,rows_per_worker,bytes_per_worker,mode,variant,S_tile,iterations,timed_repetitions,warmup,worker_count,worker_list,affinity,affinity_error,affinity_succeeded,timed_repetitions_exact,avx2_supported,kernel_used,eviction_bytes,eviction_checksum,elapsed_seconds,mac_total,mac_per_second,checksum
512,1,16,"1280,1280,1280,1280","655360,655360,655360,655360","1280,1280,1280,1280","655360,655360,655360,655360",fused,A,8,1,5,2,4,"0,2,4,6","true,true,true,true","0,0,0,0",true,true,true,avx2,0,0,0.018372,209715200,1.14149e+10,64670729
stderr[253] T0-M correction passed: every Y[S x O_i] cell, fused/repeat/reference, A/B/C, S_tile=2/4/8, four shards, and one/four-worker accounting gate
command[254] "D:\Install\Dev\Projects\IA\Ejercise\cpu-native-arch\build\t0m_int8_probe.exe" --D 512 --S 1 --R 16 --mode fused --variant B --S-tile 8 --workers 4 --cpus 0,2,4,6 --rows-per-worker 1280,1280,1280,1280 --iterations 1 --timed-repetitions 5 --warmup 2
stdout[254] D,S,R,O_i,B_i,rows_per_worker,bytes_per_worker,mode,variant,S_tile,iterations,timed_repetitions,warmup,worker_count,worker_list,affinity,affinity_error,affinity_succeeded,timed_repetitions_exact,avx2_supported,kernel_used,eviction_bytes,eviction_checksum,elapsed_seconds,mac_total,mac_per_second,checksum
512,1,16,"1280,1280,1280,1280","10485760,10485760,10485760,10485760","1280,1280,1280,1280","10485760,10485760,10485760,10485760",fused,B,8,1,5,2,4,"0,2,4,6","true,true,true,true","0,0,0,0",true,true,true,avx2,0,0,0.0213105,209715200,9.84093e+09,18446744073589481914
stderr[254] T0-M correction passed: every Y[S x O_i] cell, fused/repeat/reference, A/B/C, S_tile=2/4/8, four shards, and one/four-worker accounting gate
command[255] "D:\Install\Dev\Projects\IA\Ejercise\cpu-native-arch\build\t0m_int8_probe.exe" --D 512 --S 1 --R 16 --mode repeat --variant A --S-tile 8 --workers 4 --cpus 0,2,4,6 --rows-per-worker 1280,1280,1280,1280 --iterations 1 --timed-repetitions 5 --warmup 2
stdout[255] D,S,R,O_i,B_i,rows_per_worker,bytes_per_worker,mode,variant,S_tile,iterations,timed_repetitions,warmup,worker_count,worker_list,affinity,affinity_error,affinity_succeeded,timed_repetitions_exact,avx2_supported,kernel_used,eviction_bytes,eviction_checksum,elapsed_seconds,mac_total,mac_per_second,checksum
512,1,16,"1280,1280,1280,1280","655360,655360,655360,655360","1280,1280,1280,1280","655360,655360,655360,655360",repeat,A,8,1,5,2,4,"0,2,4,6","true,true,true,true","0,0,0,0",true,true,true,avx2,0,0,0.0093697,209715200,2.23823e+10,64670729
stderr[255] T0-M correction passed: every Y[S x O_i] cell, fused/repeat/reference, A/B/C, S_tile=2/4/8, four shards, and one/four-worker accounting gate
command[256] "D:\Install\Dev\Projects\IA\Ejercise\cpu-native-arch\build\t0m_int8_probe.exe" --D 512 --S 1 --R 16 --mode repeat --variant B --S-tile 8 --workers 4 --cpus 0,2,4,6 --rows-per-worker 1280,1280,1280,1280 --iterations 1 --timed-repetitions 5 --warmup 2
stdout[256] D,S,R,O_i,B_i,rows_per_worker,bytes_per_worker,mode,variant,S_tile,iterations,timed_repetitions,warmup,worker_count,worker_list,affinity,affinity_error,affinity_succeeded,timed_repetitions_exact,avx2_supported,kernel_used,eviction_bytes,eviction_checksum,elapsed_seconds,mac_total,mac_per_second,checksum
512,1,16,"1280,1280,1280,1280","10485760,10485760,10485760,10485760","1280,1280,1280,1280","10485760,10485760,10485760,10485760",repeat,B,8,1,5,2,4,"0,2,4,6","true,true,true,true","0,0,0,0",true,true,true,avx2,0,0,0.0078923,209715200,2.65721e+10,18446744073589481914
stderr[256] T0-M correction passed: every Y[S x O_i] cell, fused/repeat/reference, A/B/C, S_tile=2/4/8, four shards, and one/four-worker accounting gate
command[257] "D:\Install\Dev\Projects\IA\Ejercise\cpu-native-arch\build\t0m_int8_probe.exe" --D 512 --S 2 --R 1 --mode fused --variant A --S-tile 8 --workers 4 --cpus 0,2,4,6 --rows-per-worker 1280,1280,1280,1280 --iterations 1 --timed-repetitions 5 --warmup 2
stdout[257] D,S,R,O_i,B_i,rows_per_worker,bytes_per_worker,mode,variant,S_tile,iterations,timed_repetitions,warmup,worker_count,worker_list,affinity,affinity_error,affinity_succeeded,timed_repetitions_exact,avx2_supported,kernel_used,eviction_bytes,eviction_checksum,elapsed_seconds,mac_total,mac_per_second,checksum
512,2,1,"1280,1280,1280,1280","655360,655360,655360,655360","1280,1280,1280,1280","655360,655360,655360,655360",fused,A,8,1,5,2,4,"0,2,4,6","true,true,true,true","0,0,0,0",true,true,true,avx2,0,0,0.0056103,26214400,4.67255e+09,312469535
stderr[257] T0-M correction passed: every Y[S x O_i] cell, fused/repeat/reference, A/B/C, S_tile=2/4/8, four shards, and one/four-worker accounting gate
command[258] "D:\Install\Dev\Projects\IA\Ejercise\cpu-native-arch\build\t0m_int8_probe.exe" --D 512 --S 2 --R 1 --mode fused --variant B --S-tile 8 --workers 4 --cpus 0,2,4,6 --rows-per-worker 1280,1280,1280,1280 --iterations 1 --timed-repetitions 5 --warmup 2
stdout[258] D,S,R,O_i,B_i,rows_per_worker,bytes_per_worker,mode,variant,S_tile,iterations,timed_repetitions,warmup,worker_count,worker_list,affinity,affinity_error,affinity_succeeded,timed_repetitions_exact,avx2_supported,kernel_used,eviction_bytes,eviction_checksum,elapsed_seconds,mac_total,mac_per_second,checksum
512,2,1,"1280,1280,1280,1280","655360,655360,655360,655360","1280,1280,1280,1280","655360,655360,655360,655360",fused,B,8,1,5,2,4,"0,2,4,6","true,true,true,true","0,0,0,0",true,true,true,avx2,0,0,0.0025339,26214400,1.03455e+10,312469535
stderr[258] T0-M correction passed: every Y[S x O_i] cell, fused/repeat/reference, A/B/C, S_tile=2/4/8, four shards, and one/four-worker accounting gate
command[259] "D:\Install\Dev\Projects\IA\Ejercise\cpu-native-arch\build\t0m_int8_probe.exe" --D 512 --S 2 --R 1 --mode repeat --variant A --S-tile 8 --workers 4 --cpus 0,2,4,6 --rows-per-worker 1280,1280,1280,1280 --iterations 1 --timed-repetitions 5 --warmup 2
stdout[259] D,S,R,O_i,B_i,rows_per_worker,bytes_per_worker,mode,variant,S_tile,iterations,timed_repetitions,warmup,worker_count,worker_list,affinity,affinity_error,affinity_succeeded,timed_repetitions_exact,avx2_supported,kernel_used,eviction_bytes,eviction_checksum,elapsed_seconds,mac_total,mac_per_second,checksum
512,2,1,"1280,1280,1280,1280","655360,655360,655360,655360","1280,1280,1280,1280","655360,655360,655360,655360",repeat,A,8,1,5,2,4,"0,2,4,6","true,true,true,true","0,0,0,0",true,true,true,avx2,0,0,0.0013499,26214400,1.94195e+10,312469535
stderr[259] T0-M correction passed: every Y[S x O_i] cell, fused/repeat/reference, A/B/C, S_tile=2/4/8, four shards, and one/four-worker accounting gate
command[260] "D:\Install\Dev\Projects\IA\Ejercise\cpu-native-arch\build\t0m_int8_probe.exe" --D 512 --S 2 --R 1 --mode repeat --variant B --S-tile 8 --workers 4 --cpus 0,2,4,6 --rows-per-worker 1280,1280,1280,1280 --iterations 1 --timed-repetitions 5 --warmup 2
stdout[260] D,S,R,O_i,B_i,rows_per_worker,bytes_per_worker,mode,variant,S_tile,iterations,timed_repetitions,warmup,worker_count,worker_list,affinity,affinity_error,affinity_succeeded,timed_repetitions_exact,avx2_supported,kernel_used,eviction_bytes,eviction_checksum,elapsed_seconds,mac_total,mac_per_second,checksum
512,2,1,"1280,1280,1280,1280","655360,655360,655360,655360","1280,1280,1280,1280","655360,655360,655360,655360",repeat,B,8,1,5,2,4,"0,2,4,6","true,true,true,true","0,0,0,0",true,true,true,avx2,0,0,0.0014113,26214400,1.85746e+10,312469535
stderr[260] T0-M correction passed: every Y[S x O_i] cell, fused/repeat/reference, A/B/C, S_tile=2/4/8, four shards, and one/four-worker accounting gate
command[261] "D:\Install\Dev\Projects\IA\Ejercise\cpu-native-arch\build\t0m_int8_probe.exe" --D 512 --S 2 --R 2 --mode fused --variant A --S-tile 8 --workers 4 --cpus 0,2,4,6 --rows-per-worker 1280,1280,1280,1280 --iterations 1 --timed-repetitions 5 --warmup 2
stdout[261] D,S,R,O_i,B_i,rows_per_worker,bytes_per_worker,mode,variant,S_tile,iterations,timed_repetitions,warmup,worker_count,worker_list,affinity,affinity_error,affinity_succeeded,timed_repetitions_exact,avx2_supported,kernel_used,eviction_bytes,eviction_checksum,elapsed_seconds,mac_total,mac_per_second,checksum
512,2,2,"1280,1280,1280,1280","655360,655360,655360,655360","1280,1280,1280,1280","655360,655360,655360,655360",fused,A,8,1,5,2,4,"0,2,4,6","true,true,true,true","0,0,0,0",true,true,true,avx2,0,0,0.004963,52428800,1.05639e+10,312469535
stderr[261] T0-M correction passed: every Y[S x O_i] cell, fused/repeat/reference, A/B/C, S_tile=2/4/8, four shards, and one/four-worker accounting gate
command[262] "D:\Install\Dev\Projects\IA\Ejercise\cpu-native-arch\build\t0m_int8_probe.exe" --D 512 --S 2 --R 2 --mode fused --variant B --S-tile 8 --workers 4 --cpus 0,2,4,6 --rows-per-worker 1280,1280,1280,1280 --iterations 1 --timed-repetitions 5 --warmup 2
stdout[262] D,S,R,O_i,B_i,rows_per_worker,bytes_per_worker,mode,variant,S_tile,iterations,timed_repetitions,warmup,worker_count,worker_list,affinity,affinity_error,affinity_succeeded,timed_repetitions_exact,avx2_supported,kernel_used,eviction_bytes,eviction_checksum,elapsed_seconds,mac_total,mac_per_second,checksum
512,2,2,"1280,1280,1280,1280","1310720,1310720,1310720,1310720","1280,1280,1280,1280","1310720,1310720,1310720,1310720",fused,B,8,1,5,2,4,"0,2,4,6","true,true,true,true","0,0,0,0",true,true,true,avx2,0,0,0.0119002,52428800,4.40571e+09,1128515030
stderr[262] T0-M correction passed: every Y[S x O_i] cell, fused/repeat/reference, A/B/C, S_tile=2/4/8, four shards, and one/four-worker accounting gate
command[263] "D:\Install\Dev\Projects\IA\Ejercise\cpu-native-arch\build\t0m_int8_probe.exe" --D 512 --S 2 --R 2 --mode repeat --variant A --S-tile 8 --workers 4 --cpus 0,2,4,6 --rows-per-worker 1280,1280,1280,1280 --iterations 1 --timed-repetitions 5 --warmup 2
stdout[263] D,S,R,O_i,B_i,rows_per_worker,bytes_per_worker,mode,variant,S_tile,iterations,timed_repetitions,warmup,worker_count,worker_list,affinity,affinity_error,affinity_succeeded,timed_repetitions_exact,avx2_supported,kernel_used,eviction_bytes,eviction_checksum,elapsed_seconds,mac_total,mac_per_second,checksum
512,2,2,"1280,1280,1280,1280","655360,655360,655360,655360","1280,1280,1280,1280","655360,655360,655360,655360",repeat,A,8,1,5,2,4,"0,2,4,6","true,true,true,true","0,0,0,0",true,true,true,avx2,0,0,0.0026562,52428800,1.97383e+10,312469535
stderr[263] T0-M correction passed: every Y[S x O_i] cell, fused/repeat/reference, A/B/C, S_tile=2/4/8, four shards, and one/four-worker accounting gate
command[264] "D:\Install\Dev\Projects\IA\Ejercise\cpu-native-arch\build\t0m_int8_probe.exe" --D 512 --S 2 --R 2 --mode repeat --variant B --S-tile 8 --workers 4 --cpus 0,2,4,6 --rows-per-worker 1280,1280,1280,1280 --iterations 1 --timed-repetitions 5 --warmup 2
stdout[264] D,S,R,O_i,B_i,rows_per_worker,bytes_per_worker,mode,variant,S_tile,iterations,timed_repetitions,warmup,worker_count,worker_list,affinity,affinity_error,affinity_succeeded,timed_repetitions_exact,avx2_supported,kernel_used,eviction_bytes,eviction_checksum,elapsed_seconds,mac_total,mac_per_second,checksum
512,2,2,"1280,1280,1280,1280","1310720,1310720,1310720,1310720","1280,1280,1280,1280","1310720,1310720,1310720,1310720",repeat,B,8,1,5,2,4,"0,2,4,6","true,true,true,true","0,0,0,0",true,true,true,avx2,0,0,0.0023545,52428800,2.22675e+10,1128515030
stderr[264] T0-M correction passed: every Y[S x O_i] cell, fused/repeat/reference, A/B/C, S_tile=2/4/8, four shards, and one/four-worker accounting gate
command[265] "D:\Install\Dev\Projects\IA\Ejercise\cpu-native-arch\build\t0m_int8_probe.exe" --D 512 --S 2 --R 4 --mode fused --variant A --S-tile 8 --workers 4 --cpus 0,2,4,6 --rows-per-worker 1280,1280,1280,1280 --iterations 1 --timed-repetitions 5 --warmup 2
stdout[265] D,S,R,O_i,B_i,rows_per_worker,bytes_per_worker,mode,variant,S_tile,iterations,timed_repetitions,warmup,worker_count,worker_list,affinity,affinity_error,affinity_succeeded,timed_repetitions_exact,avx2_supported,kernel_used,eviction_bytes,eviction_checksum,elapsed_seconds,mac_total,mac_per_second,checksum
512,2,4,"1280,1280,1280,1280","655360,655360,655360,655360","1280,1280,1280,1280","655360,655360,655360,655360",fused,A,8,1,5,2,4,"0,2,4,6","true,true,true,true","0,0,0,0",true,true,true,avx2,0,0,0.007488,104857600,1.40034e+10,312469535
stderr[265] T0-M correction passed: every Y[S x O_i] cell, fused/repeat/reference, A/B/C, S_tile=2/4/8, four shards, and one/four-worker accounting gate
command[266] "D:\Install\Dev\Projects\IA\Ejercise\cpu-native-arch\build\t0m_int8_probe.exe" --D 512 --S 2 --R 4 --mode fused --variant B --S-tile 8 --workers 4 --cpus 0,2,4,6 --rows-per-worker 1280,1280,1280,1280 --iterations 1 --timed-repetitions 5 --warmup 2
stdout[266] D,S,R,O_i,B_i,rows_per_worker,bytes_per_worker,mode,variant,S_tile,iterations,timed_repetitions,warmup,worker_count,worker_list,affinity,affinity_error,affinity_succeeded,timed_repetitions_exact,avx2_supported,kernel_used,eviction_bytes,eviction_checksum,elapsed_seconds,mac_total,mac_per_second,checksum
512,2,4,"1280,1280,1280,1280","2621440,2621440,2621440,2621440","1280,1280,1280,1280","2621440,2621440,2621440,2621440",fused,B,8,1,5,2,4,"0,2,4,6","true,true,true,true","0,0,0,0",true,true,true,avx2,0,0,0.0084937,104857600,1.23453e+10,276028611
stderr[266] T0-M correction passed: every Y[S x O_i] cell, fused/repeat/reference, A/B/C, S_tile=2/4/8, four shards, and one/four-worker accounting gate
command[267] "D:\Install\Dev\Projects\IA\Ejercise\cpu-native-arch\build\t0m_int8_probe.exe" --D 512 --S 2 --R 4 --mode repeat --variant A --S-tile 8 --workers 4 --cpus 0,2,4,6 --rows-per-worker 1280,1280,1280,1280 --iterations 1 --timed-repetitions 5 --warmup 2
stdout[267] D,S,R,O_i,B_i,rows_per_worker,bytes_per_worker,mode,variant,S_tile,iterations,timed_repetitions,warmup,worker_count,worker_list,affinity,affinity_error,affinity_succeeded,timed_repetitions_exact,avx2_supported,kernel_used,eviction_bytes,eviction_checksum,elapsed_seconds,mac_total,mac_per_second,checksum
512,2,4,"1280,1280,1280,1280","655360,655360,655360,655360","1280,1280,1280,1280","655360,655360,655360,655360",repeat,A,8,1,5,2,4,"0,2,4,6","true,true,true,true","0,0,0,0",true,true,true,avx2,0,0,0.0049921,104857600,2.10047e+10,312469535
stderr[267] T0-M correction passed: every Y[S x O_i] cell, fused/repeat/reference, A/B/C, S_tile=2/4/8, four shards, and one/four-worker accounting gate
command[268] "D:\Install\Dev\Projects\IA\Ejercise\cpu-native-arch\build\t0m_int8_probe.exe" --D 512 --S 2 --R 4 --mode repeat --variant B --S-tile 8 --workers 4 --cpus 0,2,4,6 --rows-per-worker 1280,1280,1280,1280 --iterations 1 --timed-repetitions 5 --warmup 2
stdout[268] D,S,R,O_i,B_i,rows_per_worker,bytes_per_worker,mode,variant,S_tile,iterations,timed_repetitions,warmup,worker_count,worker_list,affinity,affinity_error,affinity_succeeded,timed_repetitions_exact,avx2_supported,kernel_used,eviction_bytes,eviction_checksum,elapsed_seconds,mac_total,mac_per_second,checksum
512,2,4,"1280,1280,1280,1280","2621440,2621440,2621440,2621440","1280,1280,1280,1280","2621440,2621440,2621440,2621440",repeat,B,8,1,5,2,4,"0,2,4,6","true,true,true,true","0,0,0,0",true,true,true,avx2,0,0,0.003231,104857600,3.24536e+10,276028611
stderr[268] T0-M correction passed: every Y[S x O_i] cell, fused/repeat/reference, A/B/C, S_tile=2/4/8, four shards, and one/four-worker accounting gate
command[269] "D:\Install\Dev\Projects\IA\Ejercise\cpu-native-arch\build\t0m_int8_probe.exe" --D 512 --S 2 --R 8 --mode fused --variant A --S-tile 8 --workers 4 --cpus 0,2,4,6 --rows-per-worker 1280,1280,1280,1280 --iterations 1 --timed-repetitions 5 --warmup 2
stdout[269] D,S,R,O_i,B_i,rows_per_worker,bytes_per_worker,mode,variant,S_tile,iterations,timed_repetitions,warmup,worker_count,worker_list,affinity,affinity_error,affinity_succeeded,timed_repetitions_exact,avx2_supported,kernel_used,eviction_bytes,eviction_checksum,elapsed_seconds,mac_total,mac_per_second,checksum
512,2,8,"1280,1280,1280,1280","655360,655360,655360,655360","1280,1280,1280,1280","655360,655360,655360,655360",fused,A,8,1,5,2,4,"0,2,4,6","true,true,true,true","0,0,0,0",true,true,true,avx2,0,0,0.0187993,209715200,1.11555e+10,312469535
stderr[269] T0-M correction passed: every Y[S x O_i] cell, fused/repeat/reference, A/B/C, S_tile=2/4/8, four shards, and one/four-worker accounting gate
command[270] "D:\Install\Dev\Projects\IA\Ejercise\cpu-native-arch\build\t0m_int8_probe.exe" --D 512 --S 2 --R 8 --mode fused --variant B --S-tile 8 --workers 4 --cpus 0,2,4,6 --rows-per-worker 1280,1280,1280,1280 --iterations 1 --timed-repetitions 5 --warmup 2
stdout[270] D,S,R,O_i,B_i,rows_per_worker,bytes_per_worker,mode,variant,S_tile,iterations,timed_repetitions,warmup,worker_count,worker_list,affinity,affinity_error,affinity_succeeded,timed_repetitions_exact,avx2_supported,kernel_used,eviction_bytes,eviction_checksum,elapsed_seconds,mac_total,mac_per_second,checksum
512,2,8,"1280,1280,1280,1280","5242880,5242880,5242880,5242880","1280,1280,1280,1280","5242880,5242880,5242880,5242880",fused,B,8,1,5,2,4,"0,2,4,6","true,true,true,true","0,0,0,0",true,true,true,avx2,0,0,0.014349,209715200,1.46153e+10,1893773
stderr[270] T0-M correction passed: every Y[S x O_i] cell, fused/repeat/reference, A/B/C, S_tile=2/4/8, four shards, and one/four-worker accounting gate
command[271] "D:\Install\Dev\Projects\IA\Ejercise\cpu-native-arch\build\t0m_int8_probe.exe" --D 512 --S 2 --R 8 --mode repeat --variant A --S-tile 8 --workers 4 --cpus 0,2,4,6 --rows-per-worker 1280,1280,1280,1280 --iterations 1 --timed-repetitions 5 --warmup 2
stdout[271] D,S,R,O_i,B_i,rows_per_worker,bytes_per_worker,mode,variant,S_tile,iterations,timed_repetitions,warmup,worker_count,worker_list,affinity,affinity_error,affinity_succeeded,timed_repetitions_exact,avx2_supported,kernel_used,eviction_bytes,eviction_checksum,elapsed_seconds,mac_total,mac_per_second,checksum
512,2,8,"1280,1280,1280,1280","655360,655360,655360,655360","1280,1280,1280,1280","655360,655360,655360,655360",repeat,A,8,1,5,2,4,"0,2,4,6","true,true,true,true","0,0,0,0",true,true,true,avx2,0,0,0.0114196,209715200,1.83645e+10,312469535
stderr[271] T0-M correction passed: every Y[S x O_i] cell, fused/repeat/reference, A/B/C, S_tile=2/4/8, four shards, and one/four-worker accounting gate
command[272] "D:\Install\Dev\Projects\IA\Ejercise\cpu-native-arch\build\t0m_int8_probe.exe" --D 512 --S 2 --R 8 --mode repeat --variant B --S-tile 8 --workers 4 --cpus 0,2,4,6 --rows-per-worker 1280,1280,1280,1280 --iterations 1 --timed-repetitions 5 --warmup 2
stdout[272] D,S,R,O_i,B_i,rows_per_worker,bytes_per_worker,mode,variant,S_tile,iterations,timed_repetitions,warmup,worker_count,worker_list,affinity,affinity_error,affinity_succeeded,timed_repetitions_exact,avx2_supported,kernel_used,eviction_bytes,eviction_checksum,elapsed_seconds,mac_total,mac_per_second,checksum
512,2,8,"1280,1280,1280,1280","5242880,5242880,5242880,5242880","1280,1280,1280,1280","5242880,5242880,5242880,5242880",repeat,B,8,1,5,2,4,"0,2,4,6","true,true,true,true","0,0,0,0",true,true,true,avx2,0,0,0.0111989,209715200,1.87264e+10,1893773
stderr[272] T0-M correction passed: every Y[S x O_i] cell, fused/repeat/reference, A/B/C, S_tile=2/4/8, four shards, and one/four-worker accounting gate
command[273] "D:\Install\Dev\Projects\IA\Ejercise\cpu-native-arch\build\t0m_int8_probe.exe" --D 512 --S 2 --R 16 --mode fused --variant A --S-tile 8 --workers 4 --cpus 0,2,4,6 --rows-per-worker 1280,1280,1280,1280 --iterations 1 --timed-repetitions 5 --warmup 2
stdout[273] D,S,R,O_i,B_i,rows_per_worker,bytes_per_worker,mode,variant,S_tile,iterations,timed_repetitions,warmup,worker_count,worker_list,affinity,affinity_error,affinity_succeeded,timed_repetitions_exact,avx2_supported,kernel_used,eviction_bytes,eviction_checksum,elapsed_seconds,mac_total,mac_per_second,checksum
512,2,16,"1280,1280,1280,1280","655360,655360,655360,655360","1280,1280,1280,1280","655360,655360,655360,655360",fused,A,8,1,5,2,4,"0,2,4,6","true,true,true,true","0,0,0,0",true,true,true,avx2,0,0,0.0279667,419430400,1.49975e+10,312469535
stderr[273] T0-M correction passed: every Y[S x O_i] cell, fused/repeat/reference, A/B/C, S_tile=2/4/8, four shards, and one/four-worker accounting gate
command[274] "D:\Install\Dev\Projects\IA\Ejercise\cpu-native-arch\build\t0m_int8_probe.exe" --D 512 --S 2 --R 16 --mode fused --variant B --S-tile 8 --workers 4 --cpus 0,2,4,6 --rows-per-worker 1280,1280,1280,1280 --iterations 1 --timed-repetitions 5 --warmup 2
stdout[274] D,S,R,O_i,B_i,rows_per_worker,bytes_per_worker,mode,variant,S_tile,iterations,timed_repetitions,warmup,worker_count,worker_list,affinity,affinity_error,affinity_succeeded,timed_repetitions_exact,avx2_supported,kernel_used,eviction_bytes,eviction_checksum,elapsed_seconds,mac_total,mac_per_second,checksum
512,2,16,"1280,1280,1280,1280","10485760,10485760,10485760,10485760","1280,1280,1280,1280","10485760,10485760,10485760,10485760",fused,B,8,1,5,2,4,"0,2,4,6","true,true,true,true","0,0,0,0",true,true,true,avx2,0,0,0.0288967,419430400,1.45148e+10,209099342
stderr[274] T0-M correction passed: every Y[S x O_i] cell, fused/repeat/reference, A/B/C, S_tile=2/4/8, four shards, and one/four-worker accounting gate
command[275] "D:\Install\Dev\Projects\IA\Ejercise\cpu-native-arch\build\t0m_int8_probe.exe" --D 512 --S 2 --R 16 --mode repeat --variant A --S-tile 8 --workers 4 --cpus 0,2,4,6 --rows-per-worker 1280,1280,1280,1280 --iterations 1 --timed-repetitions 5 --warmup 2
stdout[275] D,S,R,O_i,B_i,rows_per_worker,bytes_per_worker,mode,variant,S_tile,iterations,timed_repetitions,warmup,worker_count,worker_list,affinity,affinity_error,affinity_succeeded,timed_repetitions_exact,avx2_supported,kernel_used,eviction_bytes,eviction_checksum,elapsed_seconds,mac_total,mac_per_second,checksum
512,2,16,"1280,1280,1280,1280","655360,655360,655360,655360","1280,1280,1280,1280","655360,655360,655360,655360",repeat,A,8,1,5,2,4,"0,2,4,6","true,true,true,true","0,0,0,0",true,true,true,avx2,0,0,0.0157388,419430400,2.66495e+10,312469535
stderr[275] T0-M correction passed: every Y[S x O_i] cell, fused/repeat/reference, A/B/C, S_tile=2/4/8, four shards, and one/four-worker accounting gate
command[276] "D:\Install\Dev\Projects\IA\Ejercise\cpu-native-arch\build\t0m_int8_probe.exe" --D 512 --S 2 --R 16 --mode repeat --variant B --S-tile 8 --workers 4 --cpus 0,2,4,6 --rows-per-worker 1280,1280,1280,1280 --iterations 1 --timed-repetitions 5 --warmup 2
stdout[276] D,S,R,O_i,B_i,rows_per_worker,bytes_per_worker,mode,variant,S_tile,iterations,timed_repetitions,warmup,worker_count,worker_list,affinity,affinity_error,affinity_succeeded,timed_repetitions_exact,avx2_supported,kernel_used,eviction_bytes,eviction_checksum,elapsed_seconds,mac_total,mac_per_second,checksum
512,2,16,"1280,1280,1280,1280","10485760,10485760,10485760,10485760","1280,1280,1280,1280","10485760,10485760,10485760,10485760",repeat,B,8,1,5,2,4,"0,2,4,6","true,true,true,true","0,0,0,0",true,true,true,avx2,0,0,0.017996,419430400,2.33069e+10,209099342
stderr[276] T0-M correction passed: every Y[S x O_i] cell, fused/repeat/reference, A/B/C, S_tile=2/4/8, four shards, and one/four-worker accounting gate
command[277] "D:\Install\Dev\Projects\IA\Ejercise\cpu-native-arch\build\t0m_int8_probe.exe" --D 512 --S 4 --R 1 --mode fused --variant A --S-tile 8 --workers 4 --cpus 0,2,4,6 --rows-per-worker 1280,1280,1280,1280 --iterations 1 --timed-repetitions 5 --warmup 2
stdout[277] D,S,R,O_i,B_i,rows_per_worker,bytes_per_worker,mode,variant,S_tile,iterations,timed_repetitions,warmup,worker_count,worker_list,affinity,affinity_error,affinity_succeeded,timed_repetitions_exact,avx2_supported,kernel_used,eviction_bytes,eviction_checksum,elapsed_seconds,mac_total,mac_per_second,checksum
512,4,1,"1280,1280,1280,1280","655360,655360,655360,655360","1280,1280,1280,1280","655360,655360,655360,655360",fused,A,8,1,5,2,4,"0,2,4,6","true,true,true,true","0,0,0,0",true,true,true,avx2,0,0,0.0046577,52428800,1.12564e+10,1672557422
stderr[277] T0-M correction passed: every Y[S x O_i] cell, fused/repeat/reference, A/B/C, S_tile=2/4/8, four shards, and one/four-worker accounting gate
command[278] "D:\Install\Dev\Projects\IA\Ejercise\cpu-native-arch\build\t0m_int8_probe.exe" --D 512 --S 4 --R 1 --mode fused --variant B --S-tile 8 --workers 4 --cpus 0,2,4,6 --rows-per-worker 1280,1280,1280,1280 --iterations 1 --timed-repetitions 5 --warmup 2
stdout[278] D,S,R,O_i,B_i,rows_per_worker,bytes_per_worker,mode,variant,S_tile,iterations,timed_repetitions,warmup,worker_count,worker_list,affinity,affinity_error,affinity_succeeded,timed_repetitions_exact,avx2_supported,kernel_used,eviction_bytes,eviction_checksum,elapsed_seconds,mac_total,mac_per_second,checksum
512,4,1,"1280,1280,1280,1280","655360,655360,655360,655360","1280,1280,1280,1280","655360,655360,655360,655360",fused,B,8,1,5,2,4,"0,2,4,6","true,true,true,true","0,0,0,0",true,true,true,avx2,0,0,0.0026175,52428800,2.00301e+10,1672557422
stderr[278] T0-M correction passed: every Y[S x O_i] cell, fused/repeat/reference, A/B/C, S_tile=2/4/8, four shards, and one/four-worker accounting gate
command[279] "D:\Install\Dev\Projects\IA\Ejercise\cpu-native-arch\build\t0m_int8_probe.exe" --D 512 --S 4 --R 1 --mode repeat --variant A --S-tile 8 --workers 4 --cpus 0,2,4,6 --rows-per-worker 1280,1280,1280,1280 --iterations 1 --timed-repetitions 5 --warmup 2
stdout[279] D,S,R,O_i,B_i,rows_per_worker,bytes_per_worker,mode,variant,S_tile,iterations,timed_repetitions,warmup,worker_count,worker_list,affinity,affinity_error,affinity_succeeded,timed_repetitions_exact,avx2_supported,kernel_used,eviction_bytes,eviction_checksum,elapsed_seconds,mac_total,mac_per_second,checksum
512,4,1,"1280,1280,1280,1280","655360,655360,655360,655360","1280,1280,1280,1280","655360,655360,655360,655360",repeat,A,8,1,5,2,4,"0,2,4,6","true,true,true,true","0,0,0,0",true,true,true,avx2,0,0,0.0036327,52428800,1.44325e+10,1672557422
stderr[279] T0-M correction passed: every Y[S x O_i] cell, fused/repeat/reference, A/B/C, S_tile=2/4/8, four shards, and one/four-worker accounting gate
command[280] "D:\Install\Dev\Projects\IA\Ejercise\cpu-native-arch\build\t0m_int8_probe.exe" --D 512 --S 4 --R 1 --mode repeat --variant B --S-tile 8 --workers 4 --cpus 0,2,4,6 --rows-per-worker 1280,1280,1280,1280 --iterations 1 --timed-repetitions 5 --warmup 2
stdout[280] D,S,R,O_i,B_i,rows_per_worker,bytes_per_worker,mode,variant,S_tile,iterations,timed_repetitions,warmup,worker_count,worker_list,affinity,affinity_error,affinity_succeeded,timed_repetitions_exact,avx2_supported,kernel_used,eviction_bytes,eviction_checksum,elapsed_seconds,mac_total,mac_per_second,checksum
512,4,1,"1280,1280,1280,1280","655360,655360,655360,655360","1280,1280,1280,1280","655360,655360,655360,655360",repeat,B,8,1,5,2,4,"0,2,4,6","true,true,true,true","0,0,0,0",true,true,true,avx2,0,0,0.0020112,52428800,2.60684e+10,1672557422
stderr[280] T0-M correction passed: every Y[S x O_i] cell, fused/repeat/reference, A/B/C, S_tile=2/4/8, four shards, and one/four-worker accounting gate
command[281] "D:\Install\Dev\Projects\IA\Ejercise\cpu-native-arch\build\t0m_int8_probe.exe" --D 512 --S 4 --R 2 --mode fused --variant A --S-tile 8 --workers 4 --cpus 0,2,4,6 --rows-per-worker 1280,1280,1280,1280 --iterations 1 --timed-repetitions 5 --warmup 2
stdout[281] D,S,R,O_i,B_i,rows_per_worker,bytes_per_worker,mode,variant,S_tile,iterations,timed_repetitions,warmup,worker_count,worker_list,affinity,affinity_error,affinity_succeeded,timed_repetitions_exact,avx2_supported,kernel_used,eviction_bytes,eviction_checksum,elapsed_seconds,mac_total,mac_per_second,checksum
512,4,2,"1280,1280,1280,1280","655360,655360,655360,655360","1280,1280,1280,1280","655360,655360,655360,655360",fused,A,8,1,5,2,4,"0,2,4,6","true,true,true,true","0,0,0,0",true,true,true,avx2,0,0,0.0042175,104857600,2.48625e+10,1672557422
stderr[281] T0-M correction passed: every Y[S x O_i] cell, fused/repeat/reference, A/B/C, S_tile=2/4/8, four shards, and one/four-worker accounting gate
command[282] "D:\Install\Dev\Projects\IA\Ejercise\cpu-native-arch\build\t0m_int8_probe.exe" --D 512 --S 4 --R 2 --mode fused --variant B --S-tile 8 --workers 4 --cpus 0,2,4,6 --rows-per-worker 1280,1280,1280,1280 --iterations 1 --timed-repetitions 5 --warmup 2
stdout[282] D,S,R,O_i,B_i,rows_per_worker,bytes_per_worker,mode,variant,S_tile,iterations,timed_repetitions,warmup,worker_count,worker_list,affinity,affinity_error,affinity_succeeded,timed_repetitions_exact,avx2_supported,kernel_used,eviction_bytes,eviction_checksum,elapsed_seconds,mac_total,mac_per_second,checksum
512,4,2,"1280,1280,1280,1280","1310720,1310720,1310720,1310720","1280,1280,1280,1280","1310720,1310720,1310720,1310720",fused,B,8,1,5,2,4,"0,2,4,6","true,true,true,true","0,0,0,0",true,true,true,avx2,0,0,0.0056063,104857600,1.87035e+10,18446744072295582924
stderr[282] T0-M correction passed: every Y[S x O_i] cell, fused/repeat/reference, A/B/C, S_tile=2/4/8, four shards, and one/four-worker accounting gate
command[283] "D:\Install\Dev\Projects\IA\Ejercise\cpu-native-arch\build\t0m_int8_probe.exe" --D 512 --S 4 --R 2 --mode repeat --variant A --S-tile 8 --workers 4 --cpus 0,2,4,6 --rows-per-worker 1280,1280,1280,1280 --iterations 1 --timed-repetitions 5 --warmup 2
stdout[283] D,S,R,O_i,B_i,rows_per_worker,bytes_per_worker,mode,variant,S_tile,iterations,timed_repetitions,warmup,worker_count,worker_list,affinity,affinity_error,affinity_succeeded,timed_repetitions_exact,avx2_supported,kernel_used,eviction_bytes,eviction_checksum,elapsed_seconds,mac_total,mac_per_second,checksum
512,4,2,"1280,1280,1280,1280","655360,655360,655360,655360","1280,1280,1280,1280","655360,655360,655360,655360",repeat,A,8,1,5,2,4,"0,2,4,6","true,true,true,true","0,0,0,0",true,true,true,avx2,0,0,0.0040725,104857600,2.57477e+10,1672557422
stderr[283] T0-M correction passed: every Y[S x O_i] cell, fused/repeat/reference, A/B/C, S_tile=2/4/8, four shards, and one/four-worker accounting gate
command[284] "D:\Install\Dev\Projects\IA\Ejercise\cpu-native-arch\build\t0m_int8_probe.exe" --D 512 --S 4 --R 2 --mode repeat --variant B --S-tile 8 --workers 4 --cpus 0,2,4,6 --rows-per-worker 1280,1280,1280,1280 --iterations 1 --timed-repetitions 5 --warmup 2
stdout[284] D,S,R,O_i,B_i,rows_per_worker,bytes_per_worker,mode,variant,S_tile,iterations,timed_repetitions,warmup,worker_count,worker_list,affinity,affinity_error,affinity_succeeded,timed_repetitions_exact,avx2_supported,kernel_used,eviction_bytes,eviction_checksum,elapsed_seconds,mac_total,mac_per_second,checksum
512,4,2,"1280,1280,1280,1280","1310720,1310720,1310720,1310720","1280,1280,1280,1280","1310720,1310720,1310720,1310720",repeat,B,8,1,5,2,4,"0,2,4,6","true,true,true,true","0,0,0,0",true,true,true,avx2,0,0,0.0038933,104857600,2.69328e+10,18446744072295582924
stderr[284] T0-M correction passed: every Y[S x O_i] cell, fused/repeat/reference, A/B/C, S_tile=2/4/8, four shards, and one/four-worker accounting gate
command[285] "D:\Install\Dev\Projects\IA\Ejercise\cpu-native-arch\build\t0m_int8_probe.exe" --D 512 --S 4 --R 4 --mode fused --variant A --S-tile 8 --workers 4 --cpus 0,2,4,6 --rows-per-worker 1280,1280,1280,1280 --iterations 1 --timed-repetitions 5 --warmup 2
stdout[285] D,S,R,O_i,B_i,rows_per_worker,bytes_per_worker,mode,variant,S_tile,iterations,timed_repetitions,warmup,worker_count,worker_list,affinity,affinity_error,affinity_succeeded,timed_repetitions_exact,avx2_supported,kernel_used,eviction_bytes,eviction_checksum,elapsed_seconds,mac_total,mac_per_second,checksum
512,4,4,"1280,1280,1280,1280","655360,655360,655360,655360","1280,1280,1280,1280","655360,655360,655360,655360",fused,A,8,1,5,2,4,"0,2,4,6","true,true,true,true","0,0,0,0",true,true,true,avx2,0,0,0.0089917,209715200,2.33232e+10,1672557422
stderr[285] T0-M correction passed: every Y[S x O_i] cell, fused/repeat/reference, A/B/C, S_tile=2/4/8, four shards, and one/four-worker accounting gate
command[286] "D:\Install\Dev\Projects\IA\Ejercise\cpu-native-arch\build\t0m_int8_probe.exe" --D 512 --S 4 --R 4 --mode fused --variant B --S-tile 8 --workers 4 --cpus 0,2,4,6 --rows-per-worker 1280,1280,1280,1280 --iterations 1 --timed-repetitions 5 --warmup 2
stdout[286] D,S,R,O_i,B_i,rows_per_worker,bytes_per_worker,mode,variant,S_tile,iterations,timed_repetitions,warmup,worker_count,worker_list,affinity,affinity_error,affinity_succeeded,timed_repetitions_exact,avx2_supported,kernel_used,eviction_bytes,eviction_checksum,elapsed_seconds,mac_total,mac_per_second,checksum
512,4,4,"1280,1280,1280,1280","2621440,2621440,2621440,2621440","1280,1280,1280,1280","2621440,2621440,2621440,2621440",fused,B,8,1,5,2,4,"0,2,4,6","true,true,true,true","0,0,0,0",true,true,true,avx2,0,0,0.0095148,209715200,2.20409e+10,1764999926
stderr[286] T0-M correction passed: every Y[S x O_i] cell, fused/repeat/reference, A/B/C, S_tile=2/4/8, four shards, and one/four-worker accounting gate
command[287] "D:\Install\Dev\Projects\IA\Ejercise\cpu-native-arch\build\t0m_int8_probe.exe" --D 512 --S 4 --R 4 --mode repeat --variant A --S-tile 8 --workers 4 --cpus 0,2,4,6 --rows-per-worker 1280,1280,1280,1280 --iterations 1 --timed-repetitions 5 --warmup 2
stdout[287] D,S,R,O_i,B_i,rows_per_worker,bytes_per_worker,mode,variant,S_tile,iterations,timed_repetitions,warmup,worker_count,worker_list,affinity,affinity_error,affinity_succeeded,timed_repetitions_exact,avx2_supported,kernel_used,eviction_bytes,eviction_checksum,elapsed_seconds,mac_total,mac_per_second,checksum
512,4,4,"1280,1280,1280,1280","655360,655360,655360,655360","1280,1280,1280,1280","655360,655360,655360,655360",repeat,A,8,1,5,2,4,"0,2,4,6","true,true,true,true","0,0,0,0",true,true,true,avx2,0,0,0.006392,209715200,3.2809e+10,1672557422
stderr[287] T0-M correction passed: every Y[S x O_i] cell, fused/repeat/reference, A/B/C, S_tile=2/4/8, four shards, and one/four-worker accounting gate
command[288] "D:\Install\Dev\Projects\IA\Ejercise\cpu-native-arch\build\t0m_int8_probe.exe" --D 512 --S 4 --R 4 --mode repeat --variant B --S-tile 8 --workers 4 --cpus 0,2,4,6 --rows-per-worker 1280,1280,1280,1280 --iterations 1 --timed-repetitions 5 --warmup 2
stdout[288] D,S,R,O_i,B_i,rows_per_worker,bytes_per_worker,mode,variant,S_tile,iterations,timed_repetitions,warmup,worker_count,worker_list,affinity,affinity_error,affinity_succeeded,timed_repetitions_exact,avx2_supported,kernel_used,eviction_bytes,eviction_checksum,elapsed_seconds,mac_total,mac_per_second,checksum
512,4,4,"1280,1280,1280,1280","2621440,2621440,2621440,2621440","1280,1280,1280,1280","2621440,2621440,2621440,2621440",repeat,B,8,1,5,2,4,"0,2,4,6","true,true,true,true","0,0,0,0",true,true,true,avx2,0,0,0.0071595,209715200,2.92919e+10,1764999926
stderr[288] T0-M correction passed: every Y[S x O_i] cell, fused/repeat/reference, A/B/C, S_tile=2/4/8, four shards, and one/four-worker accounting gate
command[289] "D:\Install\Dev\Projects\IA\Ejercise\cpu-native-arch\build\t0m_int8_probe.exe" --D 512 --S 4 --R 8 --mode fused --variant A --S-tile 8 --workers 4 --cpus 0,2,4,6 --rows-per-worker 1280,1280,1280,1280 --iterations 1 --timed-repetitions 5 --warmup 2
stdout[289] D,S,R,O_i,B_i,rows_per_worker,bytes_per_worker,mode,variant,S_tile,iterations,timed_repetitions,warmup,worker_count,worker_list,affinity,affinity_error,affinity_succeeded,timed_repetitions_exact,avx2_supported,kernel_used,eviction_bytes,eviction_checksum,elapsed_seconds,mac_total,mac_per_second,checksum
512,4,8,"1280,1280,1280,1280","655360,655360,655360,655360","1280,1280,1280,1280","655360,655360,655360,655360",fused,A,8,1,5,2,4,"0,2,4,6","true,true,true,true","0,0,0,0",true,true,true,avx2,0,0,0.0244062,419430400,1.71854e+10,1672557422
stderr[289] T0-M correction passed: every Y[S x O_i] cell, fused/repeat/reference, A/B/C, S_tile=2/4/8, four shards, and one/four-worker accounting gate
command[290] "D:\Install\Dev\Projects\IA\Ejercise\cpu-native-arch\build\t0m_int8_probe.exe" --D 512 --S 4 --R 8 --mode fused --variant B --S-tile 8 --workers 4 --cpus 0,2,4,6 --rows-per-worker 1280,1280,1280,1280 --iterations 1 --timed-repetitions 5 --warmup 2
stdout[290] D,S,R,O_i,B_i,rows_per_worker,bytes_per_worker,mode,variant,S_tile,iterations,timed_repetitions,warmup,worker_count,worker_list,affinity,affinity_error,affinity_succeeded,timed_repetitions_exact,avx2_supported,kernel_used,eviction_bytes,eviction_checksum,elapsed_seconds,mac_total,mac_per_second,checksum
512,4,8,"1280,1280,1280,1280","5242880,5242880,5242880,5242880","1280,1280,1280,1280","5242880,5242880,5242880,5242880",fused,B,8,1,5,2,4,"0,2,4,6","true,true,true,true","0,0,0,0",true,true,true,avx2,0,0,0.0288922,419430400,1.45171e+10,2958664132
stderr[290] T0-M correction passed: every Y[S x O_i] cell, fused/repeat/reference, A/B/C, S_tile=2/4/8, four shards, and one/four-worker accounting gate
command[291] "D:\Install\Dev\Projects\IA\Ejercise\cpu-native-arch\build\t0m_int8_probe.exe" --D 512 --S 4 --R 8 --mode repeat --variant A --S-tile 8 --workers 4 --cpus 0,2,4,6 --rows-per-worker 1280,1280,1280,1280 --iterations 1 --timed-repetitions 5 --warmup 2
stdout[291] D,S,R,O_i,B_i,rows_per_worker,bytes_per_worker,mode,variant,S_tile,iterations,timed_repetitions,warmup,worker_count,worker_list,affinity,affinity_error,affinity_succeeded,timed_repetitions_exact,avx2_supported,kernel_used,eviction_bytes,eviction_checksum,elapsed_seconds,mac_total,mac_per_second,checksum
512,4,8,"1280,1280,1280,1280","655360,655360,655360,655360","1280,1280,1280,1280","655360,655360,655360,655360",repeat,A,8,1,5,2,4,"0,2,4,6","true,true,true,true","0,0,0,0",true,true,true,avx2,0,0,0.0184433,419430400,2.27416e+10,1672557422
stderr[291] T0-M correction passed: every Y[S x O_i] cell, fused/repeat/reference, A/B/C, S_tile=2/4/8, four shards, and one/four-worker accounting gate
command[292] "D:\Install\Dev\Projects\IA\Ejercise\cpu-native-arch\build\t0m_int8_probe.exe" --D 512 --S 4 --R 8 --mode repeat --variant B --S-tile 8 --workers 4 --cpus 0,2,4,6 --rows-per-worker 1280,1280,1280,1280 --iterations 1 --timed-repetitions 5 --warmup 2
stdout[292] D,S,R,O_i,B_i,rows_per_worker,bytes_per_worker,mode,variant,S_tile,iterations,timed_repetitions,warmup,worker_count,worker_list,affinity,affinity_error,affinity_succeeded,timed_repetitions_exact,avx2_supported,kernel_used,eviction_bytes,eviction_checksum,elapsed_seconds,mac_total,mac_per_second,checksum
512,4,8,"1280,1280,1280,1280","5242880,5242880,5242880,5242880","1280,1280,1280,1280","5242880,5242880,5242880,5242880",repeat,B,8,1,5,2,4,"0,2,4,6","true,true,true,true","0,0,0,0",true,true,true,avx2,0,0,0.0190385,419430400,2.20306e+10,2958664132
stderr[292] T0-M correction passed: every Y[S x O_i] cell, fused/repeat/reference, A/B/C, S_tile=2/4/8, four shards, and one/four-worker accounting gate
command[293] "D:\Install\Dev\Projects\IA\Ejercise\cpu-native-arch\build\t0m_int8_probe.exe" --D 512 --S 4 --R 16 --mode fused --variant A --S-tile 8 --workers 4 --cpus 0,2,4,6 --rows-per-worker 1280,1280,1280,1280 --iterations 1 --timed-repetitions 5 --warmup 2
stdout[293] D,S,R,O_i,B_i,rows_per_worker,bytes_per_worker,mode,variant,S_tile,iterations,timed_repetitions,warmup,worker_count,worker_list,affinity,affinity_error,affinity_succeeded,timed_repetitions_exact,avx2_supported,kernel_used,eviction_bytes,eviction_checksum,elapsed_seconds,mac_total,mac_per_second,checksum
512,4,16,"1280,1280,1280,1280","655360,655360,655360,655360","1280,1280,1280,1280","655360,655360,655360,655360",fused,A,8,1,5,2,4,"0,2,4,6","true,true,true,true","0,0,0,0",true,true,true,avx2,0,0,0.0423878,838860800,1.97901e+10,1672557422
stderr[293] T0-M correction passed: every Y[S x O_i] cell, fused/repeat/reference, A/B/C, S_tile=2/4/8, four shards, and one/four-worker accounting gate
command[294] "D:\Install\Dev\Projects\IA\Ejercise\cpu-native-arch\build\t0m_int8_probe.exe" --D 512 --S 4 --R 16 --mode fused --variant B --S-tile 8 --workers 4 --cpus 0,2,4,6 --rows-per-worker 1280,1280,1280,1280 --iterations 1 --timed-repetitions 5 --warmup 2
stdout[294] D,S,R,O_i,B_i,rows_per_worker,bytes_per_worker,mode,variant,S_tile,iterations,timed_repetitions,warmup,worker_count,worker_list,affinity,affinity_error,affinity_succeeded,timed_repetitions_exact,avx2_supported,kernel_used,eviction_bytes,eviction_checksum,elapsed_seconds,mac_total,mac_per_second,checksum
512,4,16,"1280,1280,1280,1280","10485760,10485760,10485760,10485760","1280,1280,1280,1280","10485760,10485760,10485760,10485760",fused,B,8,1,5,2,4,"0,2,4,6","true,true,true,true","0,0,0,0",true,true,true,avx2,0,0,0.0631878,838860800,1.32757e+10,18446744071828584630
stderr[294] T0-M correction passed: every Y[S x O_i] cell, fused/repeat/reference, A/B/C, S_tile=2/4/8, four shards, and one/four-worker accounting gate
command[295] "D:\Install\Dev\Projects\IA\Ejercise\cpu-native-arch\build\t0m_int8_probe.exe" --D 512 --S 4 --R 16 --mode repeat --variant A --S-tile 8 --workers 4 --cpus 0,2,4,6 --rows-per-worker 1280,1280,1280,1280 --iterations 1 --timed-repetitions 5 --warmup 2
stdout[295] D,S,R,O_i,B_i,rows_per_worker,bytes_per_worker,mode,variant,S_tile,iterations,timed_repetitions,warmup,worker_count,worker_list,affinity,affinity_error,affinity_succeeded,timed_repetitions_exact,avx2_supported,kernel_used,eviction_bytes,eviction_checksum,elapsed_seconds,mac_total,mac_per_second,checksum
512,4,16,"1280,1280,1280,1280","655360,655360,655360,655360","1280,1280,1280,1280","655360,655360,655360,655360",repeat,A,8,1,5,2,4,"0,2,4,6","true,true,true,true","0,0,0,0",true,true,true,avx2,0,0,0.0419747,838860800,1.99849e+10,1672557422
stderr[295] T0-M correction passed: every Y[S x O_i] cell, fused/repeat/reference, A/B/C, S_tile=2/4/8, four shards, and one/four-worker accounting gate
command[296] "D:\Install\Dev\Projects\IA\Ejercise\cpu-native-arch\build\t0m_int8_probe.exe" --D 512 --S 4 --R 16 --mode repeat --variant B --S-tile 8 --workers 4 --cpus 0,2,4,6 --rows-per-worker 1280,1280,1280,1280 --iterations 1 --timed-repetitions 5 --warmup 2
stdout[296] D,S,R,O_i,B_i,rows_per_worker,bytes_per_worker,mode,variant,S_tile,iterations,timed_repetitions,warmup,worker_count,worker_list,affinity,affinity_error,affinity_succeeded,timed_repetitions_exact,avx2_supported,kernel_used,eviction_bytes,eviction_checksum,elapsed_seconds,mac_total,mac_per_second,checksum
512,4,16,"1280,1280,1280,1280","10485760,10485760,10485760,10485760","1280,1280,1280,1280","10485760,10485760,10485760,10485760",repeat,B,8,1,5,2,4,"0,2,4,6","true,true,true,true","0,0,0,0",true,true,true,avx2,0,0,0.0383817,838860800,2.18557e+10,18446744071828584630
stderr[296] T0-M correction passed: every Y[S x O_i] cell, fused/repeat/reference, A/B/C, S_tile=2/4/8, four shards, and one/four-worker accounting gate
command[297] "D:\Install\Dev\Projects\IA\Ejercise\cpu-native-arch\build\t0m_int8_probe.exe" --D 512 --S 8 --R 1 --mode fused --variant A --S-tile 8 --workers 4 --cpus 0,2,4,6 --rows-per-worker 1280,1280,1280,1280 --iterations 1 --timed-repetitions 5 --warmup 2
stdout[297] D,S,R,O_i,B_i,rows_per_worker,bytes_per_worker,mode,variant,S_tile,iterations,timed_repetitions,warmup,worker_count,worker_list,affinity,affinity_error,affinity_succeeded,timed_repetitions_exact,avx2_supported,kernel_used,eviction_bytes,eviction_checksum,elapsed_seconds,mac_total,mac_per_second,checksum
512,8,1,"1280,1280,1280,1280","655360,655360,655360,655360","1280,1280,1280,1280","655360,655360,655360,655360",fused,A,8,1,5,2,4,"0,2,4,6","true,true,true,true","0,0,0,0",true,true,true,avx2,0,0,0.0072964,104857600,1.43711e+10,18446744072337701929
stderr[297] T0-M correction passed: every Y[S x O_i] cell, fused/repeat/reference, A/B/C, S_tile=2/4/8, four shards, and one/four-worker accounting gate
command[298] "D:\Install\Dev\Projects\IA\Ejercise\cpu-native-arch\build\t0m_int8_probe.exe" --D 512 --S 8 --R 1 --mode fused --variant B --S-tile 8 --workers 4 --cpus 0,2,4,6 --rows-per-worker 1280,1280,1280,1280 --iterations 1 --timed-repetitions 5 --warmup 2
stdout[298] D,S,R,O_i,B_i,rows_per_worker,bytes_per_worker,mode,variant,S_tile,iterations,timed_repetitions,warmup,worker_count,worker_list,affinity,affinity_error,affinity_succeeded,timed_repetitions_exact,avx2_supported,kernel_used,eviction_bytes,eviction_checksum,elapsed_seconds,mac_total,mac_per_second,checksum
512,8,1,"1280,1280,1280,1280","655360,655360,655360,655360","1280,1280,1280,1280","655360,655360,655360,655360",fused,B,8,1,5,2,4,"0,2,4,6","true,true,true,true","0,0,0,0",true,true,true,avx2,0,0,0.0047556,104857600,2.20493e+10,18446744072337701929
stderr[298] T0-M correction passed: every Y[S x O_i] cell, fused/repeat/reference, A/B/C, S_tile=2/4/8, four shards, and one/four-worker accounting gate
command[299] "D:\Install\Dev\Projects\IA\Ejercise\cpu-native-arch\build\t0m_int8_probe.exe" --D 512 --S 8 --R 1 --mode repeat --variant A --S-tile 8 --workers 4 --cpus 0,2,4,6 --rows-per-worker 1280,1280,1280,1280 --iterations 1 --timed-repetitions 5 --warmup 2
stdout[299] D,S,R,O_i,B_i,rows_per_worker,bytes_per_worker,mode,variant,S_tile,iterations,timed_repetitions,warmup,worker_count,worker_list,affinity,affinity_error,affinity_succeeded,timed_repetitions_exact,avx2_supported,kernel_used,eviction_bytes,eviction_checksum,elapsed_seconds,mac_total,mac_per_second,checksum
512,8,1,"1280,1280,1280,1280","655360,655360,655360,655360","1280,1280,1280,1280","655360,655360,655360,655360",repeat,A,8,1,5,2,4,"0,2,4,6","true,true,true,true","0,0,0,0",true,true,true,avx2,0,0,0.0044481,104857600,2.35736e+10,18446744072337701929
stderr[299] T0-M correction passed: every Y[S x O_i] cell, fused/repeat/reference, A/B/C, S_tile=2/4/8, four shards, and one/four-worker accounting gate
command[300] "D:\Install\Dev\Projects\IA\Ejercise\cpu-native-arch\build\t0m_int8_probe.exe" --D 512 --S 8 --R 1 --mode repeat --variant B --S-tile 8 --workers 4 --cpus 0,2,4,6 --rows-per-worker 1280,1280,1280,1280 --iterations 1 --timed-repetitions 5 --warmup 2
stdout[300] D,S,R,O_i,B_i,rows_per_worker,bytes_per_worker,mode,variant,S_tile,iterations,timed_repetitions,warmup,worker_count,worker_list,affinity,affinity_error,affinity_succeeded,timed_repetitions_exact,avx2_supported,kernel_used,eviction_bytes,eviction_checksum,elapsed_seconds,mac_total,mac_per_second,checksum
512,8,1,"1280,1280,1280,1280","655360,655360,655360,655360","1280,1280,1280,1280","655360,655360,655360,655360",repeat,B,8,1,5,2,4,"0,2,4,6","true,true,true,true","0,0,0,0",true,true,true,avx2,0,0,0.0052465,104857600,1.99862e+10,18446744072337701929
stderr[300] T0-M correction passed: every Y[S x O_i] cell, fused/repeat/reference, A/B/C, S_tile=2/4/8, four shards, and one/four-worker accounting gate
command[301] "D:\Install\Dev\Projects\IA\Ejercise\cpu-native-arch\build\t0m_int8_probe.exe" --D 512 --S 8 --R 2 --mode fused --variant A --S-tile 8 --workers 4 --cpus 0,2,4,6 --rows-per-worker 1280,1280,1280,1280 --iterations 1 --timed-repetitions 5 --warmup 2
stdout[301] D,S,R,O_i,B_i,rows_per_worker,bytes_per_worker,mode,variant,S_tile,iterations,timed_repetitions,warmup,worker_count,worker_list,affinity,affinity_error,affinity_succeeded,timed_repetitions_exact,avx2_supported,kernel_used,eviction_bytes,eviction_checksum,elapsed_seconds,mac_total,mac_per_second,checksum
512,8,2,"1280,1280,1280,1280","655360,655360,655360,655360","1280,1280,1280,1280","655360,655360,655360,655360",fused,A,8,1,5,2,4,"0,2,4,6","true,true,true,true","0,0,0,0",true,true,true,avx2,0,0,0.0129619,209715200,1.61794e+10,18446744072337701929
stderr[301] T0-M correction passed: every Y[S x O_i] cell, fused/repeat/reference, A/B/C, S_tile=2/4/8, four shards, and one/four-worker accounting gate
command[302] "D:\Install\Dev\Projects\IA\Ejercise\cpu-native-arch\build\t0m_int8_probe.exe" --D 512 --S 8 --R 2 --mode fused --variant B --S-tile 8 --workers 4 --cpus 0,2,4,6 --rows-per-worker 1280,1280,1280,1280 --iterations 1 --timed-repetitions 5 --warmup 2
stdout[302] D,S,R,O_i,B_i,rows_per_worker,bytes_per_worker,mode,variant,S_tile,iterations,timed_repetitions,warmup,worker_count,worker_list,affinity,affinity_error,affinity_succeeded,timed_repetitions_exact,avx2_supported,kernel_used,eviction_bytes,eviction_checksum,elapsed_seconds,mac_total,mac_per_second,checksum
512,8,2,"1280,1280,1280,1280","1310720,1310720,1310720,1310720","1280,1280,1280,1280","1310720,1310720,1310720,1310720",fused,B,8,1,5,2,4,"0,2,4,6","true,true,true,true","0,0,0,0",true,true,true,avx2,0,0,0.0078921,209715200,2.65728e+10,7805647793
stderr[302] T0-M correction passed: every Y[S x O_i] cell, fused/repeat/reference, A/B/C, S_tile=2/4/8, four shards, and one/four-worker accounting gate
command[303] "D:\Install\Dev\Projects\IA\Ejercise\cpu-native-arch\build\t0m_int8_probe.exe" --D 512 --S 8 --R 2 --mode repeat --variant A --S-tile 8 --workers 4 --cpus 0,2,4,6 --rows-per-worker 1280,1280,1280,1280 --iterations 1 --timed-repetitions 5 --warmup 2
stdout[303] D,S,R,O_i,B_i,rows_per_worker,bytes_per_worker,mode,variant,S_tile,iterations,timed_repetitions,warmup,worker_count,worker_list,affinity,affinity_error,affinity_succeeded,timed_repetitions_exact,avx2_supported,kernel_used,eviction_bytes,eviction_checksum,elapsed_seconds,mac_total,mac_per_second,checksum
512,8,2,"1280,1280,1280,1280","655360,655360,655360,655360","1280,1280,1280,1280","655360,655360,655360,655360",repeat,A,8,1,5,2,4,"0,2,4,6","true,true,true,true","0,0,0,0",true,true,true,avx2,0,0,0.0080067,209715200,2.61925e+10,18446744072337701929
stderr[303] T0-M correction passed: every Y[S x O_i] cell, fused/repeat/reference, A/B/C, S_tile=2/4/8, four shards, and one/four-worker accounting gate
command[304] "D:\Install\Dev\Projects\IA\Ejercise\cpu-native-arch\build\t0m_int8_probe.exe" --D 512 --S 8 --R 2 --mode repeat --variant B --S-tile 8 --workers 4 --cpus 0,2,4,6 --rows-per-worker 1280,1280,1280,1280 --iterations 1 --timed-repetitions 5 --warmup 2
stdout[304] D,S,R,O_i,B_i,rows_per_worker,bytes_per_worker,mode,variant,S_tile,iterations,timed_repetitions,warmup,worker_count,worker_list,affinity,affinity_error,affinity_succeeded,timed_repetitions_exact,avx2_supported,kernel_used,eviction_bytes,eviction_checksum,elapsed_seconds,mac_total,mac_per_second,checksum
512,8,2,"1280,1280,1280,1280","1310720,1310720,1310720,1310720","1280,1280,1280,1280","1310720,1310720,1310720,1310720",repeat,B,8,1,5,2,4,"0,2,4,6","true,true,true,true","0,0,0,0",true,true,true,avx2,0,0,0.0063779,209715200,3.28815e+10,7805647793
stderr[304] T0-M correction passed: every Y[S x O_i] cell, fused/repeat/reference, A/B/C, S_tile=2/4/8, four shards, and one/four-worker accounting gate
command[305] "D:\Install\Dev\Projects\IA\Ejercise\cpu-native-arch\build\t0m_int8_probe.exe" --D 512 --S 8 --R 4 --mode fused --variant A --S-tile 8 --workers 4 --cpus 0,2,4,6 --rows-per-worker 1280,1280,1280,1280 --iterations 1 --timed-repetitions 5 --warmup 2
stdout[305] D,S,R,O_i,B_i,rows_per_worker,bytes_per_worker,mode,variant,S_tile,iterations,timed_repetitions,warmup,worker_count,worker_list,affinity,affinity_error,affinity_succeeded,timed_repetitions_exact,avx2_supported,kernel_used,eviction_bytes,eviction_checksum,elapsed_seconds,mac_total,mac_per_second,checksum
512,8,4,"1280,1280,1280,1280","655360,655360,655360,655360","1280,1280,1280,1280","655360,655360,655360,655360",fused,A,8,1,5,2,4,"0,2,4,6","true,true,true,true","0,0,0,0",true,true,true,avx2,0,0,0.0178424,419430400,2.35075e+10,18446744072337701929
stderr[305] T0-M correction passed: every Y[S x O_i] cell, fused/repeat/reference, A/B/C, S_tile=2/4/8, four shards, and one/four-worker accounting gate
command[306] "D:\Install\Dev\Projects\IA\Ejercise\cpu-native-arch\build\t0m_int8_probe.exe" --D 512 --S 8 --R 4 --mode fused --variant B --S-tile 8 --workers 4 --cpus 0,2,4,6 --rows-per-worker 1280,1280,1280,1280 --iterations 1 --timed-repetitions 5 --warmup 2
stdout[306] D,S,R,O_i,B_i,rows_per_worker,bytes_per_worker,mode,variant,S_tile,iterations,timed_repetitions,warmup,worker_count,worker_list,affinity,affinity_error,affinity_succeeded,timed_repetitions_exact,avx2_supported,kernel_used,eviction_bytes,eviction_checksum,elapsed_seconds,mac_total,mac_per_second,checksum
512,8,4,"1280,1280,1280,1280","2621440,2621440,2621440,2621440","1280,1280,1280,1280","2621440,2621440,2621440,2621440",fused,B,8,1,5,2,4,"0,2,4,6","true,true,true,true","0,0,0,0",true,true,true,avx2,0,0,0.0211054,419430400,1.98731e+10,1582925711
stderr[306] T0-M correction passed: every Y[S x O_i] cell, fused/repeat/reference, A/B/C, S_tile=2/4/8, four shards, and one/four-worker accounting gate
command[307] "D:\Install\Dev\Projects\IA\Ejercise\cpu-native-arch\build\t0m_int8_probe.exe" --D 512 --S 8 --R 4 --mode repeat --variant A --S-tile 8 --workers 4 --cpus 0,2,4,6 --rows-per-worker 1280,1280,1280,1280 --iterations 1 --timed-repetitions 5 --warmup 2
stdout[307] D,S,R,O_i,B_i,rows_per_worker,bytes_per_worker,mode,variant,S_tile,iterations,timed_repetitions,warmup,worker_count,worker_list,affinity,affinity_error,affinity_succeeded,timed_repetitions_exact,avx2_supported,kernel_used,eviction_bytes,eviction_checksum,elapsed_seconds,mac_total,mac_per_second,checksum
512,8,4,"1280,1280,1280,1280","655360,655360,655360,655360","1280,1280,1280,1280","655360,655360,655360,655360",repeat,A,8,1,5,2,4,"0,2,4,6","true,true,true,true","0,0,0,0",true,true,true,avx2,0,0,0.0180025,419430400,2.32985e+10,18446744072337701929
stderr[307] T0-M correction passed: every Y[S x O_i] cell, fused/repeat/reference, A/B/C, S_tile=2/4/8, four shards, and one/four-worker accounting gate
command[308] "D:\Install\Dev\Projects\IA\Ejercise\cpu-native-arch\build\t0m_int8_probe.exe" --D 512 --S 8 --R 4 --mode repeat --variant B --S-tile 8 --workers 4 --cpus 0,2,4,6 --rows-per-worker 1280,1280,1280,1280 --iterations 1 --timed-repetitions 5 --warmup 2
stdout[308] D,S,R,O_i,B_i,rows_per_worker,bytes_per_worker,mode,variant,S_tile,iterations,timed_repetitions,warmup,worker_count,worker_list,affinity,affinity_error,affinity_succeeded,timed_repetitions_exact,avx2_supported,kernel_used,eviction_bytes,eviction_checksum,elapsed_seconds,mac_total,mac_per_second,checksum
512,8,4,"1280,1280,1280,1280","2621440,2621440,2621440,2621440","1280,1280,1280,1280","2621440,2621440,2621440,2621440",repeat,B,8,1,5,2,4,"0,2,4,6","true,true,true,true","0,0,0,0",true,true,true,avx2,0,0,0.013737,419430400,3.05329e+10,1582925711
stderr[308] T0-M correction passed: every Y[S x O_i] cell, fused/repeat/reference, A/B/C, S_tile=2/4/8, four shards, and one/four-worker accounting gate
command[309] "D:\Install\Dev\Projects\IA\Ejercise\cpu-native-arch\build\t0m_int8_probe.exe" --D 512 --S 8 --R 8 --mode fused --variant A --S-tile 8 --workers 4 --cpus 0,2,4,6 --rows-per-worker 1280,1280,1280,1280 --iterations 1 --timed-repetitions 5 --warmup 2
stdout[309] D,S,R,O_i,B_i,rows_per_worker,bytes_per_worker,mode,variant,S_tile,iterations,timed_repetitions,warmup,worker_count,worker_list,affinity,affinity_error,affinity_succeeded,timed_repetitions_exact,avx2_supported,kernel_used,eviction_bytes,eviction_checksum,elapsed_seconds,mac_total,mac_per_second,checksum
512,8,8,"1280,1280,1280,1280","655360,655360,655360,655360","1280,1280,1280,1280","655360,655360,655360,655360",fused,A,8,1,5,2,4,"0,2,4,6","true,true,true,true","0,0,0,0",true,true,true,avx2,0,0,0.0374495,838860800,2.23998e+10,18446744072337701929
stderr[309] T0-M correction passed: every Y[S x O_i] cell, fused/repeat/reference, A/B/C, S_tile=2/4/8, four shards, and one/four-worker accounting gate
command[310] "D:\Install\Dev\Projects\IA\Ejercise\cpu-native-arch\build\t0m_int8_probe.exe" --D 512 --S 8 --R 8 --mode fused --variant B --S-tile 8 --workers 4 --cpus 0,2,4,6 --rows-per-worker 1280,1280,1280,1280 --iterations 1 --timed-repetitions 5 --warmup 2
stdout[310] D,S,R,O_i,B_i,rows_per_worker,bytes_per_worker,mode,variant,S_tile,iterations,timed_repetitions,warmup,worker_count,worker_list,affinity,affinity_error,affinity_succeeded,timed_repetitions_exact,avx2_supported,kernel_used,eviction_bytes,eviction_checksum,elapsed_seconds,mac_total,mac_per_second,checksum
512,8,8,"1280,1280,1280,1280","5242880,5242880,5242880,5242880","1280,1280,1280,1280","5242880,5242880,5242880,5242880",fused,B,8,1,5,2,4,"0,2,4,6","true,true,true,true","0,0,0,0",true,true,true,avx2,0,0,0.0410946,838860800,2.04129e+10,18446744067971962262
stderr[310] T0-M correction passed: every Y[S x O_i] cell, fused/repeat/reference, A/B/C, S_tile=2/4/8, four shards, and one/four-worker accounting gate
command[311] "D:\Install\Dev\Projects\IA\Ejercise\cpu-native-arch\build\t0m_int8_probe.exe" --D 512 --S 8 --R 8 --mode repeat --variant A --S-tile 8 --workers 4 --cpus 0,2,4,6 --rows-per-worker 1280,1280,1280,1280 --iterations 1 --timed-repetitions 5 --warmup 2
stdout[311] D,S,R,O_i,B_i,rows_per_worker,bytes_per_worker,mode,variant,S_tile,iterations,timed_repetitions,warmup,worker_count,worker_list,affinity,affinity_error,affinity_succeeded,timed_repetitions_exact,avx2_supported,kernel_used,eviction_bytes,eviction_checksum,elapsed_seconds,mac_total,mac_per_second,checksum
512,8,8,"1280,1280,1280,1280","655360,655360,655360,655360","1280,1280,1280,1280","655360,655360,655360,655360",repeat,A,8,1,5,2,4,"0,2,4,6","true,true,true,true","0,0,0,0",true,true,true,avx2,0,0,0.0363445,838860800,2.30808e+10,18446744072337701929
stderr[311] T0-M correction passed: every Y[S x O_i] cell, fused/repeat/reference, A/B/C, S_tile=2/4/8, four shards, and one/four-worker accounting gate
command[312] "D:\Install\Dev\Projects\IA\Ejercise\cpu-native-arch\build\t0m_int8_probe.exe" --D 512 --S 8 --R 8 --mode repeat --variant B --S-tile 8 --workers 4 --cpus 0,2,4,6 --rows-per-worker 1280,1280,1280,1280 --iterations 1 --timed-repetitions 5 --warmup 2
stdout[312] D,S,R,O_i,B_i,rows_per_worker,bytes_per_worker,mode,variant,S_tile,iterations,timed_repetitions,warmup,worker_count,worker_list,affinity,affinity_error,affinity_succeeded,timed_repetitions_exact,avx2_supported,kernel_used,eviction_bytes,eviction_checksum,elapsed_seconds,mac_total,mac_per_second,checksum
512,8,8,"1280,1280,1280,1280","5242880,5242880,5242880,5242880","1280,1280,1280,1280","5242880,5242880,5242880,5242880",repeat,B,8,1,5,2,4,"0,2,4,6","true,true,true,true","0,0,0,0",true,true,true,avx2,0,0,0.0259503,838860800,3.23257e+10,18446744067971962262
stderr[312] T0-M correction passed: every Y[S x O_i] cell, fused/repeat/reference, A/B/C, S_tile=2/4/8, four shards, and one/four-worker accounting gate
command[313] "D:\Install\Dev\Projects\IA\Ejercise\cpu-native-arch\build\t0m_int8_probe.exe" --D 512 --S 8 --R 16 --mode fused --variant A --S-tile 8 --workers 4 --cpus 0,2,4,6 --rows-per-worker 1280,1280,1280,1280 --iterations 1 --timed-repetitions 5 --warmup 2
stdout[313] D,S,R,O_i,B_i,rows_per_worker,bytes_per_worker,mode,variant,S_tile,iterations,timed_repetitions,warmup,worker_count,worker_list,affinity,affinity_error,affinity_succeeded,timed_repetitions_exact,avx2_supported,kernel_used,eviction_bytes,eviction_checksum,elapsed_seconds,mac_total,mac_per_second,checksum
512,8,16,"1280,1280,1280,1280","655360,655360,655360,655360","1280,1280,1280,1280","655360,655360,655360,655360",fused,A,8,1,5,2,4,"0,2,4,6","true,true,true,true","0,0,0,0",true,true,true,avx2,0,0,0.0752295,1677721600,2.23014e+10,18446744072337701929
stderr[313] T0-M correction passed: every Y[S x O_i] cell, fused/repeat/reference, A/B/C, S_tile=2/4/8, four shards, and one/four-worker accounting gate
command[314] "D:\Install\Dev\Projects\IA\Ejercise\cpu-native-arch\build\t0m_int8_probe.exe" --D 512 --S 8 --R 16 --mode fused --variant B --S-tile 8 --workers 4 --cpus 0,2,4,6 --rows-per-worker 1280,1280,1280,1280 --iterations 1 --timed-repetitions 5 --warmup 2
stdout[314] D,S,R,O_i,B_i,rows_per_worker,bytes_per_worker,mode,variant,S_tile,iterations,timed_repetitions,warmup,worker_count,worker_list,affinity,affinity_error,affinity_succeeded,timed_repetitions_exact,avx2_supported,kernel_used,eviction_bytes,eviction_checksum,elapsed_seconds,mac_total,mac_per_second,checksum
512,8,16,"1280,1280,1280,1280","10485760,10485760,10485760,10485760","1280,1280,1280,1280","10485760,10485760,10485760,10485760",fused,B,8,1,5,2,4,"0,2,4,6","true,true,true,true","0,0,0,0",true,true,true,avx2,0,0,0.0877709,1677721600,1.91148e+10,18446744069624202858
stderr[314] T0-M correction passed: every Y[S x O_i] cell, fused/repeat/reference, A/B/C, S_tile=2/4/8, four shards, and one/four-worker accounting gate
command[315] "D:\Install\Dev\Projects\IA\Ejercise\cpu-native-arch\build\t0m_int8_probe.exe" --D 512 --S 8 --R 16 --mode repeat --variant A --S-tile 8 --workers 4 --cpus 0,2,4,6 --rows-per-worker 1280,1280,1280,1280 --iterations 1 --timed-repetitions 5 --warmup 2
stdout[315] D,S,R,O_i,B_i,rows_per_worker,bytes_per_worker,mode,variant,S_tile,iterations,timed_repetitions,warmup,worker_count,worker_list,affinity,affinity_error,affinity_succeeded,timed_repetitions_exact,avx2_supported,kernel_used,eviction_bytes,eviction_checksum,elapsed_seconds,mac_total,mac_per_second,checksum
512,8,16,"1280,1280,1280,1280","655360,655360,655360,655360","1280,1280,1280,1280","655360,655360,655360,655360",repeat,A,8,1,5,2,4,"0,2,4,6","true,true,true,true","0,0,0,0",true,true,true,avx2,0,0,0.053662,1677721600,3.12646e+10,18446744072337701929
stderr[315] T0-M correction passed: every Y[S x O_i] cell, fused/repeat/reference, A/B/C, S_tile=2/4/8, four shards, and one/four-worker accounting gate
command[316] "D:\Install\Dev\Projects\IA\Ejercise\cpu-native-arch\build\t0m_int8_probe.exe" --D 512 --S 8 --R 16 --mode repeat --variant B --S-tile 8 --workers 4 --cpus 0,2,4,6 --rows-per-worker 1280,1280,1280,1280 --iterations 1 --timed-repetitions 5 --warmup 2
stdout[316] D,S,R,O_i,B_i,rows_per_worker,bytes_per_worker,mode,variant,S_tile,iterations,timed_repetitions,warmup,worker_count,worker_list,affinity,affinity_error,affinity_succeeded,timed_repetitions_exact,avx2_supported,kernel_used,eviction_bytes,eviction_checksum,elapsed_seconds,mac_total,mac_per_second,checksum
512,8,16,"1280,1280,1280,1280","10485760,10485760,10485760,10485760","1280,1280,1280,1280","10485760,10485760,10485760,10485760",repeat,B,8,1,5,2,4,"0,2,4,6","true,true,true,true","0,0,0,0",true,true,true,avx2,0,0,0.0666121,1677721600,2.51864e+10,18446744069624202858
stderr[316] T0-M correction passed: every Y[S x O_i] cell, fused/repeat/reference, A/B/C, S_tile=2/4/8, four shards, and one/four-worker accounting gate
command[317] "D:\Install\Dev\Projects\IA\Ejercise\cpu-native-arch\build\t0m_int8_probe.exe" --D 512 --S 16 --R 1 --mode fused --variant A --S-tile 8 --workers 4 --cpus 0,2,4,6 --rows-per-worker 1280,1280,1280,1280 --iterations 1 --timed-repetitions 5 --warmup 2
stdout[317] D,S,R,O_i,B_i,rows_per_worker,bytes_per_worker,mode,variant,S_tile,iterations,timed_repetitions,warmup,worker_count,worker_list,affinity,affinity_error,affinity_succeeded,timed_repetitions_exact,avx2_supported,kernel_used,eviction_bytes,eviction_checksum,elapsed_seconds,mac_total,mac_per_second,checksum
512,16,1,"1280,1280,1280,1280","655360,655360,655360,655360","1280,1280,1280,1280","655360,655360,655360,655360",fused,A,8,1,5,2,4,"0,2,4,6","true,true,true,true","0,0,0,0",true,true,true,avx2,0,0,0.0086305,209715200,2.42993e+10,18446744062614985960
stderr[317] T0-M correction passed: every Y[S x O_i] cell, fused/repeat/reference, A/B/C, S_tile=2/4/8, four shards, and one/four-worker accounting gate
command[318] "D:\Install\Dev\Projects\IA\Ejercise\cpu-native-arch\build\t0m_int8_probe.exe" --D 512 --S 16 --R 1 --mode fused --variant B --S-tile 8 --workers 4 --cpus 0,2,4,6 --rows-per-worker 1280,1280,1280,1280 --iterations 1 --timed-repetitions 5 --warmup 2
stdout[318] D,S,R,O_i,B_i,rows_per_worker,bytes_per_worker,mode,variant,S_tile,iterations,timed_repetitions,warmup,worker_count,worker_list,affinity,affinity_error,affinity_succeeded,timed_repetitions_exact,avx2_supported,kernel_used,eviction_bytes,eviction_checksum,elapsed_seconds,mac_total,mac_per_second,checksum
512,16,1,"1280,1280,1280,1280","655360,655360,655360,655360","1280,1280,1280,1280","655360,655360,655360,655360",fused,B,8,1,5,2,4,"0,2,4,6","true,true,true,true","0,0,0,0",true,true,true,avx2,0,0,0.0113346,209715200,1.85022e+10,18446744062614985960
stderr[318] T0-M correction passed: every Y[S x O_i] cell, fused/repeat/reference, A/B/C, S_tile=2/4/8, four shards, and one/four-worker accounting gate
command[319] "D:\Install\Dev\Projects\IA\Ejercise\cpu-native-arch\build\t0m_int8_probe.exe" --D 512 --S 16 --R 1 --mode repeat --variant A --S-tile 8 --workers 4 --cpus 0,2,4,6 --rows-per-worker 1280,1280,1280,1280 --iterations 1 --timed-repetitions 5 --warmup 2
stdout[319] D,S,R,O_i,B_i,rows_per_worker,bytes_per_worker,mode,variant,S_tile,iterations,timed_repetitions,warmup,worker_count,worker_list,affinity,affinity_error,affinity_succeeded,timed_repetitions_exact,avx2_supported,kernel_used,eviction_bytes,eviction_checksum,elapsed_seconds,mac_total,mac_per_second,checksum
512,16,1,"1280,1280,1280,1280","655360,655360,655360,655360","1280,1280,1280,1280","655360,655360,655360,655360",repeat,A,8,1,5,2,4,"0,2,4,6","true,true,true,true","0,0,0,0",true,true,true,avx2,0,0,0.00853,209715200,2.45856e+10,18446744062614985960
stderr[319] T0-M correction passed: every Y[S x O_i] cell, fused/repeat/reference, A/B/C, S_tile=2/4/8, four shards, and one/four-worker accounting gate
command[320] "D:\Install\Dev\Projects\IA\Ejercise\cpu-native-arch\build\t0m_int8_probe.exe" --D 512 --S 16 --R 1 --mode repeat --variant B --S-tile 8 --workers 4 --cpus 0,2,4,6 --rows-per-worker 1280,1280,1280,1280 --iterations 1 --timed-repetitions 5 --warmup 2
stdout[320] D,S,R,O_i,B_i,rows_per_worker,bytes_per_worker,mode,variant,S_tile,iterations,timed_repetitions,warmup,worker_count,worker_list,affinity,affinity_error,affinity_succeeded,timed_repetitions_exact,avx2_supported,kernel_used,eviction_bytes,eviction_checksum,elapsed_seconds,mac_total,mac_per_second,checksum
512,16,1,"1280,1280,1280,1280","655360,655360,655360,655360","1280,1280,1280,1280","655360,655360,655360,655360",repeat,B,8,1,5,2,4,"0,2,4,6","true,true,true,true","0,0,0,0",true,true,true,avx2,0,0,0.0066843,209715200,3.13743e+10,18446744062614985960
stderr[320] T0-M correction passed: every Y[S x O_i] cell, fused/repeat/reference, A/B/C, S_tile=2/4/8, four shards, and one/four-worker accounting gate
command[321] "D:\Install\Dev\Projects\IA\Ejercise\cpu-native-arch\build\t0m_int8_probe.exe" --D 512 --S 16 --R 2 --mode fused --variant A --S-tile 8 --workers 4 --cpus 0,2,4,6 --rows-per-worker 1280,1280,1280,1280 --iterations 1 --timed-repetitions 5 --warmup 2
stdout[321] D,S,R,O_i,B_i,rows_per_worker,bytes_per_worker,mode,variant,S_tile,iterations,timed_repetitions,warmup,worker_count,worker_list,affinity,affinity_error,affinity_succeeded,timed_repetitions_exact,avx2_supported,kernel_used,eviction_bytes,eviction_checksum,elapsed_seconds,mac_total,mac_per_second,checksum
512,16,2,"1280,1280,1280,1280","655360,655360,655360,655360","1280,1280,1280,1280","655360,655360,655360,655360",fused,A,8,1,5,2,4,"0,2,4,6","true,true,true,true","0,0,0,0",true,true,true,avx2,0,0,0.0153445,419430400,2.73343e+10,18446744062614985960
stderr[321] T0-M correction passed: every Y[S x O_i] cell, fused/repeat/reference, A/B/C, S_tile=2/4/8, four shards, and one/four-worker accounting gate
command[322] "D:\Install\Dev\Projects\IA\Ejercise\cpu-native-arch\build\t0m_int8_probe.exe" --D 512 --S 16 --R 2 --mode fused --variant B --S-tile 8 --workers 4 --cpus 0,2,4,6 --rows-per-worker 1280,1280,1280,1280 --iterations 1 --timed-repetitions 5 --warmup 2
stdout[322] D,S,R,O_i,B_i,rows_per_worker,bytes_per_worker,mode,variant,S_tile,iterations,timed_repetitions,warmup,worker_count,worker_list,affinity,affinity_error,affinity_succeeded,timed_repetitions_exact,avx2_supported,kernel_used,eviction_bytes,eviction_checksum,elapsed_seconds,mac_total,mac_per_second,checksum
512,16,2,"1280,1280,1280,1280","1310720,1310720,1310720,1310720","1280,1280,1280,1280","1310720,1310720,1310720,1310720",fused,B,8,1,5,2,4,"0,2,4,6","true,true,true,true","0,0,0,0",true,true,true,avx2,0,0,0.0243974,419430400,1.71916e+10,27719964145
stderr[322] T0-M correction passed: every Y[S x O_i] cell, fused/repeat/reference, A/B/C, S_tile=2/4/8, four shards, and one/four-worker accounting gate
command[323] "D:\Install\Dev\Projects\IA\Ejercise\cpu-native-arch\build\t0m_int8_probe.exe" --D 512 --S 16 --R 2 --mode repeat --variant A --S-tile 8 --workers 4 --cpus 0,2,4,6 --rows-per-worker 1280,1280,1280,1280 --iterations 1 --timed-repetitions 5 --warmup 2
stdout[323] D,S,R,O_i,B_i,rows_per_worker,bytes_per_worker,mode,variant,S_tile,iterations,timed_repetitions,warmup,worker_count,worker_list,affinity,affinity_error,affinity_succeeded,timed_repetitions_exact,avx2_supported,kernel_used,eviction_bytes,eviction_checksum,elapsed_seconds,mac_total,mac_per_second,checksum
512,16,2,"1280,1280,1280,1280","655360,655360,655360,655360","1280,1280,1280,1280","655360,655360,655360,655360",repeat,A,8,1,5,2,4,"0,2,4,6","true,true,true,true","0,0,0,0",true,true,true,avx2,0,0,0.0133607,419430400,3.13928e+10,18446744062614985960
stderr[323] T0-M correction passed: every Y[S x O_i] cell, fused/repeat/reference, A/B/C, S_tile=2/4/8, four shards, and one/four-worker accounting gate
command[324] "D:\Install\Dev\Projects\IA\Ejercise\cpu-native-arch\build\t0m_int8_probe.exe" --D 512 --S 16 --R 2 --mode repeat --variant B --S-tile 8 --workers 4 --cpus 0,2,4,6 --rows-per-worker 1280,1280,1280,1280 --iterations 1 --timed-repetitions 5 --warmup 2
stdout[324] D,S,R,O_i,B_i,rows_per_worker,bytes_per_worker,mode,variant,S_tile,iterations,timed_repetitions,warmup,worker_count,worker_list,affinity,affinity_error,affinity_succeeded,timed_repetitions_exact,avx2_supported,kernel_used,eviction_bytes,eviction_checksum,elapsed_seconds,mac_total,mac_per_second,checksum
512,16,2,"1280,1280,1280,1280","1310720,1310720,1310720,1310720","1280,1280,1280,1280","1310720,1310720,1310720,1310720",repeat,B,8,1,5,2,4,"0,2,4,6","true,true,true,true","0,0,0,0",true,true,true,avx2,0,0,0.0190673,419430400,2.19974e+10,27719964145
stderr[324] T0-M correction passed: every Y[S x O_i] cell, fused/repeat/reference, A/B/C, S_tile=2/4/8, four shards, and one/four-worker accounting gate
command[325] "D:\Install\Dev\Projects\IA\Ejercise\cpu-native-arch\build\t0m_int8_probe.exe" --D 512 --S 16 --R 4 --mode fused --variant A --S-tile 8 --workers 4 --cpus 0,2,4,6 --rows-per-worker 1280,1280,1280,1280 --iterations 1 --timed-repetitions 5 --warmup 2
stdout[325] D,S,R,O_i,B_i,rows_per_worker,bytes_per_worker,mode,variant,S_tile,iterations,timed_repetitions,warmup,worker_count,worker_list,affinity,affinity_error,affinity_succeeded,timed_repetitions_exact,avx2_supported,kernel_used,eviction_bytes,eviction_checksum,elapsed_seconds,mac_total,mac_per_second,checksum
512,16,4,"1280,1280,1280,1280","655360,655360,655360,655360","1280,1280,1280,1280","655360,655360,655360,655360",fused,A,8,1,5,2,4,"0,2,4,6","true,true,true,true","0,0,0,0",true,true,true,avx2,0,0,0.0351703,838860800,2.38514e+10,18446744062614985960
stderr[325] T0-M correction passed: every Y[S x O_i] cell, fused/repeat/reference, A/B/C, S_tile=2/4/8, four shards, and one/four-worker accounting gate
command[326] "D:\Install\Dev\Projects\IA\Ejercise\cpu-native-arch\build\t0m_int8_probe.exe" --D 512 --S 16 --R 4 --mode fused --variant B --S-tile 8 --workers 4 --cpus 0,2,4,6 --rows-per-worker 1280,1280,1280,1280 --iterations 1 --timed-repetitions 5 --warmup 2
stdout[326] D,S,R,O_i,B_i,rows_per_worker,bytes_per_worker,mode,variant,S_tile,iterations,timed_repetitions,warmup,worker_count,worker_list,affinity,affinity_error,affinity_succeeded,timed_repetitions_exact,avx2_supported,kernel_used,eviction_bytes,eviction_checksum,elapsed_seconds,mac_total,mac_per_second,checksum
512,16,4,"1280,1280,1280,1280","2621440,2621440,2621440,2621440","1280,1280,1280,1280","2621440,2621440,2621440,2621440",fused,B,8,1,5,2,4,"0,2,4,6","true,true,true,true","0,0,0,0",true,true,true,avx2,0,0,0.0409698,838860800,2.04751e+10,970361481
stderr[326] T0-M correction passed: every Y[S x O_i] cell, fused/repeat/reference, A/B/C, S_tile=2/4/8, four shards, and one/four-worker accounting gate
command[327] "D:\Install\Dev\Projects\IA\Ejercise\cpu-native-arch\build\t0m_int8_probe.exe" --D 512 --S 16 --R 4 --mode repeat --variant A --S-tile 8 --workers 4 --cpus 0,2,4,6 --rows-per-worker 1280,1280,1280,1280 --iterations 1 --timed-repetitions 5 --warmup 2
stdout[327] D,S,R,O_i,B_i,rows_per_worker,bytes_per_worker,mode,variant,S_tile,iterations,timed_repetitions,warmup,worker_count,worker_list,affinity,affinity_error,affinity_succeeded,timed_repetitions_exact,avx2_supported,kernel_used,eviction_bytes,eviction_checksum,elapsed_seconds,mac_total,mac_per_second,checksum
512,16,4,"1280,1280,1280,1280","655360,655360,655360,655360","1280,1280,1280,1280","655360,655360,655360,655360",repeat,A,8,1,5,2,4,"0,2,4,6","true,true,true,true","0,0,0,0",true,true,true,avx2,0,0,0.0288717,838860800,2.90548e+10,18446744062614985960
stderr[327] T0-M correction passed: every Y[S x O_i] cell, fused/repeat/reference, A/B/C, S_tile=2/4/8, four shards, and one/four-worker accounting gate
command[328] "D:\Install\Dev\Projects\IA\Ejercise\cpu-native-arch\build\t0m_int8_probe.exe" --D 512 --S 16 --R 4 --mode repeat --variant B --S-tile 8 --workers 4 --cpus 0,2,4,6 --rows-per-worker 1280,1280,1280,1280 --iterations 1 --timed-repetitions 5 --warmup 2
stdout[328] D,S,R,O_i,B_i,rows_per_worker,bytes_per_worker,mode,variant,S_tile,iterations,timed_repetitions,warmup,worker_count,worker_list,affinity,affinity_error,affinity_succeeded,timed_repetitions_exact,avx2_supported,kernel_used,eviction_bytes,eviction_checksum,elapsed_seconds,mac_total,mac_per_second,checksum
512,16,4,"1280,1280,1280,1280","2621440,2621440,2621440,2621440","1280,1280,1280,1280","2621440,2621440,2621440,2621440",repeat,B,8,1,5,2,4,"0,2,4,6","true,true,true,true","0,0,0,0",true,true,true,avx2,0,0,0.0334936,838860800,2.50454e+10,970361481
stderr[328] T0-M correction passed: every Y[S x O_i] cell, fused/repeat/reference, A/B/C, S_tile=2/4/8, four shards, and one/four-worker accounting gate
command[329] "D:\Install\Dev\Projects\IA\Ejercise\cpu-native-arch\build\t0m_int8_probe.exe" --D 512 --S 16 --R 8 --mode fused --variant A --S-tile 8 --workers 4 --cpus 0,2,4,6 --rows-per-worker 1280,1280,1280,1280 --iterations 1 --timed-repetitions 5 --warmup 2
stdout[329] D,S,R,O_i,B_i,rows_per_worker,bytes_per_worker,mode,variant,S_tile,iterations,timed_repetitions,warmup,worker_count,worker_list,affinity,affinity_error,affinity_succeeded,timed_repetitions_exact,avx2_supported,kernel_used,eviction_bytes,eviction_checksum,elapsed_seconds,mac_total,mac_per_second,checksum
512,16,8,"1280,1280,1280,1280","655360,655360,655360,655360","1280,1280,1280,1280","655360,655360,655360,655360",fused,A,8,1,5,2,4,"0,2,4,6","true,true,true,true","0,0,0,0",true,true,true,avx2,0,0,0.0686543,1677721600,2.44372e+10,18446744062614985960
stderr[329] T0-M correction passed: every Y[S x O_i] cell, fused/repeat/reference, A/B/C, S_tile=2/4/8, four shards, and one/four-worker accounting gate
command[330] "D:\Install\Dev\Projects\IA\Ejercise\cpu-native-arch\build\t0m_int8_probe.exe" --D 512 --S 16 --R 8 --mode fused --variant B --S-tile 8 --workers 4 --cpus 0,2,4,6 --rows-per-worker 1280,1280,1280,1280 --iterations 1 --timed-repetitions 5 --warmup 2
stdout[330] D,S,R,O_i,B_i,rows_per_worker,bytes_per_worker,mode,variant,S_tile,iterations,timed_repetitions,warmup,worker_count,worker_list,affinity,affinity_error,affinity_succeeded,timed_repetitions_exact,avx2_supported,kernel_used,eviction_bytes,eviction_checksum,elapsed_seconds,mac_total,mac_per_second,checksum
512,16,8,"1280,1280,1280,1280","5242880,5242880,5242880,5242880","1280,1280,1280,1280","5242880,5242880,5242880,5242880",fused,B,8,1,5,2,4,"0,2,4,6","true,true,true,true","0,0,0,0",true,true,true,avx2,0,0,0.0749516,1677721600,2.23841e+10,8766388434
stderr[330] T0-M correction passed: every Y[S x O_i] cell, fused/repeat/reference, A/B/C, S_tile=2/4/8, four shards, and one/four-worker accounting gate
command[331] "D:\Install\Dev\Projects\IA\Ejercise\cpu-native-arch\build\t0m_int8_probe.exe" --D 512 --S 16 --R 8 --mode repeat --variant A --S-tile 8 --workers 4 --cpus 0,2,4,6 --rows-per-worker 1280,1280,1280,1280 --iterations 1 --timed-repetitions 5 --warmup 2
stdout[331] D,S,R,O_i,B_i,rows_per_worker,bytes_per_worker,mode,variant,S_tile,iterations,timed_repetitions,warmup,worker_count,worker_list,affinity,affinity_error,affinity_succeeded,timed_repetitions_exact,avx2_supported,kernel_used,eviction_bytes,eviction_checksum,elapsed_seconds,mac_total,mac_per_second,checksum
512,16,8,"1280,1280,1280,1280","655360,655360,655360,655360","1280,1280,1280,1280","655360,655360,655360,655360",repeat,A,8,1,5,2,4,"0,2,4,6","true,true,true,true","0,0,0,0",true,true,true,avx2,0,0,0.0541051,1677721600,3.10086e+10,18446744062614985960
stderr[331] T0-M correction passed: every Y[S x O_i] cell, fused/repeat/reference, A/B/C, S_tile=2/4/8, four shards, and one/four-worker accounting gate
command[332] "D:\Install\Dev\Projects\IA\Ejercise\cpu-native-arch\build\t0m_int8_probe.exe" --D 512 --S 16 --R 8 --mode repeat --variant B --S-tile 8 --workers 4 --cpus 0,2,4,6 --rows-per-worker 1280,1280,1280,1280 --iterations 1 --timed-repetitions 5 --warmup 2
stdout[332] D,S,R,O_i,B_i,rows_per_worker,bytes_per_worker,mode,variant,S_tile,iterations,timed_repetitions,warmup,worker_count,worker_list,affinity,affinity_error,affinity_succeeded,timed_repetitions_exact,avx2_supported,kernel_used,eviction_bytes,eviction_checksum,elapsed_seconds,mac_total,mac_per_second,checksum
512,16,8,"1280,1280,1280,1280","5242880,5242880,5242880,5242880","1280,1280,1280,1280","5242880,5242880,5242880,5242880",repeat,B,8,1,5,2,4,"0,2,4,6","true,true,true,true","0,0,0,0",true,true,true,avx2,0,0,0.0689233,1677721600,2.43419e+10,8766388434
stderr[332] T0-M correction passed: every Y[S x O_i] cell, fused/repeat/reference, A/B/C, S_tile=2/4/8, four shards, and one/four-worker accounting gate
command[333] "D:\Install\Dev\Projects\IA\Ejercise\cpu-native-arch\build\t0m_int8_probe.exe" --D 512 --S 16 --R 16 --mode fused --variant A --S-tile 8 --workers 4 --cpus 0,2,4,6 --rows-per-worker 1280,1280,1280,1280 --iterations 1 --timed-repetitions 5 --warmup 2
stdout[333] D,S,R,O_i,B_i,rows_per_worker,bytes_per_worker,mode,variant,S_tile,iterations,timed_repetitions,warmup,worker_count,worker_list,affinity,affinity_error,affinity_succeeded,timed_repetitions_exact,avx2_supported,kernel_used,eviction_bytes,eviction_checksum,elapsed_seconds,mac_total,mac_per_second,checksum
512,16,16,"1280,1280,1280,1280","655360,655360,655360,655360","1280,1280,1280,1280","655360,655360,655360,655360",fused,A,8,1,5,2,4,"0,2,4,6","true,true,true,true","0,0,0,0",true,true,true,avx2,0,0,0.173822,3355443200,1.93039e+10,18446744062614985960
stderr[333] T0-M correction passed: every Y[S x O_i] cell, fused/repeat/reference, A/B/C, S_tile=2/4/8, four shards, and one/four-worker accounting gate
command[334] "D:\Install\Dev\Projects\IA\Ejercise\cpu-native-arch\build\t0m_int8_probe.exe" --D 512 --S 16 --R 16 --mode fused --variant B --S-tile 8 --workers 4 --cpus 0,2,4,6 --rows-per-worker 1280,1280,1280,1280 --iterations 1 --timed-repetitions 5 --warmup 2
stdout[334] D,S,R,O_i,B_i,rows_per_worker,bytes_per_worker,mode,variant,S_tile,iterations,timed_repetitions,warmup,worker_count,worker_list,affinity,affinity_error,affinity_succeeded,timed_repetitions_exact,avx2_supported,kernel_used,eviction_bytes,eviction_checksum,elapsed_seconds,mac_total,mac_per_second,checksum
512,16,16,"1280,1280,1280,1280","10485760,10485760,10485760,10485760","1280,1280,1280,1280","10485760,10485760,10485760,10485760",fused,B,8,1,5,2,4,"0,2,4,6","true,true,true,true","0,0,0,0",true,true,true,avx2,0,0,0.141975,3355443200,2.3634e+10,18446744052801052444
stderr[334] T0-M correction passed: every Y[S x O_i] cell, fused/repeat/reference, A/B/C, S_tile=2/4/8, four shards, and one/four-worker accounting gate
command[335] "D:\Install\Dev\Projects\IA\Ejercise\cpu-native-arch\build\t0m_int8_probe.exe" --D 512 --S 16 --R 16 --mode repeat --variant A --S-tile 8 --workers 4 --cpus 0,2,4,6 --rows-per-worker 1280,1280,1280,1280 --iterations 1 --timed-repetitions 5 --warmup 2
stdout[335] D,S,R,O_i,B_i,rows_per_worker,bytes_per_worker,mode,variant,S_tile,iterations,timed_repetitions,warmup,worker_count,worker_list,affinity,affinity_error,affinity_succeeded,timed_repetitions_exact,avx2_supported,kernel_used,eviction_bytes,eviction_checksum,elapsed_seconds,mac_total,mac_per_second,checksum
512,16,16,"1280,1280,1280,1280","655360,655360,655360,655360","1280,1280,1280,1280","655360,655360,655360,655360",repeat,A,8,1,5,2,4,"0,2,4,6","true,true,true,true","0,0,0,0",true,true,true,avx2,0,0,0.11582,3355443200,2.89713e+10,18446744062614985960
stderr[335] T0-M correction passed: every Y[S x O_i] cell, fused/repeat/reference, A/B/C, S_tile=2/4/8, four shards, and one/four-worker accounting gate
command[336] "D:\Install\Dev\Projects\IA\Ejercise\cpu-native-arch\build\t0m_int8_probe.exe" --D 512 --S 16 --R 16 --mode repeat --variant B --S-tile 8 --workers 4 --cpus 0,2,4,6 --rows-per-worker 1280,1280,1280,1280 --iterations 1 --timed-repetitions 5 --warmup 2
stdout[336] D,S,R,O_i,B_i,rows_per_worker,bytes_per_worker,mode,variant,S_tile,iterations,timed_repetitions,warmup,worker_count,worker_list,affinity,affinity_error,affinity_succeeded,timed_repetitions_exact,avx2_supported,kernel_used,eviction_bytes,eviction_checksum,elapsed_seconds,mac_total,mac_per_second,checksum
512,16,16,"1280,1280,1280,1280","10485760,10485760,10485760,10485760","1280,1280,1280,1280","10485760,10485760,10485760,10485760",repeat,B,8,1,5,2,4,"0,2,4,6","true,true,true,true","0,0,0,0",true,true,true,avx2,0,0,0.126712,3355443200,2.64809e+10,18446744052801052444
stderr[336] T0-M correction passed: every Y[S x O_i] cell, fused/repeat/reference, A/B/C, S_tile=2/4/8, four shards, and one/four-worker accounting gate
command[337] "D:\Install\Dev\Projects\IA\Ejercise\cpu-native-arch\build\t0m_int8_probe.exe" --D 512 --S 1 --R 1 --mode fused --variant A --S-tile 8 --workers 4 --cpus 0,2,4,6 --rows-per-worker 1536,1536,1536,1536 --iterations 1 --timed-repetitions 5 --warmup 2
stdout[337] D,S,R,O_i,B_i,rows_per_worker,bytes_per_worker,mode,variant,S_tile,iterations,timed_repetitions,warmup,worker_count,worker_list,affinity,affinity_error,affinity_succeeded,timed_repetitions_exact,avx2_supported,kernel_used,eviction_bytes,eviction_checksum,elapsed_seconds,mac_total,mac_per_second,checksum
512,1,1,"1536,1536,1536,1536","786432,786432,786432,786432","1536,1536,1536,1536","786432,786432,786432,786432",fused,A,8,1,5,2,4,"0,2,4,6","true,true,true,true","0,0,0,0",true,true,true,avx2,0,0,0.0014957,15728640,1.05159e+10,18446744073456482297
stderr[337] T0-M correction passed: every Y[S x O_i] cell, fused/repeat/reference, A/B/C, S_tile=2/4/8, four shards, and one/four-worker accounting gate
command[338] "D:\Install\Dev\Projects\IA\Ejercise\cpu-native-arch\build\t0m_int8_probe.exe" --D 512 --S 1 --R 1 --mode fused --variant B --S-tile 8 --workers 4 --cpus 0,2,4,6 --rows-per-worker 1536,1536,1536,1536 --iterations 1 --timed-repetitions 5 --warmup 2
stdout[338] D,S,R,O_i,B_i,rows_per_worker,bytes_per_worker,mode,variant,S_tile,iterations,timed_repetitions,warmup,worker_count,worker_list,affinity,affinity_error,affinity_succeeded,timed_repetitions_exact,avx2_supported,kernel_used,eviction_bytes,eviction_checksum,elapsed_seconds,mac_total,mac_per_second,checksum
512,1,1,"1536,1536,1536,1536","786432,786432,786432,786432","1536,1536,1536,1536","786432,786432,786432,786432",fused,B,8,1,5,2,4,"0,2,4,6","true,true,true,true","0,0,0,0",true,true,true,avx2,0,0,0.00146,15728640,1.0773e+10,18446744073456482297
stderr[338] T0-M correction passed: every Y[S x O_i] cell, fused/repeat/reference, A/B/C, S_tile=2/4/8, four shards, and one/four-worker accounting gate
command[339] "D:\Install\Dev\Projects\IA\Ejercise\cpu-native-arch\build\t0m_int8_probe.exe" --D 512 --S 1 --R 1 --mode repeat --variant A --S-tile 8 --workers 4 --cpus 0,2,4,6 --rows-per-worker 1536,1536,1536,1536 --iterations 1 --timed-repetitions 5 --warmup 2
stdout[339] D,S,R,O_i,B_i,rows_per_worker,bytes_per_worker,mode,variant,S_tile,iterations,timed_repetitions,warmup,worker_count,worker_list,affinity,affinity_error,affinity_succeeded,timed_repetitions_exact,avx2_supported,kernel_used,eviction_bytes,eviction_checksum,elapsed_seconds,mac_total,mac_per_second,checksum
512,1,1,"1536,1536,1536,1536","786432,786432,786432,786432","1536,1536,1536,1536","786432,786432,786432,786432",repeat,A,8,1,5,2,4,"0,2,4,6","true,true,true,true","0,0,0,0",true,true,true,avx2,0,0,0.0008886,15728640,1.77005e+10,18446744073456482297
stderr[339] T0-M correction passed: every Y[S x O_i] cell, fused/repeat/reference, A/B/C, S_tile=2/4/8, four shards, and one/four-worker accounting gate
command[340] "D:\Install\Dev\Projects\IA\Ejercise\cpu-native-arch\build\t0m_int8_probe.exe" --D 512 --S 1 --R 1 --mode repeat --variant B --S-tile 8 --workers 4 --cpus 0,2,4,6 --rows-per-worker 1536,1536,1536,1536 --iterations 1 --timed-repetitions 5 --warmup 2
stdout[340] D,S,R,O_i,B_i,rows_per_worker,bytes_per_worker,mode,variant,S_tile,iterations,timed_repetitions,warmup,worker_count,worker_list,affinity,affinity_error,affinity_succeeded,timed_repetitions_exact,avx2_supported,kernel_used,eviction_bytes,eviction_checksum,elapsed_seconds,mac_total,mac_per_second,checksum
512,1,1,"1536,1536,1536,1536","786432,786432,786432,786432","1536,1536,1536,1536","786432,786432,786432,786432",repeat,B,8,1,5,2,4,"0,2,4,6","true,true,true,true","0,0,0,0",true,true,true,avx2,0,0,0.0006125,15728640,2.56794e+10,18446744073456482297
stderr[340] T0-M correction passed: every Y[S x O_i] cell, fused/repeat/reference, A/B/C, S_tile=2/4/8, four shards, and one/four-worker accounting gate
command[341] "D:\Install\Dev\Projects\IA\Ejercise\cpu-native-arch\build\t0m_int8_probe.exe" --D 512 --S 1 --R 2 --mode fused --variant A --S-tile 8 --workers 4 --cpus 0,2,4,6 --rows-per-worker 1536,1536,1536,1536 --iterations 1 --timed-repetitions 5 --warmup 2
stdout[341] D,S,R,O_i,B_i,rows_per_worker,bytes_per_worker,mode,variant,S_tile,iterations,timed_repetitions,warmup,worker_count,worker_list,affinity,affinity_error,affinity_succeeded,timed_repetitions_exact,avx2_supported,kernel_used,eviction_bytes,eviction_checksum,elapsed_seconds,mac_total,mac_per_second,checksum
512,1,2,"1536,1536,1536,1536","786432,786432,786432,786432","1536,1536,1536,1536","786432,786432,786432,786432",fused,A,8,1,5,2,4,"0,2,4,6","true,true,true,true","0,0,0,0",true,true,true,avx2,0,0,0.003386,31457280,9.2904e+09,18446744073456482297
stderr[341] T0-M correction passed: every Y[S x O_i] cell, fused/repeat/reference, A/B/C, S_tile=2/4/8, four shards, and one/four-worker accounting gate
command[342] "D:\Install\Dev\Projects\IA\Ejercise\cpu-native-arch\build\t0m_int8_probe.exe" --D 512 --S 1 --R 2 --mode fused --variant B --S-tile 8 --workers 4 --cpus 0,2,4,6 --rows-per-worker 1536,1536,1536,1536 --iterations 1 --timed-repetitions 5 --warmup 2
stdout[342] D,S,R,O_i,B_i,rows_per_worker,bytes_per_worker,mode,variant,S_tile,iterations,timed_repetitions,warmup,worker_count,worker_list,affinity,affinity_error,affinity_succeeded,timed_repetitions_exact,avx2_supported,kernel_used,eviction_bytes,eviction_checksum,elapsed_seconds,mac_total,mac_per_second,checksum
512,1,2,"1536,1536,1536,1536","1572864,1572864,1572864,1572864","1536,1536,1536,1536","1572864,1572864,1572864,1572864",fused,B,8,1,5,2,4,"0,2,4,6","true,true,true,true","0,0,0,0",true,true,true,avx2,0,0,0.0024178,31457280,1.30107e+10,757258597
stderr[342] T0-M correction passed: every Y[S x O_i] cell, fused/repeat/reference, A/B/C, S_tile=2/4/8, four shards, and one/four-worker accounting gate
command[343] "D:\Install\Dev\Projects\IA\Ejercise\cpu-native-arch\build\t0m_int8_probe.exe" --D 512 --S 1 --R 2 --mode repeat --variant A --S-tile 8 --workers 4 --cpus 0,2,4,6 --rows-per-worker 1536,1536,1536,1536 --iterations 1 --timed-repetitions 5 --warmup 2
stdout[343] D,S,R,O_i,B_i,rows_per_worker,bytes_per_worker,mode,variant,S_tile,iterations,timed_repetitions,warmup,worker_count,worker_list,affinity,affinity_error,affinity_succeeded,timed_repetitions_exact,avx2_supported,kernel_used,eviction_bytes,eviction_checksum,elapsed_seconds,mac_total,mac_per_second,checksum
512,1,2,"1536,1536,1536,1536","786432,786432,786432,786432","1536,1536,1536,1536","786432,786432,786432,786432",repeat,A,8,1,5,2,4,"0,2,4,6","true,true,true,true","0,0,0,0",true,true,true,avx2,0,0,0.0015912,31457280,1.97695e+10,18446744073456482297
stderr[343] T0-M correction passed: every Y[S x O_i] cell, fused/repeat/reference, A/B/C, S_tile=2/4/8, four shards, and one/four-worker accounting gate
command[344] "D:\Install\Dev\Projects\IA\Ejercise\cpu-native-arch\build\t0m_int8_probe.exe" --D 512 --S 1 --R 2 --mode repeat --variant B --S-tile 8 --workers 4 --cpus 0,2,4,6 --rows-per-worker 1536,1536,1536,1536 --iterations 1 --timed-repetitions 5 --warmup 2
stdout[344] D,S,R,O_i,B_i,rows_per_worker,bytes_per_worker,mode,variant,S_tile,iterations,timed_repetitions,warmup,worker_count,worker_list,affinity,affinity_error,affinity_succeeded,timed_repetitions_exact,avx2_supported,kernel_used,eviction_bytes,eviction_checksum,elapsed_seconds,mac_total,mac_per_second,checksum
512,1,2,"1536,1536,1536,1536","1572864,1572864,1572864,1572864","1536,1536,1536,1536","1572864,1572864,1572864,1572864",repeat,B,8,1,5,2,4,"0,2,4,6","true,true,true,true","0,0,0,0",true,true,true,avx2,0,0,0.0017734,31457280,1.77384e+10,757258597
stderr[344] T0-M correction passed: every Y[S x O_i] cell, fused/repeat/reference, A/B/C, S_tile=2/4/8, four shards, and one/four-worker accounting gate
command[345] "D:\Install\Dev\Projects\IA\Ejercise\cpu-native-arch\build\t0m_int8_probe.exe" --D 512 --S 1 --R 4 --mode fused --variant A --S-tile 8 --workers 4 --cpus 0,2,4,6 --rows-per-worker 1536,1536,1536,1536 --iterations 1 --timed-repetitions 5 --warmup 2
stdout[345] D,S,R,O_i,B_i,rows_per_worker,bytes_per_worker,mode,variant,S_tile,iterations,timed_repetitions,warmup,worker_count,worker_list,affinity,affinity_error,affinity_succeeded,timed_repetitions_exact,avx2_supported,kernel_used,eviction_bytes,eviction_checksum,elapsed_seconds,mac_total,mac_per_second,checksum
512,1,4,"1536,1536,1536,1536","786432,786432,786432,786432","1536,1536,1536,1536","786432,786432,786432,786432",fused,A,8,1,5,2,4,"0,2,4,6","true,true,true,true","0,0,0,0",true,true,true,avx2,0,0,0.005158,62914560,1.21975e+10,18446744073456482297
stderr[345] T0-M correction passed: every Y[S x O_i] cell, fused/repeat/reference, A/B/C, S_tile=2/4/8, four shards, and one/four-worker accounting gate
command[346] "D:\Install\Dev\Projects\IA\Ejercise\cpu-native-arch\build\t0m_int8_probe.exe" --D 512 --S 1 --R 4 --mode fused --variant B --S-tile 8 --workers 4 --cpus 0,2,4,6 --rows-per-worker 1536,1536,1536,1536 --iterations 1 --timed-repetitions 5 --warmup 2
stdout[346] D,S,R,O_i,B_i,rows_per_worker,bytes_per_worker,mode,variant,S_tile,iterations,timed_repetitions,warmup,worker_count,worker_list,affinity,affinity_error,affinity_succeeded,timed_repetitions_exact,avx2_supported,kernel_used,eviction_bytes,eviction_checksum,elapsed_seconds,mac_total,mac_per_second,checksum
512,1,4,"1536,1536,1536,1536","3145728,3145728,3145728,3145728","1536,1536,1536,1536","3145728,3145728,3145728,3145728",fused,B,8,1,5,2,4,"0,2,4,6","true,true,true,true","0,0,0,0",true,true,true,avx2,0,0,0.0054985,62914560,1.14421e+10,18446744073437292286
stderr[346] T0-M correction passed: every Y[S x O_i] cell, fused/repeat/reference, A/B/C, S_tile=2/4/8, four shards, and one/four-worker accounting gate
command[347] "D:\Install\Dev\Projects\IA\Ejercise\cpu-native-arch\build\t0m_int8_probe.exe" --D 512 --S 1 --R 4 --mode repeat --variant A --S-tile 8 --workers 4 --cpus 0,2,4,6 --rows-per-worker 1536,1536,1536,1536 --iterations 1 --timed-repetitions 5 --warmup 2
stdout[347] D,S,R,O_i,B_i,rows_per_worker,bytes_per_worker,mode,variant,S_tile,iterations,timed_repetitions,warmup,worker_count,worker_list,affinity,affinity_error,affinity_succeeded,timed_repetitions_exact,avx2_supported,kernel_used,eviction_bytes,eviction_checksum,elapsed_seconds,mac_total,mac_per_second,checksum
512,1,4,"1536,1536,1536,1536","786432,786432,786432,786432","1536,1536,1536,1536","786432,786432,786432,786432",repeat,A,8,1,5,2,4,"0,2,4,6","true,true,true,true","0,0,0,0",true,true,true,avx2,0,0,0.0032578,62914560,1.9312e+10,18446744073456482297
stderr[347] T0-M correction passed: every Y[S x O_i] cell, fused/repeat/reference, A/B/C, S_tile=2/4/8, four shards, and one/four-worker accounting gate
command[348] "D:\Install\Dev\Projects\IA\Ejercise\cpu-native-arch\build\t0m_int8_probe.exe" --D 512 --S 1 --R 4 --mode repeat --variant B --S-tile 8 --workers 4 --cpus 0,2,4,6 --rows-per-worker 1536,1536,1536,1536 --iterations 1 --timed-repetitions 5 --warmup 2
stdout[348] D,S,R,O_i,B_i,rows_per_worker,bytes_per_worker,mode,variant,S_tile,iterations,timed_repetitions,warmup,worker_count,worker_list,affinity,affinity_error,affinity_succeeded,timed_repetitions_exact,avx2_supported,kernel_used,eviction_bytes,eviction_checksum,elapsed_seconds,mac_total,mac_per_second,checksum
512,1,4,"1536,1536,1536,1536","3145728,3145728,3145728,3145728","1536,1536,1536,1536","3145728,3145728,3145728,3145728",repeat,B,8,1,5,2,4,"0,2,4,6","true,true,true,true","0,0,0,0",true,true,true,avx2,0,0,0.0019078,62914560,3.29775e+10,18446744073437292286
stderr[348] T0-M correction passed: every Y[S x O_i] cell, fused/repeat/reference, A/B/C, S_tile=2/4/8, four shards, and one/four-worker accounting gate
command[349] "D:\Install\Dev\Projects\IA\Ejercise\cpu-native-arch\build\t0m_int8_probe.exe" --D 512 --S 1 --R 8 --mode fused --variant A --S-tile 8 --workers 4 --cpus 0,2,4,6 --rows-per-worker 1536,1536,1536,1536 --iterations 1 --timed-repetitions 5 --warmup 2
stdout[349] D,S,R,O_i,B_i,rows_per_worker,bytes_per_worker,mode,variant,S_tile,iterations,timed_repetitions,warmup,worker_count,worker_list,affinity,affinity_error,affinity_succeeded,timed_repetitions_exact,avx2_supported,kernel_used,eviction_bytes,eviction_checksum,elapsed_seconds,mac_total,mac_per_second,checksum
512,1,8,"1536,1536,1536,1536","786432,786432,786432,786432","1536,1536,1536,1536","786432,786432,786432,786432",fused,A,8,1,5,2,4,"0,2,4,6","true,true,true,true","0,0,0,0",true,true,true,avx2,0,0,0.0140145,125829120,8.9785e+09,18446744073456482297
stderr[349] T0-M correction passed: every Y[S x O_i] cell, fused/repeat/reference, A/B/C, S_tile=2/4/8, four shards, and one/four-worker accounting gate
command[350] "D:\Install\Dev\Projects\IA\Ejercise\cpu-native-arch\build\t0m_int8_probe.exe" --D 512 --S 1 --R 8 --mode fused --variant B --S-tile 8 --workers 4 --cpus 0,2,4,6 --rows-per-worker 1536,1536,1536,1536 --iterations 1 --timed-repetitions 5 --warmup 2
stdout[350] D,S,R,O_i,B_i,rows_per_worker,bytes_per_worker,mode,variant,S_tile,iterations,timed_repetitions,warmup,worker_count,worker_list,affinity,affinity_error,affinity_succeeded,timed_repetitions_exact,avx2_supported,kernel_used,eviction_bytes,eviction_checksum,elapsed_seconds,mac_total,mac_per_second,checksum
512,1,8,"1536,1536,1536,1536","6291456,6291456,6291456,6291456","1536,1536,1536,1536","6291456,6291456,6291456,6291456",fused,B,8,1,5,2,4,"0,2,4,6","true,true,true,true","0,0,0,0",true,true,true,avx2,0,0,0.0191995,125829120,6.55377e+09,18446744072290472164
stderr[350] T0-M correction passed: every Y[S x O_i] cell, fused/repeat/reference, A/B/C, S_tile=2/4/8, four shards, and one/four-worker accounting gate
command[351] "D:\Install\Dev\Projects\IA\Ejercise\cpu-native-arch\build\t0m_int8_probe.exe" --D 512 --S 1 --R 8 --mode repeat --variant A --S-tile 8 --workers 4 --cpus 0,2,4,6 --rows-per-worker 1536,1536,1536,1536 --iterations 1 --timed-repetitions 5 --warmup 2
stdout[351] D,S,R,O_i,B_i,rows_per_worker,bytes_per_worker,mode,variant,S_tile,iterations,timed_repetitions,warmup,worker_count,worker_list,affinity,affinity_error,affinity_succeeded,timed_repetitions_exact,avx2_supported,kernel_used,eviction_bytes,eviction_checksum,elapsed_seconds,mac_total,mac_per_second,checksum
512,1,8,"1536,1536,1536,1536","786432,786432,786432,786432","1536,1536,1536,1536","786432,786432,786432,786432",repeat,A,8,1,5,2,4,"0,2,4,6","true,true,true,true","0,0,0,0",true,true,true,avx2,0,0,0.0036374,125829120,3.45931e+10,18446744073456482297
stderr[351] T0-M correction passed: every Y[S x O_i] cell, fused/repeat/reference, A/B/C, S_tile=2/4/8, four shards, and one/four-worker accounting gate
command[352] "D:\Install\Dev\Projects\IA\Ejercise\cpu-native-arch\build\t0m_int8_probe.exe" --D 512 --S 1 --R 8 --mode repeat --variant B --S-tile 8 --workers 4 --cpus 0,2,4,6 --rows-per-worker 1536,1536,1536,1536 --iterations 1 --timed-repetitions 5 --warmup 2
stdout[352] D,S,R,O_i,B_i,rows_per_worker,bytes_per_worker,mode,variant,S_tile,iterations,timed_repetitions,warmup,worker_count,worker_list,affinity,affinity_error,affinity_succeeded,timed_repetitions_exact,avx2_supported,kernel_used,eviction_bytes,eviction_checksum,elapsed_seconds,mac_total,mac_per_second,checksum
512,1,8,"1536,1536,1536,1536","6291456,6291456,6291456,6291456","1536,1536,1536,1536","6291456,6291456,6291456,6291456",repeat,B,8,1,5,2,4,"0,2,4,6","true,true,true,true","0,0,0,0",true,true,true,avx2,0,0,0.0040396,125829120,3.11489e+10,18446744072290472164
stderr[352] T0-M correction passed: every Y[S x O_i] cell, fused/repeat/reference, A/B/C, S_tile=2/4/8, four shards, and one/four-worker accounting gate
command[353] "D:\Install\Dev\Projects\IA\Ejercise\cpu-native-arch\build\t0m_int8_probe.exe" --D 512 --S 1 --R 16 --mode fused --variant A --S-tile 8 --workers 4 --cpus 0,2,4,6 --rows-per-worker 1536,1536,1536,1536 --iterations 1 --timed-repetitions 5 --warmup 2
stdout[353] D,S,R,O_i,B_i,rows_per_worker,bytes_per_worker,mode,variant,S_tile,iterations,timed_repetitions,warmup,worker_count,worker_list,affinity,affinity_error,affinity_succeeded,timed_repetitions_exact,avx2_supported,kernel_used,eviction_bytes,eviction_checksum,elapsed_seconds,mac_total,mac_per_second,checksum
512,1,16,"1536,1536,1536,1536","786432,786432,786432,786432","1536,1536,1536,1536","786432,786432,786432,786432",fused,A,8,1,5,2,4,"0,2,4,6","true,true,true,true","0,0,0,0",true,true,true,avx2,0,0,0.0274493,251658240,9.16811e+09,18446744073456482297
stderr[353] T0-M correction passed: every Y[S x O_i] cell, fused/repeat/reference, A/B/C, S_tile=2/4/8, four shards, and one/four-worker accounting gate
command[354] "D:\Install\Dev\Projects\IA\Ejercise\cpu-native-arch\build\t0m_int8_probe.exe" --D 512 --S 1 --R 16 --mode fused --variant B --S-tile 8 --workers 4 --cpus 0,2,4,6 --rows-per-worker 1536,1536,1536,1536 --iterations 1 --timed-repetitions 5 --warmup 2
stdout[354] D,S,R,O_i,B_i,rows_per_worker,bytes_per_worker,mode,variant,S_tile,iterations,timed_repetitions,warmup,worker_count,worker_list,affinity,affinity_error,affinity_succeeded,timed_repetitions_exact,avx2_supported,kernel_used,eviction_bytes,eviction_checksum,elapsed_seconds,mac_total,mac_per_second,checksum
512,1,16,"1536,1536,1536,1536","12582912,12582912,12582912,12582912","1536,1536,1536,1536","12582912,12582912,12582912,12582912",fused,B,8,1,5,2,4,"0,2,4,6","true,true,true,true","0,0,0,0",true,true,true,avx2,0,0,0.0275176,251658240,9.14536e+09,18446744073210275579
stderr[354] T0-M correction passed: every Y[S x O_i] cell, fused/repeat/reference, A/B/C, S_tile=2/4/8, four shards, and one/four-worker accounting gate
command[355] "D:\Install\Dev\Projects\IA\Ejercise\cpu-native-arch\build\t0m_int8_probe.exe" --D 512 --S 1 --R 16 --mode repeat --variant A --S-tile 8 --workers 4 --cpus 0,2,4,6 --rows-per-worker 1536,1536,1536,1536 --iterations 1 --timed-repetitions 5 --warmup 2
stdout[355] D,S,R,O_i,B_i,rows_per_worker,bytes_per_worker,mode,variant,S_tile,iterations,timed_repetitions,warmup,worker_count,worker_list,affinity,affinity_error,affinity_succeeded,timed_repetitions_exact,avx2_supported,kernel_used,eviction_bytes,eviction_checksum,elapsed_seconds,mac_total,mac_per_second,checksum
512,1,16,"1536,1536,1536,1536","786432,786432,786432,786432","1536,1536,1536,1536","786432,786432,786432,786432",repeat,A,8,1,5,2,4,"0,2,4,6","true,true,true,true","0,0,0,0",true,true,true,avx2,0,0,0.0143508,251658240,1.75362e+10,18446744073456482297
stderr[355] T0-M correction passed: every Y[S x O_i] cell, fused/repeat/reference, A/B/C, S_tile=2/4/8, four shards, and one/four-worker accounting gate
command[356] "D:\Install\Dev\Projects\IA\Ejercise\cpu-native-arch\build\t0m_int8_probe.exe" --D 512 --S 1 --R 16 --mode repeat --variant B --S-tile 8 --workers 4 --cpus 0,2,4,6 --rows-per-worker 1536,1536,1536,1536 --iterations 1 --timed-repetitions 5 --warmup 2
stdout[356] D,S,R,O_i,B_i,rows_per_worker,bytes_per_worker,mode,variant,S_tile,iterations,timed_repetitions,warmup,worker_count,worker_list,affinity,affinity_error,affinity_succeeded,timed_repetitions_exact,avx2_supported,kernel_used,eviction_bytes,eviction_checksum,elapsed_seconds,mac_total,mac_per_second,checksum
512,1,16,"1536,1536,1536,1536","12582912,12582912,12582912,12582912","1536,1536,1536,1536","12582912,12582912,12582912,12582912",repeat,B,8,1,5,2,4,"0,2,4,6","true,true,true,true","0,0,0,0",true,true,true,avx2,0,0,0.0091729,251658240,2.7435e+10,18446744073210275579
stderr[356] T0-M correction passed: every Y[S x O_i] cell, fused/repeat/reference, A/B/C, S_tile=2/4/8, four shards, and one/four-worker accounting gate
command[357] "D:\Install\Dev\Projects\IA\Ejercise\cpu-native-arch\build\t0m_int8_probe.exe" --D 512 --S 2 --R 1 --mode fused --variant A --S-tile 8 --workers 4 --cpus 0,2,4,6 --rows-per-worker 1536,1536,1536,1536 --iterations 1 --timed-repetitions 5 --warmup 2
stdout[357] D,S,R,O_i,B_i,rows_per_worker,bytes_per_worker,mode,variant,S_tile,iterations,timed_repetitions,warmup,worker_count,worker_list,affinity,affinity_error,affinity_succeeded,timed_repetitions_exact,avx2_supported,kernel_used,eviction_bytes,eviction_checksum,elapsed_seconds,mac_total,mac_per_second,checksum
512,2,1,"1536,1536,1536,1536","786432,786432,786432,786432","1536,1536,1536,1536","786432,786432,786432,786432",fused,A,8,1,5,2,4,"0,2,4,6","true,true,true,true","0,0,0,0",true,true,true,avx2,0,0,0.0025834,31457280,1.21767e+10,363799935
stderr[357] T0-M correction passed: every Y[S x O_i] cell, fused/repeat/reference, A/B/C, S_tile=2/4/8, four shards, and one/four-worker accounting gate
command[358] "D:\Install\Dev\Projects\IA\Ejercise\cpu-native-arch\build\t0m_int8_probe.exe" --D 512 --S 2 --R 1 --mode fused --variant B --S-tile 8 --workers 4 --cpus 0,2,4,6 --rows-per-worker 1536,1536,1536,1536 --iterations 1 --timed-repetitions 5 --warmup 2
stdout[358] D,S,R,O_i,B_i,rows_per_worker,bytes_per_worker,mode,variant,S_tile,iterations,timed_repetitions,warmup,worker_count,worker_list,affinity,affinity_error,affinity_succeeded,timed_repetitions_exact,avx2_supported,kernel_used,eviction_bytes,eviction_checksum,elapsed_seconds,mac_total,mac_per_second,checksum
512,2,1,"1536,1536,1536,1536","786432,786432,786432,786432","1536,1536,1536,1536","786432,786432,786432,786432",fused,B,8,1,5,2,4,"0,2,4,6","true,true,true,true","0,0,0,0",true,true,true,avx2,0,0,0.0016158,31457280,1.94685e+10,363799935
stderr[358] T0-M correction passed: every Y[S x O_i] cell, fused/repeat/reference, A/B/C, S_tile=2/4/8, four shards, and one/four-worker accounting gate
command[359] "D:\Install\Dev\Projects\IA\Ejercise\cpu-native-arch\build\t0m_int8_probe.exe" --D 512 --S 2 --R 1 --mode repeat --variant A --S-tile 8 --workers 4 --cpus 0,2,4,6 --rows-per-worker 1536,1536,1536,1536 --iterations 1 --timed-repetitions 5 --warmup 2
stdout[359] D,S,R,O_i,B_i,rows_per_worker,bytes_per_worker,mode,variant,S_tile,iterations,timed_repetitions,warmup,worker_count,worker_list,affinity,affinity_error,affinity_succeeded,timed_repetitions_exact,avx2_supported,kernel_used,eviction_bytes,eviction_checksum,elapsed_seconds,mac_total,mac_per_second,checksum
512,2,1,"1536,1536,1536,1536","786432,786432,786432,786432","1536,1536,1536,1536","786432,786432,786432,786432",repeat,A,8,1,5,2,4,"0,2,4,6","true,true,true,true","0,0,0,0",true,true,true,avx2,0,0,0.0009701,31457280,3.24268e+10,363799935
stderr[359] T0-M correction passed: every Y[S x O_i] cell, fused/repeat/reference, A/B/C, S_tile=2/4/8, four shards, and one/four-worker accounting gate
command[360] "D:\Install\Dev\Projects\IA\Ejercise\cpu-native-arch\build\t0m_int8_probe.exe" --D 512 --S 2 --R 1 --mode repeat --variant B --S-tile 8 --workers 4 --cpus 0,2,4,6 --rows-per-worker 1536,1536,1536,1536 --iterations 1 --timed-repetitions 5 --warmup 2
stdout[360] D,S,R,O_i,B_i,rows_per_worker,bytes_per_worker,mode,variant,S_tile,iterations,timed_repetitions,warmup,worker_count,worker_list,affinity,affinity_error,affinity_succeeded,timed_repetitions_exact,avx2_supported,kernel_used,eviction_bytes,eviction_checksum,elapsed_seconds,mac_total,mac_per_second,checksum
512,2,1,"1536,1536,1536,1536","786432,786432,786432,786432","1536,1536,1536,1536","786432,786432,786432,786432",repeat,B,8,1,5,2,4,"0,2,4,6","true,true,true,true","0,0,0,0",true,true,true,avx2,0,0,0.0009699,31457280,3.24335e+10,363799935
stderr[360] T0-M correction passed: every Y[S x O_i] cell, fused/repeat/reference, A/B/C, S_tile=2/4/8, four shards, and one/four-worker accounting gate
command[361] "D:\Install\Dev\Projects\IA\Ejercise\cpu-native-arch\build\t0m_int8_probe.exe" --D 512 --S 2 --R 2 --mode fused --variant A --S-tile 8 --workers 4 --cpus 0,2,4,6 --rows-per-worker 1536,1536,1536,1536 --iterations 1 --timed-repetitions 5 --warmup 2
stdout[361] D,S,R,O_i,B_i,rows_per_worker,bytes_per_worker,mode,variant,S_tile,iterations,timed_repetitions,warmup,worker_count,worker_list,affinity,affinity_error,affinity_succeeded,timed_repetitions_exact,avx2_supported,kernel_used,eviction_bytes,eviction_checksum,elapsed_seconds,mac_total,mac_per_second,checksum
512,2,2,"1536,1536,1536,1536","786432,786432,786432,786432","1536,1536,1536,1536","786432,786432,786432,786432",fused,A,8,1,5,2,4,"0,2,4,6","true,true,true,true","0,0,0,0",true,true,true,avx2,0,0,0.0056307,62914560,1.11735e+10,363799935
stderr[361] T0-M correction passed: every Y[S x O_i] cell, fused/repeat/reference, A/B/C, S_tile=2/4/8, four shards, and one/four-worker accounting gate
command[362] "D:\Install\Dev\Projects\IA\Ejercise\cpu-native-arch\build\t0m_int8_probe.exe" --D 512 --S 2 --R 2 --mode fused --variant B --S-tile 8 --workers 4 --cpus 0,2,4,6 --rows-per-worker 1536,1536,1536,1536 --iterations 1 --timed-repetitions 5 --warmup 2
stdout[362] D,S,R,O_i,B_i,rows_per_worker,bytes_per_worker,mode,variant,S_tile,iterations,timed_repetitions,warmup,worker_count,worker_list,affinity,affinity_error,affinity_succeeded,timed_repetitions_exact,avx2_supported,kernel_used,eviction_bytes,eviction_checksum,elapsed_seconds,mac_total,mac_per_second,checksum
512,2,2,"1536,1536,1536,1536","1572864,1572864,1572864,1572864","1536,1536,1536,1536","1572864,1572864,1572864,1572864",fused,B,8,1,5,2,4,"0,2,4,6","true,true,true,true","0,0,0,0",true,true,true,avx2,0,0,0.0032296,62914560,1.94806e+10,1336491476
stderr[362] T0-M correction passed: every Y[S x O_i] cell, fused/repeat/reference, A/B/C, S_tile=2/4/8, four shards, and one/four-worker accounting gate
command[363] "D:\Install\Dev\Projects\IA\Ejercise\cpu-native-arch\build\t0m_int8_probe.exe" --D 512 --S 2 --R 2 --mode repeat --variant A --S-tile 8 --workers 4 --cpus 0,2,4,6 --rows-per-worker 1536,1536,1536,1536 --iterations 1 --timed-repetitions 5 --warmup 2
stdout[363] D,S,R,O_i,B_i,rows_per_worker,bytes_per_worker,mode,variant,S_tile,iterations,timed_repetitions,warmup,worker_count,worker_list,affinity,affinity_error,affinity_succeeded,timed_repetitions_exact,avx2_supported,kernel_used,eviction_bytes,eviction_checksum,elapsed_seconds,mac_total,mac_per_second,checksum
512,2,2,"1536,1536,1536,1536","786432,786432,786432,786432","1536,1536,1536,1536","786432,786432,786432,786432",repeat,A,8,1,5,2,4,"0,2,4,6","true,true,true,true","0,0,0,0",true,true,true,avx2,0,0,0.0026114,62914560,2.40923e+10,363799935
stderr[363] T0-M correction passed: every Y[S x O_i] cell, fused/repeat/reference, A/B/C, S_tile=2/4/8, four shards, and one/four-worker accounting gate
command[364] "D:\Install\Dev\Projects\IA\Ejercise\cpu-native-arch\build\t0m_int8_probe.exe" --D 512 --S 2 --R 2 --mode repeat --variant B --S-tile 8 --workers 4 --cpus 0,2,4,6 --rows-per-worker 1536,1536,1536,1536 --iterations 1 --timed-repetitions 5 --warmup 2
stdout[364] D,S,R,O_i,B_i,rows_per_worker,bytes_per_worker,mode,variant,S_tile,iterations,timed_repetitions,warmup,worker_count,worker_list,affinity,affinity_error,affinity_succeeded,timed_repetitions_exact,avx2_supported,kernel_used,eviction_bytes,eviction_checksum,elapsed_seconds,mac_total,mac_per_second,checksum
512,2,2,"1536,1536,1536,1536","1572864,1572864,1572864,1572864","1536,1536,1536,1536","1572864,1572864,1572864,1572864",repeat,B,8,1,5,2,4,"0,2,4,6","true,true,true,true","0,0,0,0",true,true,true,avx2,0,0,0.0019056,62914560,3.30156e+10,1336491476
stderr[364] T0-M correction passed: every Y[S x O_i] cell, fused/repeat/reference, A/B/C, S_tile=2/4/8, four shards, and one/four-worker accounting gate
command[365] "D:\Install\Dev\Projects\IA\Ejercise\cpu-native-arch\build\t0m_int8_probe.exe" --D 512 --S 2 --R 4 --mode fused --variant A --S-tile 8 --workers 4 --cpus 0,2,4,6 --rows-per-worker 1536,1536,1536,1536 --iterations 1 --timed-repetitions 5 --warmup 2
stdout[365] D,S,R,O_i,B_i,rows_per_worker,bytes_per_worker,mode,variant,S_tile,iterations,timed_repetitions,warmup,worker_count,worker_list,affinity,affinity_error,affinity_succeeded,timed_repetitions_exact,avx2_supported,kernel_used,eviction_bytes,eviction_checksum,elapsed_seconds,mac_total,mac_per_second,checksum
512,2,4,"1536,1536,1536,1536","786432,786432,786432,786432","1536,1536,1536,1536","786432,786432,786432,786432",fused,A,8,1,5,2,4,"0,2,4,6","true,true,true,true","0,0,0,0",true,true,true,avx2,0,0,0.0068765,125829120,1.82984e+10,363799935
stderr[365] T0-M correction passed: every Y[S x O_i] cell, fused/repeat/reference, A/B/C, S_tile=2/4/8, four shards, and one/four-worker accounting gate
command[366] "D:\Install\Dev\Projects\IA\Ejercise\cpu-native-arch\build\t0m_int8_probe.exe" --D 512 --S 2 --R 4 --mode fused --variant B --S-tile 8 --workers 4 --cpus 0,2,4,6 --rows-per-worker 1536,1536,1536,1536 --iterations 1 --timed-repetitions 5 --warmup 2
stdout[366] D,S,R,O_i,B_i,rows_per_worker,bytes_per_worker,mode,variant,S_tile,iterations,timed_repetitions,warmup,worker_count,worker_list,affinity,affinity_error,affinity_succeeded,timed_repetitions_exact,avx2_supported,kernel_used,eviction_bytes,eviction_checksum,elapsed_seconds,mac_total,mac_per_second,checksum
512,2,4,"1536,1536,1536,1536","3145728,3145728,3145728,3145728","1536,1536,1536,1536","3145728,3145728,3145728,3145728",fused,B,8,1,5,2,4,"0,2,4,6","true,true,true,true","0,0,0,0",true,true,true,avx2,0,0,0.0090601,125829120,1.38883e+10,756196645
stderr[366] T0-M correction passed: every Y[S x O_i] cell, fused/repeat/reference, A/B/C, S_tile=2/4/8, four shards, and one/four-worker accounting gate
command[367] "D:\Install\Dev\Projects\IA\Ejercise\cpu-native-arch\build\t0m_int8_probe.exe" --D 512 --S 2 --R 4 --mode repeat --variant A --S-tile 8 --workers 4 --cpus 0,2,4,6 --rows-per-worker 1536,1536,1536,1536 --iterations 1 --timed-repetitions 5 --warmup 2
stdout[367] D,S,R,O_i,B_i,rows_per_worker,bytes_per_worker,mode,variant,S_tile,iterations,timed_repetitions,warmup,worker_count,worker_list,affinity,affinity_error,affinity_succeeded,timed_repetitions_exact,avx2_supported,kernel_used,eviction_bytes,eviction_checksum,elapsed_seconds,mac_total,mac_per_second,checksum
512,2,4,"1536,1536,1536,1536","786432,786432,786432,786432","1536,1536,1536,1536","786432,786432,786432,786432",repeat,A,8,1,5,2,4,"0,2,4,6","true,true,true,true","0,0,0,0",true,true,true,avx2,0,0,0.004042,125829120,3.11304e+10,363799935
stderr[367] T0-M correction passed: every Y[S x O_i] cell, fused/repeat/reference, A/B/C, S_tile=2/4/8, four shards, and one/four-worker accounting gate
command[368] "D:\Install\Dev\Projects\IA\Ejercise\cpu-native-arch\build\t0m_int8_probe.exe" --D 512 --S 2 --R 4 --mode repeat --variant B --S-tile 8 --workers 4 --cpus 0,2,4,6 --rows-per-worker 1536,1536,1536,1536 --iterations 1 --timed-repetitions 5 --warmup 2
stdout[368] D,S,R,O_i,B_i,rows_per_worker,bytes_per_worker,mode,variant,S_tile,iterations,timed_repetitions,warmup,worker_count,worker_list,affinity,affinity_error,affinity_succeeded,timed_repetitions_exact,avx2_supported,kernel_used,eviction_bytes,eviction_checksum,elapsed_seconds,mac_total,mac_per_second,checksum
512,2,4,"1536,1536,1536,1536","3145728,3145728,3145728,3145728","1536,1536,1536,1536","3145728,3145728,3145728,3145728",repeat,B,8,1,5,2,4,"0,2,4,6","true,true,true,true","0,0,0,0",true,true,true,avx2,0,0,0.0041382,125829120,3.04067e+10,756196645
stderr[368] T0-M correction passed: every Y[S x O_i] cell, fused/repeat/reference, A/B/C, S_tile=2/4/8, four shards, and one/four-worker accounting gate
command[369] "D:\Install\Dev\Projects\IA\Ejercise\cpu-native-arch\build\t0m_int8_probe.exe" --D 512 --S 2 --R 8 --mode fused --variant A --S-tile 8 --workers 4 --cpus 0,2,4,6 --rows-per-worker 1536,1536,1536,1536 --iterations 1 --timed-repetitions 5 --warmup 2
stdout[369] D,S,R,O_i,B_i,rows_per_worker,bytes_per_worker,mode,variant,S_tile,iterations,timed_repetitions,warmup,worker_count,worker_list,affinity,affinity_error,affinity_succeeded,timed_repetitions_exact,avx2_supported,kernel_used,eviction_bytes,eviction_checksum,elapsed_seconds,mac_total,mac_per_second,checksum
512,2,8,"1536,1536,1536,1536","786432,786432,786432,786432","1536,1536,1536,1536","786432,786432,786432,786432",fused,A,8,1,5,2,4,"0,2,4,6","true,true,true,true","0,0,0,0",true,true,true,avx2,0,0,0.0152902,251658240,1.64588e+10,363799935
stderr[369] T0-M correction passed: every Y[S x O_i] cell, fused/repeat/reference, A/B/C, S_tile=2/4/8, four shards, and one/four-worker accounting gate
command[370] "D:\Install\Dev\Projects\IA\Ejercise\cpu-native-arch\build\t0m_int8_probe.exe" --D 512 --S 2 --R 8 --mode fused --variant B --S-tile 8 --workers 4 --cpus 0,2,4,6 --rows-per-worker 1536,1536,1536,1536 --iterations 1 --timed-repetitions 5 --warmup 2
stdout[370] D,S,R,O_i,B_i,rows_per_worker,bytes_per_worker,mode,variant,S_tile,iterations,timed_repetitions,warmup,worker_count,worker_list,affinity,affinity_error,affinity_succeeded,timed_repetitions_exact,avx2_supported,kernel_used,eviction_bytes,eviction_checksum,elapsed_seconds,mac_total,mac_per_second,checksum
512,2,8,"1536,1536,1536,1536","6291456,6291456,6291456,6291456","1536,1536,1536,1536","6291456,6291456,6291456,6291456",fused,B,8,1,5,2,4,"0,2,4,6","true,true,true,true","0,0,0,0",true,true,true,avx2,0,0,0.015179,251658240,1.65794e+10,897246464
stderr[370] T0-M correction passed: every Y[S x O_i] cell, fused/repeat/reference, A/B/C, S_tile=2/4/8, four shards, and one/four-worker accounting gate
command[371] "D:\Install\Dev\Projects\IA\Ejercise\cpu-native-arch\build\t0m_int8_probe.exe" --D 512 --S 2 --R 8 --mode repeat --variant A --S-tile 8 --workers 4 --cpus 0,2,4,6 --rows-per-worker 1536,1536,1536,1536 --iterations 1 --timed-repetitions 5 --warmup 2
stdout[371] D,S,R,O_i,B_i,rows_per_worker,bytes_per_worker,mode,variant,S_tile,iterations,timed_repetitions,warmup,worker_count,worker_list,affinity,affinity_error,affinity_succeeded,timed_repetitions_exact,avx2_supported,kernel_used,eviction_bytes,eviction_checksum,elapsed_seconds,mac_total,mac_per_second,checksum
512,2,8,"1536,1536,1536,1536","786432,786432,786432,786432","1536,1536,1536,1536","786432,786432,786432,786432",repeat,A,8,1,5,2,4,"0,2,4,6","true,true,true,true","0,0,0,0",true,true,true,avx2,0,0,0.0075039,251658240,3.3537e+10,363799935
stderr[371] T0-M correction passed: every Y[S x O_i] cell, fused/repeat/reference, A/B/C, S_tile=2/4/8, four shards, and one/four-worker accounting gate
command[372] "D:\Install\Dev\Projects\IA\Ejercise\cpu-native-arch\build\t0m_int8_probe.exe" --D 512 --S 2 --R 8 --mode repeat --variant B --S-tile 8 --workers 4 --cpus 0,2,4,6 --rows-per-worker 1536,1536,1536,1536 --iterations 1 --timed-repetitions 5 --warmup 2
stdout[372] D,S,R,O_i,B_i,rows_per_worker,bytes_per_worker,mode,variant,S_tile,iterations,timed_repetitions,warmup,worker_count,worker_list,affinity,affinity_error,affinity_succeeded,timed_repetitions_exact,avx2_supported,kernel_used,eviction_bytes,eviction_checksum,elapsed_seconds,mac_total,mac_per_second,checksum
512,2,8,"1536,1536,1536,1536","6291456,6291456,6291456,6291456","1536,1536,1536,1536","6291456,6291456,6291456,6291456",repeat,B,8,1,5,2,4,"0,2,4,6","true,true,true,true","0,0,0,0",true,true,true,avx2,0,0,0.0077072,251658240,3.26524e+10,897246464
stderr[372] T0-M correction passed: every Y[S x O_i] cell, fused/repeat/reference, A/B/C, S_tile=2/4/8, four shards, and one/four-worker accounting gate
command[373] "D:\Install\Dev\Projects\IA\Ejercise\cpu-native-arch\build\t0m_int8_probe.exe" --D 512 --S 2 --R 16 --mode fused --variant A --S-tile 8 --workers 4 --cpus 0,2,4,6 --rows-per-worker 1536,1536,1536,1536 --iterations 1 --timed-repetitions 5 --warmup 2
stdout[373] D,S,R,O_i,B_i,rows_per_worker,bytes_per_worker,mode,variant,S_tile,iterations,timed_repetitions,warmup,worker_count,worker_list,affinity,affinity_error,affinity_succeeded,timed_repetitions_exact,avx2_supported,kernel_used,eviction_bytes,eviction_checksum,elapsed_seconds,mac_total,mac_per_second,checksum
512,2,16,"1536,1536,1536,1536","786432,786432,786432,786432","1536,1536,1536,1536","786432,786432,786432,786432",fused,A,8,1,5,2,4,"0,2,4,6","true,true,true,true","0,0,0,0",true,true,true,avx2,0,0,0.0262407,503316480,1.91808e+10,363799935
stderr[373] T0-M correction passed: every Y[S x O_i] cell, fused/repeat/reference, A/B/C, S_tile=2/4/8, four shards, and one/four-worker accounting gate
command[374] "D:\Install\Dev\Projects\IA\Ejercise\cpu-native-arch\build\t0m_int8_probe.exe" --D 512 --S 2 --R 16 --mode fused --variant B --S-tile 8 --workers 4 --cpus 0,2,4,6 --rows-per-worker 1536,1536,1536,1536 --iterations 1 --timed-repetitions 5 --warmup 2
stdout[374] D,S,R,O_i,B_i,rows_per_worker,bytes_per_worker,mode,variant,S_tile,iterations,timed_repetitions,warmup,worker_count,worker_list,affinity,affinity_error,affinity_succeeded,timed_repetitions_exact,avx2_supported,kernel_used,eviction_bytes,eviction_checksum,elapsed_seconds,mac_total,mac_per_second,checksum
512,2,16,"1536,1536,1536,1536","12582912,12582912,12582912,12582912","1536,1536,1536,1536","12582912,12582912,12582912,12582912",fused,B,8,1,5,2,4,"0,2,4,6","true,true,true,true","0,0,0,0",true,true,true,avx2,0,0,0.0316473,503316480,1.59039e+10,18446744073429959440
stderr[374] T0-M correction passed: every Y[S x O_i] cell, fused/repeat/reference, A/B/C, S_tile=2/4/8, four shards, and one/four-worker accounting gate
command[375] "D:\Install\Dev\Projects\IA\Ejercise\cpu-native-arch\build\t0m_int8_probe.exe" --D 512 --S 2 --R 16 --mode repeat --variant A --S-tile 8 --workers 4 --cpus 0,2,4,6 --rows-per-worker 1536,1536,1536,1536 --iterations 1 --timed-repetitions 5 --warmup 2
stdout[375] D,S,R,O_i,B_i,rows_per_worker,bytes_per_worker,mode,variant,S_tile,iterations,timed_repetitions,warmup,worker_count,worker_list,affinity,affinity_error,affinity_succeeded,timed_repetitions_exact,avx2_supported,kernel_used,eviction_bytes,eviction_checksum,elapsed_seconds,mac_total,mac_per_second,checksum
512,2,16,"1536,1536,1536,1536","786432,786432,786432,786432","1536,1536,1536,1536","786432,786432,786432,786432",repeat,A,8,1,5,2,4,"0,2,4,6","true,true,true,true","0,0,0,0",true,true,true,avx2,0,0,0.0186491,503316480,2.69888e+10,363799935
stderr[375] T0-M correction passed: every Y[S x O_i] cell, fused/repeat/reference, A/B/C, S_tile=2/4/8, four shards, and one/four-worker accounting gate
command[376] "D:\Install\Dev\Projects\IA\Ejercise\cpu-native-arch\build\t0m_int8_probe.exe" --D 512 --S 2 --R 16 --mode repeat --variant B --S-tile 8 --workers 4 --cpus 0,2,4,6 --rows-per-worker 1536,1536,1536,1536 --iterations 1 --timed-repetitions 5 --warmup 2
stdout[376] D,S,R,O_i,B_i,rows_per_worker,bytes_per_worker,mode,variant,S_tile,iterations,timed_repetitions,warmup,worker_count,worker_list,affinity,affinity_error,affinity_succeeded,timed_repetitions_exact,avx2_supported,kernel_used,eviction_bytes,eviction_checksum,elapsed_seconds,mac_total,mac_per_second,checksum
512,2,16,"1536,1536,1536,1536","12582912,12582912,12582912,12582912","1536,1536,1536,1536","12582912,12582912,12582912,12582912",repeat,B,8,1,5,2,4,"0,2,4,6","true,true,true,true","0,0,0,0",true,true,true,avx2,0,0,0.0151307,503316480,3.32646e+10,18446744073429959440
stderr[376] T0-M correction passed: every Y[S x O_i] cell, fused/repeat/reference, A/B/C, S_tile=2/4/8, four shards, and one/four-worker accounting gate
command[377] "D:\Install\Dev\Projects\IA\Ejercise\cpu-native-arch\build\t0m_int8_probe.exe" --D 512 --S 4 --R 1 --mode fused --variant A --S-tile 8 --workers 4 --cpus 0,2,4,6 --rows-per-worker 1536,1536,1536,1536 --iterations 1 --timed-repetitions 5 --warmup 2
stdout[377] D,S,R,O_i,B_i,rows_per_worker,bytes_per_worker,mode,variant,S_tile,iterations,timed_repetitions,warmup,worker_count,worker_list,affinity,affinity_error,affinity_succeeded,timed_repetitions_exact,avx2_supported,kernel_used,eviction_bytes,eviction_checksum,elapsed_seconds,mac_total,mac_per_second,checksum
512,4,1,"1536,1536,1536,1536","786432,786432,786432,786432","1536,1536,1536,1536","786432,786432,786432,786432",fused,A,8,1,5,2,4,"0,2,4,6","true,true,true,true","0,0,0,0",true,true,true,avx2,0,0,0.0033044,62914560,1.90396e+10,4634971970
stderr[377] T0-M correction passed: every Y[S x O_i] cell, fused/repeat/reference, A/B/C, S_tile=2/4/8, four shards, and one/four-worker accounting gate
command[378] "D:\Install\Dev\Projects\IA\Ejercise\cpu-native-arch\build\t0m_int8_probe.exe" --D 512 --S 4 --R 1 --mode fused --variant B --S-tile 8 --workers 4 --cpus 0,2,4,6 --rows-per-worker 1536,1536,1536,1536 --iterations 1 --timed-repetitions 5 --warmup 2
stdout[378] D,S,R,O_i,B_i,rows_per_worker,bytes_per_worker,mode,variant,S_tile,iterations,timed_repetitions,warmup,worker_count,worker_list,affinity,affinity_error,affinity_succeeded,timed_repetitions_exact,avx2_supported,kernel_used,eviction_bytes,eviction_checksum,elapsed_seconds,mac_total,mac_per_second,checksum
512,4,1,"1536,1536,1536,1536","786432,786432,786432,786432","1536,1536,1536,1536","786432,786432,786432,786432",fused,B,8,1,5,2,4,"0,2,4,6","true,true,true,true","0,0,0,0",true,true,true,avx2,0,0,0.0036439,62914560,1.72657e+10,4634971970
stderr[378] T0-M correction passed: every Y[S x O_i] cell, fused/repeat/reference, A/B/C, S_tile=2/4/8, four shards, and one/four-worker accounting gate
command[379] "D:\Install\Dev\Projects\IA\Ejercise\cpu-native-arch\build\t0m_int8_probe.exe" --D 512 --S 4 --R 1 --mode repeat --variant A --S-tile 8 --workers 4 --cpus 0,2,4,6 --rows-per-worker 1536,1536,1536,1536 --iterations 1 --timed-repetitions 5 --warmup 2
stdout[379] D,S,R,O_i,B_i,rows_per_worker,bytes_per_worker,mode,variant,S_tile,iterations,timed_repetitions,warmup,worker_count,worker_list,affinity,affinity_error,affinity_succeeded,timed_repetitions_exact,avx2_supported,kernel_used,eviction_bytes,eviction_checksum,elapsed_seconds,mac_total,mac_per_second,checksum
512,4,1,"1536,1536,1536,1536","786432,786432,786432,786432","1536,1536,1536,1536","786432,786432,786432,786432",repeat,A,8,1,5,2,4,"0,2,4,6","true,true,true,true","0,0,0,0",true,true,true,avx2,0,0,0.0024237,62914560,2.59581e+10,4634971970
stderr[379] T0-M correction passed: every Y[S x O_i] cell, fused/repeat/reference, A/B/C, S_tile=2/4/8, four shards, and one/four-worker accounting gate
command[380] "D:\Install\Dev\Projects\IA\Ejercise\cpu-native-arch\build\t0m_int8_probe.exe" --D 512 --S 4 --R 1 --mode repeat --variant B --S-tile 8 --workers 4 --cpus 0,2,4,6 --rows-per-worker 1536,1536,1536,1536 --iterations 1 --timed-repetitions 5 --warmup 2
stdout[380] D,S,R,O_i,B_i,rows_per_worker,bytes_per_worker,mode,variant,S_tile,iterations,timed_repetitions,warmup,worker_count,worker_list,affinity,affinity_error,affinity_succeeded,timed_repetitions_exact,avx2_supported,kernel_used,eviction_bytes,eviction_checksum,elapsed_seconds,mac_total,mac_per_second,checksum
512,4,1,"1536,1536,1536,1536","786432,786432,786432,786432","1536,1536,1536,1536","786432,786432,786432,786432",repeat,B,8,1,5,2,4,"0,2,4,6","true,true,true,true","0,0,0,0",true,true,true,avx2,0,0,0.0018716,62914560,3.36154e+10,4634971970
stderr[380] T0-M correction passed: every Y[S x O_i] cell, fused/repeat/reference, A/B/C, S_tile=2/4/8, four shards, and one/four-worker accounting gate
command[381] "D:\Install\Dev\Projects\IA\Ejercise\cpu-native-arch\build\t0m_int8_probe.exe" --D 512 --S 4 --R 2 --mode fused --variant A --S-tile 8 --workers 4 --cpus 0,2,4,6 --rows-per-worker 1536,1536,1536,1536 --iterations 1 --timed-repetitions 5 --warmup 2
stdout[381] D,S,R,O_i,B_i,rows_per_worker,bytes_per_worker,mode,variant,S_tile,iterations,timed_repetitions,warmup,worker_count,worker_list,affinity,affinity_error,affinity_succeeded,timed_repetitions_exact,avx2_supported,kernel_used,eviction_bytes,eviction_checksum,elapsed_seconds,mac_total,mac_per_second,checksum
512,4,2,"1536,1536,1536,1536","786432,786432,786432,786432","1536,1536,1536,1536","786432,786432,786432,786432",fused,A,8,1,5,2,4,"0,2,4,6","true,true,true,true","0,0,0,0",true,true,true,avx2,0,0,0.0049297,125829120,2.55247e+10,4634971970
stderr[381] T0-M correction passed: every Y[S x O_i] cell, fused/repeat/reference, A/B/C, S_tile=2/4/8, four shards, and one/four-worker accounting gate
command[382] "D:\Install\Dev\Projects\IA\Ejercise\cpu-native-arch\build\t0m_int8_probe.exe" --D 512 --S 4 --R 2 --mode fused --variant B --S-tile 8 --workers 4 --cpus 0,2,4,6 --rows-per-worker 1536,1536,1536,1536 --iterations 1 --timed-repetitions 5 --warmup 2
stdout[382] D,S,R,O_i,B_i,rows_per_worker,bytes_per_worker,mode,variant,S_tile,iterations,timed_repetitions,warmup,worker_count,worker_list,affinity,affinity_error,affinity_succeeded,timed_repetitions_exact,avx2_supported,kernel_used,eviction_bytes,eviction_checksum,elapsed_seconds,mac_total,mac_per_second,checksum
512,4,2,"1536,1536,1536,1536","1572864,1572864,1572864,1572864","1536,1536,1536,1536","1572864,1572864,1572864,1572864",fused,B,8,1,5,2,4,"0,2,4,6","true,true,true,true","0,0,0,0",true,true,true,avx2,0,0,0.0049863,125829120,2.5235e+10,18446744071461959347
stderr[382] T0-M correction passed: every Y[S x O_i] cell, fused/repeat/reference, A/B/C, S_tile=2/4/8, four shards, and one/four-worker accounting gate
command[383] "D:\Install\Dev\Projects\IA\Ejercise\cpu-native-arch\build\t0m_int8_probe.exe" --D 512 --S 4 --R 2 --mode repeat --variant A --S-tile 8 --workers 4 --cpus 0,2,4,6 --rows-per-worker 1536,1536,1536,1536 --iterations 1 --timed-repetitions 5 --warmup 2
stdout[383] D,S,R,O_i,B_i,rows_per_worker,bytes_per_worker,mode,variant,S_tile,iterations,timed_repetitions,warmup,worker_count,worker_list,affinity,affinity_error,affinity_succeeded,timed_repetitions_exact,avx2_supported,kernel_used,eviction_bytes,eviction_checksum,elapsed_seconds,mac_total,mac_per_second,checksum
512,4,2,"1536,1536,1536,1536","786432,786432,786432,786432","1536,1536,1536,1536","786432,786432,786432,786432",repeat,A,8,1,5,2,4,"0,2,4,6","true,true,true,true","0,0,0,0",true,true,true,avx2,0,0,0.0036903,125829120,3.40973e+10,4634971970
stderr[383] T0-M correction passed: every Y[S x O_i] cell, fused/repeat/reference, A/B/C, S_tile=2/4/8, four shards, and one/four-worker accounting gate
command[384] "D:\Install\Dev\Projects\IA\Ejercise\cpu-native-arch\build\t0m_int8_probe.exe" --D 512 --S 4 --R 2 --mode repeat --variant B --S-tile 8 --workers 4 --cpus 0,2,4,6 --rows-per-worker 1536,1536,1536,1536 --iterations 1 --timed-repetitions 5 --warmup 2
stdout[384] D,S,R,O_i,B_i,rows_per_worker,bytes_per_worker,mode,variant,S_tile,iterations,timed_repetitions,warmup,worker_count,worker_list,affinity,affinity_error,affinity_succeeded,timed_repetitions_exact,avx2_supported,kernel_used,eviction_bytes,eviction_checksum,elapsed_seconds,mac_total,mac_per_second,checksum
512,4,2,"1536,1536,1536,1536","1572864,1572864,1572864,1572864","1536,1536,1536,1536","1572864,1572864,1572864,1572864",repeat,B,8,1,5,2,4,"0,2,4,6","true,true,true,true","0,0,0,0",true,true,true,avx2,0,0,0.0046618,125829120,2.69915e+10,18446744071461959347
stderr[384] T0-M correction passed: every Y[S x O_i] cell, fused/repeat/reference, A/B/C, S_tile=2/4/8, four shards, and one/four-worker accounting gate
command[385] "D:\Install\Dev\Projects\IA\Ejercise\cpu-native-arch\build\t0m_int8_probe.exe" --D 512 --S 4 --R 4 --mode fused --variant A --S-tile 8 --workers 4 --cpus 0,2,4,6 --rows-per-worker 1536,1536,1536,1536 --iterations 1 --timed-repetitions 5 --warmup 2
stdout[385] D,S,R,O_i,B_i,rows_per_worker,bytes_per_worker,mode,variant,S_tile,iterations,timed_repetitions,warmup,worker_count,worker_list,affinity,affinity_error,affinity_succeeded,timed_repetitions_exact,avx2_supported,kernel_used,eviction_bytes,eviction_checksum,elapsed_seconds,mac_total,mac_per_second,checksum
512,4,4,"1536,1536,1536,1536","786432,786432,786432,786432","1536,1536,1536,1536","786432,786432,786432,786432",fused,A,8,1,5,2,4,"0,2,4,6","true,true,true,true","0,0,0,0",true,true,true,avx2,0,0,0.0115336,251658240,2.18196e+10,4634971970
stderr[385] T0-M correction passed: every Y[S x O_i] cell, fused/repeat/reference, A/B/C, S_tile=2/4/8, four shards, and one/four-worker accounting gate
command[386] "D:\Install\Dev\Projects\IA\Ejercise\cpu-native-arch\build\t0m_int8_probe.exe" --D 512 --S 4 --R 4 --mode fused --variant B --S-tile 8 --workers 4 --cpus 0,2,4,6 --rows-per-worker 1536,1536,1536,1536 --iterations 1 --timed-repetitions 5 --warmup 2
stdout[386] D,S,R,O_i,B_i,rows_per_worker,bytes_per_worker,mode,variant,S_tile,iterations,timed_repetitions,warmup,worker_count,worker_list,affinity,affinity_error,affinity_succeeded,timed_repetitions_exact,avx2_supported,kernel_used,eviction_bytes,eviction_checksum,elapsed_seconds,mac_total,mac_per_second,checksum
512,4,4,"1536,1536,1536,1536","3145728,3145728,3145728,3145728","1536,1536,1536,1536","3145728,3145728,3145728,3145728",fused,B,8,1,5,2,4,"0,2,4,6","true,true,true,true","0,0,0,0",true,true,true,avx2,0,0,0.0179338,251658240,1.40326e+10,3523278383
stderr[386] T0-M correction passed: every Y[S x O_i] cell, fused/repeat/reference, A/B/C, S_tile=2/4/8, four shards, and one/four-worker accounting gate
command[387] "D:\Install\Dev\Projects\IA\Ejercise\cpu-native-arch\build\t0m_int8_probe.exe" --D 512 --S 4 --R 4 --mode repeat --variant A --S-tile 8 --workers 4 --cpus 0,2,4,6 --rows-per-worker 1536,1536,1536,1536 --iterations 1 --timed-repetitions 5 --warmup 2
stdout[387] D,S,R,O_i,B_i,rows_per_worker,bytes_per_worker,mode,variant,S_tile,iterations,timed_repetitions,warmup,worker_count,worker_list,affinity,affinity_error,affinity_succeeded,timed_repetitions_exact,avx2_supported,kernel_used,eviction_bytes,eviction_checksum,elapsed_seconds,mac_total,mac_per_second,checksum
512,4,4,"1536,1536,1536,1536","786432,786432,786432,786432","1536,1536,1536,1536","786432,786432,786432,786432",repeat,A,8,1,5,2,4,"0,2,4,6","true,true,true,true","0,0,0,0",true,true,true,avx2,0,0,0.0095599,251658240,2.63244e+10,4634971970
stderr[387] T0-M correction passed: every Y[S x O_i] cell, fused/repeat/reference, A/B/C, S_tile=2/4/8, four shards, and one/four-worker accounting gate
command[388] "D:\Install\Dev\Projects\IA\Ejercise\cpu-native-arch\build\t0m_int8_probe.exe" --D 512 --S 4 --R 4 --mode repeat --variant B --S-tile 8 --workers 4 --cpus 0,2,4,6 --rows-per-worker 1536,1536,1536,1536 --iterations 1 --timed-repetitions 5 --warmup 2
stdout[388] D,S,R,O_i,B_i,rows_per_worker,bytes_per_worker,mode,variant,S_tile,iterations,timed_repetitions,warmup,worker_count,worker_list,affinity,affinity_error,affinity_succeeded,timed_repetitions_exact,avx2_supported,kernel_used,eviction_bytes,eviction_checksum,elapsed_seconds,mac_total,mac_per_second,checksum
512,4,4,"1536,1536,1536,1536","3145728,3145728,3145728,3145728","1536,1536,1536,1536","3145728,3145728,3145728,3145728",repeat,B,8,1,5,2,4,"0,2,4,6","true,true,true,true","0,0,0,0",true,true,true,avx2,0,0,0.0074896,251658240,3.3601e+10,3523278383
stderr[388] T0-M correction passed: every Y[S x O_i] cell, fused/repeat/reference, A/B/C, S_tile=2/4/8, four shards, and one/four-worker accounting gate
command[389] "D:\Install\Dev\Projects\IA\Ejercise\cpu-native-arch\build\t0m_int8_probe.exe" --D 512 --S 4 --R 8 --mode fused --variant A --S-tile 8 --workers 4 --cpus 0,2,4,6 --rows-per-worker 1536,1536,1536,1536 --iterations 1 --timed-repetitions 5 --warmup 2
stdout[389] D,S,R,O_i,B_i,rows_per_worker,bytes_per_worker,mode,variant,S_tile,iterations,timed_repetitions,warmup,worker_count,worker_list,affinity,affinity_error,affinity_succeeded,timed_repetitions_exact,avx2_supported,kernel_used,eviction_bytes,eviction_checksum,elapsed_seconds,mac_total,mac_per_second,checksum
512,4,8,"1536,1536,1536,1536","786432,786432,786432,786432","1536,1536,1536,1536","786432,786432,786432,786432",fused,A,8,1,5,2,4,"0,2,4,6","true,true,true,true","0,0,0,0",true,true,true,avx2,0,0,0.0223873,503316480,2.24822e+10,4634971970
stderr[389] T0-M correction passed: every Y[S x O_i] cell, fused/repeat/reference, A/B/C, S_tile=2/4/8, four shards, and one/four-worker accounting gate
command[390] "D:\Install\Dev\Projects\IA\Ejercise\cpu-native-arch\build\t0m_int8_probe.exe" --D 512 --S 4 --R 8 --mode fused --variant B --S-tile 8 --workers 4 --cpus 0,2,4,6 --rows-per-worker 1536,1536,1536,1536 --iterations 1 --timed-repetitions 5 --warmup 2
stdout[390] D,S,R,O_i,B_i,rows_per_worker,bytes_per_worker,mode,variant,S_tile,iterations,timed_repetitions,warmup,worker_count,worker_list,affinity,affinity_error,affinity_succeeded,timed_repetitions_exact,avx2_supported,kernel_used,eviction_bytes,eviction_checksum,elapsed_seconds,mac_total,mac_per_second,checksum
512,4,8,"1536,1536,1536,1536","6291456,6291456,6291456,6291456","1536,1536,1536,1536","6291456,6291456,6291456,6291456",fused,B,8,1,5,2,4,"0,2,4,6","true,true,true,true","0,0,0,0",true,true,true,avx2,0,0,0.0336887,503316480,1.49402e+10,5642924091
stderr[390] T0-M correction passed: every Y[S x O_i] cell, fused/repeat/reference, A/B/C, S_tile=2/4/8, four shards, and one/four-worker accounting gate
command[391] "D:\Install\Dev\Projects\IA\Ejercise\cpu-native-arch\build\t0m_int8_probe.exe" --D 512 --S 4 --R 8 --mode repeat --variant A --S-tile 8 --workers 4 --cpus 0,2,4,6 --rows-per-worker 1536,1536,1536,1536 --iterations 1 --timed-repetitions 5 --warmup 2
stdout[391] D,S,R,O_i,B_i,rows_per_worker,bytes_per_worker,mode,variant,S_tile,iterations,timed_repetitions,warmup,worker_count,worker_list,affinity,affinity_error,affinity_succeeded,timed_repetitions_exact,avx2_supported,kernel_used,eviction_bytes,eviction_checksum,elapsed_seconds,mac_total,mac_per_second,checksum
512,4,8,"1536,1536,1536,1536","786432,786432,786432,786432","1536,1536,1536,1536","786432,786432,786432,786432",repeat,A,8,1,5,2,4,"0,2,4,6","true,true,true,true","0,0,0,0",true,true,true,avx2,0,0,0.0149997,503316480,3.35551e+10,4634971970
stderr[391] T0-M correction passed: every Y[S x O_i] cell, fused/repeat/reference, A/B/C, S_tile=2/4/8, four shards, and one/four-worker accounting gate
command[392] "D:\Install\Dev\Projects\IA\Ejercise\cpu-native-arch\build\t0m_int8_probe.exe" --D 512 --S 4 --R 8 --mode repeat --variant B --S-tile 8 --workers 4 --cpus 0,2,4,6 --rows-per-worker 1536,1536,1536,1536 --iterations 1 --timed-repetitions 5 --warmup 2
stdout[392] D,S,R,O_i,B_i,rows_per_worker,bytes_per_worker,mode,variant,S_tile,iterations,timed_repetitions,warmup,worker_count,worker_list,affinity,affinity_error,affinity_succeeded,timed_repetitions_exact,avx2_supported,kernel_used,eviction_bytes,eviction_checksum,elapsed_seconds,mac_total,mac_per_second,checksum
512,4,8,"1536,1536,1536,1536","6291456,6291456,6291456,6291456","1536,1536,1536,1536","6291456,6291456,6291456,6291456",repeat,B,8,1,5,2,4,"0,2,4,6","true,true,true,true","0,0,0,0",true,true,true,avx2,0,0,0.0152306,503316480,3.30464e+10,5642924091
stderr[392] T0-M correction passed: every Y[S x O_i] cell, fused/repeat/reference, A/B/C, S_tile=2/4/8, four shards, and one/four-worker accounting gate
command[393] "D:\Install\Dev\Projects\IA\Ejercise\cpu-native-arch\build\t0m_int8_probe.exe" --D 512 --S 4 --R 16 --mode fused --variant A --S-tile 8 --workers 4 --cpus 0,2,4,6 --rows-per-worker 1536,1536,1536,1536 --iterations 1 --timed-repetitions 5 --warmup 2
stdout[393] D,S,R,O_i,B_i,rows_per_worker,bytes_per_worker,mode,variant,S_tile,iterations,timed_repetitions,warmup,worker_count,worker_list,affinity,affinity_error,affinity_succeeded,timed_repetitions_exact,avx2_supported,kernel_used,eviction_bytes,eviction_checksum,elapsed_seconds,mac_total,mac_per_second,checksum
512,4,16,"1536,1536,1536,1536","786432,786432,786432,786432","1536,1536,1536,1536","786432,786432,786432,786432",fused,A,8,1,5,2,4,"0,2,4,6","true,true,true,true","0,0,0,0",true,true,true,avx2,0,0,0.0430515,1006632960,2.33821e+10,4634971970
stderr[393] T0-M correction passed: every Y[S x O_i] cell, fused/repeat/reference, A/B/C, S_tile=2/4/8, four shards, and one/four-worker accounting gate
command[394] "D:\Install\Dev\Projects\IA\Ejercise\cpu-native-arch\build\t0m_int8_probe.exe" --D 512 --S 4 --R 16 --mode fused --variant B --S-tile 8 --workers 4 --cpus 0,2,4,6 --rows-per-worker 1536,1536,1536,1536 --iterations 1 --timed-repetitions 5 --warmup 2
stdout[394] D,S,R,O_i,B_i,rows_per_worker,bytes_per_worker,mode,variant,S_tile,iterations,timed_repetitions,warmup,worker_count,worker_list,affinity,affinity_error,affinity_succeeded,timed_repetitions_exact,avx2_supported,kernel_used,eviction_bytes,eviction_checksum,elapsed_seconds,mac_total,mac_per_second,checksum
512,4,16,"1536,1536,1536,1536","12582912,12582912,12582912,12582912","1536,1536,1536,1536","12582912,12582912,12582912,12582912",fused,B,8,1,5,2,4,"0,2,4,6","true,true,true,true","0,0,0,0",true,true,true,avx2,0,0,0.0454496,1006632960,2.21483e+10,18446744069815305151
stderr[394] T0-M correction passed: every Y[S x O_i] cell, fused/repeat/reference, A/B/C, S_tile=2/4/8, four shards, and one/four-worker accounting gate
command[395] "D:\Install\Dev\Projects\IA\Ejercise\cpu-native-arch\build\t0m_int8_probe.exe" --D 512 --S 4 --R 16 --mode repeat --variant A --S-tile 8 --workers 4 --cpus 0,2,4,6 --rows-per-worker 1536,1536,1536,1536 --iterations 1 --timed-repetitions 5 --warmup 2
stdout[395] D,S,R,O_i,B_i,rows_per_worker,bytes_per_worker,mode,variant,S_tile,iterations,timed_repetitions,warmup,worker_count,worker_list,affinity,affinity_error,affinity_succeeded,timed_repetitions_exact,avx2_supported,kernel_used,eviction_bytes,eviction_checksum,elapsed_seconds,mac_total,mac_per_second,checksum
512,4,16,"1536,1536,1536,1536","786432,786432,786432,786432","1536,1536,1536,1536","786432,786432,786432,786432",repeat,A,8,1,5,2,4,"0,2,4,6","true,true,true,true","0,0,0,0",true,true,true,avx2,0,0,0.0314752,1006632960,3.19818e+10,4634971970
stderr[395] T0-M correction passed: every Y[S x O_i] cell, fused/repeat/reference, A/B/C, S_tile=2/4/8, four shards, and one/four-worker accounting gate
command[396] "D:\Install\Dev\Projects\IA\Ejercise\cpu-native-arch\build\t0m_int8_probe.exe" --D 512 --S 4 --R 16 --mode repeat --variant B --S-tile 8 --workers 4 --cpus 0,2,4,6 --rows-per-worker 1536,1536,1536,1536 --iterations 1 --timed-repetitions 5 --warmup 2
stdout[396] D,S,R,O_i,B_i,rows_per_worker,bytes_per_worker,mode,variant,S_tile,iterations,timed_repetitions,warmup,worker_count,worker_list,affinity,affinity_error,affinity_succeeded,timed_repetitions_exact,avx2_supported,kernel_used,eviction_bytes,eviction_checksum,elapsed_seconds,mac_total,mac_per_second,checksum
512,4,16,"1536,1536,1536,1536","12582912,12582912,12582912,12582912","1536,1536,1536,1536","12582912,12582912,12582912,12582912",repeat,B,8,1,5,2,4,"0,2,4,6","true,true,true,true","0,0,0,0",true,true,true,avx2,0,0,0.0419478,1006632960,2.39973e+10,18446744069815305151
stderr[396] T0-M correction passed: every Y[S x O_i] cell, fused/repeat/reference, A/B/C, S_tile=2/4/8, four shards, and one/four-worker accounting gate
command[397] "D:\Install\Dev\Projects\IA\Ejercise\cpu-native-arch\build\t0m_int8_probe.exe" --D 512 --S 8 --R 1 --mode fused --variant A --S-tile 8 --workers 4 --cpus 0,2,4,6 --rows-per-worker 1536,1536,1536,1536 --iterations 1 --timed-repetitions 5 --warmup 2
stdout[397] D,S,R,O_i,B_i,rows_per_worker,bytes_per_worker,mode,variant,S_tile,iterations,timed_repetitions,warmup,worker_count,worker_list,affinity,affinity_error,affinity_succeeded,timed_repetitions_exact,avx2_supported,kernel_used,eviction_bytes,eviction_checksum,elapsed_seconds,mac_total,mac_per_second,checksum
512,8,1,"1536,1536,1536,1536","786432,786432,786432,786432","1536,1536,1536,1536","786432,786432,786432,786432",fused,A,8,1,5,2,4,"0,2,4,6","true,true,true,true","0,0,0,0",true,true,true,avx2,0,0,0.0045315,125829120,2.77677e+10,2998922721
stderr[397] T0-M correction passed: every Y[S x O_i] cell, fused/repeat/reference, A/B/C, S_tile=2/4/8, four shards, and one/four-worker accounting gate
command[398] "D:\Install\Dev\Projects\IA\Ejercise\cpu-native-arch\build\t0m_int8_probe.exe" --D 512 --S 8 --R 1 --mode fused --variant B --S-tile 8 --workers 4 --cpus 0,2,4,6 --rows-per-worker 1536,1536,1536,1536 --iterations 1 --timed-repetitions 5 --warmup 2
stdout[398] D,S,R,O_i,B_i,rows_per_worker,bytes_per_worker,mode,variant,S_tile,iterations,timed_repetitions,warmup,worker_count,worker_list,affinity,affinity_error,affinity_succeeded,timed_repetitions_exact,avx2_supported,kernel_used,eviction_bytes,eviction_checksum,elapsed_seconds,mac_total,mac_per_second,checksum
512,8,1,"1536,1536,1536,1536","786432,786432,786432,786432","1536,1536,1536,1536","786432,786432,786432,786432",fused,B,8,1,5,2,4,"0,2,4,6","true,true,true,true","0,0,0,0",true,true,true,avx2,0,0,0.0058158,125829120,2.16357e+10,2998922721
stderr[398] T0-M correction passed: every Y[S x O_i] cell, fused/repeat/reference, A/B/C, S_tile=2/4/8, four shards, and one/four-worker accounting gate
command[399] "D:\Install\Dev\Projects\IA\Ejercise\cpu-native-arch\build\t0m_int8_probe.exe" --D 512 --S 8 --R 1 --mode repeat --variant A --S-tile 8 --workers 4 --cpus 0,2,4,6 --rows-per-worker 1536,1536,1536,1536 --iterations 1 --timed-repetitions 5 --warmup 2
stdout[399] D,S,R,O_i,B_i,rows_per_worker,bytes_per_worker,mode,variant,S_tile,iterations,timed_repetitions,warmup,worker_count,worker_list,affinity,affinity_error,affinity_succeeded,timed_repetitions_exact,avx2_supported,kernel_used,eviction_bytes,eviction_checksum,elapsed_seconds,mac_total,mac_per_second,checksum
512,8,1,"1536,1536,1536,1536","786432,786432,786432,786432","1536,1536,1536,1536","786432,786432,786432,786432",repeat,A,8,1,5,2,4,"0,2,4,6","true,true,true,true","0,0,0,0",true,true,true,avx2,0,0,0.0036602,125829120,3.43777e+10,2998922721
stderr[399] T0-M correction passed: every Y[S x O_i] cell, fused/repeat/reference, A/B/C, S_tile=2/4/8, four shards, and one/four-worker accounting gate
command[400] "D:\Install\Dev\Projects\IA\Ejercise\cpu-native-arch\build\t0m_int8_probe.exe" --D 512 --S 8 --R 1 --mode repeat --variant B --S-tile 8 --workers 4 --cpus 0,2,4,6 --rows-per-worker 1536,1536,1536,1536 --iterations 1 --timed-repetitions 5 --warmup 2
stdout[400] D,S,R,O_i,B_i,rows_per_worker,bytes_per_worker,mode,variant,S_tile,iterations,timed_repetitions,warmup,worker_count,worker_list,affinity,affinity_error,affinity_succeeded,timed_repetitions_exact,avx2_supported,kernel_used,eviction_bytes,eviction_checksum,elapsed_seconds,mac_total,mac_per_second,checksum
512,8,1,"1536,1536,1536,1536","786432,786432,786432,786432","1536,1536,1536,1536","786432,786432,786432,786432",repeat,B,8,1,5,2,4,"0,2,4,6","true,true,true,true","0,0,0,0",true,true,true,avx2,0,0,0.0037778,125829120,3.33075e+10,2998922721
stderr[400] T0-M correction passed: every Y[S x O_i] cell, fused/repeat/reference, A/B/C, S_tile=2/4/8, four shards, and one/four-worker accounting gate
command[401] "D:\Install\Dev\Projects\IA\Ejercise\cpu-native-arch\build\t0m_int8_probe.exe" --D 512 --S 8 --R 2 --mode fused --variant A --S-tile 8 --workers 4 --cpus 0,2,4,6 --rows-per-worker 1536,1536,1536,1536 --iterations 1 --timed-repetitions 5 --warmup 2
stdout[401] D,S,R,O_i,B_i,rows_per_worker,bytes_per_worker,mode,variant,S_tile,iterations,timed_repetitions,warmup,worker_count,worker_list,affinity,affinity_error,affinity_succeeded,timed_repetitions_exact,avx2_supported,kernel_used,eviction_bytes,eviction_checksum,elapsed_seconds,mac_total,mac_per_second,checksum
512,8,2,"1536,1536,1536,1536","786432,786432,786432,786432","1536,1536,1536,1536","786432,786432,786432,786432",fused,A,8,1,5,2,4,"0,2,4,6","true,true,true,true","0,0,0,0",true,true,true,avx2,0,0,0.0093468,251658240,2.69245e+10,2998922721
stderr[401] T0-M correction passed: every Y[S x O_i] cell, fused/repeat/reference, A/B/C, S_tile=2/4/8, four shards, and one/four-worker accounting gate
command[402] "D:\Install\Dev\Projects\IA\Ejercise\cpu-native-arch\build\t0m_int8_probe.exe" --D 512 --S 8 --R 2 --mode fused --variant B --S-tile 8 --workers 4 --cpus 0,2,4,6 --rows-per-worker 1536,1536,1536,1536 --iterations 1 --timed-repetitions 5 --warmup 2
stdout[402] D,S,R,O_i,B_i,rows_per_worker,bytes_per_worker,mode,variant,S_tile,iterations,timed_repetitions,warmup,worker_count,worker_list,affinity,affinity_error,affinity_succeeded,timed_repetitions_exact,avx2_supported,kernel_used,eviction_bytes,eviction_checksum,elapsed_seconds,mac_total,mac_per_second,checksum
512,8,2,"1536,1536,1536,1536","1572864,1572864,1572864,1572864","1536,1536,1536,1536","1572864,1572864,1572864,1572864",fused,B,8,1,5,2,4,"0,2,4,6","true,true,true,true","0,0,0,0",true,true,true,avx2,0,0,0.0153599,251658240,1.63841e+10,10148185062
stderr[402] T0-M correction passed: every Y[S x O_i] cell, fused/repeat/reference, A/B/C, S_tile=2/4/8, four shards, and one/four-worker accounting gate
command[403] "D:\Install\Dev\Projects\IA\Ejercise\cpu-native-arch\build\t0m_int8_probe.exe" --D 512 --S 8 --R 2 --mode repeat --variant A --S-tile 8 --workers 4 --cpus 0,2,4,6 --rows-per-worker 1536,1536,1536,1536 --iterations 1 --timed-repetitions 5 --warmup 2
stdout[403] D,S,R,O_i,B_i,rows_per_worker,bytes_per_worker,mode,variant,S_tile,iterations,timed_repetitions,warmup,worker_count,worker_list,affinity,affinity_error,affinity_succeeded,timed_repetitions_exact,avx2_supported,kernel_used,eviction_bytes,eviction_checksum,elapsed_seconds,mac_total,mac_per_second,checksum
512,8,2,"1536,1536,1536,1536","786432,786432,786432,786432","1536,1536,1536,1536","786432,786432,786432,786432",repeat,A,8,1,5,2,4,"0,2,4,6","true,true,true,true","0,0,0,0",true,true,true,avx2,0,0,0.0072602,251658240,3.46627e+10,2998922721
stderr[403] T0-M correction passed: every Y[S x O_i] cell, fused/repeat/reference, A/B/C, S_tile=2/4/8, four shards, and one/four-worker accounting gate
command[404] "D:\Install\Dev\Projects\IA\Ejercise\cpu-native-arch\build\t0m_int8_probe.exe" --D 512 --S 8 --R 2 --mode repeat --variant B --S-tile 8 --workers 4 --cpus 0,2,4,6 --rows-per-worker 1536,1536,1536,1536 --iterations 1 --timed-repetitions 5 --warmup 2
stdout[404] D,S,R,O_i,B_i,rows_per_worker,bytes_per_worker,mode,variant,S_tile,iterations,timed_repetitions,warmup,worker_count,worker_list,affinity,affinity_error,affinity_succeeded,timed_repetitions_exact,avx2_supported,kernel_used,eviction_bytes,eviction_checksum,elapsed_seconds,mac_total,mac_per_second,checksum
512,8,2,"1536,1536,1536,1536","1572864,1572864,1572864,1572864","1536,1536,1536,1536","1572864,1572864,1572864,1572864",repeat,B,8,1,5,2,4,"0,2,4,6","true,true,true,true","0,0,0,0",true,true,true,avx2,0,0,0.0083517,251658240,3.01326e+10,10148185062
stderr[404] T0-M correction passed: every Y[S x O_i] cell, fused/repeat/reference, A/B/C, S_tile=2/4/8, four shards, and one/four-worker accounting gate
command[405] "D:\Install\Dev\Projects\IA\Ejercise\cpu-native-arch\build\t0m_int8_probe.exe" --D 512 --S 8 --R 4 --mode fused --variant A --S-tile 8 --workers 4 --cpus 0,2,4,6 --rows-per-worker 1536,1536,1536,1536 --iterations 1 --timed-repetitions 5 --warmup 2
stdout[405] D,S,R,O_i,B_i,rows_per_worker,bytes_per_worker,mode,variant,S_tile,iterations,timed_repetitions,warmup,worker_count,worker_list,affinity,affinity_error,affinity_succeeded,timed_repetitions_exact,avx2_supported,kernel_used,eviction_bytes,eviction_checksum,elapsed_seconds,mac_total,mac_per_second,checksum
512,8,4,"1536,1536,1536,1536","786432,786432,786432,786432","1536,1536,1536,1536","786432,786432,786432,786432",fused,A,8,1,5,2,4,"0,2,4,6","true,true,true,true","0,0,0,0",true,true,true,avx2,0,0,0.0189537,503316480,2.65551e+10,2998922721
stderr[405] T0-M correction passed: every Y[S x O_i] cell, fused/repeat/reference, A/B/C, S_tile=2/4/8, four shards, and one/four-worker accounting gate
command[406] "D:\Install\Dev\Projects\IA\Ejercise\cpu-native-arch\build\t0m_int8_probe.exe" --D 512 --S 8 --R 4 --mode fused --variant B --S-tile 8 --workers 4 --cpus 0,2,4,6 --rows-per-worker 1536,1536,1536,1536 --iterations 1 --timed-repetitions 5 --warmup 2
stdout[406] D,S,R,O_i,B_i,rows_per_worker,bytes_per_worker,mode,variant,S_tile,iterations,timed_repetitions,warmup,worker_count,worker_list,affinity,affinity_error,affinity_succeeded,timed_repetitions_exact,avx2_supported,kernel_used,eviction_bytes,eviction_checksum,elapsed_seconds,mac_total,mac_per_second,checksum
512,8,4,"1536,1536,1536,1536","3145728,3145728,3145728,3145728","1536,1536,1536,1536","3145728,3145728,3145728,3145728",fused,B,8,1,5,2,4,"0,2,4,6","true,true,true,true","0,0,0,0",true,true,true,avx2,0,0,0.0206261,503316480,2.44019e+10,2822329873
stderr[406] T0-M correction passed: every Y[S x O_i] cell, fused/repeat/reference, A/B/C, S_tile=2/4/8, four shards, and one/four-worker accounting gate
command[407] "D:\Install\Dev\Projects\IA\Ejercise\cpu-native-arch\build\t0m_int8_probe.exe" --D 512 --S 8 --R 4 --mode repeat --variant A --S-tile 8 --workers 4 --cpus 0,2,4,6 --rows-per-worker 1536,1536,1536,1536 --iterations 1 --timed-repetitions 5 --warmup 2
stdout[407] D,S,R,O_i,B_i,rows_per_worker,bytes_per_worker,mode,variant,S_tile,iterations,timed_repetitions,warmup,worker_count,worker_list,affinity,affinity_error,affinity_succeeded,timed_repetitions_exact,avx2_supported,kernel_used,eviction_bytes,eviction_checksum,elapsed_seconds,mac_total,mac_per_second,checksum
512,8,4,"1536,1536,1536,1536","786432,786432,786432,786432","1536,1536,1536,1536","786432,786432,786432,786432",repeat,A,8,1,5,2,4,"0,2,4,6","true,true,true,true","0,0,0,0",true,true,true,avx2,0,0,0.0270697,503316480,1.85934e+10,2998922721
stderr[407] T0-M correction passed: every Y[S x O_i] cell, fused/repeat/reference, A/B/C, S_tile=2/4/8, four shards, and one/four-worker accounting gate
command[408] "D:\Install\Dev\Projects\IA\Ejercise\cpu-native-arch\build\t0m_int8_probe.exe" --D 512 --S 8 --R 4 --mode repeat --variant B --S-tile 8 --workers 4 --cpus 0,2,4,6 --rows-per-worker 1536,1536,1536,1536 --iterations 1 --timed-repetitions 5 --warmup 2
stdout[408] D,S,R,O_i,B_i,rows_per_worker,bytes_per_worker,mode,variant,S_tile,iterations,timed_repetitions,warmup,worker_count,worker_list,affinity,affinity_error,affinity_succeeded,timed_repetitions_exact,avx2_supported,kernel_used,eviction_bytes,eviction_checksum,elapsed_seconds,mac_total,mac_per_second,checksum
512,8,4,"1536,1536,1536,1536","3145728,3145728,3145728,3145728","1536,1536,1536,1536","3145728,3145728,3145728,3145728",repeat,B,8,1,5,2,4,"0,2,4,6","true,true,true,true","0,0,0,0",true,true,true,avx2,0,0,0.0212922,503316480,2.36385e+10,2822329873
stderr[408] T0-M correction passed: every Y[S x O_i] cell, fused/repeat/reference, A/B/C, S_tile=2/4/8, four shards, and one/four-worker accounting gate
command[409] "D:\Install\Dev\Projects\IA\Ejercise\cpu-native-arch\build\t0m_int8_probe.exe" --D 512 --S 8 --R 8 --mode fused --variant A --S-tile 8 --workers 4 --cpus 0,2,4,6 --rows-per-worker 1536,1536,1536,1536 --iterations 1 --timed-repetitions 5 --warmup 2
stdout[409] D,S,R,O_i,B_i,rows_per_worker,bytes_per_worker,mode,variant,S_tile,iterations,timed_repetitions,warmup,worker_count,worker_list,affinity,affinity_error,affinity_succeeded,timed_repetitions_exact,avx2_supported,kernel_used,eviction_bytes,eviction_checksum,elapsed_seconds,mac_total,mac_per_second,checksum
512,8,8,"1536,1536,1536,1536","786432,786432,786432,786432","1536,1536,1536,1536","786432,786432,786432,786432",fused,A,8,1,5,2,4,"0,2,4,6","true,true,true,true","0,0,0,0",true,true,true,avx2,0,0,0.0372947,1006632960,2.69913e+10,2998922721
stderr[409] T0-M correction passed: every Y[S x O_i] cell, fused/repeat/reference, A/B/C, S_tile=2/4/8, four shards, and one/four-worker accounting gate
command[410] "D:\Install\Dev\Projects\IA\Ejercise\cpu-native-arch\build\t0m_int8_probe.exe" --D 512 --S 8 --R 8 --mode fused --variant B --S-tile 8 --workers 4 --cpus 0,2,4,6 --rows-per-worker 1536,1536,1536,1536 --iterations 1 --timed-repetitions 5 --warmup 2
stdout[410] D,S,R,O_i,B_i,rows_per_worker,bytes_per_worker,mode,variant,S_tile,iterations,timed_repetitions,warmup,worker_count,worker_list,affinity,affinity_error,affinity_succeeded,timed_repetitions_exact,avx2_supported,kernel_used,eviction_bytes,eviction_checksum,elapsed_seconds,mac_total,mac_per_second,checksum
512,8,8,"1536,1536,1536,1536","6291456,6291456,6291456,6291456","1536,1536,1536,1536","6291456,6291456,6291456,6291456",fused,B,8,1,5,2,4,"0,2,4,6","true,true,true,true","0,0,0,0",true,true,true,avx2,0,0,0.0422441,1006632960,2.3829e+10,18446744068521084998
stderr[410] T0-M correction passed: every Y[S x O_i] cell, fused/repeat/reference, A/B/C, S_tile=2/4/8, four shards, and one/four-worker accounting gate
command[411] "D:\Install\Dev\Projects\IA\Ejercise\cpu-native-arch\build\t0m_int8_probe.exe" --D 512 --S 8 --R 8 --mode repeat --variant A --S-tile 8 --workers 4 --cpus 0,2,4,6 --rows-per-worker 1536,1536,1536,1536 --iterations 1 --timed-repetitions 5 --warmup 2
stdout[411] D,S,R,O_i,B_i,rows_per_worker,bytes_per_worker,mode,variant,S_tile,iterations,timed_repetitions,warmup,worker_count,worker_list,affinity,affinity_error,affinity_succeeded,timed_repetitions_exact,avx2_supported,kernel_used,eviction_bytes,eviction_checksum,elapsed_seconds,mac_total,mac_per_second,checksum
512,8,8,"1536,1536,1536,1536","786432,786432,786432,786432","1536,1536,1536,1536","786432,786432,786432,786432",repeat,A,8,1,5,2,4,"0,2,4,6","true,true,true,true","0,0,0,0",true,true,true,avx2,0,0,0.0293906,1006632960,3.42502e+10,2998922721
stderr[411] T0-M correction passed: every Y[S x O_i] cell, fused/repeat/reference, A/B/C, S_tile=2/4/8, four shards, and one/four-worker accounting gate
command[412] "D:\Install\Dev\Projects\IA\Ejercise\cpu-native-arch\build\t0m_int8_probe.exe" --D 512 --S 8 --R 8 --mode repeat --variant B --S-tile 8 --workers 4 --cpus 0,2,4,6 --rows-per-worker 1536,1536,1536,1536 --iterations 1 --timed-repetitions 5 --warmup 2
stdout[412] D,S,R,O_i,B_i,rows_per_worker,bytes_per_worker,mode,variant,S_tile,iterations,timed_repetitions,warmup,worker_count,worker_list,affinity,affinity_error,affinity_succeeded,timed_repetitions_exact,avx2_supported,kernel_used,eviction_bytes,eviction_checksum,elapsed_seconds,mac_total,mac_per_second,checksum
512,8,8,"1536,1536,1536,1536","6291456,6291456,6291456,6291456","1536,1536,1536,1536","6291456,6291456,6291456,6291456",repeat,B,8,1,5,2,4,"0,2,4,6","true,true,true,true","0,0,0,0",true,true,true,avx2,0,0,0.0299779,1006632960,3.35792e+10,18446744068521084998
stderr[412] T0-M correction passed: every Y[S x O_i] cell, fused/repeat/reference, A/B/C, S_tile=2/4/8, four shards, and one/four-worker accounting gate
command[413] "D:\Install\Dev\Projects\IA\Ejercise\cpu-native-arch\build\t0m_int8_probe.exe" --D 512 --S 8 --R 16 --mode fused --variant A --S-tile 8 --workers 4 --cpus 0,2,4,6 --rows-per-worker 1536,1536,1536,1536 --iterations 1 --timed-repetitions 5 --warmup 2
stdout[413] D,S,R,O_i,B_i,rows_per_worker,bytes_per_worker,mode,variant,S_tile,iterations,timed_repetitions,warmup,worker_count,worker_list,affinity,affinity_error,affinity_succeeded,timed_repetitions_exact,avx2_supported,kernel_used,eviction_bytes,eviction_checksum,elapsed_seconds,mac_total,mac_per_second,checksum
512,8,16,"1536,1536,1536,1536","786432,786432,786432,786432","1536,1536,1536,1536","786432,786432,786432,786432",fused,A,8,1,5,2,4,"0,2,4,6","true,true,true,true","0,0,0,0",true,true,true,avx2,0,0,0.0742669,2013265920,2.71085e+10,2998922721
stderr[413] T0-M correction passed: every Y[S x O_i] cell, fused/repeat/reference, A/B/C, S_tile=2/4/8, four shards, and one/four-worker accounting gate
command[414] "D:\Install\Dev\Projects\IA\Ejercise\cpu-native-arch\build\t0m_int8_probe.exe" --D 512 --S 8 --R 16 --mode fused --variant B --S-tile 8 --workers 4 --cpus 0,2,4,6 --rows-per-worker 1536,1536,1536,1536 --iterations 1 --timed-repetitions 5 --warmup 2
stdout[414] D,S,R,O_i,B_i,rows_per_worker,bytes_per_worker,mode,variant,S_tile,iterations,timed_repetitions,warmup,worker_count,worker_list,affinity,affinity_error,affinity_succeeded,timed_repetitions_exact,avx2_supported,kernel_used,eviction_bytes,eviction_checksum,elapsed_seconds,mac_total,mac_per_second,checksum
512,8,16,"1536,1536,1536,1536","12582912,12582912,12582912,12582912","1536,1536,1536,1536","12582912,12582912,12582912,12582912",fused,B,8,1,5,2,4,"0,2,4,6","true,true,true,true","0,0,0,0",true,true,true,avx2,0,0,0.0805747,2013265920,2.49863e+10,18446744059760564139
stderr[414] T0-M correction passed: every Y[S x O_i] cell, fused/repeat/reference, A/B/C, S_tile=2/4/8, four shards, and one/four-worker accounting gate
command[415] "D:\Install\Dev\Projects\IA\Ejercise\cpu-native-arch\build\t0m_int8_probe.exe" --D 512 --S 8 --R 16 --mode repeat --variant A --S-tile 8 --workers 4 --cpus 0,2,4,6 --rows-per-worker 1536,1536,1536,1536 --iterations 1 --timed-repetitions 5 --warmup 2
stdout[415] D,S,R,O_i,B_i,rows_per_worker,bytes_per_worker,mode,variant,S_tile,iterations,timed_repetitions,warmup,worker_count,worker_list,affinity,affinity_error,affinity_succeeded,timed_repetitions_exact,avx2_supported,kernel_used,eviction_bytes,eviction_checksum,elapsed_seconds,mac_total,mac_per_second,checksum
512,8,16,"1536,1536,1536,1536","786432,786432,786432,786432","1536,1536,1536,1536","786432,786432,786432,786432",repeat,A,8,1,5,2,4,"0,2,4,6","true,true,true,true","0,0,0,0",true,true,true,avx2,0,0,0.0623198,2013265920,3.23054e+10,2998922721
stderr[415] T0-M correction passed: every Y[S x O_i] cell, fused/repeat/reference, A/B/C, S_tile=2/4/8, four shards, and one/four-worker accounting gate
command[416] "D:\Install\Dev\Projects\IA\Ejercise\cpu-native-arch\build\t0m_int8_probe.exe" --D 512 --S 8 --R 16 --mode repeat --variant B --S-tile 8 --workers 4 --cpus 0,2,4,6 --rows-per-worker 1536,1536,1536,1536 --iterations 1 --timed-repetitions 5 --warmup 2
stdout[416] D,S,R,O_i,B_i,rows_per_worker,bytes_per_worker,mode,variant,S_tile,iterations,timed_repetitions,warmup,worker_count,worker_list,affinity,affinity_error,affinity_succeeded,timed_repetitions_exact,avx2_supported,kernel_used,eviction_bytes,eviction_checksum,elapsed_seconds,mac_total,mac_per_second,checksum
512,8,16,"1536,1536,1536,1536","12582912,12582912,12582912,12582912","1536,1536,1536,1536","12582912,12582912,12582912,12582912",repeat,B,8,1,5,2,4,"0,2,4,6","true,true,true,true","0,0,0,0",true,true,true,avx2,0,0,0.0612807,2013265920,3.28532e+10,18446744059760564139
stderr[416] T0-M correction passed: every Y[S x O_i] cell, fused/repeat/reference, A/B/C, S_tile=2/4/8, four shards, and one/four-worker accounting gate
command[417] "D:\Install\Dev\Projects\IA\Ejercise\cpu-native-arch\build\t0m_int8_probe.exe" --D 512 --S 16 --R 1 --mode fused --variant A --S-tile 8 --workers 4 --cpus 0,2,4,6 --rows-per-worker 1536,1536,1536,1536 --iterations 1 --timed-repetitions 5 --warmup 2
stdout[417] D,S,R,O_i,B_i,rows_per_worker,bytes_per_worker,mode,variant,S_tile,iterations,timed_repetitions,warmup,worker_count,worker_list,affinity,affinity_error,affinity_succeeded,timed_repetitions_exact,avx2_supported,kernel_used,eviction_bytes,eviction_checksum,elapsed_seconds,mac_total,mac_per_second,checksum
512,16,1,"1536,1536,1536,1536","786432,786432,786432,786432","1536,1536,1536,1536","786432,786432,786432,786432",fused,A,8,1,5,2,4,"0,2,4,6","true,true,true,true","0,0,0,0",true,true,true,avx2,0,0,0.0096375,251658240,2.61124e+10,18446744052867815663
stderr[417] T0-M correction passed: every Y[S x O_i] cell, fused/repeat/reference, A/B/C, S_tile=2/4/8, four shards, and one/four-worker accounting gate
command[418] "D:\Install\Dev\Projects\IA\Ejercise\cpu-native-arch\build\t0m_int8_probe.exe" --D 512 --S 16 --R 1 --mode fused --variant B --S-tile 8 --workers 4 --cpus 0,2,4,6 --rows-per-worker 1536,1536,1536,1536 --iterations 1 --timed-repetitions 5 --warmup 2
stdout[418] D,S,R,O_i,B_i,rows_per_worker,bytes_per_worker,mode,variant,S_tile,iterations,timed_repetitions,warmup,worker_count,worker_list,affinity,affinity_error,affinity_succeeded,timed_repetitions_exact,avx2_supported,kernel_used,eviction_bytes,eviction_checksum,elapsed_seconds,mac_total,mac_per_second,checksum
512,16,1,"1536,1536,1536,1536","786432,786432,786432,786432","1536,1536,1536,1536","786432,786432,786432,786432",fused,B,8,1,5,2,4,"0,2,4,6","true,true,true,true","0,0,0,0",true,true,true,avx2,0,0,0.0089236,251658240,2.82014e+10,18446744052867815663
stderr[418] T0-M correction passed: every Y[S x O_i] cell, fused/repeat/reference, A/B/C, S_tile=2/4/8, four shards, and one/four-worker accounting gate
command[419] "D:\Install\Dev\Projects\IA\Ejercise\cpu-native-arch\build\t0m_int8_probe.exe" --D 512 --S 16 --R 1 --mode repeat --variant A --S-tile 8 --workers 4 --cpus 0,2,4,6 --rows-per-worker 1536,1536,1536,1536 --iterations 1 --timed-repetitions 5 --warmup 2
stdout[419] D,S,R,O_i,B_i,rows_per_worker,bytes_per_worker,mode,variant,S_tile,iterations,timed_repetitions,warmup,worker_count,worker_list,affinity,affinity_error,affinity_succeeded,timed_repetitions_exact,avx2_supported,kernel_used,eviction_bytes,eviction_checksum,elapsed_seconds,mac_total,mac_per_second,checksum
512,16,1,"1536,1536,1536,1536","786432,786432,786432,786432","1536,1536,1536,1536","786432,786432,786432,786432",repeat,A,8,1,5,2,4,"0,2,4,6","true,true,true,true","0,0,0,0",true,true,true,avx2,0,0,0.0073455,251658240,3.42602e+10,18446744052867815663
stderr[419] T0-M correction passed: every Y[S x O_i] cell, fused/repeat/reference, A/B/C, S_tile=2/4/8, four shards, and one/four-worker accounting gate
command[420] "D:\Install\Dev\Projects\IA\Ejercise\cpu-native-arch\build\t0m_int8_probe.exe" --D 512 --S 16 --R 1 --mode repeat --variant B --S-tile 8 --workers 4 --cpus 0,2,4,6 --rows-per-worker 1536,1536,1536,1536 --iterations 1 --timed-repetitions 5 --warmup 2
stdout[420] D,S,R,O_i,B_i,rows_per_worker,bytes_per_worker,mode,variant,S_tile,iterations,timed_repetitions,warmup,worker_count,worker_list,affinity,affinity_error,affinity_succeeded,timed_repetitions_exact,avx2_supported,kernel_used,eviction_bytes,eviction_checksum,elapsed_seconds,mac_total,mac_per_second,checksum
512,16,1,"1536,1536,1536,1536","786432,786432,786432,786432","1536,1536,1536,1536","786432,786432,786432,786432",repeat,B,8,1,5,2,4,"0,2,4,6","true,true,true,true","0,0,0,0",true,true,true,avx2,0,0,0.007267,251658240,3.46303e+10,18446744052867815663
stderr[420] T0-M correction passed: every Y[S x O_i] cell, fused/repeat/reference, A/B/C, S_tile=2/4/8, four shards, and one/four-worker accounting gate
command[421] "D:\Install\Dev\Projects\IA\Ejercise\cpu-native-arch\build\t0m_int8_probe.exe" --D 512 --S 16 --R 2 --mode fused --variant A --S-tile 8 --workers 4 --cpus 0,2,4,6 --rows-per-worker 1536,1536,1536,1536 --iterations 1 --timed-repetitions 5 --warmup 2
stdout[421] D,S,R,O_i,B_i,rows_per_worker,bytes_per_worker,mode,variant,S_tile,iterations,timed_repetitions,warmup,worker_count,worker_list,affinity,affinity_error,affinity_succeeded,timed_repetitions_exact,avx2_supported,kernel_used,eviction_bytes,eviction_checksum,elapsed_seconds,mac_total,mac_per_second,checksum
512,16,2,"1536,1536,1536,1536","786432,786432,786432,786432","1536,1536,1536,1536","786432,786432,786432,786432",fused,A,8,1,5,2,4,"0,2,4,6","true,true,true,true","0,0,0,0",true,true,true,avx2,0,0,0.0299738,503316480,1.67919e+10,18446744052867815663
stderr[421] T0-M correction passed: every Y[S x O_i] cell, fused/repeat/reference, A/B/C, S_tile=2/4/8, four shards, and one/four-worker accounting gate
command[422] "D:\Install\Dev\Projects\IA\Ejercise\cpu-native-arch\build\t0m_int8_probe.exe" --D 512 --S 16 --R 2 --mode fused --variant B --S-tile 8 --workers 4 --cpus 0,2,4,6 --rows-per-worker 1536,1536,1536,1536 --iterations 1 --timed-repetitions 5 --warmup 2
stdout[422] D,S,R,O_i,B_i,rows_per_worker,bytes_per_worker,mode,variant,S_tile,iterations,timed_repetitions,warmup,worker_count,worker_list,affinity,affinity_error,affinity_succeeded,timed_repetitions_exact,avx2_supported,kernel_used,eviction_bytes,eviction_checksum,elapsed_seconds,mac_total,mac_per_second,checksum
512,16,2,"1536,1536,1536,1536","1572864,1572864,1572864,1572864","1536,1536,1536,1536","1572864,1572864,1572864,1572864",fused,B,8,1,5,2,4,"0,2,4,6","true,true,true,true","0,0,0,0",true,true,true,avx2,0,0,0.0193949,503316480,2.5951e+10,28730091094
stderr[422] T0-M correction passed: every Y[S x O_i] cell, fused/repeat/reference, A/B/C, S_tile=2/4/8, four shards, and one/four-worker accounting gate
command[423] "D:\Install\Dev\Projects\IA\Ejercise\cpu-native-arch\build\t0m_int8_probe.exe" --D 512 --S 16 --R 2 --mode repeat --variant A --S-tile 8 --workers 4 --cpus 0,2,4,6 --rows-per-worker 1536,1536,1536,1536 --iterations 1 --timed-repetitions 5 --warmup 2
stdout[423] D,S,R,O_i,B_i,rows_per_worker,bytes_per_worker,mode,variant,S_tile,iterations,timed_repetitions,warmup,worker_count,worker_list,affinity,affinity_error,affinity_succeeded,timed_repetitions_exact,avx2_supported,kernel_used,eviction_bytes,eviction_checksum,elapsed_seconds,mac_total,mac_per_second,checksum
512,16,2,"1536,1536,1536,1536","786432,786432,786432,786432","1536,1536,1536,1536","786432,786432,786432,786432",repeat,A,8,1,5,2,4,"0,2,4,6","true,true,true,true","0,0,0,0",true,true,true,avx2,0,0,0.0146059,503316480,3.44598e+10,18446744052867815663
stderr[423] T0-M correction passed: every Y[S x O_i] cell, fused/repeat/reference, A/B/C, S_tile=2/4/8, four shards, and one/four-worker accounting gate
command[424] "D:\Install\Dev\Projects\IA\Ejercise\cpu-native-arch\build\t0m_int8_probe.exe" --D 512 --S 16 --R 2 --mode repeat --variant B --S-tile 8 --workers 4 --cpus 0,2,4,6 --rows-per-worker 1536,1536,1536,1536 --iterations 1 --timed-repetitions 5 --warmup 2
stdout[424] D,S,R,O_i,B_i,rows_per_worker,bytes_per_worker,mode,variant,S_tile,iterations,timed_repetitions,warmup,worker_count,worker_list,affinity,affinity_error,affinity_succeeded,timed_repetitions_exact,avx2_supported,kernel_used,eviction_bytes,eviction_checksum,elapsed_seconds,mac_total,mac_per_second,checksum
512,16,2,"1536,1536,1536,1536","1572864,1572864,1572864,1572864","1536,1536,1536,1536","1572864,1572864,1572864,1572864",repeat,B,8,1,5,2,4,"0,2,4,6","true,true,true,true","0,0,0,0",true,true,true,avx2,0,0,0.0148844,503316480,3.3815e+10,28730091094
stderr[424] T0-M correction passed: every Y[S x O_i] cell, fused/repeat/reference, A/B/C, S_tile=2/4/8, four shards, and one/four-worker accounting gate
command[425] "D:\Install\Dev\Projects\IA\Ejercise\cpu-native-arch\build\t0m_int8_probe.exe" --D 512 --S 16 --R 4 --mode fused --variant A --S-tile 8 --workers 4 --cpus 0,2,4,6 --rows-per-worker 1536,1536,1536,1536 --iterations 1 --timed-repetitions 5 --warmup 2
stdout[425] D,S,R,O_i,B_i,rows_per_worker,bytes_per_worker,mode,variant,S_tile,iterations,timed_repetitions,warmup,worker_count,worker_list,affinity,affinity_error,affinity_succeeded,timed_repetitions_exact,avx2_supported,kernel_used,eviction_bytes,eviction_checksum,elapsed_seconds,mac_total,mac_per_second,checksum
512,16,4,"1536,1536,1536,1536","786432,786432,786432,786432","1536,1536,1536,1536","786432,786432,786432,786432",fused,A,8,1,5,2,4,"0,2,4,6","true,true,true,true","0,0,0,0",true,true,true,avx2,0,0,0.0499902,1006632960,2.01366e+10,18446744052867815663
stderr[425] T0-M correction passed: every Y[S x O_i] cell, fused/repeat/reference, A/B/C, S_tile=2/4/8, four shards, and one/four-worker accounting gate
command[426] "D:\Install\Dev\Projects\IA\Ejercise\cpu-native-arch\build\t0m_int8_probe.exe" --D 512 --S 16 --R 4 --mode fused --variant B --S-tile 8 --workers 4 --cpus 0,2,4,6 --rows-per-worker 1536,1536,1536,1536 --iterations 1 --timed-repetitions 5 --warmup 2
stdout[426] D,S,R,O_i,B_i,rows_per_worker,bytes_per_worker,mode,variant,S_tile,iterations,timed_repetitions,warmup,worker_count,worker_list,affinity,affinity_error,affinity_succeeded,timed_repetitions_exact,avx2_supported,kernel_used,eviction_bytes,eviction_checksum,elapsed_seconds,mac_total,mac_per_second,checksum
512,16,4,"1536,1536,1536,1536","3145728,3145728,3145728,3145728","1536,1536,1536,1536","3145728,3145728,3145728,3145728",fused,B,8,1,5,2,4,"0,2,4,6","true,true,true,true","0,0,0,0",true,true,true,avx2,0,0,0.036411,1006632960,2.76464e+10,8725361940
stderr[426] T0-M correction passed: every Y[S x O_i] cell, fused/repeat/reference, A/B/C, S_tile=2/4/8, four shards, and one/four-worker accounting gate
command[427] "D:\Install\Dev\Projects\IA\Ejercise\cpu-native-arch\build\t0m_int8_probe.exe" --D 512 --S 16 --R 4 --mode repeat --variant A --S-tile 8 --workers 4 --cpus 0,2,4,6 --rows-per-worker 1536,1536,1536,1536 --iterations 1 --timed-repetitions 5 --warmup 2
stdout[427] D,S,R,O_i,B_i,rows_per_worker,bytes_per_worker,mode,variant,S_tile,iterations,timed_repetitions,warmup,worker_count,worker_list,affinity,affinity_error,affinity_succeeded,timed_repetitions_exact,avx2_supported,kernel_used,eviction_bytes,eviction_checksum,elapsed_seconds,mac_total,mac_per_second,checksum
512,16,4,"1536,1536,1536,1536","786432,786432,786432,786432","1536,1536,1536,1536","786432,786432,786432,786432",repeat,A,8,1,5,2,4,"0,2,4,6","true,true,true,true","0,0,0,0",true,true,true,avx2,0,0,0.0298021,1006632960,3.37772e+10,18446744052867815663
stderr[427] T0-M correction passed: every Y[S x O_i] cell, fused/repeat/reference, A/B/C, S_tile=2/4/8, four shards, and one/four-worker accounting gate
command[428] "D:\Install\Dev\Projects\IA\Ejercise\cpu-native-arch\build\t0m_int8_probe.exe" --D 512 --S 16 --R 4 --mode repeat --variant B --S-tile 8 --workers 4 --cpus 0,2,4,6 --rows-per-worker 1536,1536,1536,1536 --iterations 1 --timed-repetitions 5 --warmup 2
stdout[428] D,S,R,O_i,B_i,rows_per_worker,bytes_per_worker,mode,variant,S_tile,iterations,timed_repetitions,warmup,worker_count,worker_list,affinity,affinity_error,affinity_succeeded,timed_repetitions_exact,avx2_supported,kernel_used,eviction_bytes,eviction_checksum,elapsed_seconds,mac_total,mac_per_second,checksum
512,16,4,"1536,1536,1536,1536","3145728,3145728,3145728,3145728","1536,1536,1536,1536","3145728,3145728,3145728,3145728",repeat,B,8,1,5,2,4,"0,2,4,6","true,true,true,true","0,0,0,0",true,true,true,avx2,0,0,0.0310138,1006632960,3.24576e+10,8725361940
stderr[428] T0-M correction passed: every Y[S x O_i] cell, fused/repeat/reference, A/B/C, S_tile=2/4/8, four shards, and one/four-worker accounting gate
command[429] "D:\Install\Dev\Projects\IA\Ejercise\cpu-native-arch\build\t0m_int8_probe.exe" --D 512 --S 16 --R 8 --mode fused --variant A --S-tile 8 --workers 4 --cpus 0,2,4,6 --rows-per-worker 1536,1536,1536,1536 --iterations 1 --timed-repetitions 5 --warmup 2
stdout[429] D,S,R,O_i,B_i,rows_per_worker,bytes_per_worker,mode,variant,S_tile,iterations,timed_repetitions,warmup,worker_count,worker_list,affinity,affinity_error,affinity_succeeded,timed_repetitions_exact,avx2_supported,kernel_used,eviction_bytes,eviction_checksum,elapsed_seconds,mac_total,mac_per_second,checksum
512,16,8,"1536,1536,1536,1536","786432,786432,786432,786432","1536,1536,1536,1536","786432,786432,786432,786432",fused,A,8,1,5,2,4,"0,2,4,6","true,true,true,true","0,0,0,0",true,true,true,avx2,0,0,0.0749039,2013265920,2.6878e+10,18446744052867815663
stderr[429] T0-M correction passed: every Y[S x O_i] cell, fused/repeat/reference, A/B/C, S_tile=2/4/8, four shards, and one/four-worker accounting gate
command[430] "D:\Install\Dev\Projects\IA\Ejercise\cpu-native-arch\build\t0m_int8_probe.exe" --D 512 --S 16 --R 8 --mode fused --variant B --S-tile 8 --workers 4 --cpus 0,2,4,6 --rows-per-worker 1536,1536,1536,1536 --iterations 1 --timed-repetitions 5 --warmup 2
stdout[430] D,S,R,O_i,B_i,rows_per_worker,bytes_per_worker,mode,variant,S_tile,iterations,timed_repetitions,warmup,worker_count,worker_list,affinity,affinity_error,affinity_succeeded,timed_repetitions_exact,avx2_supported,kernel_used,eviction_bytes,eviction_checksum,elapsed_seconds,mac_total,mac_per_second,checksum
512,16,8,"1536,1536,1536,1536","6291456,6291456,6291456,6291456","1536,1536,1536,1536","6291456,6291456,6291456,6291456",fused,B,8,1,5,2,4,"0,2,4,6","true,true,true,true","0,0,0,0",true,true,true,avx2,0,0,0.0801796,2013265920,2.51095e+10,13883889079
stderr[430] T0-M correction passed: every Y[S x O_i] cell, fused/repeat/reference, A/B/C, S_tile=2/4/8, four shards, and one/four-worker accounting gate
command[431] "D:\Install\Dev\Projects\IA\Ejercise\cpu-native-arch\build\t0m_int8_probe.exe" --D 512 --S 16 --R 8 --mode repeat --variant A --S-tile 8 --workers 4 --cpus 0,2,4,6 --rows-per-worker 1536,1536,1536,1536 --iterations 1 --timed-repetitions 5 --warmup 2
stdout[431] D,S,R,O_i,B_i,rows_per_worker,bytes_per_worker,mode,variant,S_tile,iterations,timed_repetitions,warmup,worker_count,worker_list,affinity,affinity_error,affinity_succeeded,timed_repetitions_exact,avx2_supported,kernel_used,eviction_bytes,eviction_checksum,elapsed_seconds,mac_total,mac_per_second,checksum
512,16,8,"1536,1536,1536,1536","786432,786432,786432,786432","1536,1536,1536,1536","786432,786432,786432,786432",repeat,A,8,1,5,2,4,"0,2,4,6","true,true,true,true","0,0,0,0",true,true,true,avx2,0,0,0.0875662,2013265920,2.29914e+10,18446744052867815663
stderr[431] T0-M correction passed: every Y[S x O_i] cell, fused/repeat/reference, A/B/C, S_tile=2/4/8, four shards, and one/four-worker accounting gate
command[432] "D:\Install\Dev\Projects\IA\Ejercise\cpu-native-arch\build\t0m_int8_probe.exe" --D 512 --S 16 --R 8 --mode repeat --variant B --S-tile 8 --workers 4 --cpus 0,2,4,6 --rows-per-worker 1536,1536,1536,1536 --iterations 1 --timed-repetitions 5 --warmup 2
stdout[432] D,S,R,O_i,B_i,rows_per_worker,bytes_per_worker,mode,variant,S_tile,iterations,timed_repetitions,warmup,worker_count,worker_list,affinity,affinity_error,affinity_succeeded,timed_repetitions_exact,avx2_supported,kernel_used,eviction_bytes,eviction_checksum,elapsed_seconds,mac_total,mac_per_second,checksum
512,16,8,"1536,1536,1536,1536","6291456,6291456,6291456,6291456","1536,1536,1536,1536","6291456,6291456,6291456,6291456",repeat,B,8,1,5,2,4,"0,2,4,6","true,true,true,true","0,0,0,0",true,true,true,avx2,0,0,0.060607,2013265920,3.32184e+10,13883889079
stderr[432] T0-M correction passed: every Y[S x O_i] cell, fused/repeat/reference, A/B/C, S_tile=2/4/8, four shards, and one/four-worker accounting gate
command[433] "D:\Install\Dev\Projects\IA\Ejercise\cpu-native-arch\build\t0m_int8_probe.exe" --D 512 --S 16 --R 16 --mode fused --variant A --S-tile 8 --workers 4 --cpus 0,2,4,6 --rows-per-worker 1536,1536,1536,1536 --iterations 1 --timed-repetitions 5 --warmup 2
stdout[433] D,S,R,O_i,B_i,rows_per_worker,bytes_per_worker,mode,variant,S_tile,iterations,timed_repetitions,warmup,worker_count,worker_list,affinity,affinity_error,affinity_succeeded,timed_repetitions_exact,avx2_supported,kernel_used,eviction_bytes,eviction_checksum,elapsed_seconds,mac_total,mac_per_second,checksum
512,16,16,"1536,1536,1536,1536","786432,786432,786432,786432","1536,1536,1536,1536","786432,786432,786432,786432",fused,A,8,1,5,2,4,"0,2,4,6","true,true,true,true","0,0,0,0",true,true,true,avx2,0,0,0.165397,4026531840,2.43446e+10,18446744052867815663
stderr[433] T0-M correction passed: every Y[S x O_i] cell, fused/repeat/reference, A/B/C, S_tile=2/4/8, four shards, and one/four-worker accounting gate
command[434] "D:\Install\Dev\Projects\IA\Ejercise\cpu-native-arch\build\t0m_int8_probe.exe" --D 512 --S 16 --R 16 --mode fused --variant B --S-tile 8 --workers 4 --cpus 0,2,4,6 --rows-per-worker 1536,1536,1536,1536 --iterations 1 --timed-repetitions 5 --warmup 2
stdout[434] D,S,R,O_i,B_i,rows_per_worker,bytes_per_worker,mode,variant,S_tile,iterations,timed_repetitions,warmup,worker_count,worker_list,affinity,affinity_error,affinity_succeeded,timed_repetitions_exact,avx2_supported,kernel_used,eviction_bytes,eviction_checksum,elapsed_seconds,mac_total,mac_per_second,checksum
512,16,16,"1536,1536,1536,1536","12582912,12582912,12582912,12582912","1536,1536,1536,1536","12582912,12582912,12582912,12582912",fused,B,8,1,5,2,4,"0,2,4,6","true,true,true,true","0,0,0,0",true,true,true,avx2,0,0,0.157372,4026531840,2.55861e+10,18446744031198996830
stderr[434] T0-M correction passed: every Y[S x O_i] cell, fused/repeat/reference, A/B/C, S_tile=2/4/8, four shards, and one/four-worker accounting gate
command[435] "D:\Install\Dev\Projects\IA\Ejercise\cpu-native-arch\build\t0m_int8_probe.exe" --D 512 --S 16 --R 16 --mode repeat --variant A --S-tile 8 --workers 4 --cpus 0,2,4,6 --rows-per-worker 1536,1536,1536,1536 --iterations 1 --timed-repetitions 5 --warmup 2
stdout[435] D,S,R,O_i,B_i,rows_per_worker,bytes_per_worker,mode,variant,S_tile,iterations,timed_repetitions,warmup,worker_count,worker_list,affinity,affinity_error,affinity_succeeded,timed_repetitions_exact,avx2_supported,kernel_used,eviction_bytes,eviction_checksum,elapsed_seconds,mac_total,mac_per_second,checksum
512,16,16,"1536,1536,1536,1536","786432,786432,786432,786432","1536,1536,1536,1536","786432,786432,786432,786432",repeat,A,8,1,5,2,4,"0,2,4,6","true,true,true,true","0,0,0,0",true,true,true,avx2,0,0,0.122006,4026531840,3.30028e+10,18446744052867815663
stderr[435] T0-M correction passed: every Y[S x O_i] cell, fused/repeat/reference, A/B/C, S_tile=2/4/8, four shards, and one/four-worker accounting gate
command[436] "D:\Install\Dev\Projects\IA\Ejercise\cpu-native-arch\build\t0m_int8_probe.exe" --D 512 --S 16 --R 16 --mode repeat --variant B --S-tile 8 --workers 4 --cpus 0,2,4,6 --rows-per-worker 1536,1536,1536,1536 --iterations 1 --timed-repetitions 5 --warmup 2
stdout[436] D,S,R,O_i,B_i,rows_per_worker,bytes_per_worker,mode,variant,S_tile,iterations,timed_repetitions,warmup,worker_count,worker_list,affinity,affinity_error,affinity_succeeded,timed_repetitions_exact,avx2_supported,kernel_used,eviction_bytes,eviction_checksum,elapsed_seconds,mac_total,mac_per_second,checksum
512,16,16,"1536,1536,1536,1536","12582912,12582912,12582912,12582912","1536,1536,1536,1536","12582912,12582912,12582912,12582912",repeat,B,8,1,5,2,4,"0,2,4,6","true,true,true,true","0,0,0,0",true,true,true,avx2,0,0,0.151916,4026531840,2.6505e+10,18446744031198996830
stderr[436] T0-M correction passed: every Y[S x O_i] cell, fused/repeat/reference, A/B/C, S_tile=2/4/8, four shards, and one/four-worker accounting gate
command[437] "D:\Install\Dev\Projects\IA\Ejercise\cpu-native-arch\build\t0m_int8_probe.exe" --D 512 --S 1 --R 16 --mode fused --variant C --S-tile 8 --workers 4 --cpus 0,2,4,6 --rows-per-worker 1024,1024,1024,1024 --iterations 1 --timed-repetitions 5 --warmup 2
stdout[437] D,S,R,O_i,B_i,rows_per_worker,bytes_per_worker,mode,variant,S_tile,iterations,timed_repetitions,warmup,worker_count,worker_list,affinity,affinity_error,affinity_succeeded,timed_repetitions_exact,avx2_supported,kernel_used,eviction_bytes,eviction_checksum,elapsed_seconds,mac_total,mac_per_second,checksum
512,1,16,"1024,1024,1024,1024","524288,524288,524288,524288","1024,1024,1024,1024","524288,524288,524288,524288",fused,C,8,1,5,2,4,"0,2,4,6","true,true,true,true","0,0,0,0",true,true,true,avx2,67108864,8846025812500021248,0.0378402,167772160,4.4337e+09,240383804
stderr[437] T0-M correction passed: every Y[S x O_i] cell, fused/repeat/reference, A/B/C, S_tile=2/4/8, four shards, and one/four-worker accounting gate
command[438] "D:\Install\Dev\Projects\IA\Ejercise\cpu-native-arch\build\t0m_int8_probe.exe" --D 512 --S 1 --R 16 --mode repeat --variant C --S-tile 8 --workers 4 --cpus 0,2,4,6 --rows-per-worker 1024,1024,1024,1024 --iterations 1 --timed-repetitions 5 --warmup 2
stdout[438] D,S,R,O_i,B_i,rows_per_worker,bytes_per_worker,mode,variant,S_tile,iterations,timed_repetitions,warmup,worker_count,worker_list,affinity,affinity_error,affinity_succeeded,timed_repetitions_exact,avx2_supported,kernel_used,eviction_bytes,eviction_checksum,elapsed_seconds,mac_total,mac_per_second,checksum
512,1,16,"1024,1024,1024,1024","524288,524288,524288,524288","1024,1024,1024,1024","524288,524288,524288,524288",repeat,C,8,1,5,2,4,"0,2,4,6","true,true,true,true","0,0,0,0",true,true,true,avx2,67108864,8846025812500021248,0.015931,167772160,1.05312e+10,240383804
stderr[438] T0-M correction passed: every Y[S x O_i] cell, fused/repeat/reference, A/B/C, S_tile=2/4/8, four shards, and one/four-worker accounting gate
command[439] "D:\Install\Dev\Projects\IA\Ejercise\cpu-native-arch\build\t0m_int8_probe.exe" --D 512 --S 8 --R 16 --mode fused --variant C --S-tile 8 --workers 4 --cpus 0,2,4,6 --rows-per-worker 1024,1024,1024,1024 --iterations 1 --timed-repetitions 5 --warmup 2
stdout[439] D,S,R,O_i,B_i,rows_per_worker,bytes_per_worker,mode,variant,S_tile,iterations,timed_repetitions,warmup,worker_count,worker_list,affinity,affinity_error,affinity_succeeded,timed_repetitions_exact,avx2_supported,kernel_used,eviction_bytes,eviction_checksum,elapsed_seconds,mac_total,mac_per_second,checksum
512,8,16,"1024,1024,1024,1024","524288,524288,524288,524288","1024,1024,1024,1024","524288,524288,524288,524288",fused,C,8,1,5,2,4,"0,2,4,6","true,true,true,true","0,0,0,0",true,true,true,avx2,67108864,8846025812500021248,0.0709715,1342177280,1.89115e+10,1344005558
stderr[439] T0-M correction passed: every Y[S x O_i] cell, fused/repeat/reference, A/B/C, S_tile=2/4/8, four shards, and one/four-worker accounting gate
command[440] "D:\Install\Dev\Projects\IA\Ejercise\cpu-native-arch\build\t0m_int8_probe.exe" --D 512 --S 8 --R 16 --mode repeat --variant C --S-tile 8 --workers 4 --cpus 0,2,4,6 --rows-per-worker 1024,1024,1024,1024 --iterations 1 --timed-repetitions 5 --warmup 2
stdout[440] D,S,R,O_i,B_i,rows_per_worker,bytes_per_worker,mode,variant,S_tile,iterations,timed_repetitions,warmup,worker_count,worker_list,affinity,affinity_error,affinity_succeeded,timed_repetitions_exact,avx2_supported,kernel_used,eviction_bytes,eviction_checksum,elapsed_seconds,mac_total,mac_per_second,checksum
512,8,16,"1024,1024,1024,1024","524288,524288,524288,524288","1024,1024,1024,1024","524288,524288,524288,524288",repeat,C,8,1,5,2,4,"0,2,4,6","true,true,true,true","0,0,0,0",true,true,true,avx2,67108864,8846025812500021248,0.059259,1342177280,2.26493e+10,1344005558
stderr[440] T0-M correction passed: every Y[S x O_i] cell, fused/repeat/reference, A/B/C, S_tile=2/4/8, four shards, and one/four-worker accounting gate
command[441] "D:\Install\Dev\Projects\IA\Ejercise\cpu-native-arch\build\t0m_int8_probe.exe" --D 512 --S 16 --R 16 --mode fused --variant C --S-tile 8 --workers 4 --cpus 0,2,4,6 --rows-per-worker 1024,1024,1024,1024 --iterations 1 --timed-repetitions 5 --warmup 2
stdout[441] D,S,R,O_i,B_i,rows_per_worker,bytes_per_worker,mode,variant,S_tile,iterations,timed_repetitions,warmup,worker_count,worker_list,affinity,affinity_error,affinity_succeeded,timed_repetitions_exact,avx2_supported,kernel_used,eviction_bytes,eviction_checksum,elapsed_seconds,mac_total,mac_per_second,checksum
512,16,16,"1024,1024,1024,1024","524288,524288,524288,524288","1024,1024,1024,1024","524288,524288,524288,524288",fused,C,8,1,5,2,4,"0,2,4,6","true,true,true,true","0,0,0,0",true,true,true,avx2,67108864,8846025812500021248,0.125137,2684354560,2.14513e+10,18446744070659756371
stderr[441] T0-M correction passed: every Y[S x O_i] cell, fused/repeat/reference, A/B/C, S_tile=2/4/8, four shards, and one/four-worker accounting gate
command[442] "D:\Install\Dev\Projects\IA\Ejercise\cpu-native-arch\build\t0m_int8_probe.exe" --D 512 --S 16 --R 16 --mode repeat --variant C --S-tile 8 --workers 4 --cpus 0,2,4,6 --rows-per-worker 1024,1024,1024,1024 --iterations 1 --timed-repetitions 5 --warmup 2
stdout[442] D,S,R,O_i,B_i,rows_per_worker,bytes_per_worker,mode,variant,S_tile,iterations,timed_repetitions,warmup,worker_count,worker_list,affinity,affinity_error,affinity_succeeded,timed_repetitions_exact,avx2_supported,kernel_used,eviction_bytes,eviction_checksum,elapsed_seconds,mac_total,mac_per_second,checksum
512,16,16,"1024,1024,1024,1024","524288,524288,524288,524288","1024,1024,1024,1024","524288,524288,524288,524288",repeat,C,8,1,5,2,4,"0,2,4,6","true,true,true,true","0,0,0,0",true,true,true,avx2,67108864,8846025812500021248,0.10013,2684354560,2.68086e+10,18446744070659756371
stderr[442] T0-M correction passed: every Y[S x O_i] cell, fused/repeat/reference, A/B/C, S_tile=2/4/8, four shards, and one/four-worker accounting gate
command[443] "D:\Install\Dev\Projects\IA\Ejercise\cpu-native-arch\build\t0m_int8_probe.exe" --D 512 --S 1 --R 16 --mode fused --variant C --S-tile 8 --workers 4 --cpus 0,2,4,6 --rows-per-worker 1536,1536,1536,1536 --iterations 1 --timed-repetitions 5 --warmup 2
stdout[443] D,S,R,O_i,B_i,rows_per_worker,bytes_per_worker,mode,variant,S_tile,iterations,timed_repetitions,warmup,worker_count,worker_list,affinity,affinity_error,affinity_succeeded,timed_repetitions_exact,avx2_supported,kernel_used,eviction_bytes,eviction_checksum,elapsed_seconds,mac_total,mac_per_second,checksum
512,1,16,"1536,1536,1536,1536","786432,786432,786432,786432","1536,1536,1536,1536","786432,786432,786432,786432",fused,C,8,1,5,2,4,"0,2,4,6","true,true,true,true","0,0,0,0",true,true,true,avx2,67108864,8846025812500021248,0.0487025,251658240,5.16726e+09,18446744073456482297
stderr[443] T0-M correction passed: every Y[S x O_i] cell, fused/repeat/reference, A/B/C, S_tile=2/4/8, four shards, and one/four-worker accounting gate
command[444] "D:\Install\Dev\Projects\IA\Ejercise\cpu-native-arch\build\t0m_int8_probe.exe" --D 512 --S 1 --R 16 --mode repeat --variant C --S-tile 8 --workers 4 --cpus 0,2,4,6 --rows-per-worker 1536,1536,1536,1536 --iterations 1 --timed-repetitions 5 --warmup 2
stdout[444] D,S,R,O_i,B_i,rows_per_worker,bytes_per_worker,mode,variant,S_tile,iterations,timed_repetitions,warmup,worker_count,worker_list,affinity,affinity_error,affinity_succeeded,timed_repetitions_exact,avx2_supported,kernel_used,eviction_bytes,eviction_checksum,elapsed_seconds,mac_total,mac_per_second,checksum
512,1,16,"1536,1536,1536,1536","786432,786432,786432,786432","1536,1536,1536,1536","786432,786432,786432,786432",repeat,C,8,1,5,2,4,"0,2,4,6","true,true,true,true","0,0,0,0",true,true,true,avx2,67108864,8846025812500021248,0.0208572,251658240,1.20658e+10,18446744073456482297
stderr[444] T0-M correction passed: every Y[S x O_i] cell, fused/repeat/reference, A/B/C, S_tile=2/4/8, four shards, and one/four-worker accounting gate
command[445] "D:\Install\Dev\Projects\IA\Ejercise\cpu-native-arch\build\t0m_int8_probe.exe" --D 512 --S 8 --R 16 --mode fused --variant C --S-tile 8 --workers 4 --cpus 0,2,4,6 --rows-per-worker 1536,1536,1536,1536 --iterations 1 --timed-repetitions 5 --warmup 2
stdout[445] D,S,R,O_i,B_i,rows_per_worker,bytes_per_worker,mode,variant,S_tile,iterations,timed_repetitions,warmup,worker_count,worker_list,affinity,affinity_error,affinity_succeeded,timed_repetitions_exact,avx2_supported,kernel_used,eviction_bytes,eviction_checksum,elapsed_seconds,mac_total,mac_per_second,checksum
512,8,16,"1536,1536,1536,1536","786432,786432,786432,786432","1536,1536,1536,1536","786432,786432,786432,786432",fused,C,8,1,5,2,4,"0,2,4,6","true,true,true,true","0,0,0,0",true,true,true,avx2,67108864,8846025812500021248,0.107173,2013265920,1.87852e+10,2998922721
stderr[445] T0-M correction passed: every Y[S x O_i] cell, fused/repeat/reference, A/B/C, S_tile=2/4/8, four shards, and one/four-worker accounting gate
command[446] "D:\Install\Dev\Projects\IA\Ejercise\cpu-native-arch\build\t0m_int8_probe.exe" --D 512 --S 8 --R 16 --mode repeat --variant C --S-tile 8 --workers 4 --cpus 0,2,4,6 --rows-per-worker 1536,1536,1536,1536 --iterations 1 --timed-repetitions 5 --warmup 2
stdout[446] D,S,R,O_i,B_i,rows_per_worker,bytes_per_worker,mode,variant,S_tile,iterations,timed_repetitions,warmup,worker_count,worker_list,affinity,affinity_error,affinity_succeeded,timed_repetitions_exact,avx2_supported,kernel_used,eviction_bytes,eviction_checksum,elapsed_seconds,mac_total,mac_per_second,checksum
512,8,16,"1536,1536,1536,1536","786432,786432,786432,786432","1536,1536,1536,1536","786432,786432,786432,786432",repeat,C,8,1,5,2,4,"0,2,4,6","true,true,true,true","0,0,0,0",true,true,true,avx2,67108864,8846025812500021248,0.0813231,2013265920,2.47564e+10,2998922721
stderr[446] T0-M correction passed: every Y[S x O_i] cell, fused/repeat/reference, A/B/C, S_tile=2/4/8, four shards, and one/four-worker accounting gate
command[447] "D:\Install\Dev\Projects\IA\Ejercise\cpu-native-arch\build\t0m_int8_probe.exe" --D 512 --S 16 --R 16 --mode fused --variant C --S-tile 8 --workers 4 --cpus 0,2,4,6 --rows-per-worker 1536,1536,1536,1536 --iterations 1 --timed-repetitions 5 --warmup 2
stdout[447] D,S,R,O_i,B_i,rows_per_worker,bytes_per_worker,mode,variant,S_tile,iterations,timed_repetitions,warmup,worker_count,worker_list,affinity,affinity_error,affinity_succeeded,timed_repetitions_exact,avx2_supported,kernel_used,eviction_bytes,eviction_checksum,elapsed_seconds,mac_total,mac_per_second,checksum
512,16,16,"1536,1536,1536,1536","786432,786432,786432,786432","1536,1536,1536,1536","786432,786432,786432,786432",fused,C,8,1,5,2,4,"0,2,4,6","true,true,true,true","0,0,0,0",true,true,true,avx2,67108864,8846025812500021248,0.188219,4026531840,2.13927e+10,18446744052867815663
stderr[447] T0-M correction passed: every Y[S x O_i] cell, fused/repeat/reference, A/B/C, S_tile=2/4/8, four shards, and one/four-worker accounting gate
command[448] "D:\Install\Dev\Projects\IA\Ejercise\cpu-native-arch\build\t0m_int8_probe.exe" --D 512 --S 16 --R 16 --mode repeat --variant C --S-tile 8 --workers 4 --cpus 0,2,4,6 --rows-per-worker 1536,1536,1536,1536 --iterations 1 --timed-repetitions 5 --warmup 2
stdout[448] D,S,R,O_i,B_i,rows_per_worker,bytes_per_worker,mode,variant,S_tile,iterations,timed_repetitions,warmup,worker_count,worker_list,affinity,affinity_error,affinity_succeeded,timed_repetitions_exact,avx2_supported,kernel_used,eviction_bytes,eviction_checksum,elapsed_seconds,mac_total,mac_per_second,checksum
512,16,16,"1536,1536,1536,1536","786432,786432,786432,786432","1536,1536,1536,1536","786432,786432,786432,786432",repeat,C,8,1,5,2,4,"0,2,4,6","true,true,true,true","0,0,0,0",true,true,true,avx2,67108864,8846025812500021248,0.190711,4026531840,2.11133e+10,18446744052867815663
stderr[448] T0-M correction passed: every Y[S x O_i] cell, fused/repeat/reference, A/B/C, S_tile=2/4/8, four shards, and one/four-worker accounting gate
