T0-M Phase 3 exact commands
command[1] "D:\Install\Dev\Projects\IA\Ejercise\cpu-native-arch\build\t0m_int8_probe.exe" --D 512 --S 8 --R 16 --mode fused --variant A --S-tile 2 --workers 4 --cpus 0,2,4,6 --rows-per-worker 1024,1024,1024,1024 --iterations 1 --timed-repetitions 5 --warmup 2
command[2] "D:\Install\Dev\Projects\IA\Ejercise\cpu-native-arch\build\t0m_int8_probe.exe" --D 512 --S 8 --R 16 --mode fused --variant B --S-tile 2 --workers 4 --cpus 0,2,4,6 --rows-per-worker 1024,1024,1024,1024 --iterations 1 --timed-repetitions 5 --warmup 2
command[3] "D:\Install\Dev\Projects\IA\Ejercise\cpu-native-arch\build\t0m_int8_probe.exe" --D 512 --S 8 --R 16 --mode repeat --variant A --S-tile 2 --workers 4 --cpus 0,2,4,6 --rows-per-worker 1024,1024,1024,1024 --iterations 1 --timed-repetitions 5 --warmup 2
command[4] "D:\Install\Dev\Projects\IA\Ejercise\cpu-native-arch\build\t0m_int8_probe.exe" --D 512 --S 8 --R 16 --mode repeat --variant B --S-tile 2 --workers 4 --cpus 0,2,4,6 --rows-per-worker 1024,1024,1024,1024 --iterations 1 --timed-repetitions 5 --warmup 2
command[5] "D:\Install\Dev\Projects\IA\Ejercise\cpu-native-arch\build\t0m_int8_probe.exe" --D 512 --S 8 --R 16 --mode fused --variant A --S-tile 4 --workers 4 --cpus 0,2,4,6 --rows-per-worker 1024,1024,1024,1024 --iterations 1 --timed-repetitions 5 --warmup 2
command[6] "D:\Install\Dev\Projects\IA\Ejercise\cpu-native-arch\build\t0m_int8_probe.exe" --D 512 --S 8 --R 16 --mode fused --variant B --S-tile 4 --workers 4 --cpus 0,2,4,6 --rows-per-worker 1024,1024,1024,1024 --iterations 1 --timed-repetitions 5 --warmup 2
command[7] "D:\Install\Dev\Projects\IA\Ejercise\cpu-native-arch\build\t0m_int8_probe.exe" --D 512 --S 8 --R 16 --mode repeat --variant A --S-tile 4 --workers 4 --cpus 0,2,4,6 --rows-per-worker 1024,1024,1024,1024 --iterations 1 --timed-repetitions 5 --warmup 2
command[8] "D:\Install\Dev\Projects\IA\Ejercise\cpu-native-arch\build\t0m_int8_probe.exe" --D 512 --S 8 --R 16 --mode repeat --variant B --S-tile 4 --workers 4 --cpus 0,2,4,6 --rows-per-worker 1024,1024,1024,1024 --iterations 1 --timed-repetitions 5 --warmup 2
command[9] "D:\Install\Dev\Projects\IA\Ejercise\cpu-native-arch\build\t0m_int8_probe.exe" --D 512 --S 8 --R 16 --mode fused --variant A --S-tile 8 --workers 4 --cpus 0,2,4,6 --rows-per-worker 1024,1024,1024,1024 --iterations 1 --timed-repetitions 5 --warmup 2
command[10] "D:\Install\Dev\Projects\IA\Ejercise\cpu-native-arch\build\t0m_int8_probe.exe" --D 512 --S 8 --R 16 --mode fused --variant B --S-tile 8 --workers 4 --cpus 0,2,4,6 --rows-per-worker 1024,1024,1024,1024 --iterations 1 --timed-repetitions 5 --warmup 2
command[11] "D:\Install\Dev\Projects\IA\Ejercise\cpu-native-arch\build\t0m_int8_probe.exe" --D 512 --S 8 --R 16 --mode repeat --variant A --S-tile 8 --workers 4 --cpus 0,2,4,6 --rows-per-worker 1024,1024,1024,1024 --iterations 1 --timed-repetitions 5 --warmup 2
command[12] "D:\Install\Dev\Projects\IA\Ejercise\cpu-native-arch\build\t0m_int8_probe.exe" --D 512 --S 8 --R 16 --mode repeat --variant B --S-tile 8 --workers 4 --cpus 0,2,4,6 --rows-per-worker 1024,1024,1024,1024 --iterations 1 --timed-repetitions 5 --warmup 2
command[13] "D:\Install\Dev\Projects\IA\Ejercise\cpu-native-arch\build\t0m_int8_probe.exe" --D 512 --S 8 --R 16 --mode fused --variant A --S-tile 2 --workers 4 --cpus 0,2,4,6 --rows-per-worker 1024,1024,1024,1024 --iterations 1 --timed-repetitions 5 --warmup 2
command[14] "D:\Install\Dev\Projects\IA\Ejercise\cpu-native-arch\build\t0m_int8_probe.exe" --D 512 --S 8 --R 16 --mode fused --variant B --S-tile 2 --workers 4 --cpus 0,2,4,6 --rows-per-worker 1024,1024,1024,1024 --iterations 1 --timed-repetitions 5 --warmup 2
command[15] "D:\Install\Dev\Projects\IA\Ejercise\cpu-native-arch\build\t0m_int8_probe.exe" --D 512 --S 8 --R 16 --mode repeat --variant A --S-tile 2 --workers 4 --cpus 0,2,4,6 --rows-per-worker 1024,1024,1024,1024 --iterations 1 --timed-repetitions 5 --warmup 2
command[16] "D:\Install\Dev\Projects\IA\Ejercise\cpu-native-arch\build\t0m_int8_probe.exe" --D 512 --S 8 --R 16 --mode repeat --variant B --S-tile 2 --workers 4 --cpus 0,2,4,6 --rows-per-worker 1024,1024,1024,1024 --iterations 1 --timed-repetitions 5 --warmup 2
command[17] "D:\Install\Dev\Projects\IA\Ejercise\cpu-native-arch\build\t0m_int8_probe.exe" --D 512 --S 8 --R 16 --mode fused --variant A --S-tile 4 --workers 4 --cpus 0,2,4,6 --rows-per-worker 1024,1024,1024,1024 --iterations 1 --timed-repetitions 5 --warmup 2
command[18] "D:\Install\Dev\Projects\IA\Ejercise\cpu-native-arch\build\t0m_int8_probe.exe" --D 512 --S 8 --R 16 --mode fused --variant B --S-tile 4 --workers 4 --cpus 0,2,4,6 --rows-per-worker 1024,1024,1024,1024 --iterations 1 --timed-repetitions 5 --warmup 2
command[19] "D:\Install\Dev\Projects\IA\Ejercise\cpu-native-arch\build\t0m_int8_probe.exe" --D 512 --S 8 --R 16 --mode repeat --variant A --S-tile 4 --workers 4 --cpus 0,2,4,6 --rows-per-worker 1024,1024,1024,1024 --iterations 1 --timed-repetitions 5 --warmup 2
command[20] "D:\Install\Dev\Projects\IA\Ejercise\cpu-native-arch\build\t0m_int8_probe.exe" --D 512 --S 8 --R 16 --mode repeat --variant B --S-tile 4 --workers 4 --cpus 0,2,4,6 --rows-per-worker 1024,1024,1024,1024 --iterations 1 --timed-repetitions 5 --warmup 2
command[21] "D:\Install\Dev\Projects\IA\Ejercise\cpu-native-arch\build\t0m_int8_probe.exe" --D 512 --S 8 --R 16 --mode fused --variant A --S-tile 8 --workers 4 --cpus 0,2,4,6 --rows-per-worker 1024,1024,1024,1024 --iterations 1 --timed-repetitions 5 --warmup 2
command[22] "D:\Install\Dev\Projects\IA\Ejercise\cpu-native-arch\build\t0m_int8_probe.exe" --D 512 --S 8 --R 16 --mode fused --variant B --S-tile 8 --workers 4 --cpus 0,2,4,6 --rows-per-worker 1024,1024,1024,1024 --iterations 1 --timed-repetitions 5 --warmup 2
command[23] "D:\Install\Dev\Projects\IA\Ejercise\cpu-native-arch\build\t0m_int8_probe.exe" --D 512 --S 8 --R 16 --mode repeat --variant A --S-tile 8 --workers 4 --cpus 0,2,4,6 --rows-per-worker 1024,1024,1024,1024 --iterations 1 --timed-repetitions 5 --warmup 2
command[24] "D:\Install\Dev\Projects\IA\Ejercise\cpu-native-arch\build\t0m_int8_probe.exe" --D 512 --S 8 --R 16 --mode repeat --variant B --S-tile 8 --workers 4 --cpus 0,2,4,6 --rows-per-worker 1024,1024,1024,1024 --iterations 1 --timed-repetitions 5 --warmup 2
command[25] "D:\Install\Dev\Projects\IA\Ejercise\cpu-native-arch\build\t0m_int8_probe.exe" --D 512 --S 8 --R 16 --mode fused --variant A --S-tile 2 --workers 4 --cpus 0,2,4,6 --rows-per-worker 1024,1024,1024,1024 --iterations 1 --timed-repetitions 5 --warmup 2
command[26] "D:\Install\Dev\Projects\IA\Ejercise\cpu-native-arch\build\t0m_int8_probe.exe" --D 512 --S 8 --R 16 --mode fused --variant B --S-tile 2 --workers 4 --cpus 0,2,4,6 --rows-per-worker 1024,1024,1024,1024 --iterations 1 --timed-repetitions 5 --warmup 2
command[27] "D:\Install\Dev\Projects\IA\Ejercise\cpu-native-arch\build\t0m_int8_probe.exe" --D 512 --S 8 --R 16 --mode repeat --variant A --S-tile 2 --workers 4 --cpus 0,2,4,6 --rows-per-worker 1024,1024,1024,1024 --iterations 1 --timed-repetitions 5 --warmup 2
command[28] "D:\Install\Dev\Projects\IA\Ejercise\cpu-native-arch\build\t0m_int8_probe.exe" --D 512 --S 8 --R 16 --mode repeat --variant B --S-tile 2 --workers 4 --cpus 0,2,4,6 --rows-per-worker 1024,1024,1024,1024 --iterations 1 --timed-repetitions 5 --warmup 2
command[29] "D:\Install\Dev\Projects\IA\Ejercise\cpu-native-arch\build\t0m_int8_probe.exe" --D 512 --S 8 --R 16 --mode fused --variant A --S-tile 4 --workers 4 --cpus 0,2,4,6 --rows-per-worker 1024,1024,1024,1024 --iterations 1 --timed-repetitions 5 --warmup 2
command[30] "D:\Install\Dev\Projects\IA\Ejercise\cpu-native-arch\build\t0m_int8_probe.exe" --D 512 --S 8 --R 16 --mode fused --variant B --S-tile 4 --workers 4 --cpus 0,2,4,6 --rows-per-worker 1024,1024,1024,1024 --iterations 1 --timed-repetitions 5 --warmup 2
command[31] "D:\Install\Dev\Projects\IA\Ejercise\cpu-native-arch\build\t0m_int8_probe.exe" --D 512 --S 8 --R 16 --mode repeat --variant A --S-tile 4 --workers 4 --cpus 0,2,4,6 --rows-per-worker 1024,1024,1024,1024 --iterations 1 --timed-repetitions 5 --warmup 2
command[32] "D:\Install\Dev\Projects\IA\Ejercise\cpu-native-arch\build\t0m_int8_probe.exe" --D 512 --S 8 --R 16 --mode repeat --variant B --S-tile 4 --workers 4 --cpus 0,2,4,6 --rows-per-worker 1024,1024,1024,1024 --iterations 1 --timed-repetitions 5 --warmup 2
command[33] "D:\Install\Dev\Projects\IA\Ejercise\cpu-native-arch\build\t0m_int8_probe.exe" --D 512 --S 8 --R 16 --mode fused --variant A --S-tile 8 --workers 4 --cpus 0,2,4,6 --rows-per-worker 1024,1024,1024,1024 --iterations 1 --timed-repetitions 5 --warmup 2
command[34] "D:\Install\Dev\Projects\IA\Ejercise\cpu-native-arch\build\t0m_int8_probe.exe" --D 512 --S 8 --R 16 --mode fused --variant B --S-tile 8 --workers 4 --cpus 0,2,4,6 --rows-per-worker 1024,1024,1024,1024 --iterations 1 --timed-repetitions 5 --warmup 2
command[35] "D:\Install\Dev\Projects\IA\Ejercise\cpu-native-arch\build\t0m_int8_probe.exe" --D 512 --S 8 --R 16 --mode repeat --variant A --S-tile 8 --workers 4 --cpus 0,2,4,6 --rows-per-worker 1024,1024,1024,1024 --iterations 1 --timed-repetitions 5 --warmup 2
command[36] "D:\Install\Dev\Projects\IA\Ejercise\cpu-native-arch\build\t0m_int8_probe.exe" --D 512 --S 8 --R 16 --mode repeat --variant B --S-tile 8 --workers 4 --cpus 0,2,4,6 --rows-per-worker 1024,1024,1024,1024 --iterations 1 --timed-repetitions 5 --warmup 2
command[37] "D:\Install\Dev\Projects\IA\Ejercise\cpu-native-arch\build\t0m_int8_probe.exe" --D 512 --S 1 --R 1 --mode fused --variant A --S-tile 8 --workers 4 --cpus 0,2,4,6 --rows-per-worker 768,768,768,768 --iterations 1 --timed-repetitions 5 --warmup 2
command[38] "D:\Install\Dev\Projects\IA\Ejercise\cpu-native-arch\build\t0m_int8_probe.exe" --D 512 --S 1 --R 1 --mode fused --variant B --S-tile 8 --workers 4 --cpus 0,2,4,6 --rows-per-worker 768,768,768,768 --iterations 1 --timed-repetitions 5 --warmup 2
command[39] "D:\Install\Dev\Projects\IA\Ejercise\cpu-native-arch\build\t0m_int8_probe.exe" --D 512 --S 1 --R 1 --mode repeat --variant A --S-tile 8 --workers 4 --cpus 0,2,4,6 --rows-per-worker 768,768,768,768 --iterations 1 --timed-repetitions 5 --warmup 2
command[40] "D:\Install\Dev\Projects\IA\Ejercise\cpu-native-arch\build\t0m_int8_probe.exe" --D 512 --S 1 --R 1 --mode repeat --variant B --S-tile 8 --workers 4 --cpus 0,2,4,6 --rows-per-worker 768,768,768,768 --iterations 1 --timed-repetitions 5 --warmup 2
command[41] "D:\Install\Dev\Projects\IA\Ejercise\cpu-native-arch\build\t0m_int8_probe.exe" --D 512 --S 1 --R 2 --mode fused --variant A --S-tile 8 --workers 4 --cpus 0,2,4,6 --rows-per-worker 768,768,768,768 --iterations 1 --timed-repetitions 5 --warmup 2
command[42] "D:\Install\Dev\Projects\IA\Ejercise\cpu-native-arch\build\t0m_int8_probe.exe" --D 512 --S 1 --R 2 --mode fused --variant B --S-tile 8 --workers 4 --cpus 0,2,4,6 --rows-per-worker 768,768,768,768 --iterations 1 --timed-repetitions 5 --warmup 2
command[43] "D:\Install\Dev\Projects\IA\Ejercise\cpu-native-arch\build\t0m_int8_probe.exe" --D 512 --S 1 --R 2 --mode repeat --variant A --S-tile 8 --workers 4 --cpus 0,2,4,6 --rows-per-worker 768,768,768,768 --iterations 1 --timed-repetitions 5 --warmup 2
command[44] "D:\Install\Dev\Projects\IA\Ejercise\cpu-native-arch\build\t0m_int8_probe.exe" --D 512 --S 1 --R 2 --mode repeat --variant B --S-tile 8 --workers 4 --cpus 0,2,4,6 --rows-per-worker 768,768,768,768 --iterations 1 --timed-repetitions 5 --warmup 2
command[45] "D:\Install\Dev\Projects\IA\Ejercise\cpu-native-arch\build\t0m_int8_probe.exe" --D 512 --S 1 --R 4 --mode fused --variant A --S-tile 8 --workers 4 --cpus 0,2,4,6 --rows-per-worker 768,768,768,768 --iterations 1 --timed-repetitions 5 --warmup 2
command[46] "D:\Install\Dev\Projects\IA\Ejercise\cpu-native-arch\build\t0m_int8_probe.exe" --D 512 --S 1 --R 4 --mode fused --variant B --S-tile 8 --workers 4 --cpus 0,2,4,6 --rows-per-worker 768,768,768,768 --iterations 1 --timed-repetitions 5 --warmup 2
command[47] "D:\Install\Dev\Projects\IA\Ejercise\cpu-native-arch\build\t0m_int8_probe.exe" --D 512 --S 1 --R 4 --mode repeat --variant A --S-tile 8 --workers 4 --cpus 0,2,4,6 --rows-per-worker 768,768,768,768 --iterations 1 --timed-repetitions 5 --warmup 2
command[48] "D:\Install\Dev\Projects\IA\Ejercise\cpu-native-arch\build\t0m_int8_probe.exe" --D 512 --S 1 --R 4 --mode repeat --variant B --S-tile 8 --workers 4 --cpus 0,2,4,6 --rows-per-worker 768,768,768,768 --iterations 1 --timed-repetitions 5 --warmup 2
command[49] "D:\Install\Dev\Projects\IA\Ejercise\cpu-native-arch\build\t0m_int8_probe.exe" --D 512 --S 1 --R 8 --mode fused --variant A --S-tile 8 --workers 4 --cpus 0,2,4,6 --rows-per-worker 768,768,768,768 --iterations 1 --timed-repetitions 5 --warmup 2
command[50] "D:\Install\Dev\Projects\IA\Ejercise\cpu-native-arch\build\t0m_int8_probe.exe" --D 512 --S 1 --R 8 --mode fused --variant B --S-tile 8 --workers 4 --cpus 0,2,4,6 --rows-per-worker 768,768,768,768 --iterations 1 --timed-repetitions 5 --warmup 2
command[51] "D:\Install\Dev\Projects\IA\Ejercise\cpu-native-arch\build\t0m_int8_probe.exe" --D 512 --S 1 --R 8 --mode repeat --variant A --S-tile 8 --workers 4 --cpus 0,2,4,6 --rows-per-worker 768,768,768,768 --iterations 1 --timed-repetitions 5 --warmup 2
command[52] "D:\Install\Dev\Projects\IA\Ejercise\cpu-native-arch\build\t0m_int8_probe.exe" --D 512 --S 1 --R 8 --mode repeat --variant B --S-tile 8 --workers 4 --cpus 0,2,4,6 --rows-per-worker 768,768,768,768 --iterations 1 --timed-repetitions 5 --warmup 2
command[53] "D:\Install\Dev\Projects\IA\Ejercise\cpu-native-arch\build\t0m_int8_probe.exe" --D 512 --S 1 --R 16 --mode fused --variant A --S-tile 8 --workers 4 --cpus 0,2,4,6 --rows-per-worker 768,768,768,768 --iterations 1 --timed-repetitions 5 --warmup 2
command[54] "D:\Install\Dev\Projects\IA\Ejercise\cpu-native-arch\build\t0m_int8_probe.exe" --D 512 --S 1 --R 16 --mode fused --variant B --S-tile 8 --workers 4 --cpus 0,2,4,6 --rows-per-worker 768,768,768,768 --iterations 1 --timed-repetitions 5 --warmup 2
command[55] "D:\Install\Dev\Projects\IA\Ejercise\cpu-native-arch\build\t0m_int8_probe.exe" --D 512 --S 1 --R 16 --mode repeat --variant A --S-tile 8 --workers 4 --cpus 0,2,4,6 --rows-per-worker 768,768,768,768 --iterations 1 --timed-repetitions 5 --warmup 2
command[56] "D:\Install\Dev\Projects\IA\Ejercise\cpu-native-arch\build\t0m_int8_probe.exe" --D 512 --S 1 --R 16 --mode repeat --variant B --S-tile 8 --workers 4 --cpus 0,2,4,6 --rows-per-worker 768,768,768,768 --iterations 1 --timed-repetitions 5 --warmup 2
command[57] "D:\Install\Dev\Projects\IA\Ejercise\cpu-native-arch\build\t0m_int8_probe.exe" --D 512 --S 2 --R 1 --mode fused --variant A --S-tile 8 --workers 4 --cpus 0,2,4,6 --rows-per-worker 768,768,768,768 --iterations 1 --timed-repetitions 5 --warmup 2
command[58] "D:\Install\Dev\Projects\IA\Ejercise\cpu-native-arch\build\t0m_int8_probe.exe" --D 512 --S 2 --R 1 --mode fused --variant B --S-tile 8 --workers 4 --cpus 0,2,4,6 --rows-per-worker 768,768,768,768 --iterations 1 --timed-repetitions 5 --warmup 2
command[59] "D:\Install\Dev\Projects\IA\Ejercise\cpu-native-arch\build\t0m_int8_probe.exe" --D 512 --S 2 --R 1 --mode repeat --variant A --S-tile 8 --workers 4 --cpus 0,2,4,6 --rows-per-worker 768,768,768,768 --iterations 1 --timed-repetitions 5 --warmup 2
command[60] "D:\Install\Dev\Projects\IA\Ejercise\cpu-native-arch\build\t0m_int8_probe.exe" --D 512 --S 2 --R 1 --mode repeat --variant B --S-tile 8 --workers 4 --cpus 0,2,4,6 --rows-per-worker 768,768,768,768 --iterations 1 --timed-repetitions 5 --warmup 2
command[61] "D:\Install\Dev\Projects\IA\Ejercise\cpu-native-arch\build\t0m_int8_probe.exe" --D 512 --S 2 --R 2 --mode fused --variant A --S-tile 8 --workers 4 --cpus 0,2,4,6 --rows-per-worker 768,768,768,768 --iterations 1 --timed-repetitions 5 --warmup 2
command[62] "D:\Install\Dev\Projects\IA\Ejercise\cpu-native-arch\build\t0m_int8_probe.exe" --D 512 --S 2 --R 2 --mode fused --variant B --S-tile 8 --workers 4 --cpus 0,2,4,6 --rows-per-worker 768,768,768,768 --iterations 1 --timed-repetitions 5 --warmup 2
command[63] "D:\Install\Dev\Projects\IA\Ejercise\cpu-native-arch\build\t0m_int8_probe.exe" --D 512 --S 2 --R 2 --mode repeat --variant A --S-tile 8 --workers 4 --cpus 0,2,4,6 --rows-per-worker 768,768,768,768 --iterations 1 --timed-repetitions 5 --warmup 2
command[64] "D:\Install\Dev\Projects\IA\Ejercise\cpu-native-arch\build\t0m_int8_probe.exe" --D 512 --S 2 --R 2 --mode repeat --variant B --S-tile 8 --workers 4 --cpus 0,2,4,6 --rows-per-worker 768,768,768,768 --iterations 1 --timed-repetitions 5 --warmup 2
command[65] "D:\Install\Dev\Projects\IA\Ejercise\cpu-native-arch\build\t0m_int8_probe.exe" --D 512 --S 2 --R 4 --mode fused --variant A --S-tile 8 --workers 4 --cpus 0,2,4,6 --rows-per-worker 768,768,768,768 --iterations 1 --timed-repetitions 5 --warmup 2
command[66] "D:\Install\Dev\Projects\IA\Ejercise\cpu-native-arch\build\t0m_int8_probe.exe" --D 512 --S 2 --R 4 --mode fused --variant B --S-tile 8 --workers 4 --cpus 0,2,4,6 --rows-per-worker 768,768,768,768 --iterations 1 --timed-repetitions 5 --warmup 2
command[67] "D:\Install\Dev\Projects\IA\Ejercise\cpu-native-arch\build\t0m_int8_probe.exe" --D 512 --S 2 --R 4 --mode repeat --variant A --S-tile 8 --workers 4 --cpus 0,2,4,6 --rows-per-worker 768,768,768,768 --iterations 1 --timed-repetitions 5 --warmup 2
command[68] "D:\Install\Dev\Projects\IA\Ejercise\cpu-native-arch\build\t0m_int8_probe.exe" --D 512 --S 2 --R 4 --mode repeat --variant B --S-tile 8 --workers 4 --cpus 0,2,4,6 --rows-per-worker 768,768,768,768 --iterations 1 --timed-repetitions 5 --warmup 2
command[69] "D:\Install\Dev\Projects\IA\Ejercise\cpu-native-arch\build\t0m_int8_probe.exe" --D 512 --S 2 --R 8 --mode fused --variant A --S-tile 8 --workers 4 --cpus 0,2,4,6 --rows-per-worker 768,768,768,768 --iterations 1 --timed-repetitions 5 --warmup 2
command[70] "D:\Install\Dev\Projects\IA\Ejercise\cpu-native-arch\build\t0m_int8_probe.exe" --D 512 --S 2 --R 8 --mode fused --variant B --S-tile 8 --workers 4 --cpus 0,2,4,6 --rows-per-worker 768,768,768,768 --iterations 1 --timed-repetitions 5 --warmup 2
command[71] "D:\Install\Dev\Projects\IA\Ejercise\cpu-native-arch\build\t0m_int8_probe.exe" --D 512 --S 2 --R 8 --mode repeat --variant A --S-tile 8 --workers 4 --cpus 0,2,4,6 --rows-per-worker 768,768,768,768 --iterations 1 --timed-repetitions 5 --warmup 2
command[72] "D:\Install\Dev\Projects\IA\Ejercise\cpu-native-arch\build\t0m_int8_probe.exe" --D 512 --S 2 --R 8 --mode repeat --variant B --S-tile 8 --workers 4 --cpus 0,2,4,6 --rows-per-worker 768,768,768,768 --iterations 1 --timed-repetitions 5 --warmup 2
command[73] "D:\Install\Dev\Projects\IA\Ejercise\cpu-native-arch\build\t0m_int8_probe.exe" --D 512 --S 2 --R 16 --mode fused --variant A --S-tile 8 --workers 4 --cpus 0,2,4,6 --rows-per-worker 768,768,768,768 --iterations 1 --timed-repetitions 5 --warmup 2
command[74] "D:\Install\Dev\Projects\IA\Ejercise\cpu-native-arch\build\t0m_int8_probe.exe" --D 512 --S 2 --R 16 --mode fused --variant B --S-tile 8 --workers 4 --cpus 0,2,4,6 --rows-per-worker 768,768,768,768 --iterations 1 --timed-repetitions 5 --warmup 2
command[75] "D:\Install\Dev\Projects\IA\Ejercise\cpu-native-arch\build\t0m_int8_probe.exe" --D 512 --S 2 --R 16 --mode repeat --variant A --S-tile 8 --workers 4 --cpus 0,2,4,6 --rows-per-worker 768,768,768,768 --iterations 1 --timed-repetitions 5 --warmup 2
command[76] "D:\Install\Dev\Projects\IA\Ejercise\cpu-native-arch\build\t0m_int8_probe.exe" --D 512 --S 2 --R 16 --mode repeat --variant B --S-tile 8 --workers 4 --cpus 0,2,4,6 --rows-per-worker 768,768,768,768 --iterations 1 --timed-repetitions 5 --warmup 2
command[77] "D:\Install\Dev\Projects\IA\Ejercise\cpu-native-arch\build\t0m_int8_probe.exe" --D 512 --S 4 --R 1 --mode fused --variant A --S-tile 8 --workers 4 --cpus 0,2,4,6 --rows-per-worker 768,768,768,768 --iterations 1 --timed-repetitions 5 --warmup 2
command[78] "D:\Install\Dev\Projects\IA\Ejercise\cpu-native-arch\build\t0m_int8_probe.exe" --D 512 --S 4 --R 1 --mode fused --variant B --S-tile 8 --workers 4 --cpus 0,2,4,6 --rows-per-worker 768,768,768,768 --iterations 1 --timed-repetitions 5 --warmup 2
command[79] "D:\Install\Dev\Projects\IA\Ejercise\cpu-native-arch\build\t0m_int8_probe.exe" --D 512 --S 4 --R 1 --mode repeat --variant A --S-tile 8 --workers 4 --cpus 0,2,4,6 --rows-per-worker 768,768,768,768 --iterations 1 --timed-repetitions 5 --warmup 2
command[80] "D:\Install\Dev\Projects\IA\Ejercise\cpu-native-arch\build\t0m_int8_probe.exe" --D 512 --S 4 --R 1 --mode repeat --variant B --S-tile 8 --workers 4 --cpus 0,2,4,6 --rows-per-worker 768,768,768,768 --iterations 1 --timed-repetitions 5 --warmup 2
command[81] "D:\Install\Dev\Projects\IA\Ejercise\cpu-native-arch\build\t0m_int8_probe.exe" --D 512 --S 4 --R 2 --mode fused --variant A --S-tile 8 --workers 4 --cpus 0,2,4,6 --rows-per-worker 768,768,768,768 --iterations 1 --timed-repetitions 5 --warmup 2
command[82] "D:\Install\Dev\Projects\IA\Ejercise\cpu-native-arch\build\t0m_int8_probe.exe" --D 512 --S 4 --R 2 --mode fused --variant B --S-tile 8 --workers 4 --cpus 0,2,4,6 --rows-per-worker 768,768,768,768 --iterations 1 --timed-repetitions 5 --warmup 2
command[83] "D:\Install\Dev\Projects\IA\Ejercise\cpu-native-arch\build\t0m_int8_probe.exe" --D 512 --S 4 --R 2 --mode repeat --variant A --S-tile 8 --workers 4 --cpus 0,2,4,6 --rows-per-worker 768,768,768,768 --iterations 1 --timed-repetitions 5 --warmup 2
command[84] "D:\Install\Dev\Projects\IA\Ejercise\cpu-native-arch\build\t0m_int8_probe.exe" --D 512 --S 4 --R 2 --mode repeat --variant B --S-tile 8 --workers 4 --cpus 0,2,4,6 --rows-per-worker 768,768,768,768 --iterations 1 --timed-repetitions 5 --warmup 2
command[85] "D:\Install\Dev\Projects\IA\Ejercise\cpu-native-arch\build\t0m_int8_probe.exe" --D 512 --S 4 --R 4 --mode fused --variant A --S-tile 8 --workers 4 --cpus 0,2,4,6 --rows-per-worker 768,768,768,768 --iterations 1 --timed-repetitions 5 --warmup 2
command[86] "D:\Install\Dev\Projects\IA\Ejercise\cpu-native-arch\build\t0m_int8_probe.exe" --D 512 --S 4 --R 4 --mode fused --variant B --S-tile 8 --workers 4 --cpus 0,2,4,6 --rows-per-worker 768,768,768,768 --iterations 1 --timed-repetitions 5 --warmup 2
command[87] "D:\Install\Dev\Projects\IA\Ejercise\cpu-native-arch\build\t0m_int8_probe.exe" --D 512 --S 4 --R 4 --mode repeat --variant A --S-tile 8 --workers 4 --cpus 0,2,4,6 --rows-per-worker 768,768,768,768 --iterations 1 --timed-repetitions 5 --warmup 2
command[88] "D:\Install\Dev\Projects\IA\Ejercise\cpu-native-arch\build\t0m_int8_probe.exe" --D 512 --S 4 --R 4 --mode repeat --variant B --S-tile 8 --workers 4 --cpus 0,2,4,6 --rows-per-worker 768,768,768,768 --iterations 1 --timed-repetitions 5 --warmup 2
command[89] "D:\Install\Dev\Projects\IA\Ejercise\cpu-native-arch\build\t0m_int8_probe.exe" --D 512 --S 4 --R 8 --mode fused --variant A --S-tile 8 --workers 4 --cpus 0,2,4,6 --rows-per-worker 768,768,768,768 --iterations 1 --timed-repetitions 5 --warmup 2
command[90] "D:\Install\Dev\Projects\IA\Ejercise\cpu-native-arch\build\t0m_int8_probe.exe" --D 512 --S 4 --R 8 --mode fused --variant B --S-tile 8 --workers 4 --cpus 0,2,4,6 --rows-per-worker 768,768,768,768 --iterations 1 --timed-repetitions 5 --warmup 2
command[91] "D:\Install\Dev\Projects\IA\Ejercise\cpu-native-arch\build\t0m_int8_probe.exe" --D 512 --S 4 --R 8 --mode repeat --variant A --S-tile 8 --workers 4 --cpus 0,2,4,6 --rows-per-worker 768,768,768,768 --iterations 1 --timed-repetitions 5 --warmup 2
command[92] "D:\Install\Dev\Projects\IA\Ejercise\cpu-native-arch\build\t0m_int8_probe.exe" --D 512 --S 4 --R 8 --mode repeat --variant B --S-tile 8 --workers 4 --cpus 0,2,4,6 --rows-per-worker 768,768,768,768 --iterations 1 --timed-repetitions 5 --warmup 2
command[93] "D:\Install\Dev\Projects\IA\Ejercise\cpu-native-arch\build\t0m_int8_probe.exe" --D 512 --S 4 --R 16 --mode fused --variant A --S-tile 8 --workers 4 --cpus 0,2,4,6 --rows-per-worker 768,768,768,768 --iterations 1 --timed-repetitions 5 --warmup 2
command[94] "D:\Install\Dev\Projects\IA\Ejercise\cpu-native-arch\build\t0m_int8_probe.exe" --D 512 --S 4 --R 16 --mode fused --variant B --S-tile 8 --workers 4 --cpus 0,2,4,6 --rows-per-worker 768,768,768,768 --iterations 1 --timed-repetitions 5 --warmup 2
command[95] "D:\Install\Dev\Projects\IA\Ejercise\cpu-native-arch\build\t0m_int8_probe.exe" --D 512 --S 4 --R 16 --mode repeat --variant A --S-tile 8 --workers 4 --cpus 0,2,4,6 --rows-per-worker 768,768,768,768 --iterations 1 --timed-repetitions 5 --warmup 2
command[96] "D:\Install\Dev\Projects\IA\Ejercise\cpu-native-arch\build\t0m_int8_probe.exe" --D 512 --S 4 --R 16 --mode repeat --variant B --S-tile 8 --workers 4 --cpus 0,2,4,6 --rows-per-worker 768,768,768,768 --iterations 1 --timed-repetitions 5 --warmup 2
command[97] "D:\Install\Dev\Projects\IA\Ejercise\cpu-native-arch\build\t0m_int8_probe.exe" --D 512 --S 8 --R 1 --mode fused --variant A --S-tile 8 --workers 4 --cpus 0,2,4,6 --rows-per-worker 768,768,768,768 --iterations 1 --timed-repetitions 5 --warmup 2
command[98] "D:\Install\Dev\Projects\IA\Ejercise\cpu-native-arch\build\t0m_int8_probe.exe" --D 512 --S 8 --R 1 --mode fused --variant B --S-tile 8 --workers 4 --cpus 0,2,4,6 --rows-per-worker 768,768,768,768 --iterations 1 --timed-repetitions 5 --warmup 2
command[99] "D:\Install\Dev\Projects\IA\Ejercise\cpu-native-arch\build\t0m_int8_probe.exe" --D 512 --S 8 --R 1 --mode repeat --variant A --S-tile 8 --workers 4 --cpus 0,2,4,6 --rows-per-worker 768,768,768,768 --iterations 1 --timed-repetitions 5 --warmup 2
command[100] "D:\Install\Dev\Projects\IA\Ejercise\cpu-native-arch\build\t0m_int8_probe.exe" --D 512 --S 8 --R 1 --mode repeat --variant B --S-tile 8 --workers 4 --cpus 0,2,4,6 --rows-per-worker 768,768,768,768 --iterations 1 --timed-repetitions 5 --warmup 2
command[101] "D:\Install\Dev\Projects\IA\Ejercise\cpu-native-arch\build\t0m_int8_probe.exe" --D 512 --S 8 --R 2 --mode fused --variant A --S-tile 8 --workers 4 --cpus 0,2,4,6 --rows-per-worker 768,768,768,768 --iterations 1 --timed-repetitions 5 --warmup 2
command[102] "D:\Install\Dev\Projects\IA\Ejercise\cpu-native-arch\build\t0m_int8_probe.exe" --D 512 --S 8 --R 2 --mode fused --variant B --S-tile 8 --workers 4 --cpus 0,2,4,6 --rows-per-worker 768,768,768,768 --iterations 1 --timed-repetitions 5 --warmup 2
command[103] "D:\Install\Dev\Projects\IA\Ejercise\cpu-native-arch\build\t0m_int8_probe.exe" --D 512 --S 8 --R 2 --mode repeat --variant A --S-tile 8 --workers 4 --cpus 0,2,4,6 --rows-per-worker 768,768,768,768 --iterations 1 --timed-repetitions 5 --warmup 2
command[104] "D:\Install\Dev\Projects\IA\Ejercise\cpu-native-arch\build\t0m_int8_probe.exe" --D 512 --S 8 --R 2 --mode repeat --variant B --S-tile 8 --workers 4 --cpus 0,2,4,6 --rows-per-worker 768,768,768,768 --iterations 1 --timed-repetitions 5 --warmup 2
command[105] "D:\Install\Dev\Projects\IA\Ejercise\cpu-native-arch\build\t0m_int8_probe.exe" --D 512 --S 8 --R 4 --mode fused --variant A --S-tile 8 --workers 4 --cpus 0,2,4,6 --rows-per-worker 768,768,768,768 --iterations 1 --timed-repetitions 5 --warmup 2
command[106] "D:\Install\Dev\Projects\IA\Ejercise\cpu-native-arch\build\t0m_int8_probe.exe" --D 512 --S 8 --R 4 --mode fused --variant B --S-tile 8 --workers 4 --cpus 0,2,4,6 --rows-per-worker 768,768,768,768 --iterations 1 --timed-repetitions 5 --warmup 2
command[107] "D:\Install\Dev\Projects\IA\Ejercise\cpu-native-arch\build\t0m_int8_probe.exe" --D 512 --S 8 --R 4 --mode repeat --variant A --S-tile 8 --workers 4 --cpus 0,2,4,6 --rows-per-worker 768,768,768,768 --iterations 1 --timed-repetitions 5 --warmup 2
command[108] "D:\Install\Dev\Projects\IA\Ejercise\cpu-native-arch\build\t0m_int8_probe.exe" --D 512 --S 8 --R 4 --mode repeat --variant B --S-tile 8 --workers 4 --cpus 0,2,4,6 --rows-per-worker 768,768,768,768 --iterations 1 --timed-repetitions 5 --warmup 2
command[109] "D:\Install\Dev\Projects\IA\Ejercise\cpu-native-arch\build\t0m_int8_probe.exe" --D 512 --S 8 --R 8 --mode fused --variant A --S-tile 8 --workers 4 --cpus 0,2,4,6 --rows-per-worker 768,768,768,768 --iterations 1 --timed-repetitions 5 --warmup 2
command[110] "D:\Install\Dev\Projects\IA\Ejercise\cpu-native-arch\build\t0m_int8_probe.exe" --D 512 --S 8 --R 8 --mode fused --variant B --S-tile 8 --workers 4 --cpus 0,2,4,6 --rows-per-worker 768,768,768,768 --iterations 1 --timed-repetitions 5 --warmup 2
command[111] "D:\Install\Dev\Projects\IA\Ejercise\cpu-native-arch\build\t0m_int8_probe.exe" --D 512 --S 8 --R 8 --mode repeat --variant A --S-tile 8 --workers 4 --cpus 0,2,4,6 --rows-per-worker 768,768,768,768 --iterations 1 --timed-repetitions 5 --warmup 2
command[112] "D:\Install\Dev\Projects\IA\Ejercise\cpu-native-arch\build\t0m_int8_probe.exe" --D 512 --S 8 --R 8 --mode repeat --variant B --S-tile 8 --workers 4 --cpus 0,2,4,6 --rows-per-worker 768,768,768,768 --iterations 1 --timed-repetitions 5 --warmup 2
command[113] "D:\Install\Dev\Projects\IA\Ejercise\cpu-native-arch\build\t0m_int8_probe.exe" --D 512 --S 8 --R 16 --mode fused --variant A --S-tile 8 --workers 4 --cpus 0,2,4,6 --rows-per-worker 768,768,768,768 --iterations 1 --timed-repetitions 5 --warmup 2
command[114] "D:\Install\Dev\Projects\IA\Ejercise\cpu-native-arch\build\t0m_int8_probe.exe" --D 512 --S 8 --R 16 --mode fused --variant B --S-tile 8 --workers 4 --cpus 0,2,4,6 --rows-per-worker 768,768,768,768 --iterations 1 --timed-repetitions 5 --warmup 2
command[115] "D:\Install\Dev\Projects\IA\Ejercise\cpu-native-arch\build\t0m_int8_probe.exe" --D 512 --S 8 --R 16 --mode repeat --variant A --S-tile 8 --workers 4 --cpus 0,2,4,6 --rows-per-worker 768,768,768,768 --iterations 1 --timed-repetitions 5 --warmup 2
command[116] "D:\Install\Dev\Projects\IA\Ejercise\cpu-native-arch\build\t0m_int8_probe.exe" --D 512 --S 8 --R 16 --mode repeat --variant B --S-tile 8 --workers 4 --cpus 0,2,4,6 --rows-per-worker 768,768,768,768 --iterations 1 --timed-repetitions 5 --warmup 2
command[117] "D:\Install\Dev\Projects\IA\Ejercise\cpu-native-arch\build\t0m_int8_probe.exe" --D 512 --S 16 --R 1 --mode fused --variant A --S-tile 8 --workers 4 --cpus 0,2,4,6 --rows-per-worker 768,768,768,768 --iterations 1 --timed-repetitions 5 --warmup 2
command[118] "D:\Install\Dev\Projects\IA\Ejercise\cpu-native-arch\build\t0m_int8_probe.exe" --D 512 --S 16 --R 1 --mode fused --variant B --S-tile 8 --workers 4 --cpus 0,2,4,6 --rows-per-worker 768,768,768,768 --iterations 1 --timed-repetitions 5 --warmup 2
command[119] "D:\Install\Dev\Projects\IA\Ejercise\cpu-native-arch\build\t0m_int8_probe.exe" --D 512 --S 16 --R 1 --mode repeat --variant A --S-tile 8 --workers 4 --cpus 0,2,4,6 --rows-per-worker 768,768,768,768 --iterations 1 --timed-repetitions 5 --warmup 2
command[120] "D:\Install\Dev\Projects\IA\Ejercise\cpu-native-arch\build\t0m_int8_probe.exe" --D 512 --S 16 --R 1 --mode repeat --variant B --S-tile 8 --workers 4 --cpus 0,2,4,6 --rows-per-worker 768,768,768,768 --iterations 1 --timed-repetitions 5 --warmup 2
command[121] "D:\Install\Dev\Projects\IA\Ejercise\cpu-native-arch\build\t0m_int8_probe.exe" --D 512 --S 16 --R 2 --mode fused --variant A --S-tile 8 --workers 4 --cpus 0,2,4,6 --rows-per-worker 768,768,768,768 --iterations 1 --timed-repetitions 5 --warmup 2
command[122] "D:\Install\Dev\Projects\IA\Ejercise\cpu-native-arch\build\t0m_int8_probe.exe" --D 512 --S 16 --R 2 --mode fused --variant B --S-tile 8 --workers 4 --cpus 0,2,4,6 --rows-per-worker 768,768,768,768 --iterations 1 --timed-repetitions 5 --warmup 2
command[123] "D:\Install\Dev\Projects\IA\Ejercise\cpu-native-arch\build\t0m_int8_probe.exe" --D 512 --S 16 --R 2 --mode repeat --variant A --S-tile 8 --workers 4 --cpus 0,2,4,6 --rows-per-worker 768,768,768,768 --iterations 1 --timed-repetitions 5 --warmup 2
command[124] "D:\Install\Dev\Projects\IA\Ejercise\cpu-native-arch\build\t0m_int8_probe.exe" --D 512 --S 16 --R 2 --mode repeat --variant B --S-tile 8 --workers 4 --cpus 0,2,4,6 --rows-per-worker 768,768,768,768 --iterations 1 --timed-repetitions 5 --warmup 2
command[125] "D:\Install\Dev\Projects\IA\Ejercise\cpu-native-arch\build\t0m_int8_probe.exe" --D 512 --S 16 --R 4 --mode fused --variant A --S-tile 8 --workers 4 --cpus 0,2,4,6 --rows-per-worker 768,768,768,768 --iterations 1 --timed-repetitions 5 --warmup 2
command[126] "D:\Install\Dev\Projects\IA\Ejercise\cpu-native-arch\build\t0m_int8_probe.exe" --D 512 --S 16 --R 4 --mode fused --variant B --S-tile 8 --workers 4 --cpus 0,2,4,6 --rows-per-worker 768,768,768,768 --iterations 1 --timed-repetitions 5 --warmup 2
command[127] "D:\Install\Dev\Projects\IA\Ejercise\cpu-native-arch\build\t0m_int8_probe.exe" --D 512 --S 16 --R 4 --mode repeat --variant A --S-tile 8 --workers 4 --cpus 0,2,4,6 --rows-per-worker 768,768,768,768 --iterations 1 --timed-repetitions 5 --warmup 2
command[128] "D:\Install\Dev\Projects\IA\Ejercise\cpu-native-arch\build\t0m_int8_probe.exe" --D 512 --S 16 --R 4 --mode repeat --variant B --S-tile 8 --workers 4 --cpus 0,2,4,6 --rows-per-worker 768,768,768,768 --iterations 1 --timed-repetitions 5 --warmup 2
command[129] "D:\Install\Dev\Projects\IA\Ejercise\cpu-native-arch\build\t0m_int8_probe.exe" --D 512 --S 16 --R 8 --mode fused --variant A --S-tile 8 --workers 4 --cpus 0,2,4,6 --rows-per-worker 768,768,768,768 --iterations 1 --timed-repetitions 5 --warmup 2
command[130] "D:\Install\Dev\Projects\IA\Ejercise\cpu-native-arch\build\t0m_int8_probe.exe" --D 512 --S 16 --R 8 --mode fused --variant B --S-tile 8 --workers 4 --cpus 0,2,4,6 --rows-per-worker 768,768,768,768 --iterations 1 --timed-repetitions 5 --warmup 2
command[131] "D:\Install\Dev\Projects\IA\Ejercise\cpu-native-arch\build\t0m_int8_probe.exe" --D 512 --S 16 --R 8 --mode repeat --variant A --S-tile 8 --workers 4 --cpus 0,2,4,6 --rows-per-worker 768,768,768,768 --iterations 1 --timed-repetitions 5 --warmup 2
command[132] "D:\Install\Dev\Projects\IA\Ejercise\cpu-native-arch\build\t0m_int8_probe.exe" --D 512 --S 16 --R 8 --mode repeat --variant B --S-tile 8 --workers 4 --cpus 0,2,4,6 --rows-per-worker 768,768,768,768 --iterations 1 --timed-repetitions 5 --warmup 2
command[133] "D:\Install\Dev\Projects\IA\Ejercise\cpu-native-arch\build\t0m_int8_probe.exe" --D 512 --S 16 --R 16 --mode fused --variant A --S-tile 8 --workers 4 --cpus 0,2,4,6 --rows-per-worker 768,768,768,768 --iterations 1 --timed-repetitions 5 --warmup 2
command[134] "D:\Install\Dev\Projects\IA\Ejercise\cpu-native-arch\build\t0m_int8_probe.exe" --D 512 --S 16 --R 16 --mode fused --variant B --S-tile 8 --workers 4 --cpus 0,2,4,6 --rows-per-worker 768,768,768,768 --iterations 1 --timed-repetitions 5 --warmup 2
command[135] "D:\Install\Dev\Projects\IA\Ejercise\cpu-native-arch\build\t0m_int8_probe.exe" --D 512 --S 16 --R 16 --mode repeat --variant A --S-tile 8 --workers 4 --cpus 0,2,4,6 --rows-per-worker 768,768,768,768 --iterations 1 --timed-repetitions 5 --warmup 2
command[136] "D:\Install\Dev\Projects\IA\Ejercise\cpu-native-arch\build\t0m_int8_probe.exe" --D 512 --S 16 --R 16 --mode repeat --variant B --S-tile 8 --workers 4 --cpus 0,2,4,6 --rows-per-worker 768,768,768,768 --iterations 1 --timed-repetitions 5 --warmup 2
command[137] "D:\Install\Dev\Projects\IA\Ejercise\cpu-native-arch\build\t0m_int8_probe.exe" --D 512 --S 1 --R 1 --mode fused --variant A --S-tile 8 --workers 4 --cpus 0,2,4,6 --rows-per-worker 1024,1024,1024,1024 --iterations 1 --timed-repetitions 5 --warmup 2
command[138] "D:\Install\Dev\Projects\IA\Ejercise\cpu-native-arch\build\t0m_int8_probe.exe" --D 512 --S 1 --R 1 --mode fused --variant B --S-tile 8 --workers 4 --cpus 0,2,4,6 --rows-per-worker 1024,1024,1024,1024 --iterations 1 --timed-repetitions 5 --warmup 2
command[139] "D:\Install\Dev\Projects\IA\Ejercise\cpu-native-arch\build\t0m_int8_probe.exe" --D 512 --S 1 --R 1 --mode repeat --variant A --S-tile 8 --workers 4 --cpus 0,2,4,6 --rows-per-worker 1024,1024,1024,1024 --iterations 1 --timed-repetitions 5 --warmup 2
command[140] "D:\Install\Dev\Projects\IA\Ejercise\cpu-native-arch\build\t0m_int8_probe.exe" --D 512 --S 1 --R 1 --mode repeat --variant B --S-tile 8 --workers 4 --cpus 0,2,4,6 --rows-per-worker 1024,1024,1024,1024 --iterations 1 --timed-repetitions 5 --warmup 2
command[141] "D:\Install\Dev\Projects\IA\Ejercise\cpu-native-arch\build\t0m_int8_probe.exe" --D 512 --S 1 --R 2 --mode fused --variant A --S-tile 8 --workers 4 --cpus 0,2,4,6 --rows-per-worker 1024,1024,1024,1024 --iterations 1 --timed-repetitions 5 --warmup 2
command[142] "D:\Install\Dev\Projects\IA\Ejercise\cpu-native-arch\build\t0m_int8_probe.exe" --D 512 --S 1 --R 2 --mode fused --variant B --S-tile 8 --workers 4 --cpus 0,2,4,6 --rows-per-worker 1024,1024,1024,1024 --iterations 1 --timed-repetitions 5 --warmup 2
command[143] "D:\Install\Dev\Projects\IA\Ejercise\cpu-native-arch\build\t0m_int8_probe.exe" --D 512 --S 1 --R 2 --mode repeat --variant A --S-tile 8 --workers 4 --cpus 0,2,4,6 --rows-per-worker 1024,1024,1024,1024 --iterations 1 --timed-repetitions 5 --warmup 2
command[144] "D:\Install\Dev\Projects\IA\Ejercise\cpu-native-arch\build\t0m_int8_probe.exe" --D 512 --S 1 --R 2 --mode repeat --variant B --S-tile 8 --workers 4 --cpus 0,2,4,6 --rows-per-worker 1024,1024,1024,1024 --iterations 1 --timed-repetitions 5 --warmup 2
command[145] "D:\Install\Dev\Projects\IA\Ejercise\cpu-native-arch\build\t0m_int8_probe.exe" --D 512 --S 1 --R 4 --mode fused --variant A --S-tile 8 --workers 4 --cpus 0,2,4,6 --rows-per-worker 1024,1024,1024,1024 --iterations 1 --timed-repetitions 5 --warmup 2
command[146] "D:\Install\Dev\Projects\IA\Ejercise\cpu-native-arch\build\t0m_int8_probe.exe" --D 512 --S 1 --R 4 --mode fused --variant B --S-tile 8 --workers 4 --cpus 0,2,4,6 --rows-per-worker 1024,1024,1024,1024 --iterations 1 --timed-repetitions 5 --warmup 2
command[147] "D:\Install\Dev\Projects\IA\Ejercise\cpu-native-arch\build\t0m_int8_probe.exe" --D 512 --S 1 --R 4 --mode repeat --variant A --S-tile 8 --workers 4 --cpus 0,2,4,6 --rows-per-worker 1024,1024,1024,1024 --iterations 1 --timed-repetitions 5 --warmup 2
command[148] "D:\Install\Dev\Projects\IA\Ejercise\cpu-native-arch\build\t0m_int8_probe.exe" --D 512 --S 1 --R 4 --mode repeat --variant B --S-tile 8 --workers 4 --cpus 0,2,4,6 --rows-per-worker 1024,1024,1024,1024 --iterations 1 --timed-repetitions 5 --warmup 2
command[149] "D:\Install\Dev\Projects\IA\Ejercise\cpu-native-arch\build\t0m_int8_probe.exe" --D 512 --S 1 --R 8 --mode fused --variant A --S-tile 8 --workers 4 --cpus 0,2,4,6 --rows-per-worker 1024,1024,1024,1024 --iterations 1 --timed-repetitions 5 --warmup 2
command[150] "D:\Install\Dev\Projects\IA\Ejercise\cpu-native-arch\build\t0m_int8_probe.exe" --D 512 --S 1 --R 8 --mode fused --variant B --S-tile 8 --workers 4 --cpus 0,2,4,6 --rows-per-worker 1024,1024,1024,1024 --iterations 1 --timed-repetitions 5 --warmup 2
command[151] "D:\Install\Dev\Projects\IA\Ejercise\cpu-native-arch\build\t0m_int8_probe.exe" --D 512 --S 1 --R 8 --mode repeat --variant A --S-tile 8 --workers 4 --cpus 0,2,4,6 --rows-per-worker 1024,1024,1024,1024 --iterations 1 --timed-repetitions 5 --warmup 2
command[152] "D:\Install\Dev\Projects\IA\Ejercise\cpu-native-arch\build\t0m_int8_probe.exe" --D 512 --S 1 --R 8 --mode repeat --variant B --S-tile 8 --workers 4 --cpus 0,2,4,6 --rows-per-worker 1024,1024,1024,1024 --iterations 1 --timed-repetitions 5 --warmup 2
command[153] "D:\Install\Dev\Projects\IA\Ejercise\cpu-native-arch\build\t0m_int8_probe.exe" --D 512 --S 1 --R 16 --mode fused --variant A --S-tile 8 --workers 4 --cpus 0,2,4,6 --rows-per-worker 1024,1024,1024,1024 --iterations 1 --timed-repetitions 5 --warmup 2
command[154] "D:\Install\Dev\Projects\IA\Ejercise\cpu-native-arch\build\t0m_int8_probe.exe" --D 512 --S 1 --R 16 --mode fused --variant B --S-tile 8 --workers 4 --cpus 0,2,4,6 --rows-per-worker 1024,1024,1024,1024 --iterations 1 --timed-repetitions 5 --warmup 2
command[155] "D:\Install\Dev\Projects\IA\Ejercise\cpu-native-arch\build\t0m_int8_probe.exe" --D 512 --S 1 --R 16 --mode repeat --variant A --S-tile 8 --workers 4 --cpus 0,2,4,6 --rows-per-worker 1024,1024,1024,1024 --iterations 1 --timed-repetitions 5 --warmup 2
command[156] "D:\Install\Dev\Projects\IA\Ejercise\cpu-native-arch\build\t0m_int8_probe.exe" --D 512 --S 1 --R 16 --mode repeat --variant B --S-tile 8 --workers 4 --cpus 0,2,4,6 --rows-per-worker 1024,1024,1024,1024 --iterations 1 --timed-repetitions 5 --warmup 2
command[157] "D:\Install\Dev\Projects\IA\Ejercise\cpu-native-arch\build\t0m_int8_probe.exe" --D 512 --S 2 --R 1 --mode fused --variant A --S-tile 8 --workers 4 --cpus 0,2,4,6 --rows-per-worker 1024,1024,1024,1024 --iterations 1 --timed-repetitions 5 --warmup 2
command[158] "D:\Install\Dev\Projects\IA\Ejercise\cpu-native-arch\build\t0m_int8_probe.exe" --D 512 --S 2 --R 1 --mode fused --variant B --S-tile 8 --workers 4 --cpus 0,2,4,6 --rows-per-worker 1024,1024,1024,1024 --iterations 1 --timed-repetitions 5 --warmup 2
command[159] "D:\Install\Dev\Projects\IA\Ejercise\cpu-native-arch\build\t0m_int8_probe.exe" --D 512 --S 2 --R 1 --mode repeat --variant A --S-tile 8 --workers 4 --cpus 0,2,4,6 --rows-per-worker 1024,1024,1024,1024 --iterations 1 --timed-repetitions 5 --warmup 2
command[160] "D:\Install\Dev\Projects\IA\Ejercise\cpu-native-arch\build\t0m_int8_probe.exe" --D 512 --S 2 --R 1 --mode repeat --variant B --S-tile 8 --workers 4 --cpus 0,2,4,6 --rows-per-worker 1024,1024,1024,1024 --iterations 1 --timed-repetitions 5 --warmup 2
command[161] "D:\Install\Dev\Projects\IA\Ejercise\cpu-native-arch\build\t0m_int8_probe.exe" --D 512 --S 2 --R 2 --mode fused --variant A --S-tile 8 --workers 4 --cpus 0,2,4,6 --rows-per-worker 1024,1024,1024,1024 --iterations 1 --timed-repetitions 5 --warmup 2
command[162] "D:\Install\Dev\Projects\IA\Ejercise\cpu-native-arch\build\t0m_int8_probe.exe" --D 512 --S 2 --R 2 --mode fused --variant B --S-tile 8 --workers 4 --cpus 0,2,4,6 --rows-per-worker 1024,1024,1024,1024 --iterations 1 --timed-repetitions 5 --warmup 2
command[163] "D:\Install\Dev\Projects\IA\Ejercise\cpu-native-arch\build\t0m_int8_probe.exe" --D 512 --S 2 --R 2 --mode repeat --variant A --S-tile 8 --workers 4 --cpus 0,2,4,6 --rows-per-worker 1024,1024,1024,1024 --iterations 1 --timed-repetitions 5 --warmup 2
command[164] "D:\Install\Dev\Projects\IA\Ejercise\cpu-native-arch\build\t0m_int8_probe.exe" --D 512 --S 2 --R 2 --mode repeat --variant B --S-tile 8 --workers 4 --cpus 0,2,4,6 --rows-per-worker 1024,1024,1024,1024 --iterations 1 --timed-repetitions 5 --warmup 2
command[165] "D:\Install\Dev\Projects\IA\Ejercise\cpu-native-arch\build\t0m_int8_probe.exe" --D 512 --S 2 --R 4 --mode fused --variant A --S-tile 8 --workers 4 --cpus 0,2,4,6 --rows-per-worker 1024,1024,1024,1024 --iterations 1 --timed-repetitions 5 --warmup 2
command[166] "D:\Install\Dev\Projects\IA\Ejercise\cpu-native-arch\build\t0m_int8_probe.exe" --D 512 --S 2 --R 4 --mode fused --variant B --S-tile 8 --workers 4 --cpus 0,2,4,6 --rows-per-worker 1024,1024,1024,1024 --iterations 1 --timed-repetitions 5 --warmup 2
command[167] "D:\Install\Dev\Projects\IA\Ejercise\cpu-native-arch\build\t0m_int8_probe.exe" --D 512 --S 2 --R 4 --mode repeat --variant A --S-tile 8 --workers 4 --cpus 0,2,4,6 --rows-per-worker 1024,1024,1024,1024 --iterations 1 --timed-repetitions 5 --warmup 2
command[168] "D:\Install\Dev\Projects\IA\Ejercise\cpu-native-arch\build\t0m_int8_probe.exe" --D 512 --S 2 --R 4 --mode repeat --variant B --S-tile 8 --workers 4 --cpus 0,2,4,6 --rows-per-worker 1024,1024,1024,1024 --iterations 1 --timed-repetitions 5 --warmup 2
command[169] "D:\Install\Dev\Projects\IA\Ejercise\cpu-native-arch\build\t0m_int8_probe.exe" --D 512 --S 2 --R 8 --mode fused --variant A --S-tile 8 --workers 4 --cpus 0,2,4,6 --rows-per-worker 1024,1024,1024,1024 --iterations 1 --timed-repetitions 5 --warmup 2
command[170] "D:\Install\Dev\Projects\IA\Ejercise\cpu-native-arch\build\t0m_int8_probe.exe" --D 512 --S 2 --R 8 --mode fused --variant B --S-tile 8 --workers 4 --cpus 0,2,4,6 --rows-per-worker 1024,1024,1024,1024 --iterations 1 --timed-repetitions 5 --warmup 2
command[171] "D:\Install\Dev\Projects\IA\Ejercise\cpu-native-arch\build\t0m_int8_probe.exe" --D 512 --S 2 --R 8 --mode repeat --variant A --S-tile 8 --workers 4 --cpus 0,2,4,6 --rows-per-worker 1024,1024,1024,1024 --iterations 1 --timed-repetitions 5 --warmup 2
command[172] "D:\Install\Dev\Projects\IA\Ejercise\cpu-native-arch\build\t0m_int8_probe.exe" --D 512 --S 2 --R 8 --mode repeat --variant B --S-tile 8 --workers 4 --cpus 0,2,4,6 --rows-per-worker 1024,1024,1024,1024 --iterations 1 --timed-repetitions 5 --warmup 2
command[173] "D:\Install\Dev\Projects\IA\Ejercise\cpu-native-arch\build\t0m_int8_probe.exe" --D 512 --S 2 --R 16 --mode fused --variant A --S-tile 8 --workers 4 --cpus 0,2,4,6 --rows-per-worker 1024,1024,1024,1024 --iterations 1 --timed-repetitions 5 --warmup 2
command[174] "D:\Install\Dev\Projects\IA\Ejercise\cpu-native-arch\build\t0m_int8_probe.exe" --D 512 --S 2 --R 16 --mode fused --variant B --S-tile 8 --workers 4 --cpus 0,2,4,6 --rows-per-worker 1024,1024,1024,1024 --iterations 1 --timed-repetitions 5 --warmup 2
command[175] "D:\Install\Dev\Projects\IA\Ejercise\cpu-native-arch\build\t0m_int8_probe.exe" --D 512 --S 2 --R 16 --mode repeat --variant A --S-tile 8 --workers 4 --cpus 0,2,4,6 --rows-per-worker 1024,1024,1024,1024 --iterations 1 --timed-repetitions 5 --warmup 2
command[176] "D:\Install\Dev\Projects\IA\Ejercise\cpu-native-arch\build\t0m_int8_probe.exe" --D 512 --S 2 --R 16 --mode repeat --variant B --S-tile 8 --workers 4 --cpus 0,2,4,6 --rows-per-worker 1024,1024,1024,1024 --iterations 1 --timed-repetitions 5 --warmup 2
command[177] "D:\Install\Dev\Projects\IA\Ejercise\cpu-native-arch\build\t0m_int8_probe.exe" --D 512 --S 4 --R 1 --mode fused --variant A --S-tile 8 --workers 4 --cpus 0,2,4,6 --rows-per-worker 1024,1024,1024,1024 --iterations 1 --timed-repetitions 5 --warmup 2
command[178] "D:\Install\Dev\Projects\IA\Ejercise\cpu-native-arch\build\t0m_int8_probe.exe" --D 512 --S 4 --R 1 --mode fused --variant B --S-tile 8 --workers 4 --cpus 0,2,4,6 --rows-per-worker 1024,1024,1024,1024 --iterations 1 --timed-repetitions 5 --warmup 2
command[179] "D:\Install\Dev\Projects\IA\Ejercise\cpu-native-arch\build\t0m_int8_probe.exe" --D 512 --S 4 --R 1 --mode repeat --variant A --S-tile 8 --workers 4 --cpus 0,2,4,6 --rows-per-worker 1024,1024,1024,1024 --iterations 1 --timed-repetitions 5 --warmup 2
command[180] "D:\Install\Dev\Projects\IA\Ejercise\cpu-native-arch\build\t0m_int8_probe.exe" --D 512 --S 4 --R 1 --mode repeat --variant B --S-tile 8 --workers 4 --cpus 0,2,4,6 --rows-per-worker 1024,1024,1024,1024 --iterations 1 --timed-repetitions 5 --warmup 2
command[181] "D:\Install\Dev\Projects\IA\Ejercise\cpu-native-arch\build\t0m_int8_probe.exe" --D 512 --S 4 --R 2 --mode fused --variant A --S-tile 8 --workers 4 --cpus 0,2,4,6 --rows-per-worker 1024,1024,1024,1024 --iterations 1 --timed-repetitions 5 --warmup 2
command[182] "D:\Install\Dev\Projects\IA\Ejercise\cpu-native-arch\build\t0m_int8_probe.exe" --D 512 --S 4 --R 2 --mode fused --variant B --S-tile 8 --workers 4 --cpus 0,2,4,6 --rows-per-worker 1024,1024,1024,1024 --iterations 1 --timed-repetitions 5 --warmup 2
command[183] "D:\Install\Dev\Projects\IA\Ejercise\cpu-native-arch\build\t0m_int8_probe.exe" --D 512 --S 4 --R 2 --mode repeat --variant A --S-tile 8 --workers 4 --cpus 0,2,4,6 --rows-per-worker 1024,1024,1024,1024 --iterations 1 --timed-repetitions 5 --warmup 2
command[184] "D:\Install\Dev\Projects\IA\Ejercise\cpu-native-arch\build\t0m_int8_probe.exe" --D 512 --S 4 --R 2 --mode repeat --variant B --S-tile 8 --workers 4 --cpus 0,2,4,6 --rows-per-worker 1024,1024,1024,1024 --iterations 1 --timed-repetitions 5 --warmup 2
command[185] "D:\Install\Dev\Projects\IA\Ejercise\cpu-native-arch\build\t0m_int8_probe.exe" --D 512 --S 4 --R 4 --mode fused --variant A --S-tile 8 --workers 4 --cpus 0,2,4,6 --rows-per-worker 1024,1024,1024,1024 --iterations 1 --timed-repetitions 5 --warmup 2
command[186] "D:\Install\Dev\Projects\IA\Ejercise\cpu-native-arch\build\t0m_int8_probe.exe" --D 512 --S 4 --R 4 --mode fused --variant B --S-tile 8 --workers 4 --cpus 0,2,4,6 --rows-per-worker 1024,1024,1024,1024 --iterations 1 --timed-repetitions 5 --warmup 2
command[187] "D:\Install\Dev\Projects\IA\Ejercise\cpu-native-arch\build\t0m_int8_probe.exe" --D 512 --S 4 --R 4 --mode repeat --variant A --S-tile 8 --workers 4 --cpus 0,2,4,6 --rows-per-worker 1024,1024,1024,1024 --iterations 1 --timed-repetitions 5 --warmup 2
command[188] "D:\Install\Dev\Projects\IA\Ejercise\cpu-native-arch\build\t0m_int8_probe.exe" --D 512 --S 4 --R 4 --mode repeat --variant B --S-tile 8 --workers 4 --cpus 0,2,4,6 --rows-per-worker 1024,1024,1024,1024 --iterations 1 --timed-repetitions 5 --warmup 2
command[189] "D:\Install\Dev\Projects\IA\Ejercise\cpu-native-arch\build\t0m_int8_probe.exe" --D 512 --S 4 --R 8 --mode fused --variant A --S-tile 8 --workers 4 --cpus 0,2,4,6 --rows-per-worker 1024,1024,1024,1024 --iterations 1 --timed-repetitions 5 --warmup 2
command[190] "D:\Install\Dev\Projects\IA\Ejercise\cpu-native-arch\build\t0m_int8_probe.exe" --D 512 --S 4 --R 8 --mode fused --variant B --S-tile 8 --workers 4 --cpus 0,2,4,6 --rows-per-worker 1024,1024,1024,1024 --iterations 1 --timed-repetitions 5 --warmup 2
command[191] "D:\Install\Dev\Projects\IA\Ejercise\cpu-native-arch\build\t0m_int8_probe.exe" --D 512 --S 4 --R 8 --mode repeat --variant A --S-tile 8 --workers 4 --cpus 0,2,4,6 --rows-per-worker 1024,1024,1024,1024 --iterations 1 --timed-repetitions 5 --warmup 2
command[192] "D:\Install\Dev\Projects\IA\Ejercise\cpu-native-arch\build\t0m_int8_probe.exe" --D 512 --S 4 --R 8 --mode repeat --variant B --S-tile 8 --workers 4 --cpus 0,2,4,6 --rows-per-worker 1024,1024,1024,1024 --iterations 1 --timed-repetitions 5 --warmup 2
command[193] "D:\Install\Dev\Projects\IA\Ejercise\cpu-native-arch\build\t0m_int8_probe.exe" --D 512 --S 4 --R 16 --mode fused --variant A --S-tile 8 --workers 4 --cpus 0,2,4,6 --rows-per-worker 1024,1024,1024,1024 --iterations 1 --timed-repetitions 5 --warmup 2
command[194] "D:\Install\Dev\Projects\IA\Ejercise\cpu-native-arch\build\t0m_int8_probe.exe" --D 512 --S 4 --R 16 --mode fused --variant B --S-tile 8 --workers 4 --cpus 0,2,4,6 --rows-per-worker 1024,1024,1024,1024 --iterations 1 --timed-repetitions 5 --warmup 2
command[195] "D:\Install\Dev\Projects\IA\Ejercise\cpu-native-arch\build\t0m_int8_probe.exe" --D 512 --S 4 --R 16 --mode repeat --variant A --S-tile 8 --workers 4 --cpus 0,2,4,6 --rows-per-worker 1024,1024,1024,1024 --iterations 1 --timed-repetitions 5 --warmup 2
command[196] "D:\Install\Dev\Projects\IA\Ejercise\cpu-native-arch\build\t0m_int8_probe.exe" --D 512 --S 4 --R 16 --mode repeat --variant B --S-tile 8 --workers 4 --cpus 0,2,4,6 --rows-per-worker 1024,1024,1024,1024 --iterations 1 --timed-repetitions 5 --warmup 2
command[197] "D:\Install\Dev\Projects\IA\Ejercise\cpu-native-arch\build\t0m_int8_probe.exe" --D 512 --S 8 --R 1 --mode fused --variant A --S-tile 8 --workers 4 --cpus 0,2,4,6 --rows-per-worker 1024,1024,1024,1024 --iterations 1 --timed-repetitions 5 --warmup 2
command[198] "D:\Install\Dev\Projects\IA\Ejercise\cpu-native-arch\build\t0m_int8_probe.exe" --D 512 --S 8 --R 1 --mode fused --variant B --S-tile 8 --workers 4 --cpus 0,2,4,6 --rows-per-worker 1024,1024,1024,1024 --iterations 1 --timed-repetitions 5 --warmup 2
command[199] "D:\Install\Dev\Projects\IA\Ejercise\cpu-native-arch\build\t0m_int8_probe.exe" --D 512 --S 8 --R 1 --mode repeat --variant A --S-tile 8 --workers 4 --cpus 0,2,4,6 --rows-per-worker 1024,1024,1024,1024 --iterations 1 --timed-repetitions 5 --warmup 2
command[200] "D:\Install\Dev\Projects\IA\Ejercise\cpu-native-arch\build\t0m_int8_probe.exe" --D 512 --S 8 --R 1 --mode repeat --variant B --S-tile 8 --workers 4 --cpus 0,2,4,6 --rows-per-worker 1024,1024,1024,1024 --iterations 1 --timed-repetitions 5 --warmup 2
command[201] "D:\Install\Dev\Projects\IA\Ejercise\cpu-native-arch\build\t0m_int8_probe.exe" --D 512 --S 8 --R 2 --mode fused --variant A --S-tile 8 --workers 4 --cpus 0,2,4,6 --rows-per-worker 1024,1024,1024,1024 --iterations 1 --timed-repetitions 5 --warmup 2
command[202] "D:\Install\Dev\Projects\IA\Ejercise\cpu-native-arch\build\t0m_int8_probe.exe" --D 512 --S 8 --R 2 --mode fused --variant B --S-tile 8 --workers 4 --cpus 0,2,4,6 --rows-per-worker 1024,1024,1024,1024 --iterations 1 --timed-repetitions 5 --warmup 2
command[203] "D:\Install\Dev\Projects\IA\Ejercise\cpu-native-arch\build\t0m_int8_probe.exe" --D 512 --S 8 --R 2 --mode repeat --variant A --S-tile 8 --workers 4 --cpus 0,2,4,6 --rows-per-worker 1024,1024,1024,1024 --iterations 1 --timed-repetitions 5 --warmup 2
command[204] "D:\Install\Dev\Projects\IA\Ejercise\cpu-native-arch\build\t0m_int8_probe.exe" --D 512 --S 8 --R 2 --mode repeat --variant B --S-tile 8 --workers 4 --cpus 0,2,4,6 --rows-per-worker 1024,1024,1024,1024 --iterations 1 --timed-repetitions 5 --warmup 2
command[205] "D:\Install\Dev\Projects\IA\Ejercise\cpu-native-arch\build\t0m_int8_probe.exe" --D 512 --S 8 --R 4 --mode fused --variant A --S-tile 8 --workers 4 --cpus 0,2,4,6 --rows-per-worker 1024,1024,1024,1024 --iterations 1 --timed-repetitions 5 --warmup 2
command[206] "D:\Install\Dev\Projects\IA\Ejercise\cpu-native-arch\build\t0m_int8_probe.exe" --D 512 --S 8 --R 4 --mode fused --variant B --S-tile 8 --workers 4 --cpus 0,2,4,6 --rows-per-worker 1024,1024,1024,1024 --iterations 1 --timed-repetitions 5 --warmup 2
command[207] "D:\Install\Dev\Projects\IA\Ejercise\cpu-native-arch\build\t0m_int8_probe.exe" --D 512 --S 8 --R 4 --mode repeat --variant A --S-tile 8 --workers 4 --cpus 0,2,4,6 --rows-per-worker 1024,1024,1024,1024 --iterations 1 --timed-repetitions 5 --warmup 2
command[208] "D:\Install\Dev\Projects\IA\Ejercise\cpu-native-arch\build\t0m_int8_probe.exe" --D 512 --S 8 --R 4 --mode repeat --variant B --S-tile 8 --workers 4 --cpus 0,2,4,6 --rows-per-worker 1024,1024,1024,1024 --iterations 1 --timed-repetitions 5 --warmup 2
command[209] "D:\Install\Dev\Projects\IA\Ejercise\cpu-native-arch\build\t0m_int8_probe.exe" --D 512 --S 8 --R 8 --mode fused --variant A --S-tile 8 --workers 4 --cpus 0,2,4,6 --rows-per-worker 1024,1024,1024,1024 --iterations 1 --timed-repetitions 5 --warmup 2
command[210] "D:\Install\Dev\Projects\IA\Ejercise\cpu-native-arch\build\t0m_int8_probe.exe" --D 512 --S 8 --R 8 --mode fused --variant B --S-tile 8 --workers 4 --cpus 0,2,4,6 --rows-per-worker 1024,1024,1024,1024 --iterations 1 --timed-repetitions 5 --warmup 2
command[211] "D:\Install\Dev\Projects\IA\Ejercise\cpu-native-arch\build\t0m_int8_probe.exe" --D 512 --S 8 --R 8 --mode repeat --variant A --S-tile 8 --workers 4 --cpus 0,2,4,6 --rows-per-worker 1024,1024,1024,1024 --iterations 1 --timed-repetitions 5 --warmup 2
command[212] "D:\Install\Dev\Projects\IA\Ejercise\cpu-native-arch\build\t0m_int8_probe.exe" --D 512 --S 8 --R 8 --mode repeat --variant B --S-tile 8 --workers 4 --cpus 0,2,4,6 --rows-per-worker 1024,1024,1024,1024 --iterations 1 --timed-repetitions 5 --warmup 2
command[213] "D:\Install\Dev\Projects\IA\Ejercise\cpu-native-arch\build\t0m_int8_probe.exe" --D 512 --S 8 --R 16 --mode fused --variant A --S-tile 8 --workers 4 --cpus 0,2,4,6 --rows-per-worker 1024,1024,1024,1024 --iterations 1 --timed-repetitions 5 --warmup 2
command[214] "D:\Install\Dev\Projects\IA\Ejercise\cpu-native-arch\build\t0m_int8_probe.exe" --D 512 --S 8 --R 16 --mode fused --variant B --S-tile 8 --workers 4 --cpus 0,2,4,6 --rows-per-worker 1024,1024,1024,1024 --iterations 1 --timed-repetitions 5 --warmup 2
command[215] "D:\Install\Dev\Projects\IA\Ejercise\cpu-native-arch\build\t0m_int8_probe.exe" --D 512 --S 8 --R 16 --mode repeat --variant A --S-tile 8 --workers 4 --cpus 0,2,4,6 --rows-per-worker 1024,1024,1024,1024 --iterations 1 --timed-repetitions 5 --warmup 2
command[216] "D:\Install\Dev\Projects\IA\Ejercise\cpu-native-arch\build\t0m_int8_probe.exe" --D 512 --S 8 --R 16 --mode repeat --variant B --S-tile 8 --workers 4 --cpus 0,2,4,6 --rows-per-worker 1024,1024,1024,1024 --iterations 1 --timed-repetitions 5 --warmup 2
command[217] "D:\Install\Dev\Projects\IA\Ejercise\cpu-native-arch\build\t0m_int8_probe.exe" --D 512 --S 16 --R 1 --mode fused --variant A --S-tile 8 --workers 4 --cpus 0,2,4,6 --rows-per-worker 1024,1024,1024,1024 --iterations 1 --timed-repetitions 5 --warmup 2
command[218] "D:\Install\Dev\Projects\IA\Ejercise\cpu-native-arch\build\t0m_int8_probe.exe" --D 512 --S 16 --R 1 --mode fused --variant B --S-tile 8 --workers 4 --cpus 0,2,4,6 --rows-per-worker 1024,1024,1024,1024 --iterations 1 --timed-repetitions 5 --warmup 2
command[219] "D:\Install\Dev\Projects\IA\Ejercise\cpu-native-arch\build\t0m_int8_probe.exe" --D 512 --S 16 --R 1 --mode repeat --variant A --S-tile 8 --workers 4 --cpus 0,2,4,6 --rows-per-worker 1024,1024,1024,1024 --iterations 1 --timed-repetitions 5 --warmup 2
command[220] "D:\Install\Dev\Projects\IA\Ejercise\cpu-native-arch\build\t0m_int8_probe.exe" --D 512 --S 16 --R 1 --mode repeat --variant B --S-tile 8 --workers 4 --cpus 0,2,4,6 --rows-per-worker 1024,1024,1024,1024 --iterations 1 --timed-repetitions 5 --warmup 2
command[221] "D:\Install\Dev\Projects\IA\Ejercise\cpu-native-arch\build\t0m_int8_probe.exe" --D 512 --S 16 --R 2 --mode fused --variant A --S-tile 8 --workers 4 --cpus 0,2,4,6 --rows-per-worker 1024,1024,1024,1024 --iterations 1 --timed-repetitions 5 --warmup 2
command[222] "D:\Install\Dev\Projects\IA\Ejercise\cpu-native-arch\build\t0m_int8_probe.exe" --D 512 --S 16 --R 2 --mode fused --variant B --S-tile 8 --workers 4 --cpus 0,2,4,6 --rows-per-worker 1024,1024,1024,1024 --iterations 1 --timed-repetitions 5 --warmup 2
command[223] "D:\Install\Dev\Projects\IA\Ejercise\cpu-native-arch\build\t0m_int8_probe.exe" --D 512 --S 16 --R 2 --mode repeat --variant A --S-tile 8 --workers 4 --cpus 0,2,4,6 --rows-per-worker 1024,1024,1024,1024 --iterations 1 --timed-repetitions 5 --warmup 2
command[224] "D:\Install\Dev\Projects\IA\Ejercise\cpu-native-arch\build\t0m_int8_probe.exe" --D 512 --S 16 --R 2 --mode repeat --variant B --S-tile 8 --workers 4 --cpus 0,2,4,6 --rows-per-worker 1024,1024,1024,1024 --iterations 1 --timed-repetitions 5 --warmup 2
command[225] "D:\Install\Dev\Projects\IA\Ejercise\cpu-native-arch\build\t0m_int8_probe.exe" --D 512 --S 16 --R 4 --mode fused --variant A --S-tile 8 --workers 4 --cpus 0,2,4,6 --rows-per-worker 1024,1024,1024,1024 --iterations 1 --timed-repetitions 5 --warmup 2
command[226] "D:\Install\Dev\Projects\IA\Ejercise\cpu-native-arch\build\t0m_int8_probe.exe" --D 512 --S 16 --R 4 --mode fused --variant B --S-tile 8 --workers 4 --cpus 0,2,4,6 --rows-per-worker 1024,1024,1024,1024 --iterations 1 --timed-repetitions 5 --warmup 2
command[227] "D:\Install\Dev\Projects\IA\Ejercise\cpu-native-arch\build\t0m_int8_probe.exe" --D 512 --S 16 --R 4 --mode repeat --variant A --S-tile 8 --workers 4 --cpus 0,2,4,6 --rows-per-worker 1024,1024,1024,1024 --iterations 1 --timed-repetitions 5 --warmup 2
command[228] "D:\Install\Dev\Projects\IA\Ejercise\cpu-native-arch\build\t0m_int8_probe.exe" --D 512 --S 16 --R 4 --mode repeat --variant B --S-tile 8 --workers 4 --cpus 0,2,4,6 --rows-per-worker 1024,1024,1024,1024 --iterations 1 --timed-repetitions 5 --warmup 2
command[229] "D:\Install\Dev\Projects\IA\Ejercise\cpu-native-arch\build\t0m_int8_probe.exe" --D 512 --S 16 --R 8 --mode fused --variant A --S-tile 8 --workers 4 --cpus 0,2,4,6 --rows-per-worker 1024,1024,1024,1024 --iterations 1 --timed-repetitions 5 --warmup 2
command[230] "D:\Install\Dev\Projects\IA\Ejercise\cpu-native-arch\build\t0m_int8_probe.exe" --D 512 --S 16 --R 8 --mode fused --variant B --S-tile 8 --workers 4 --cpus 0,2,4,6 --rows-per-worker 1024,1024,1024,1024 --iterations 1 --timed-repetitions 5 --warmup 2
command[231] "D:\Install\Dev\Projects\IA\Ejercise\cpu-native-arch\build\t0m_int8_probe.exe" --D 512 --S 16 --R 8 --mode repeat --variant A --S-tile 8 --workers 4 --cpus 0,2,4,6 --rows-per-worker 1024,1024,1024,1024 --iterations 1 --timed-repetitions 5 --warmup 2
command[232] "D:\Install\Dev\Projects\IA\Ejercise\cpu-native-arch\build\t0m_int8_probe.exe" --D 512 --S 16 --R 8 --mode repeat --variant B --S-tile 8 --workers 4 --cpus 0,2,4,6 --rows-per-worker 1024,1024,1024,1024 --iterations 1 --timed-repetitions 5 --warmup 2
command[233] "D:\Install\Dev\Projects\IA\Ejercise\cpu-native-arch\build\t0m_int8_probe.exe" --D 512 --S 16 --R 16 --mode fused --variant A --S-tile 8 --workers 4 --cpus 0,2,4,6 --rows-per-worker 1024,1024,1024,1024 --iterations 1 --timed-repetitions 5 --warmup 2
command[234] "D:\Install\Dev\Projects\IA\Ejercise\cpu-native-arch\build\t0m_int8_probe.exe" --D 512 --S 16 --R 16 --mode fused --variant B --S-tile 8 --workers 4 --cpus 0,2,4,6 --rows-per-worker 1024,1024,1024,1024 --iterations 1 --timed-repetitions 5 --warmup 2
command[235] "D:\Install\Dev\Projects\IA\Ejercise\cpu-native-arch\build\t0m_int8_probe.exe" --D 512 --S 16 --R 16 --mode repeat --variant A --S-tile 8 --workers 4 --cpus 0,2,4,6 --rows-per-worker 1024,1024,1024,1024 --iterations 1 --timed-repetitions 5 --warmup 2
command[236] "D:\Install\Dev\Projects\IA\Ejercise\cpu-native-arch\build\t0m_int8_probe.exe" --D 512 --S 16 --R 16 --mode repeat --variant B --S-tile 8 --workers 4 --cpus 0,2,4,6 --rows-per-worker 1024,1024,1024,1024 --iterations 1 --timed-repetitions 5 --warmup 2
command[237] "D:\Install\Dev\Projects\IA\Ejercise\cpu-native-arch\build\t0m_int8_probe.exe" --D 512 --S 1 --R 1 --mode fused --variant A --S-tile 8 --workers 4 --cpus 0,2,4,6 --rows-per-worker 1280,1280,1280,1280 --iterations 1 --timed-repetitions 5 --warmup 2
command[238] "D:\Install\Dev\Projects\IA\Ejercise\cpu-native-arch\build\t0m_int8_probe.exe" --D 512 --S 1 --R 1 --mode fused --variant B --S-tile 8 --workers 4 --cpus 0,2,4,6 --rows-per-worker 1280,1280,1280,1280 --iterations 1 --timed-repetitions 5 --warmup 2
command[239] "D:\Install\Dev\Projects\IA\Ejercise\cpu-native-arch\build\t0m_int8_probe.exe" --D 512 --S 1 --R 1 --mode repeat --variant A --S-tile 8 --workers 4 --cpus 0,2,4,6 --rows-per-worker 1280,1280,1280,1280 --iterations 1 --timed-repetitions 5 --warmup 2
command[240] "D:\Install\Dev\Projects\IA\Ejercise\cpu-native-arch\build\t0m_int8_probe.exe" --D 512 --S 1 --R 1 --mode repeat --variant B --S-tile 8 --workers 4 --cpus 0,2,4,6 --rows-per-worker 1280,1280,1280,1280 --iterations 1 --timed-repetitions 5 --warmup 2
command[241] "D:\Install\Dev\Projects\IA\Ejercise\cpu-native-arch\build\t0m_int8_probe.exe" --D 512 --S 1 --R 2 --mode fused --variant A --S-tile 8 --workers 4 --cpus 0,2,4,6 --rows-per-worker 1280,1280,1280,1280 --iterations 1 --timed-repetitions 5 --warmup 2
command[242] "D:\Install\Dev\Projects\IA\Ejercise\cpu-native-arch\build\t0m_int8_probe.exe" --D 512 --S 1 --R 2 --mode fused --variant B --S-tile 8 --workers 4 --cpus 0,2,4,6 --rows-per-worker 1280,1280,1280,1280 --iterations 1 --timed-repetitions 5 --warmup 2
command[243] "D:\Install\Dev\Projects\IA\Ejercise\cpu-native-arch\build\t0m_int8_probe.exe" --D 512 --S 1 --R 2 --mode repeat --variant A --S-tile 8 --workers 4 --cpus 0,2,4,6 --rows-per-worker 1280,1280,1280,1280 --iterations 1 --timed-repetitions 5 --warmup 2
command[244] "D:\Install\Dev\Projects\IA\Ejercise\cpu-native-arch\build\t0m_int8_probe.exe" --D 512 --S 1 --R 2 --mode repeat --variant B --S-tile 8 --workers 4 --cpus 0,2,4,6 --rows-per-worker 1280,1280,1280,1280 --iterations 1 --timed-repetitions 5 --warmup 2
command[245] "D:\Install\Dev\Projects\IA\Ejercise\cpu-native-arch\build\t0m_int8_probe.exe" --D 512 --S 1 --R 4 --mode fused --variant A --S-tile 8 --workers 4 --cpus 0,2,4,6 --rows-per-worker 1280,1280,1280,1280 --iterations 1 --timed-repetitions 5 --warmup 2
command[246] "D:\Install\Dev\Projects\IA\Ejercise\cpu-native-arch\build\t0m_int8_probe.exe" --D 512 --S 1 --R 4 --mode fused --variant B --S-tile 8 --workers 4 --cpus 0,2,4,6 --rows-per-worker 1280,1280,1280,1280 --iterations 1 --timed-repetitions 5 --warmup 2
command[247] "D:\Install\Dev\Projects\IA\Ejercise\cpu-native-arch\build\t0m_int8_probe.exe" --D 512 --S 1 --R 4 --mode repeat --variant A --S-tile 8 --workers 4 --cpus 0,2,4,6 --rows-per-worker 1280,1280,1280,1280 --iterations 1 --timed-repetitions 5 --warmup 2
command[248] "D:\Install\Dev\Projects\IA\Ejercise\cpu-native-arch\build\t0m_int8_probe.exe" --D 512 --S 1 --R 4 --mode repeat --variant B --S-tile 8 --workers 4 --cpus 0,2,4,6 --rows-per-worker 1280,1280,1280,1280 --iterations 1 --timed-repetitions 5 --warmup 2
command[249] "D:\Install\Dev\Projects\IA\Ejercise\cpu-native-arch\build\t0m_int8_probe.exe" --D 512 --S 1 --R 8 --mode fused --variant A --S-tile 8 --workers 4 --cpus 0,2,4,6 --rows-per-worker 1280,1280,1280,1280 --iterations 1 --timed-repetitions 5 --warmup 2
command[250] "D:\Install\Dev\Projects\IA\Ejercise\cpu-native-arch\build\t0m_int8_probe.exe" --D 512 --S 1 --R 8 --mode fused --variant B --S-tile 8 --workers 4 --cpus 0,2,4,6 --rows-per-worker 1280,1280,1280,1280 --iterations 1 --timed-repetitions 5 --warmup 2
command[251] "D:\Install\Dev\Projects\IA\Ejercise\cpu-native-arch\build\t0m_int8_probe.exe" --D 512 --S 1 --R 8 --mode repeat --variant A --S-tile 8 --workers 4 --cpus 0,2,4,6 --rows-per-worker 1280,1280,1280,1280 --iterations 1 --timed-repetitions 5 --warmup 2
command[252] "D:\Install\Dev\Projects\IA\Ejercise\cpu-native-arch\build\t0m_int8_probe.exe" --D 512 --S 1 --R 8 --mode repeat --variant B --S-tile 8 --workers 4 --cpus 0,2,4,6 --rows-per-worker 1280,1280,1280,1280 --iterations 1 --timed-repetitions 5 --warmup 2
command[253] "D:\Install\Dev\Projects\IA\Ejercise\cpu-native-arch\build\t0m_int8_probe.exe" --D 512 --S 1 --R 16 --mode fused --variant A --S-tile 8 --workers 4 --cpus 0,2,4,6 --rows-per-worker 1280,1280,1280,1280 --iterations 1 --timed-repetitions 5 --warmup 2
command[254] "D:\Install\Dev\Projects\IA\Ejercise\cpu-native-arch\build\t0m_int8_probe.exe" --D 512 --S 1 --R 16 --mode fused --variant B --S-tile 8 --workers 4 --cpus 0,2,4,6 --rows-per-worker 1280,1280,1280,1280 --iterations 1 --timed-repetitions 5 --warmup 2
command[255] "D:\Install\Dev\Projects\IA\Ejercise\cpu-native-arch\build\t0m_int8_probe.exe" --D 512 --S 1 --R 16 --mode repeat --variant A --S-tile 8 --workers 4 --cpus 0,2,4,6 --rows-per-worker 1280,1280,1280,1280 --iterations 1 --timed-repetitions 5 --warmup 2
command[256] "D:\Install\Dev\Projects\IA\Ejercise\cpu-native-arch\build\t0m_int8_probe.exe" --D 512 --S 1 --R 16 --mode repeat --variant B --S-tile 8 --workers 4 --cpus 0,2,4,6 --rows-per-worker 1280,1280,1280,1280 --iterations 1 --timed-repetitions 5 --warmup 2
command[257] "D:\Install\Dev\Projects\IA\Ejercise\cpu-native-arch\build\t0m_int8_probe.exe" --D 512 --S 2 --R 1 --mode fused --variant A --S-tile 8 --workers 4 --cpus 0,2,4,6 --rows-per-worker 1280,1280,1280,1280 --iterations 1 --timed-repetitions 5 --warmup 2
command[258] "D:\Install\Dev\Projects\IA\Ejercise\cpu-native-arch\build\t0m_int8_probe.exe" --D 512 --S 2 --R 1 --mode fused --variant B --S-tile 8 --workers 4 --cpus 0,2,4,6 --rows-per-worker 1280,1280,1280,1280 --iterations 1 --timed-repetitions 5 --warmup 2
command[259] "D:\Install\Dev\Projects\IA\Ejercise\cpu-native-arch\build\t0m_int8_probe.exe" --D 512 --S 2 --R 1 --mode repeat --variant A --S-tile 8 --workers 4 --cpus 0,2,4,6 --rows-per-worker 1280,1280,1280,1280 --iterations 1 --timed-repetitions 5 --warmup 2
command[260] "D:\Install\Dev\Projects\IA\Ejercise\cpu-native-arch\build\t0m_int8_probe.exe" --D 512 --S 2 --R 1 --mode repeat --variant B --S-tile 8 --workers 4 --cpus 0,2,4,6 --rows-per-worker 1280,1280,1280,1280 --iterations 1 --timed-repetitions 5 --warmup 2
command[261] "D:\Install\Dev\Projects\IA\Ejercise\cpu-native-arch\build\t0m_int8_probe.exe" --D 512 --S 2 --R 2 --mode fused --variant A --S-tile 8 --workers 4 --cpus 0,2,4,6 --rows-per-worker 1280,1280,1280,1280 --iterations 1 --timed-repetitions 5 --warmup 2
command[262] "D:\Install\Dev\Projects\IA\Ejercise\cpu-native-arch\build\t0m_int8_probe.exe" --D 512 --S 2 --R 2 --mode fused --variant B --S-tile 8 --workers 4 --cpus 0,2,4,6 --rows-per-worker 1280,1280,1280,1280 --iterations 1 --timed-repetitions 5 --warmup 2
command[263] "D:\Install\Dev\Projects\IA\Ejercise\cpu-native-arch\build\t0m_int8_probe.exe" --D 512 --S 2 --R 2 --mode repeat --variant A --S-tile 8 --workers 4 --cpus 0,2,4,6 --rows-per-worker 1280,1280,1280,1280 --iterations 1 --timed-repetitions 5 --warmup 2
command[264] "D:\Install\Dev\Projects\IA\Ejercise\cpu-native-arch\build\t0m_int8_probe.exe" --D 512 --S 2 --R 2 --mode repeat --variant B --S-tile 8 --workers 4 --cpus 0,2,4,6 --rows-per-worker 1280,1280,1280,1280 --iterations 1 --timed-repetitions 5 --warmup 2
command[265] "D:\Install\Dev\Projects\IA\Ejercise\cpu-native-arch\build\t0m_int8_probe.exe" --D 512 --S 2 --R 4 --mode fused --variant A --S-tile 8 --workers 4 --cpus 0,2,4,6 --rows-per-worker 1280,1280,1280,1280 --iterations 1 --timed-repetitions 5 --warmup 2
command[266] "D:\Install\Dev\Projects\IA\Ejercise\cpu-native-arch\build\t0m_int8_probe.exe" --D 512 --S 2 --R 4 --mode fused --variant B --S-tile 8 --workers 4 --cpus 0,2,4,6 --rows-per-worker 1280,1280,1280,1280 --iterations 1 --timed-repetitions 5 --warmup 2
command[267] "D:\Install\Dev\Projects\IA\Ejercise\cpu-native-arch\build\t0m_int8_probe.exe" --D 512 --S 2 --R 4 --mode repeat --variant A --S-tile 8 --workers 4 --cpus 0,2,4,6 --rows-per-worker 1280,1280,1280,1280 --iterations 1 --timed-repetitions 5 --warmup 2
command[268] "D:\Install\Dev\Projects\IA\Ejercise\cpu-native-arch\build\t0m_int8_probe.exe" --D 512 --S 2 --R 4 --mode repeat --variant B --S-tile 8 --workers 4 --cpus 0,2,4,6 --rows-per-worker 1280,1280,1280,1280 --iterations 1 --timed-repetitions 5 --warmup 2
command[269] "D:\Install\Dev\Projects\IA\Ejercise\cpu-native-arch\build\t0m_int8_probe.exe" --D 512 --S 2 --R 8 --mode fused --variant A --S-tile 8 --workers 4 --cpus 0,2,4,6 --rows-per-worker 1280,1280,1280,1280 --iterations 1 --timed-repetitions 5 --warmup 2
command[270] "D:\Install\Dev\Projects\IA\Ejercise\cpu-native-arch\build\t0m_int8_probe.exe" --D 512 --S 2 --R 8 --mode fused --variant B --S-tile 8 --workers 4 --cpus 0,2,4,6 --rows-per-worker 1280,1280,1280,1280 --iterations 1 --timed-repetitions 5 --warmup 2
command[271] "D:\Install\Dev\Projects\IA\Ejercise\cpu-native-arch\build\t0m_int8_probe.exe" --D 512 --S 2 --R 8 --mode repeat --variant A --S-tile 8 --workers 4 --cpus 0,2,4,6 --rows-per-worker 1280,1280,1280,1280 --iterations 1 --timed-repetitions 5 --warmup 2
command[272] "D:\Install\Dev\Projects\IA\Ejercise\cpu-native-arch\build\t0m_int8_probe.exe" --D 512 --S 2 --R 8 --mode repeat --variant B --S-tile 8 --workers 4 --cpus 0,2,4,6 --rows-per-worker 1280,1280,1280,1280 --iterations 1 --timed-repetitions 5 --warmup 2
command[273] "D:\Install\Dev\Projects\IA\Ejercise\cpu-native-arch\build\t0m_int8_probe.exe" --D 512 --S 2 --R 16 --mode fused --variant A --S-tile 8 --workers 4 --cpus 0,2,4,6 --rows-per-worker 1280,1280,1280,1280 --iterations 1 --timed-repetitions 5 --warmup 2
command[274] "D:\Install\Dev\Projects\IA\Ejercise\cpu-native-arch\build\t0m_int8_probe.exe" --D 512 --S 2 --R 16 --mode fused --variant B --S-tile 8 --workers 4 --cpus 0,2,4,6 --rows-per-worker 1280,1280,1280,1280 --iterations 1 --timed-repetitions 5 --warmup 2
command[275] "D:\Install\Dev\Projects\IA\Ejercise\cpu-native-arch\build\t0m_int8_probe.exe" --D 512 --S 2 --R 16 --mode repeat --variant A --S-tile 8 --workers 4 --cpus 0,2,4,6 --rows-per-worker 1280,1280,1280,1280 --iterations 1 --timed-repetitions 5 --warmup 2
command[276] "D:\Install\Dev\Projects\IA\Ejercise\cpu-native-arch\build\t0m_int8_probe.exe" --D 512 --S 2 --R 16 --mode repeat --variant B --S-tile 8 --workers 4 --cpus 0,2,4,6 --rows-per-worker 1280,1280,1280,1280 --iterations 1 --timed-repetitions 5 --warmup 2
command[277] "D:\Install\Dev\Projects\IA\Ejercise\cpu-native-arch\build\t0m_int8_probe.exe" --D 512 --S 4 --R 1 --mode fused --variant A --S-tile 8 --workers 4 --cpus 0,2,4,6 --rows-per-worker 1280,1280,1280,1280 --iterations 1 --timed-repetitions 5 --warmup 2
command[278] "D:\Install\Dev\Projects\IA\Ejercise\cpu-native-arch\build\t0m_int8_probe.exe" --D 512 --S 4 --R 1 --mode fused --variant B --S-tile 8 --workers 4 --cpus 0,2,4,6 --rows-per-worker 1280,1280,1280,1280 --iterations 1 --timed-repetitions 5 --warmup 2
command[279] "D:\Install\Dev\Projects\IA\Ejercise\cpu-native-arch\build\t0m_int8_probe.exe" --D 512 --S 4 --R 1 --mode repeat --variant A --S-tile 8 --workers 4 --cpus 0,2,4,6 --rows-per-worker 1280,1280,1280,1280 --iterations 1 --timed-repetitions 5 --warmup 2
command[280] "D:\Install\Dev\Projects\IA\Ejercise\cpu-native-arch\build\t0m_int8_probe.exe" --D 512 --S 4 --R 1 --mode repeat --variant B --S-tile 8 --workers 4 --cpus 0,2,4,6 --rows-per-worker 1280,1280,1280,1280 --iterations 1 --timed-repetitions 5 --warmup 2
command[281] "D:\Install\Dev\Projects\IA\Ejercise\cpu-native-arch\build\t0m_int8_probe.exe" --D 512 --S 4 --R 2 --mode fused --variant A --S-tile 8 --workers 4 --cpus 0,2,4,6 --rows-per-worker 1280,1280,1280,1280 --iterations 1 --timed-repetitions 5 --warmup 2
command[282] "D:\Install\Dev\Projects\IA\Ejercise\cpu-native-arch\build\t0m_int8_probe.exe" --D 512 --S 4 --R 2 --mode fused --variant B --S-tile 8 --workers 4 --cpus 0,2,4,6 --rows-per-worker 1280,1280,1280,1280 --iterations 1 --timed-repetitions 5 --warmup 2
command[283] "D:\Install\Dev\Projects\IA\Ejercise\cpu-native-arch\build\t0m_int8_probe.exe" --D 512 --S 4 --R 2 --mode repeat --variant A --S-tile 8 --workers 4 --cpus 0,2,4,6 --rows-per-worker 1280,1280,1280,1280 --iterations 1 --timed-repetitions 5 --warmup 2
command[284] "D:\Install\Dev\Projects\IA\Ejercise\cpu-native-arch\build\t0m_int8_probe.exe" --D 512 --S 4 --R 2 --mode repeat --variant B --S-tile 8 --workers 4 --cpus 0,2,4,6 --rows-per-worker 1280,1280,1280,1280 --iterations 1 --timed-repetitions 5 --warmup 2
command[285] "D:\Install\Dev\Projects\IA\Ejercise\cpu-native-arch\build\t0m_int8_probe.exe" --D 512 --S 4 --R 4 --mode fused --variant A --S-tile 8 --workers 4 --cpus 0,2,4,6 --rows-per-worker 1280,1280,1280,1280 --iterations 1 --timed-repetitions 5 --warmup 2
command[286] "D:\Install\Dev\Projects\IA\Ejercise\cpu-native-arch\build\t0m_int8_probe.exe" --D 512 --S 4 --R 4 --mode fused --variant B --S-tile 8 --workers 4 --cpus 0,2,4,6 --rows-per-worker 1280,1280,1280,1280 --iterations 1 --timed-repetitions 5 --warmup 2
command[287] "D:\Install\Dev\Projects\IA\Ejercise\cpu-native-arch\build\t0m_int8_probe.exe" --D 512 --S 4 --R 4 --mode repeat --variant A --S-tile 8 --workers 4 --cpus 0,2,4,6 --rows-per-worker 1280,1280,1280,1280 --iterations 1 --timed-repetitions 5 --warmup 2
command[288] "D:\Install\Dev\Projects\IA\Ejercise\cpu-native-arch\build\t0m_int8_probe.exe" --D 512 --S 4 --R 4 --mode repeat --variant B --S-tile 8 --workers 4 --cpus 0,2,4,6 --rows-per-worker 1280,1280,1280,1280 --iterations 1 --timed-repetitions 5 --warmup 2
command[289] "D:\Install\Dev\Projects\IA\Ejercise\cpu-native-arch\build\t0m_int8_probe.exe" --D 512 --S 4 --R 8 --mode fused --variant A --S-tile 8 --workers 4 --cpus 0,2,4,6 --rows-per-worker 1280,1280,1280,1280 --iterations 1 --timed-repetitions 5 --warmup 2
command[290] "D:\Install\Dev\Projects\IA\Ejercise\cpu-native-arch\build\t0m_int8_probe.exe" --D 512 --S 4 --R 8 --mode fused --variant B --S-tile 8 --workers 4 --cpus 0,2,4,6 --rows-per-worker 1280,1280,1280,1280 --iterations 1 --timed-repetitions 5 --warmup 2
command[291] "D:\Install\Dev\Projects\IA\Ejercise\cpu-native-arch\build\t0m_int8_probe.exe" --D 512 --S 4 --R 8 --mode repeat --variant A --S-tile 8 --workers 4 --cpus 0,2,4,6 --rows-per-worker 1280,1280,1280,1280 --iterations 1 --timed-repetitions 5 --warmup 2
command[292] "D:\Install\Dev\Projects\IA\Ejercise\cpu-native-arch\build\t0m_int8_probe.exe" --D 512 --S 4 --R 8 --mode repeat --variant B --S-tile 8 --workers 4 --cpus 0,2,4,6 --rows-per-worker 1280,1280,1280,1280 --iterations 1 --timed-repetitions 5 --warmup 2
command[293] "D:\Install\Dev\Projects\IA\Ejercise\cpu-native-arch\build\t0m_int8_probe.exe" --D 512 --S 4 --R 16 --mode fused --variant A --S-tile 8 --workers 4 --cpus 0,2,4,6 --rows-per-worker 1280,1280,1280,1280 --iterations 1 --timed-repetitions 5 --warmup 2
command[294] "D:\Install\Dev\Projects\IA\Ejercise\cpu-native-arch\build\t0m_int8_probe.exe" --D 512 --S 4 --R 16 --mode fused --variant B --S-tile 8 --workers 4 --cpus 0,2,4,6 --rows-per-worker 1280,1280,1280,1280 --iterations 1 --timed-repetitions 5 --warmup 2
command[295] "D:\Install\Dev\Projects\IA\Ejercise\cpu-native-arch\build\t0m_int8_probe.exe" --D 512 --S 4 --R 16 --mode repeat --variant A --S-tile 8 --workers 4 --cpus 0,2,4,6 --rows-per-worker 1280,1280,1280,1280 --iterations 1 --timed-repetitions 5 --warmup 2
command[296] "D:\Install\Dev\Projects\IA\Ejercise\cpu-native-arch\build\t0m_int8_probe.exe" --D 512 --S 4 --R 16 --mode repeat --variant B --S-tile 8 --workers 4 --cpus 0,2,4,6 --rows-per-worker 1280,1280,1280,1280 --iterations 1 --timed-repetitions 5 --warmup 2
command[297] "D:\Install\Dev\Projects\IA\Ejercise\cpu-native-arch\build\t0m_int8_probe.exe" --D 512 --S 8 --R 1 --mode fused --variant A --S-tile 8 --workers 4 --cpus 0,2,4,6 --rows-per-worker 1280,1280,1280,1280 --iterations 1 --timed-repetitions 5 --warmup 2
command[298] "D:\Install\Dev\Projects\IA\Ejercise\cpu-native-arch\build\t0m_int8_probe.exe" --D 512 --S 8 --R 1 --mode fused --variant B --S-tile 8 --workers 4 --cpus 0,2,4,6 --rows-per-worker 1280,1280,1280,1280 --iterations 1 --timed-repetitions 5 --warmup 2
command[299] "D:\Install\Dev\Projects\IA\Ejercise\cpu-native-arch\build\t0m_int8_probe.exe" --D 512 --S 8 --R 1 --mode repeat --variant A --S-tile 8 --workers 4 --cpus 0,2,4,6 --rows-per-worker 1280,1280,1280,1280 --iterations 1 --timed-repetitions 5 --warmup 2
command[300] "D:\Install\Dev\Projects\IA\Ejercise\cpu-native-arch\build\t0m_int8_probe.exe" --D 512 --S 8 --R 1 --mode repeat --variant B --S-tile 8 --workers 4 --cpus 0,2,4,6 --rows-per-worker 1280,1280,1280,1280 --iterations 1 --timed-repetitions 5 --warmup 2
command[301] "D:\Install\Dev\Projects\IA\Ejercise\cpu-native-arch\build\t0m_int8_probe.exe" --D 512 --S 8 --R 2 --mode fused --variant A --S-tile 8 --workers 4 --cpus 0,2,4,6 --rows-per-worker 1280,1280,1280,1280 --iterations 1 --timed-repetitions 5 --warmup 2
command[302] "D:\Install\Dev\Projects\IA\Ejercise\cpu-native-arch\build\t0m_int8_probe.exe" --D 512 --S 8 --R 2 --mode fused --variant B --S-tile 8 --workers 4 --cpus 0,2,4,6 --rows-per-worker 1280,1280,1280,1280 --iterations 1 --timed-repetitions 5 --warmup 2
command[303] "D:\Install\Dev\Projects\IA\Ejercise\cpu-native-arch\build\t0m_int8_probe.exe" --D 512 --S 8 --R 2 --mode repeat --variant A --S-tile 8 --workers 4 --cpus 0,2,4,6 --rows-per-worker 1280,1280,1280,1280 --iterations 1 --timed-repetitions 5 --warmup 2
command[304] "D:\Install\Dev\Projects\IA\Ejercise\cpu-native-arch\build\t0m_int8_probe.exe" --D 512 --S 8 --R 2 --mode repeat --variant B --S-tile 8 --workers 4 --cpus 0,2,4,6 --rows-per-worker 1280,1280,1280,1280 --iterations 1 --timed-repetitions 5 --warmup 2
command[305] "D:\Install\Dev\Projects\IA\Ejercise\cpu-native-arch\build\t0m_int8_probe.exe" --D 512 --S 8 --R 4 --mode fused --variant A --S-tile 8 --workers 4 --cpus 0,2,4,6 --rows-per-worker 1280,1280,1280,1280 --iterations 1 --timed-repetitions 5 --warmup 2
command[306] "D:\Install\Dev\Projects\IA\Ejercise\cpu-native-arch\build\t0m_int8_probe.exe" --D 512 --S 8 --R 4 --mode fused --variant B --S-tile 8 --workers 4 --cpus 0,2,4,6 --rows-per-worker 1280,1280,1280,1280 --iterations 1 --timed-repetitions 5 --warmup 2
command[307] "D:\Install\Dev\Projects\IA\Ejercise\cpu-native-arch\build\t0m_int8_probe.exe" --D 512 --S 8 --R 4 --mode repeat --variant A --S-tile 8 --workers 4 --cpus 0,2,4,6 --rows-per-worker 1280,1280,1280,1280 --iterations 1 --timed-repetitions 5 --warmup 2
command[308] "D:\Install\Dev\Projects\IA\Ejercise\cpu-native-arch\build\t0m_int8_probe.exe" --D 512 --S 8 --R 4 --mode repeat --variant B --S-tile 8 --workers 4 --cpus 0,2,4,6 --rows-per-worker 1280,1280,1280,1280 --iterations 1 --timed-repetitions 5 --warmup 2
command[309] "D:\Install\Dev\Projects\IA\Ejercise\cpu-native-arch\build\t0m_int8_probe.exe" --D 512 --S 8 --R 8 --mode fused --variant A --S-tile 8 --workers 4 --cpus 0,2,4,6 --rows-per-worker 1280,1280,1280,1280 --iterations 1 --timed-repetitions 5 --warmup 2
command[310] "D:\Install\Dev\Projects\IA\Ejercise\cpu-native-arch\build\t0m_int8_probe.exe" --D 512 --S 8 --R 8 --mode fused --variant B --S-tile 8 --workers 4 --cpus 0,2,4,6 --rows-per-worker 1280,1280,1280,1280 --iterations 1 --timed-repetitions 5 --warmup 2
command[311] "D:\Install\Dev\Projects\IA\Ejercise\cpu-native-arch\build\t0m_int8_probe.exe" --D 512 --S 8 --R 8 --mode repeat --variant A --S-tile 8 --workers 4 --cpus 0,2,4,6 --rows-per-worker 1280,1280,1280,1280 --iterations 1 --timed-repetitions 5 --warmup 2
command[312] "D:\Install\Dev\Projects\IA\Ejercise\cpu-native-arch\build\t0m_int8_probe.exe" --D 512 --S 8 --R 8 --mode repeat --variant B --S-tile 8 --workers 4 --cpus 0,2,4,6 --rows-per-worker 1280,1280,1280,1280 --iterations 1 --timed-repetitions 5 --warmup 2
command[313] "D:\Install\Dev\Projects\IA\Ejercise\cpu-native-arch\build\t0m_int8_probe.exe" --D 512 --S 8 --R 16 --mode fused --variant A --S-tile 8 --workers 4 --cpus 0,2,4,6 --rows-per-worker 1280,1280,1280,1280 --iterations 1 --timed-repetitions 5 --warmup 2
command[314] "D:\Install\Dev\Projects\IA\Ejercise\cpu-native-arch\build\t0m_int8_probe.exe" --D 512 --S 8 --R 16 --mode fused --variant B --S-tile 8 --workers 4 --cpus 0,2,4,6 --rows-per-worker 1280,1280,1280,1280 --iterations 1 --timed-repetitions 5 --warmup 2
command[315] "D:\Install\Dev\Projects\IA\Ejercise\cpu-native-arch\build\t0m_int8_probe.exe" --D 512 --S 8 --R 16 --mode repeat --variant A --S-tile 8 --workers 4 --cpus 0,2,4,6 --rows-per-worker 1280,1280,1280,1280 --iterations 1 --timed-repetitions 5 --warmup 2
command[316] "D:\Install\Dev\Projects\IA\Ejercise\cpu-native-arch\build\t0m_int8_probe.exe" --D 512 --S 8 --R 16 --mode repeat --variant B --S-tile 8 --workers 4 --cpus 0,2,4,6 --rows-per-worker 1280,1280,1280,1280 --iterations 1 --timed-repetitions 5 --warmup 2
command[317] "D:\Install\Dev\Projects\IA\Ejercise\cpu-native-arch\build\t0m_int8_probe.exe" --D 512 --S 16 --R 1 --mode fused --variant A --S-tile 8 --workers 4 --cpus 0,2,4,6 --rows-per-worker 1280,1280,1280,1280 --iterations 1 --timed-repetitions 5 --warmup 2
command[318] "D:\Install\Dev\Projects\IA\Ejercise\cpu-native-arch\build\t0m_int8_probe.exe" --D 512 --S 16 --R 1 --mode fused --variant B --S-tile 8 --workers 4 --cpus 0,2,4,6 --rows-per-worker 1280,1280,1280,1280 --iterations 1 --timed-repetitions 5 --warmup 2
command[319] "D:\Install\Dev\Projects\IA\Ejercise\cpu-native-arch\build\t0m_int8_probe.exe" --D 512 --S 16 --R 1 --mode repeat --variant A --S-tile 8 --workers 4 --cpus 0,2,4,6 --rows-per-worker 1280,1280,1280,1280 --iterations 1 --timed-repetitions 5 --warmup 2
command[320] "D:\Install\Dev\Projects\IA\Ejercise\cpu-native-arch\build\t0m_int8_probe.exe" --D 512 --S 16 --R 1 --mode repeat --variant B --S-tile 8 --workers 4 --cpus 0,2,4,6 --rows-per-worker 1280,1280,1280,1280 --iterations 1 --timed-repetitions 5 --warmup 2
command[321] "D:\Install\Dev\Projects\IA\Ejercise\cpu-native-arch\build\t0m_int8_probe.exe" --D 512 --S 16 --R 2 --mode fused --variant A --S-tile 8 --workers 4 --cpus 0,2,4,6 --rows-per-worker 1280,1280,1280,1280 --iterations 1 --timed-repetitions 5 --warmup 2
command[322] "D:\Install\Dev\Projects\IA\Ejercise\cpu-native-arch\build\t0m_int8_probe.exe" --D 512 --S 16 --R 2 --mode fused --variant B --S-tile 8 --workers 4 --cpus 0,2,4,6 --rows-per-worker 1280,1280,1280,1280 --iterations 1 --timed-repetitions 5 --warmup 2
command[323] "D:\Install\Dev\Projects\IA\Ejercise\cpu-native-arch\build\t0m_int8_probe.exe" --D 512 --S 16 --R 2 --mode repeat --variant A --S-tile 8 --workers 4 --cpus 0,2,4,6 --rows-per-worker 1280,1280,1280,1280 --iterations 1 --timed-repetitions 5 --warmup 2
command[324] "D:\Install\Dev\Projects\IA\Ejercise\cpu-native-arch\build\t0m_int8_probe.exe" --D 512 --S 16 --R 2 --mode repeat --variant B --S-tile 8 --workers 4 --cpus 0,2,4,6 --rows-per-worker 1280,1280,1280,1280 --iterations 1 --timed-repetitions 5 --warmup 2
command[325] "D:\Install\Dev\Projects\IA\Ejercise\cpu-native-arch\build\t0m_int8_probe.exe" --D 512 --S 16 --R 4 --mode fused --variant A --S-tile 8 --workers 4 --cpus 0,2,4,6 --rows-per-worker 1280,1280,1280,1280 --iterations 1 --timed-repetitions 5 --warmup 2
command[326] "D:\Install\Dev\Projects\IA\Ejercise\cpu-native-arch\build\t0m_int8_probe.exe" --D 512 --S 16 --R 4 --mode fused --variant B --S-tile 8 --workers 4 --cpus 0,2,4,6 --rows-per-worker 1280,1280,1280,1280 --iterations 1 --timed-repetitions 5 --warmup 2
command[327] "D:\Install\Dev\Projects\IA\Ejercise\cpu-native-arch\build\t0m_int8_probe.exe" --D 512 --S 16 --R 4 --mode repeat --variant A --S-tile 8 --workers 4 --cpus 0,2,4,6 --rows-per-worker 1280,1280,1280,1280 --iterations 1 --timed-repetitions 5 --warmup 2
command[328] "D:\Install\Dev\Projects\IA\Ejercise\cpu-native-arch\build\t0m_int8_probe.exe" --D 512 --S 16 --R 4 --mode repeat --variant B --S-tile 8 --workers 4 --cpus 0,2,4,6 --rows-per-worker 1280,1280,1280,1280 --iterations 1 --timed-repetitions 5 --warmup 2
command[329] "D:\Install\Dev\Projects\IA\Ejercise\cpu-native-arch\build\t0m_int8_probe.exe" --D 512 --S 16 --R 8 --mode fused --variant A --S-tile 8 --workers 4 --cpus 0,2,4,6 --rows-per-worker 1280,1280,1280,1280 --iterations 1 --timed-repetitions 5 --warmup 2
command[330] "D:\Install\Dev\Projects\IA\Ejercise\cpu-native-arch\build\t0m_int8_probe.exe" --D 512 --S 16 --R 8 --mode fused --variant B --S-tile 8 --workers 4 --cpus 0,2,4,6 --rows-per-worker 1280,1280,1280,1280 --iterations 1 --timed-repetitions 5 --warmup 2
command[331] "D:\Install\Dev\Projects\IA\Ejercise\cpu-native-arch\build\t0m_int8_probe.exe" --D 512 --S 16 --R 8 --mode repeat --variant A --S-tile 8 --workers 4 --cpus 0,2,4,6 --rows-per-worker 1280,1280,1280,1280 --iterations 1 --timed-repetitions 5 --warmup 2
command[332] "D:\Install\Dev\Projects\IA\Ejercise\cpu-native-arch\build\t0m_int8_probe.exe" --D 512 --S 16 --R 8 --mode repeat --variant B --S-tile 8 --workers 4 --cpus 0,2,4,6 --rows-per-worker 1280,1280,1280,1280 --iterations 1 --timed-repetitions 5 --warmup 2
command[333] "D:\Install\Dev\Projects\IA\Ejercise\cpu-native-arch\build\t0m_int8_probe.exe" --D 512 --S 16 --R 16 --mode fused --variant A --S-tile 8 --workers 4 --cpus 0,2,4,6 --rows-per-worker 1280,1280,1280,1280 --iterations 1 --timed-repetitions 5 --warmup 2
command[334] "D:\Install\Dev\Projects\IA\Ejercise\cpu-native-arch\build\t0m_int8_probe.exe" --D 512 --S 16 --R 16 --mode fused --variant B --S-tile 8 --workers 4 --cpus 0,2,4,6 --rows-per-worker 1280,1280,1280,1280 --iterations 1 --timed-repetitions 5 --warmup 2
command[335] "D:\Install\Dev\Projects\IA\Ejercise\cpu-native-arch\build\t0m_int8_probe.exe" --D 512 --S 16 --R 16 --mode repeat --variant A --S-tile 8 --workers 4 --cpus 0,2,4,6 --rows-per-worker 1280,1280,1280,1280 --iterations 1 --timed-repetitions 5 --warmup 2
command[336] "D:\Install\Dev\Projects\IA\Ejercise\cpu-native-arch\build\t0m_int8_probe.exe" --D 512 --S 16 --R 16 --mode repeat --variant B --S-tile 8 --workers 4 --cpus 0,2,4,6 --rows-per-worker 1280,1280,1280,1280 --iterations 1 --timed-repetitions 5 --warmup 2
command[337] "D:\Install\Dev\Projects\IA\Ejercise\cpu-native-arch\build\t0m_int8_probe.exe" --D 512 --S 1 --R 1 --mode fused --variant A --S-tile 8 --workers 4 --cpus 0,2,4,6 --rows-per-worker 1536,1536,1536,1536 --iterations 1 --timed-repetitions 5 --warmup 2
command[338] "D:\Install\Dev\Projects\IA\Ejercise\cpu-native-arch\build\t0m_int8_probe.exe" --D 512 --S 1 --R 1 --mode fused --variant B --S-tile 8 --workers 4 --cpus 0,2,4,6 --rows-per-worker 1536,1536,1536,1536 --iterations 1 --timed-repetitions 5 --warmup 2
command[339] "D:\Install\Dev\Projects\IA\Ejercise\cpu-native-arch\build\t0m_int8_probe.exe" --D 512 --S 1 --R 1 --mode repeat --variant A --S-tile 8 --workers 4 --cpus 0,2,4,6 --rows-per-worker 1536,1536,1536,1536 --iterations 1 --timed-repetitions 5 --warmup 2
command[340] "D:\Install\Dev\Projects\IA\Ejercise\cpu-native-arch\build\t0m_int8_probe.exe" --D 512 --S 1 --R 1 --mode repeat --variant B --S-tile 8 --workers 4 --cpus 0,2,4,6 --rows-per-worker 1536,1536,1536,1536 --iterations 1 --timed-repetitions 5 --warmup 2
command[341] "D:\Install\Dev\Projects\IA\Ejercise\cpu-native-arch\build\t0m_int8_probe.exe" --D 512 --S 1 --R 2 --mode fused --variant A --S-tile 8 --workers 4 --cpus 0,2,4,6 --rows-per-worker 1536,1536,1536,1536 --iterations 1 --timed-repetitions 5 --warmup 2
command[342] "D:\Install\Dev\Projects\IA\Ejercise\cpu-native-arch\build\t0m_int8_probe.exe" --D 512 --S 1 --R 2 --mode fused --variant B --S-tile 8 --workers 4 --cpus 0,2,4,6 --rows-per-worker 1536,1536,1536,1536 --iterations 1 --timed-repetitions 5 --warmup 2
command[343] "D:\Install\Dev\Projects\IA\Ejercise\cpu-native-arch\build\t0m_int8_probe.exe" --D 512 --S 1 --R 2 --mode repeat --variant A --S-tile 8 --workers 4 --cpus 0,2,4,6 --rows-per-worker 1536,1536,1536,1536 --iterations 1 --timed-repetitions 5 --warmup 2
command[344] "D:\Install\Dev\Projects\IA\Ejercise\cpu-native-arch\build\t0m_int8_probe.exe" --D 512 --S 1 --R 2 --mode repeat --variant B --S-tile 8 --workers 4 --cpus 0,2,4,6 --rows-per-worker 1536,1536,1536,1536 --iterations 1 --timed-repetitions 5 --warmup 2
command[345] "D:\Install\Dev\Projects\IA\Ejercise\cpu-native-arch\build\t0m_int8_probe.exe" --D 512 --S 1 --R 4 --mode fused --variant A --S-tile 8 --workers 4 --cpus 0,2,4,6 --rows-per-worker 1536,1536,1536,1536 --iterations 1 --timed-repetitions 5 --warmup 2
command[346] "D:\Install\Dev\Projects\IA\Ejercise\cpu-native-arch\build\t0m_int8_probe.exe" --D 512 --S 1 --R 4 --mode fused --variant B --S-tile 8 --workers 4 --cpus 0,2,4,6 --rows-per-worker 1536,1536,1536,1536 --iterations 1 --timed-repetitions 5 --warmup 2
command[347] "D:\Install\Dev\Projects\IA\Ejercise\cpu-native-arch\build\t0m_int8_probe.exe" --D 512 --S 1 --R 4 --mode repeat --variant A --S-tile 8 --workers 4 --cpus 0,2,4,6 --rows-per-worker 1536,1536,1536,1536 --iterations 1 --timed-repetitions 5 --warmup 2
command[348] "D:\Install\Dev\Projects\IA\Ejercise\cpu-native-arch\build\t0m_int8_probe.exe" --D 512 --S 1 --R 4 --mode repeat --variant B --S-tile 8 --workers 4 --cpus 0,2,4,6 --rows-per-worker 1536,1536,1536,1536 --iterations 1 --timed-repetitions 5 --warmup 2
command[349] "D:\Install\Dev\Projects\IA\Ejercise\cpu-native-arch\build\t0m_int8_probe.exe" --D 512 --S 1 --R 8 --mode fused --variant A --S-tile 8 --workers 4 --cpus 0,2,4,6 --rows-per-worker 1536,1536,1536,1536 --iterations 1 --timed-repetitions 5 --warmup 2
command[350] "D:\Install\Dev\Projects\IA\Ejercise\cpu-native-arch\build\t0m_int8_probe.exe" --D 512 --S 1 --R 8 --mode fused --variant B --S-tile 8 --workers 4 --cpus 0,2,4,6 --rows-per-worker 1536,1536,1536,1536 --iterations 1 --timed-repetitions 5 --warmup 2
command[351] "D:\Install\Dev\Projects\IA\Ejercise\cpu-native-arch\build\t0m_int8_probe.exe" --D 512 --S 1 --R 8 --mode repeat --variant A --S-tile 8 --workers 4 --cpus 0,2,4,6 --rows-per-worker 1536,1536,1536,1536 --iterations 1 --timed-repetitions 5 --warmup 2
command[352] "D:\Install\Dev\Projects\IA\Ejercise\cpu-native-arch\build\t0m_int8_probe.exe" --D 512 --S 1 --R 8 --mode repeat --variant B --S-tile 8 --workers 4 --cpus 0,2,4,6 --rows-per-worker 1536,1536,1536,1536 --iterations 1 --timed-repetitions 5 --warmup 2
command[353] "D:\Install\Dev\Projects\IA\Ejercise\cpu-native-arch\build\t0m_int8_probe.exe" --D 512 --S 1 --R 16 --mode fused --variant A --S-tile 8 --workers 4 --cpus 0,2,4,6 --rows-per-worker 1536,1536,1536,1536 --iterations 1 --timed-repetitions 5 --warmup 2
command[354] "D:\Install\Dev\Projects\IA\Ejercise\cpu-native-arch\build\t0m_int8_probe.exe" --D 512 --S 1 --R 16 --mode fused --variant B --S-tile 8 --workers 4 --cpus 0,2,4,6 --rows-per-worker 1536,1536,1536,1536 --iterations 1 --timed-repetitions 5 --warmup 2
command[355] "D:\Install\Dev\Projects\IA\Ejercise\cpu-native-arch\build\t0m_int8_probe.exe" --D 512 --S 1 --R 16 --mode repeat --variant A --S-tile 8 --workers 4 --cpus 0,2,4,6 --rows-per-worker 1536,1536,1536,1536 --iterations 1 --timed-repetitions 5 --warmup 2
command[356] "D:\Install\Dev\Projects\IA\Ejercise\cpu-native-arch\build\t0m_int8_probe.exe" --D 512 --S 1 --R 16 --mode repeat --variant B --S-tile 8 --workers 4 --cpus 0,2,4,6 --rows-per-worker 1536,1536,1536,1536 --iterations 1 --timed-repetitions 5 --warmup 2
command[357] "D:\Install\Dev\Projects\IA\Ejercise\cpu-native-arch\build\t0m_int8_probe.exe" --D 512 --S 2 --R 1 --mode fused --variant A --S-tile 8 --workers 4 --cpus 0,2,4,6 --rows-per-worker 1536,1536,1536,1536 --iterations 1 --timed-repetitions 5 --warmup 2
command[358] "D:\Install\Dev\Projects\IA\Ejercise\cpu-native-arch\build\t0m_int8_probe.exe" --D 512 --S 2 --R 1 --mode fused --variant B --S-tile 8 --workers 4 --cpus 0,2,4,6 --rows-per-worker 1536,1536,1536,1536 --iterations 1 --timed-repetitions 5 --warmup 2
command[359] "D:\Install\Dev\Projects\IA\Ejercise\cpu-native-arch\build\t0m_int8_probe.exe" --D 512 --S 2 --R 1 --mode repeat --variant A --S-tile 8 --workers 4 --cpus 0,2,4,6 --rows-per-worker 1536,1536,1536,1536 --iterations 1 --timed-repetitions 5 --warmup 2
command[360] "D:\Install\Dev\Projects\IA\Ejercise\cpu-native-arch\build\t0m_int8_probe.exe" --D 512 --S 2 --R 1 --mode repeat --variant B --S-tile 8 --workers 4 --cpus 0,2,4,6 --rows-per-worker 1536,1536,1536,1536 --iterations 1 --timed-repetitions 5 --warmup 2
command[361] "D:\Install\Dev\Projects\IA\Ejercise\cpu-native-arch\build\t0m_int8_probe.exe" --D 512 --S 2 --R 2 --mode fused --variant A --S-tile 8 --workers 4 --cpus 0,2,4,6 --rows-per-worker 1536,1536,1536,1536 --iterations 1 --timed-repetitions 5 --warmup 2
command[362] "D:\Install\Dev\Projects\IA\Ejercise\cpu-native-arch\build\t0m_int8_probe.exe" --D 512 --S 2 --R 2 --mode fused --variant B --S-tile 8 --workers 4 --cpus 0,2,4,6 --rows-per-worker 1536,1536,1536,1536 --iterations 1 --timed-repetitions 5 --warmup 2
command[363] "D:\Install\Dev\Projects\IA\Ejercise\cpu-native-arch\build\t0m_int8_probe.exe" --D 512 --S 2 --R 2 --mode repeat --variant A --S-tile 8 --workers 4 --cpus 0,2,4,6 --rows-per-worker 1536,1536,1536,1536 --iterations 1 --timed-repetitions 5 --warmup 2
command[364] "D:\Install\Dev\Projects\IA\Ejercise\cpu-native-arch\build\t0m_int8_probe.exe" --D 512 --S 2 --R 2 --mode repeat --variant B --S-tile 8 --workers 4 --cpus 0,2,4,6 --rows-per-worker 1536,1536,1536,1536 --iterations 1 --timed-repetitions 5 --warmup 2
command[365] "D:\Install\Dev\Projects\IA\Ejercise\cpu-native-arch\build\t0m_int8_probe.exe" --D 512 --S 2 --R 4 --mode fused --variant A --S-tile 8 --workers 4 --cpus 0,2,4,6 --rows-per-worker 1536,1536,1536,1536 --iterations 1 --timed-repetitions 5 --warmup 2
command[366] "D:\Install\Dev\Projects\IA\Ejercise\cpu-native-arch\build\t0m_int8_probe.exe" --D 512 --S 2 --R 4 --mode fused --variant B --S-tile 8 --workers 4 --cpus 0,2,4,6 --rows-per-worker 1536,1536,1536,1536 --iterations 1 --timed-repetitions 5 --warmup 2
command[367] "D:\Install\Dev\Projects\IA\Ejercise\cpu-native-arch\build\t0m_int8_probe.exe" --D 512 --S 2 --R 4 --mode repeat --variant A --S-tile 8 --workers 4 --cpus 0,2,4,6 --rows-per-worker 1536,1536,1536,1536 --iterations 1 --timed-repetitions 5 --warmup 2
command[368] "D:\Install\Dev\Projects\IA\Ejercise\cpu-native-arch\build\t0m_int8_probe.exe" --D 512 --S 2 --R 4 --mode repeat --variant B --S-tile 8 --workers 4 --cpus 0,2,4,6 --rows-per-worker 1536,1536,1536,1536 --iterations 1 --timed-repetitions 5 --warmup 2
command[369] "D:\Install\Dev\Projects\IA\Ejercise\cpu-native-arch\build\t0m_int8_probe.exe" --D 512 --S 2 --R 8 --mode fused --variant A --S-tile 8 --workers 4 --cpus 0,2,4,6 --rows-per-worker 1536,1536,1536,1536 --iterations 1 --timed-repetitions 5 --warmup 2
command[370] "D:\Install\Dev\Projects\IA\Ejercise\cpu-native-arch\build\t0m_int8_probe.exe" --D 512 --S 2 --R 8 --mode fused --variant B --S-tile 8 --workers 4 --cpus 0,2,4,6 --rows-per-worker 1536,1536,1536,1536 --iterations 1 --timed-repetitions 5 --warmup 2
command[371] "D:\Install\Dev\Projects\IA\Ejercise\cpu-native-arch\build\t0m_int8_probe.exe" --D 512 --S 2 --R 8 --mode repeat --variant A --S-tile 8 --workers 4 --cpus 0,2,4,6 --rows-per-worker 1536,1536,1536,1536 --iterations 1 --timed-repetitions 5 --warmup 2
command[372] "D:\Install\Dev\Projects\IA\Ejercise\cpu-native-arch\build\t0m_int8_probe.exe" --D 512 --S 2 --R 8 --mode repeat --variant B --S-tile 8 --workers 4 --cpus 0,2,4,6 --rows-per-worker 1536,1536,1536,1536 --iterations 1 --timed-repetitions 5 --warmup 2
command[373] "D:\Install\Dev\Projects\IA\Ejercise\cpu-native-arch\build\t0m_int8_probe.exe" --D 512 --S 2 --R 16 --mode fused --variant A --S-tile 8 --workers 4 --cpus 0,2,4,6 --rows-per-worker 1536,1536,1536,1536 --iterations 1 --timed-repetitions 5 --warmup 2
command[374] "D:\Install\Dev\Projects\IA\Ejercise\cpu-native-arch\build\t0m_int8_probe.exe" --D 512 --S 2 --R 16 --mode fused --variant B --S-tile 8 --workers 4 --cpus 0,2,4,6 --rows-per-worker 1536,1536,1536,1536 --iterations 1 --timed-repetitions 5 --warmup 2
command[375] "D:\Install\Dev\Projects\IA\Ejercise\cpu-native-arch\build\t0m_int8_probe.exe" --D 512 --S 2 --R 16 --mode repeat --variant A --S-tile 8 --workers 4 --cpus 0,2,4,6 --rows-per-worker 1536,1536,1536,1536 --iterations 1 --timed-repetitions 5 --warmup 2
command[376] "D:\Install\Dev\Projects\IA\Ejercise\cpu-native-arch\build\t0m_int8_probe.exe" --D 512 --S 2 --R 16 --mode repeat --variant B --S-tile 8 --workers 4 --cpus 0,2,4,6 --rows-per-worker 1536,1536,1536,1536 --iterations 1 --timed-repetitions 5 --warmup 2
command[377] "D:\Install\Dev\Projects\IA\Ejercise\cpu-native-arch\build\t0m_int8_probe.exe" --D 512 --S 4 --R 1 --mode fused --variant A --S-tile 8 --workers 4 --cpus 0,2,4,6 --rows-per-worker 1536,1536,1536,1536 --iterations 1 --timed-repetitions 5 --warmup 2
command[378] "D:\Install\Dev\Projects\IA\Ejercise\cpu-native-arch\build\t0m_int8_probe.exe" --D 512 --S 4 --R 1 --mode fused --variant B --S-tile 8 --workers 4 --cpus 0,2,4,6 --rows-per-worker 1536,1536,1536,1536 --iterations 1 --timed-repetitions 5 --warmup 2
command[379] "D:\Install\Dev\Projects\IA\Ejercise\cpu-native-arch\build\t0m_int8_probe.exe" --D 512 --S 4 --R 1 --mode repeat --variant A --S-tile 8 --workers 4 --cpus 0,2,4,6 --rows-per-worker 1536,1536,1536,1536 --iterations 1 --timed-repetitions 5 --warmup 2
command[380] "D:\Install\Dev\Projects\IA\Ejercise\cpu-native-arch\build\t0m_int8_probe.exe" --D 512 --S 4 --R 1 --mode repeat --variant B --S-tile 8 --workers 4 --cpus 0,2,4,6 --rows-per-worker 1536,1536,1536,1536 --iterations 1 --timed-repetitions 5 --warmup 2
command[381] "D:\Install\Dev\Projects\IA\Ejercise\cpu-native-arch\build\t0m_int8_probe.exe" --D 512 --S 4 --R 2 --mode fused --variant A --S-tile 8 --workers 4 --cpus 0,2,4,6 --rows-per-worker 1536,1536,1536,1536 --iterations 1 --timed-repetitions 5 --warmup 2
command[382] "D:\Install\Dev\Projects\IA\Ejercise\cpu-native-arch\build\t0m_int8_probe.exe" --D 512 --S 4 --R 2 --mode fused --variant B --S-tile 8 --workers 4 --cpus 0,2,4,6 --rows-per-worker 1536,1536,1536,1536 --iterations 1 --timed-repetitions 5 --warmup 2
command[383] "D:\Install\Dev\Projects\IA\Ejercise\cpu-native-arch\build\t0m_int8_probe.exe" --D 512 --S 4 --R 2 --mode repeat --variant A --S-tile 8 --workers 4 --cpus 0,2,4,6 --rows-per-worker 1536,1536,1536,1536 --iterations 1 --timed-repetitions 5 --warmup 2
command[384] "D:\Install\Dev\Projects\IA\Ejercise\cpu-native-arch\build\t0m_int8_probe.exe" --D 512 --S 4 --R 2 --mode repeat --variant B --S-tile 8 --workers 4 --cpus 0,2,4,6 --rows-per-worker 1536,1536,1536,1536 --iterations 1 --timed-repetitions 5 --warmup 2
command[385] "D:\Install\Dev\Projects\IA\Ejercise\cpu-native-arch\build\t0m_int8_probe.exe" --D 512 --S 4 --R 4 --mode fused --variant A --S-tile 8 --workers 4 --cpus 0,2,4,6 --rows-per-worker 1536,1536,1536,1536 --iterations 1 --timed-repetitions 5 --warmup 2
command[386] "D:\Install\Dev\Projects\IA\Ejercise\cpu-native-arch\build\t0m_int8_probe.exe" --D 512 --S 4 --R 4 --mode fused --variant B --S-tile 8 --workers 4 --cpus 0,2,4,6 --rows-per-worker 1536,1536,1536,1536 --iterations 1 --timed-repetitions 5 --warmup 2
command[387] "D:\Install\Dev\Projects\IA\Ejercise\cpu-native-arch\build\t0m_int8_probe.exe" --D 512 --S 4 --R 4 --mode repeat --variant A --S-tile 8 --workers 4 --cpus 0,2,4,6 --rows-per-worker 1536,1536,1536,1536 --iterations 1 --timed-repetitions 5 --warmup 2
command[388] "D:\Install\Dev\Projects\IA\Ejercise\cpu-native-arch\build\t0m_int8_probe.exe" --D 512 --S 4 --R 4 --mode repeat --variant B --S-tile 8 --workers 4 --cpus 0,2,4,6 --rows-per-worker 1536,1536,1536,1536 --iterations 1 --timed-repetitions 5 --warmup 2
command[389] "D:\Install\Dev\Projects\IA\Ejercise\cpu-native-arch\build\t0m_int8_probe.exe" --D 512 --S 4 --R 8 --mode fused --variant A --S-tile 8 --workers 4 --cpus 0,2,4,6 --rows-per-worker 1536,1536,1536,1536 --iterations 1 --timed-repetitions 5 --warmup 2
command[390] "D:\Install\Dev\Projects\IA\Ejercise\cpu-native-arch\build\t0m_int8_probe.exe" --D 512 --S 4 --R 8 --mode fused --variant B --S-tile 8 --workers 4 --cpus 0,2,4,6 --rows-per-worker 1536,1536,1536,1536 --iterations 1 --timed-repetitions 5 --warmup 2
command[391] "D:\Install\Dev\Projects\IA\Ejercise\cpu-native-arch\build\t0m_int8_probe.exe" --D 512 --S 4 --R 8 --mode repeat --variant A --S-tile 8 --workers 4 --cpus 0,2,4,6 --rows-per-worker 1536,1536,1536,1536 --iterations 1 --timed-repetitions 5 --warmup 2
command[392] "D:\Install\Dev\Projects\IA\Ejercise\cpu-native-arch\build\t0m_int8_probe.exe" --D 512 --S 4 --R 8 --mode repeat --variant B --S-tile 8 --workers 4 --cpus 0,2,4,6 --rows-per-worker 1536,1536,1536,1536 --iterations 1 --timed-repetitions 5 --warmup 2
command[393] "D:\Install\Dev\Projects\IA\Ejercise\cpu-native-arch\build\t0m_int8_probe.exe" --D 512 --S 4 --R 16 --mode fused --variant A --S-tile 8 --workers 4 --cpus 0,2,4,6 --rows-per-worker 1536,1536,1536,1536 --iterations 1 --timed-repetitions 5 --warmup 2
command[394] "D:\Install\Dev\Projects\IA\Ejercise\cpu-native-arch\build\t0m_int8_probe.exe" --D 512 --S 4 --R 16 --mode fused --variant B --S-tile 8 --workers 4 --cpus 0,2,4,6 --rows-per-worker 1536,1536,1536,1536 --iterations 1 --timed-repetitions 5 --warmup 2
command[395] "D:\Install\Dev\Projects\IA\Ejercise\cpu-native-arch\build\t0m_int8_probe.exe" --D 512 --S 4 --R 16 --mode repeat --variant A --S-tile 8 --workers 4 --cpus 0,2,4,6 --rows-per-worker 1536,1536,1536,1536 --iterations 1 --timed-repetitions 5 --warmup 2
command[396] "D:\Install\Dev\Projects\IA\Ejercise\cpu-native-arch\build\t0m_int8_probe.exe" --D 512 --S 4 --R 16 --mode repeat --variant B --S-tile 8 --workers 4 --cpus 0,2,4,6 --rows-per-worker 1536,1536,1536,1536 --iterations 1 --timed-repetitions 5 --warmup 2
command[397] "D:\Install\Dev\Projects\IA\Ejercise\cpu-native-arch\build\t0m_int8_probe.exe" --D 512 --S 8 --R 1 --mode fused --variant A --S-tile 8 --workers 4 --cpus 0,2,4,6 --rows-per-worker 1536,1536,1536,1536 --iterations 1 --timed-repetitions 5 --warmup 2
command[398] "D:\Install\Dev\Projects\IA\Ejercise\cpu-native-arch\build\t0m_int8_probe.exe" --D 512 --S 8 --R 1 --mode fused --variant B --S-tile 8 --workers 4 --cpus 0,2,4,6 --rows-per-worker 1536,1536,1536,1536 --iterations 1 --timed-repetitions 5 --warmup 2
command[399] "D:\Install\Dev\Projects\IA\Ejercise\cpu-native-arch\build\t0m_int8_probe.exe" --D 512 --S 8 --R 1 --mode repeat --variant A --S-tile 8 --workers 4 --cpus 0,2,4,6 --rows-per-worker 1536,1536,1536,1536 --iterations 1 --timed-repetitions 5 --warmup 2
command[400] "D:\Install\Dev\Projects\IA\Ejercise\cpu-native-arch\build\t0m_int8_probe.exe" --D 512 --S 8 --R 1 --mode repeat --variant B --S-tile 8 --workers 4 --cpus 0,2,4,6 --rows-per-worker 1536,1536,1536,1536 --iterations 1 --timed-repetitions 5 --warmup 2
command[401] "D:\Install\Dev\Projects\IA\Ejercise\cpu-native-arch\build\t0m_int8_probe.exe" --D 512 --S 8 --R 2 --mode fused --variant A --S-tile 8 --workers 4 --cpus 0,2,4,6 --rows-per-worker 1536,1536,1536,1536 --iterations 1 --timed-repetitions 5 --warmup 2
command[402] "D:\Install\Dev\Projects\IA\Ejercise\cpu-native-arch\build\t0m_int8_probe.exe" --D 512 --S 8 --R 2 --mode fused --variant B --S-tile 8 --workers 4 --cpus 0,2,4,6 --rows-per-worker 1536,1536,1536,1536 --iterations 1 --timed-repetitions 5 --warmup 2
command[403] "D:\Install\Dev\Projects\IA\Ejercise\cpu-native-arch\build\t0m_int8_probe.exe" --D 512 --S 8 --R 2 --mode repeat --variant A --S-tile 8 --workers 4 --cpus 0,2,4,6 --rows-per-worker 1536,1536,1536,1536 --iterations 1 --timed-repetitions 5 --warmup 2
command[404] "D:\Install\Dev\Projects\IA\Ejercise\cpu-native-arch\build\t0m_int8_probe.exe" --D 512 --S 8 --R 2 --mode repeat --variant B --S-tile 8 --workers 4 --cpus 0,2,4,6 --rows-per-worker 1536,1536,1536,1536 --iterations 1 --timed-repetitions 5 --warmup 2
command[405] "D:\Install\Dev\Projects\IA\Ejercise\cpu-native-arch\build\t0m_int8_probe.exe" --D 512 --S 8 --R 4 --mode fused --variant A --S-tile 8 --workers 4 --cpus 0,2,4,6 --rows-per-worker 1536,1536,1536,1536 --iterations 1 --timed-repetitions 5 --warmup 2
command[406] "D:\Install\Dev\Projects\IA\Ejercise\cpu-native-arch\build\t0m_int8_probe.exe" --D 512 --S 8 --R 4 --mode fused --variant B --S-tile 8 --workers 4 --cpus 0,2,4,6 --rows-per-worker 1536,1536,1536,1536 --iterations 1 --timed-repetitions 5 --warmup 2
command[407] "D:\Install\Dev\Projects\IA\Ejercise\cpu-native-arch\build\t0m_int8_probe.exe" --D 512 --S 8 --R 4 --mode repeat --variant A --S-tile 8 --workers 4 --cpus 0,2,4,6 --rows-per-worker 1536,1536,1536,1536 --iterations 1 --timed-repetitions 5 --warmup 2
command[408] "D:\Install\Dev\Projects\IA\Ejercise\cpu-native-arch\build\t0m_int8_probe.exe" --D 512 --S 8 --R 4 --mode repeat --variant B --S-tile 8 --workers 4 --cpus 0,2,4,6 --rows-per-worker 1536,1536,1536,1536 --iterations 1 --timed-repetitions 5 --warmup 2
command[409] "D:\Install\Dev\Projects\IA\Ejercise\cpu-native-arch\build\t0m_int8_probe.exe" --D 512 --S 8 --R 8 --mode fused --variant A --S-tile 8 --workers 4 --cpus 0,2,4,6 --rows-per-worker 1536,1536,1536,1536 --iterations 1 --timed-repetitions 5 --warmup 2
command[410] "D:\Install\Dev\Projects\IA\Ejercise\cpu-native-arch\build\t0m_int8_probe.exe" --D 512 --S 8 --R 8 --mode fused --variant B --S-tile 8 --workers 4 --cpus 0,2,4,6 --rows-per-worker 1536,1536,1536,1536 --iterations 1 --timed-repetitions 5 --warmup 2
command[411] "D:\Install\Dev\Projects\IA\Ejercise\cpu-native-arch\build\t0m_int8_probe.exe" --D 512 --S 8 --R 8 --mode repeat --variant A --S-tile 8 --workers 4 --cpus 0,2,4,6 --rows-per-worker 1536,1536,1536,1536 --iterations 1 --timed-repetitions 5 --warmup 2
command[412] "D:\Install\Dev\Projects\IA\Ejercise\cpu-native-arch\build\t0m_int8_probe.exe" --D 512 --S 8 --R 8 --mode repeat --variant B --S-tile 8 --workers 4 --cpus 0,2,4,6 --rows-per-worker 1536,1536,1536,1536 --iterations 1 --timed-repetitions 5 --warmup 2
command[413] "D:\Install\Dev\Projects\IA\Ejercise\cpu-native-arch\build\t0m_int8_probe.exe" --D 512 --S 8 --R 16 --mode fused --variant A --S-tile 8 --workers 4 --cpus 0,2,4,6 --rows-per-worker 1536,1536,1536,1536 --iterations 1 --timed-repetitions 5 --warmup 2
command[414] "D:\Install\Dev\Projects\IA\Ejercise\cpu-native-arch\build\t0m_int8_probe.exe" --D 512 --S 8 --R 16 --mode fused --variant B --S-tile 8 --workers 4 --cpus 0,2,4,6 --rows-per-worker 1536,1536,1536,1536 --iterations 1 --timed-repetitions 5 --warmup 2
command[415] "D:\Install\Dev\Projects\IA\Ejercise\cpu-native-arch\build\t0m_int8_probe.exe" --D 512 --S 8 --R 16 --mode repeat --variant A --S-tile 8 --workers 4 --cpus 0,2,4,6 --rows-per-worker 1536,1536,1536,1536 --iterations 1 --timed-repetitions 5 --warmup 2
command[416] "D:\Install\Dev\Projects\IA\Ejercise\cpu-native-arch\build\t0m_int8_probe.exe" --D 512 --S 8 --R 16 --mode repeat --variant B --S-tile 8 --workers 4 --cpus 0,2,4,6 --rows-per-worker 1536,1536,1536,1536 --iterations 1 --timed-repetitions 5 --warmup 2
command[417] "D:\Install\Dev\Projects\IA\Ejercise\cpu-native-arch\build\t0m_int8_probe.exe" --D 512 --S 16 --R 1 --mode fused --variant A --S-tile 8 --workers 4 --cpus 0,2,4,6 --rows-per-worker 1536,1536,1536,1536 --iterations 1 --timed-repetitions 5 --warmup 2
command[418] "D:\Install\Dev\Projects\IA\Ejercise\cpu-native-arch\build\t0m_int8_probe.exe" --D 512 --S 16 --R 1 --mode fused --variant B --S-tile 8 --workers 4 --cpus 0,2,4,6 --rows-per-worker 1536,1536,1536,1536 --iterations 1 --timed-repetitions 5 --warmup 2
command[419] "D:\Install\Dev\Projects\IA\Ejercise\cpu-native-arch\build\t0m_int8_probe.exe" --D 512 --S 16 --R 1 --mode repeat --variant A --S-tile 8 --workers 4 --cpus 0,2,4,6 --rows-per-worker 1536,1536,1536,1536 --iterations 1 --timed-repetitions 5 --warmup 2
command[420] "D:\Install\Dev\Projects\IA\Ejercise\cpu-native-arch\build\t0m_int8_probe.exe" --D 512 --S 16 --R 1 --mode repeat --variant B --S-tile 8 --workers 4 --cpus 0,2,4,6 --rows-per-worker 1536,1536,1536,1536 --iterations 1 --timed-repetitions 5 --warmup 2
command[421] "D:\Install\Dev\Projects\IA\Ejercise\cpu-native-arch\build\t0m_int8_probe.exe" --D 512 --S 16 --R 2 --mode fused --variant A --S-tile 8 --workers 4 --cpus 0,2,4,6 --rows-per-worker 1536,1536,1536,1536 --iterations 1 --timed-repetitions 5 --warmup 2
command[422] "D:\Install\Dev\Projects\IA\Ejercise\cpu-native-arch\build\t0m_int8_probe.exe" --D 512 --S 16 --R 2 --mode fused --variant B --S-tile 8 --workers 4 --cpus 0,2,4,6 --rows-per-worker 1536,1536,1536,1536 --iterations 1 --timed-repetitions 5 --warmup 2
command[423] "D:\Install\Dev\Projects\IA\Ejercise\cpu-native-arch\build\t0m_int8_probe.exe" --D 512 --S 16 --R 2 --mode repeat --variant A --S-tile 8 --workers 4 --cpus 0,2,4,6 --rows-per-worker 1536,1536,1536,1536 --iterations 1 --timed-repetitions 5 --warmup 2
command[424] "D:\Install\Dev\Projects\IA\Ejercise\cpu-native-arch\build\t0m_int8_probe.exe" --D 512 --S 16 --R 2 --mode repeat --variant B --S-tile 8 --workers 4 --cpus 0,2,4,6 --rows-per-worker 1536,1536,1536,1536 --iterations 1 --timed-repetitions 5 --warmup 2
command[425] "D:\Install\Dev\Projects\IA\Ejercise\cpu-native-arch\build\t0m_int8_probe.exe" --D 512 --S 16 --R 4 --mode fused --variant A --S-tile 8 --workers 4 --cpus 0,2,4,6 --rows-per-worker 1536,1536,1536,1536 --iterations 1 --timed-repetitions 5 --warmup 2
command[426] "D:\Install\Dev\Projects\IA\Ejercise\cpu-native-arch\build\t0m_int8_probe.exe" --D 512 --S 16 --R 4 --mode fused --variant B --S-tile 8 --workers 4 --cpus 0,2,4,6 --rows-per-worker 1536,1536,1536,1536 --iterations 1 --timed-repetitions 5 --warmup 2
command[427] "D:\Install\Dev\Projects\IA\Ejercise\cpu-native-arch\build\t0m_int8_probe.exe" --D 512 --S 16 --R 4 --mode repeat --variant A --S-tile 8 --workers 4 --cpus 0,2,4,6 --rows-per-worker 1536,1536,1536,1536 --iterations 1 --timed-repetitions 5 --warmup 2
command[428] "D:\Install\Dev\Projects\IA\Ejercise\cpu-native-arch\build\t0m_int8_probe.exe" --D 512 --S 16 --R 4 --mode repeat --variant B --S-tile 8 --workers 4 --cpus 0,2,4,6 --rows-per-worker 1536,1536,1536,1536 --iterations 1 --timed-repetitions 5 --warmup 2
command[429] "D:\Install\Dev\Projects\IA\Ejercise\cpu-native-arch\build\t0m_int8_probe.exe" --D 512 --S 16 --R 8 --mode fused --variant A --S-tile 8 --workers 4 --cpus 0,2,4,6 --rows-per-worker 1536,1536,1536,1536 --iterations 1 --timed-repetitions 5 --warmup 2
command[430] "D:\Install\Dev\Projects\IA\Ejercise\cpu-native-arch\build\t0m_int8_probe.exe" --D 512 --S 16 --R 8 --mode fused --variant B --S-tile 8 --workers 4 --cpus 0,2,4,6 --rows-per-worker 1536,1536,1536,1536 --iterations 1 --timed-repetitions 5 --warmup 2
command[431] "D:\Install\Dev\Projects\IA\Ejercise\cpu-native-arch\build\t0m_int8_probe.exe" --D 512 --S 16 --R 8 --mode repeat --variant A --S-tile 8 --workers 4 --cpus 0,2,4,6 --rows-per-worker 1536,1536,1536,1536 --iterations 1 --timed-repetitions 5 --warmup 2
command[432] "D:\Install\Dev\Projects\IA\Ejercise\cpu-native-arch\build\t0m_int8_probe.exe" --D 512 --S 16 --R 8 --mode repeat --variant B --S-tile 8 --workers 4 --cpus 0,2,4,6 --rows-per-worker 1536,1536,1536,1536 --iterations 1 --timed-repetitions 5 --warmup 2
command[433] "D:\Install\Dev\Projects\IA\Ejercise\cpu-native-arch\build\t0m_int8_probe.exe" --D 512 --S 16 --R 16 --mode fused --variant A --S-tile 8 --workers 4 --cpus 0,2,4,6 --rows-per-worker 1536,1536,1536,1536 --iterations 1 --timed-repetitions 5 --warmup 2
command[434] "D:\Install\Dev\Projects\IA\Ejercise\cpu-native-arch\build\t0m_int8_probe.exe" --D 512 --S 16 --R 16 --mode fused --variant B --S-tile 8 --workers 4 --cpus 0,2,4,6 --rows-per-worker 1536,1536,1536,1536 --iterations 1 --timed-repetitions 5 --warmup 2
command[435] "D:\Install\Dev\Projects\IA\Ejercise\cpu-native-arch\build\t0m_int8_probe.exe" --D 512 --S 16 --R 16 --mode repeat --variant A --S-tile 8 --workers 4 --cpus 0,2,4,6 --rows-per-worker 1536,1536,1536,1536 --iterations 1 --timed-repetitions 5 --warmup 2
command[436] "D:\Install\Dev\Projects\IA\Ejercise\cpu-native-arch\build\t0m_int8_probe.exe" --D 512 --S 16 --R 16 --mode repeat --variant B --S-tile 8 --workers 4 --cpus 0,2,4,6 --rows-per-worker 1536,1536,1536,1536 --iterations 1 --timed-repetitions 5 --warmup 2
command[437] "D:\Install\Dev\Projects\IA\Ejercise\cpu-native-arch\build\t0m_int8_probe.exe" --D 512 --S 1 --R 16 --mode fused --variant C --S-tile 8 --workers 4 --cpus 0,2,4,6 --rows-per-worker 1024,1024,1024,1024 --iterations 1 --timed-repetitions 5 --warmup 2
command[438] "D:\Install\Dev\Projects\IA\Ejercise\cpu-native-arch\build\t0m_int8_probe.exe" --D 512 --S 1 --R 16 --mode repeat --variant C --S-tile 8 --workers 4 --cpus 0,2,4,6 --rows-per-worker 1024,1024,1024,1024 --iterations 1 --timed-repetitions 5 --warmup 2
command[439] "D:\Install\Dev\Projects\IA\Ejercise\cpu-native-arch\build\t0m_int8_probe.exe" --D 512 --S 8 --R 16 --mode fused --variant C --S-tile 8 --workers 4 --cpus 0,2,4,6 --rows-per-worker 1024,1024,1024,1024 --iterations 1 --timed-repetitions 5 --warmup 2
command[440] "D:\Install\Dev\Projects\IA\Ejercise\cpu-native-arch\build\t0m_int8_probe.exe" --D 512 --S 8 --R 16 --mode repeat --variant C --S-tile 8 --workers 4 --cpus 0,2,4,6 --rows-per-worker 1024,1024,1024,1024 --iterations 1 --timed-repetitions 5 --warmup 2
command[441] "D:\Install\Dev\Projects\IA\Ejercise\cpu-native-arch\build\t0m_int8_probe.exe" --D 512 --S 16 --R 16 --mode fused --variant C --S-tile 8 --workers 4 --cpus 0,2,4,6 --rows-per-worker 1024,1024,1024,1024 --iterations 1 --timed-repetitions 5 --warmup 2
command[442] "D:\Install\Dev\Projects\IA\Ejercise\cpu-native-arch\build\t0m_int8_probe.exe" --D 512 --S 16 --R 16 --mode repeat --variant C --S-tile 8 --workers 4 --cpus 0,2,4,6 --rows-per-worker 1024,1024,1024,1024 --iterations 1 --timed-repetitions 5 --warmup 2
command[443] "D:\Install\Dev\Projects\IA\Ejercise\cpu-native-arch\build\t0m_int8_probe.exe" --D 512 --S 1 --R 16 --mode fused --variant C --S-tile 8 --workers 4 --cpus 0,2,4,6 --rows-per-worker 1536,1536,1536,1536 --iterations 1 --timed-repetitions 5 --warmup 2
command[444] "D:\Install\Dev\Projects\IA\Ejercise\cpu-native-arch\build\t0m_int8_probe.exe" --D 512 --S 1 --R 16 --mode repeat --variant C --S-tile 8 --workers 4 --cpus 0,2,4,6 --rows-per-worker 1536,1536,1536,1536 --iterations 1 --timed-repetitions 5 --warmup 2
command[445] "D:\Install\Dev\Projects\IA\Ejercise\cpu-native-arch\build\t0m_int8_probe.exe" --D 512 --S 8 --R 16 --mode fused --variant C --S-tile 8 --workers 4 --cpus 0,2,4,6 --rows-per-worker 1536,1536,1536,1536 --iterations 1 --timed-repetitions 5 --warmup 2
command[446] "D:\Install\Dev\Projects\IA\Ejercise\cpu-native-arch\build\t0m_int8_probe.exe" --D 512 --S 8 --R 16 --mode repeat --variant C --S-tile 8 --workers 4 --cpus 0,2,4,6 --rows-per-worker 1536,1536,1536,1536 --iterations 1 --timed-repetitions 5 --warmup 2
command[447] "D:\Install\Dev\Projects\IA\Ejercise\cpu-native-arch\build\t0m_int8_probe.exe" --D 512 --S 16 --R 16 --mode fused --variant C --S-tile 8 --workers 4 --cpus 0,2,4,6 --rows-per-worker 1536,1536,1536,1536 --iterations 1 --timed-repetitions 5 --warmup 2
command[448] "D:\Install\Dev\Projects\IA\Ejercise\cpu-native-arch\build\t0m_int8_probe.exe" --D 512 --S 16 --R 16 --mode repeat --variant C --S-tile 8 --workers 4 --cpus 0,2,4,6 --rows-per-worker 1536,1536,1536,1536 --iterations 1 --timed-repetitions 5 --warmup 2
