"campaign","campaign_repeat","invocation","D","S","R","O_i","B_i","rows_per_worker","bytes_per_worker","mode","variant","S_tile","iterations","timed_repetitions","warmup","worker_count","worker_list","affinity","affinity_error","affinity_succeeded","timed_repetitions_exact","avx2_supported","kernel_used","eviction_bytes","eviction_checksum","elapsed_seconds","mac_total","mac_per_second","checksum"
"pilot","1","1","512","8","16","1024,1024,1024,1024","524288,524288,524288,524288","1024,1024,1024,1024","524288,524288,524288,524288","fused","A","2","1","5","2","4","0,2,4,6","true,true,true,true","0,0,0,0","true","true","true","avx2","0","0","0.107127","1342177280","1.25289e+10","1344005558"
"pilot","1","2","512","8","16","1024,1024,1024,1024","8388608,8388608,8388608,8388608","1024,1024,1024,1024","8388608,8388608,8388608,8388608","fused","B","2","1","5","2","4","0,2,4,6","true,true,true,true","0,0,0,0","true","true","true","avx2","0","0","0.0770075","1342177280","1.74292e+10","18446744071836486043"
"pilot","1","3","512","8","16","1024,1024,1024,1024","524288,524288,524288,524288","1024,1024,1024,1024","524288,524288,524288,524288","repeat","A","2","1","5","2","4","0,2,4,6","true,true,true,true","0,0,0,0","true","true","true","avx2","0","0","0.0394013","1342177280","3.40643e+10","1344005558"
"pilot","1","4","512","8","16","1024,1024,1024,1024","8388608,8388608,8388608,8388608","1024,1024,1024,1024","8388608,8388608,8388608,8388608","repeat","B","2","1","5","2","4","0,2,4,6","true,true,true,true","0,0,0,0","true","true","true","avx2","0","0","0.0407136","1342177280","3.29663e+10","18446744071836486043"
"pilot","1","5","512","8","16","1024,1024,1024,1024","524288,524288,524288,524288","1024,1024,1024,1024","524288,524288,524288,524288","fused","A","4","1","5","2","4","0,2,4,6","true,true,true,true","0,0,0,0","true","true","true","avx2","0","0","0.0543518","1342177280","2.46943e+10","1344005558"
"pilot","1","6","512","8","16","1024,1024,1024,1024","8388608,8388608,8388608,8388608","1024,1024,1024,1024","8388608,8388608,8388608,8388608","fused","B","4","1","5","2","4","0,2,4,6","true,true,true,true","0,0,0,0","true","true","true","avx2","0","0","0.0917097","1342177280","1.46351e+10","18446744071836486043"
"pilot","1","7","512","8","16","1024,1024,1024,1024","524288,524288,524288,524288","1024,1024,1024,1024","524288,524288,524288,524288","repeat","A","4","1","5","2","4","0,2,4,6","true,true,true,true","0,0,0,0","true","true","true","avx2","0","0","0.0408067","1342177280","3.28911e+10","1344005558"
"pilot","1","8","512","8","16","1024,1024,1024,1024","8388608,8388608,8388608,8388608","1024,1024,1024,1024","8388608,8388608,8388608,8388608","repeat","B","4","1","5","2","4","0,2,4,6","true,true,true,true","0,0,0,0","true","true","true","avx2","0","0","0.0393172","1342177280","3.41372e+10","18446744071836486043"
"pilot","1","9","512","8","16","1024,1024,1024,1024","524288,524288,524288,524288","1024,1024,1024,1024","524288,524288,524288,524288","fused","A","8","1","5","2","4","0,2,4,6","true,true,true,true","0,0,0,0","true","true","true","avx2","0","0","0.0490398","1342177280","2.73691e+10","1344005558"
"pilot","1","10","512","8","16","1024,1024,1024,1024","8388608,8388608,8388608,8388608","1024,1024,1024,1024","8388608,8388608,8388608,8388608","fused","B","8","1","5","2","4","0,2,4,6","true,true,true,true","0,0,0,0","true","true","true","avx2","0","0","0.0527558","1342177280","2.54413e+10","18446744071836486043"
"pilot","1","11","512","8","16","1024,1024,1024,1024","524288,524288,524288,524288","1024,1024,1024,1024","524288,524288,524288,524288","repeat","A","8","1","5","2","4","0,2,4,6","true,true,true,true","0,0,0,0","true","true","true","avx2","0","0","0.0408679","1342177280","3.28418e+10","1344005558"
"pilot","1","12","512","8","16","1024,1024,1024,1024","8388608,8388608,8388608,8388608","1024,1024,1024,1024","8388608,8388608,8388608,8388608","repeat","B","8","1","5","2","4","0,2,4,6","true,true,true,true","0,0,0,0","true","true","true","avx2","0","0","0.0467379","1342177280","2.87171e+10","18446744071836486043"
"pilot","2","13","512","8","16","1024,1024,1024,1024","524288,524288,524288,524288","1024,1024,1024,1024","524288,524288,524288,524288","fused","A","2","1","5","2","4","0,2,4,6","true,true,true,true","0,0,0,0","true","true","true","avx2","0","0","0.0702239","1342177280","1.91128e+10","1344005558"
"pilot","2","14","512","8","16","1024,1024,1024,1024","8388608,8388608,8388608,8388608","1024,1024,1024,1024","8388608,8388608,8388608,8388608","fused","B","2","1","5","2","4","0,2,4,6","true,true,true,true","0,0,0,0","true","true","true","avx2","0","0","0.0734987","1342177280","1.82612e+10","18446744071836486043"
"pilot","2","15","512","8","16","1024,1024,1024,1024","524288,524288,524288,524288","1024,1024,1024,1024","524288,524288,524288,524288","repeat","A","2","1","5","2","4","0,2,4,6","true,true,true,true","0,0,0,0","true","true","true","avx2","0","0","0.043245","1342177280","3.10366e+10","1344005558"
"pilot","2","16","512","8","16","1024,1024,1024,1024","8388608,8388608,8388608,8388608","1024,1024,1024,1024","8388608,8388608,8388608,8388608","repeat","B","2","1","5","2","4","0,2,4,6","true,true,true,true","0,0,0,0","true","true","true","avx2","0","0","0.0425092","1342177280","3.15738e+10","18446744071836486043"
"pilot","2","17","512","8","16","1024,1024,1024,1024","524288,524288,524288,524288","1024,1024,1024,1024","524288,524288,524288,524288","fused","A","4","1","5","2","4","0,2,4,6","true,true,true,true","0,0,0,0","true","true","true","avx2","0","0","0.0779795","1342177280","1.72119e+10","1344005558"
"pilot","2","18","512","8","16","1024,1024,1024,1024","8388608,8388608,8388608,8388608","1024,1024,1024,1024","8388608,8388608,8388608,8388608","fused","B","4","1","5","2","4","0,2,4,6","true,true,true,true","0,0,0,0","true","true","true","avx2","0","0","0.0645771","1342177280","2.07841e+10","18446744071836486043"
"pilot","2","19","512","8","16","1024,1024,1024,1024","524288,524288,524288,524288","1024,1024,1024,1024","524288,524288,524288,524288","repeat","A","4","1","5","2","4","0,2,4,6","true,true,true,true","0,0,0,0","true","true","true","avx2","0","0","0.0411696","1342177280","3.26012e+10","1344005558"
"pilot","2","20","512","8","16","1024,1024,1024,1024","8388608,8388608,8388608,8388608","1024,1024,1024,1024","8388608,8388608,8388608,8388608","repeat","B","4","1","5","2","4","0,2,4,6","true,true,true,true","0,0,0,0","true","true","true","avx2","0","0","0.0406425","1342177280","3.3024e+10","18446744071836486043"
"pilot","2","21","512","8","16","1024,1024,1024,1024","524288,524288,524288,524288","1024,1024,1024,1024","524288,524288,524288,524288","fused","A","8","1","5","2","4","0,2,4,6","true,true,true,true","0,0,0,0","true","true","true","avx2","0","0","0.0517485","1342177280","2.59365e+10","1344005558"
"pilot","2","22","512","8","16","1024,1024,1024,1024","8388608,8388608,8388608,8388608","1024,1024,1024,1024","8388608,8388608,8388608,8388608","fused","B","8","1","5","2","4","0,2,4,6","true,true,true,true","0,0,0,0","true","true","true","avx2","0","0","0.0534573","1342177280","2.51075e+10","18446744071836486043"
"pilot","2","23","512","8","16","1024,1024,1024,1024","524288,524288,524288,524288","1024,1024,1024,1024","524288,524288,524288,524288","repeat","A","8","1","5","2","4","0,2,4,6","true,true,true,true","0,0,0,0","true","true","true","avx2","0","0","0.0486477","1342177280","2.75897e+10","1344005558"
"pilot","2","24","512","8","16","1024,1024,1024,1024","8388608,8388608,8388608,8388608","1024,1024,1024,1024","8388608,8388608,8388608,8388608","repeat","B","8","1","5","2","4","0,2,4,6","true,true,true,true","0,0,0,0","true","true","true","avx2","0","0","0.0416417","1342177280","3.22316e+10","18446744071836486043"
"pilot","3","25","512","8","16","1024,1024,1024,1024","524288,524288,524288,524288","1024,1024,1024,1024","524288,524288,524288,524288","fused","A","2","1","5","2","4","0,2,4,6","true,true,true,true","0,0,0,0","true","true","true","avx2","0","0","0.0715401","1342177280","1.87612e+10","1344005558"
"pilot","3","26","512","8","16","1024,1024,1024,1024","8388608,8388608,8388608,8388608","1024,1024,1024,1024","8388608,8388608,8388608,8388608","fused","B","2","1","5","2","4","0,2,4,6","true,true,true,true","0,0,0,0","true","true","true","avx2","0","0","0.0746109","1342177280","1.7989e+10","18446744071836486043"
"pilot","3","27","512","8","16","1024,1024,1024,1024","524288,524288,524288,524288","1024,1024,1024,1024","524288,524288,524288,524288","repeat","A","2","1","5","2","4","0,2,4,6","true,true,true,true","0,0,0,0","true","true","true","avx2","0","0","0.0408732","1342177280","3.28376e+10","1344005558"
"pilot","3","28","512","8","16","1024,1024,1024,1024","8388608,8388608,8388608,8388608","1024,1024,1024,1024","8388608,8388608,8388608,8388608","repeat","B","2","1","5","2","4","0,2,4,6","true,true,true,true","0,0,0,0","true","true","true","avx2","0","0","0.0524456","1342177280","2.55918e+10","18446744071836486043"
"pilot","3","29","512","8","16","1024,1024,1024,1024","524288,524288,524288,524288","1024,1024,1024,1024","524288,524288,524288,524288","fused","A","4","1","5","2","4","0,2,4,6","true,true,true,true","0,0,0,0","true","true","true","avx2","0","0","0.0545436","1342177280","2.46074e+10","1344005558"
"pilot","3","30","512","8","16","1024,1024,1024,1024","8388608,8388608,8388608,8388608","1024,1024,1024,1024","8388608,8388608,8388608,8388608","fused","B","4","1","5","2","4","0,2,4,6","true,true,true,true","0,0,0,0","true","true","true","avx2","0","0","0.0593138","1342177280","2.26284e+10","18446744071836486043"
"pilot","3","31","512","8","16","1024,1024,1024,1024","524288,524288,524288,524288","1024,1024,1024,1024","524288,524288,524288,524288","repeat","A","4","1","5","2","4","0,2,4,6","true,true,true,true","0,0,0,0","true","true","true","avx2","0","0","0.0404695","1342177280","3.31652e+10","1344005558"
"pilot","3","32","512","8","16","1024,1024,1024,1024","8388608,8388608,8388608,8388608","1024,1024,1024,1024","8388608,8388608,8388608,8388608","repeat","B","4","1","5","2","4","0,2,4,6","true,true,true,true","0,0,0,0","true","true","true","avx2","0","0","0.0465031","1342177280","2.88621e+10","18446744071836486043"
"pilot","3","33","512","8","16","1024,1024,1024,1024","524288,524288,524288,524288","1024,1024,1024,1024","524288,524288,524288,524288","fused","A","8","1","5","2","4","0,2,4,6","true,true,true,true","0,0,0,0","true","true","true","avx2","0","0","0.0646023","1342177280","2.0776e+10","1344005558"
"pilot","3","34","512","8","16","1024,1024,1024,1024","8388608,8388608,8388608,8388608","1024,1024,1024,1024","8388608,8388608,8388608,8388608","fused","B","8","1","5","2","4","0,2,4,6","true,true,true,true","0,0,0,0","true","true","true","avx2","0","0","0.0597166","1342177280","2.24758e+10","18446744071836486043"
"pilot","3","35","512","8","16","1024,1024,1024,1024","524288,524288,524288,524288","1024,1024,1024,1024","524288,524288,524288,524288","repeat","A","8","1","5","2","4","0,2,4,6","true,true,true,true","0,0,0,0","true","true","true","avx2","0","0","0.0404589","1342177280","3.31738e+10","1344005558"
"pilot","3","36","512","8","16","1024,1024,1024,1024","8388608,8388608,8388608,8388608","1024,1024,1024,1024","8388608,8388608,8388608,8388608","repeat","B","8","1","5","2","4","0,2,4,6","true,true,true,true","0,0,0,0","true","true","true","avx2","0","0","0.0404468","1342177280","3.31838e+10","18446744071836486043"
"main","1","37","512","1","1","768,768,768,768","393216,393216,393216,393216","768,768,768,768","393216,393216,393216,393216","fused","A","8","1","5","2","4","0,2,4,6","true,true,true,true","0,0,0,0","true","true","true","avx2","0","0","0.0009731","7864320","8.08172e+09","225443989"
"main","1","38","512","1","1","768,768,768,768","393216,393216,393216,393216","768,768,768,768","393216,393216,393216,393216","fused","B","8","1","5","2","4","0,2,4,6","true,true,true,true","0,0,0,0","true","true","true","avx2","0","0","0.0018191","7864320","4.32319e+09","225443989"
"main","1","39","512","1","1","768,768,768,768","393216,393216,393216,393216","768,768,768,768","393216,393216,393216,393216","repeat","A","8","1","5","2","4","0,2,4,6","true,true,true,true","0,0,0,0","true","true","true","avx2","0","0","0.0005002","7864320","1.57224e+10","225443989"
"main","1","40","512","1","1","768,768,768,768","393216,393216,393216,393216","768,768,768,768","393216,393216,393216,393216","repeat","B","8","1","5","2","4","0,2,4,6","true,true,true,true","0,0,0,0","true","true","true","avx2","0","0","0.0007534","7864320","1.04384e+10","225443989"
"main","1","41","512","1","2","768,768,768,768","393216,393216,393216,393216","768,768,768,768","393216,393216,393216,393216","fused","A","8","1","5","2","4","0,2,4,6","true,true,true,true","0,0,0,0","true","true","true","avx2","0","0","0.0042267","15728640","3.72126e+09","225443989"
"main","1","42","512","1","2","768,768,768,768","786432,786432,786432,786432","768,768,768,768","786432,786432,786432,786432","fused","B","8","1","5","2","4","0,2,4,6","true,true,true,true","0,0,0,0","true","true","true","avx2","0","0","0.0012848","15728640","1.22421e+10","426046714"
"main","1","43","512","1","2","768,768,768,768","393216,393216,393216,393216","768,768,768,768","393216,393216,393216,393216","repeat","A","8","1","5","2","4","0,2,4,6","true,true,true,true","0,0,0,0","true","true","true","avx2","0","0","0.0005248","15728640","2.99707e+10","225443989"
"main","1","44","512","1","2","768,768,768,768","786432,786432,786432,786432","768,768,768,768","786432,786432,786432,786432","repeat","B","8","1","5","2","4","0,2,4,6","true,true,true,true","0,0,0,0","true","true","true","avx2","0","0","0.0009369","15728640","1.6788e+10","426046714"
"main","1","45","512","1","4","768,768,768,768","393216,393216,393216,393216","768,768,768,768","393216,393216,393216,393216","fused","A","8","1","5","2","4","0,2,4,6","true,true,true,true","0,0,0,0","true","true","true","avx2","0","0","0.0037133","31457280","8.47152e+09","225443989"
"main","1","46","512","1","4","768,768,768,768","1572864,1572864,1572864,1572864","768,768,768,768","1572864,1572864,1572864,1572864","fused","B","8","1","5","2","4","0,2,4,6","true,true,true,true","0,0,0,0","true","true","true","avx2","0","0","0.0024148","31457280","1.30269e+10","18446744073504481505"
"main","1","47","512","1","4","768,768,768,768","393216,393216,393216,393216","768,768,768,768","393216,393216,393216,393216","repeat","A","8","1","5","2","4","0,2,4,6","true,true,true,true","0,0,0,0","true","true","true","avx2","0","0","0.0017142","31457280","1.8351e+10","225443989"
"main","1","48","512","1","4","768,768,768,768","1572864,1572864,1572864,1572864","768,768,768,768","1572864,1572864,1572864,1572864","repeat","B","8","1","5","2","4","0,2,4,6","true,true,true,true","0,0,0,0","true","true","true","avx2","0","0","0.0016157","31457280","1.94698e+10","18446744073504481505"
"main","1","49","512","1","8","768,768,768,768","393216,393216,393216,393216","768,768,768,768","393216,393216,393216,393216","fused","A","8","1","5","2","4","0,2,4,6","true,true,true,true","0,0,0,0","true","true","true","avx2","0","0","0.0062621","62914560","1.00469e+10","225443989"
"main","1","50","512","1","8","768,768,768,768","3145728,3145728,3145728,3145728","768,768,768,768","3145728,3145728,3145728,3145728","fused","B","8","1","5","2","4","0,2,4,6","true,true,true,true","0,0,0,0","true","true","true","avx2","0","0","0.0055803","62914560","1.12744e+10","18446744073264054763"
"main","1","51","512","1","8","768,768,768,768","393216,393216,393216,393216","768,768,768,768","393216,393216,393216,393216","repeat","A","8","1","5","2","4","0,2,4,6","true,true,true,true","0,0,0,0","true","true","true","avx2","0","0","0.0036404","62914560","1.72823e+10","225443989"
"main","1","52","512","1","8","768,768,768,768","3145728,3145728,3145728,3145728","768,768,768,768","3145728,3145728,3145728,3145728","repeat","B","8","1","5","2","4","0,2,4,6","true,true,true,true","0,0,0,0","true","true","true","avx2","0","0","0.0022635","62914560","2.77953e+10","18446744073264054763"
"main","1","53","512","1","16","768,768,768,768","393216,393216,393216,393216","768,768,768,768","393216,393216,393216,393216","fused","A","8","1","5","2","4","0,2,4,6","true,true,true,true","0,0,0,0","true","true","true","avx2","0","0","0.013317","125829120","9.44876e+09","225443989"
"main","1","54","512","1","16","768,768,768,768","6291456,6291456,6291456,6291456","768,768,768,768","6291456,6291456,6291456,6291456","fused","B","8","1","5","2","4","0,2,4,6","true,true,true,true","0,0,0,0","true","true","true","avx2","0","0","0.0141586","125829120","8.88712e+09","18446744073599699090"
"main","1","55","512","1","16","768,768,768,768","393216,393216,393216,393216","768,768,768,768","393216,393216,393216,393216","repeat","A","8","1","5","2","4","0,2,4,6","true,true,true,true","0,0,0,0","true","true","true","avx2","0","0","0.0048797","125829120","2.57862e+10","225443989"
"main","1","56","512","1","16","768,768,768,768","6291456,6291456,6291456,6291456","768,768,768,768","6291456,6291456,6291456,6291456","repeat","B","8","1","5","2","4","0,2,4,6","true,true,true,true","0,0,0,0","true","true","true","avx2","0","0","0.0048019","125829120","2.6204e+10","18446744073599699090"
"main","1","57","512","2","1","768,768,768,768","393216,393216,393216,393216","768,768,768,768","393216,393216,393216,393216","fused","A","8","1","5","2","4","0,2,4,6","true,true,true,true","0,0,0,0","true","true","true","avx2","0","0","0.0014675","15728640","1.0718e+10","678267491"
"main","1","58","512","2","1","768,768,768,768","393216,393216,393216,393216","768,768,768,768","393216,393216,393216,393216","fused","B","8","1","5","2","4","0,2,4,6","true,true,true,true","0,0,0,0","true","true","true","avx2","0","0","0.0025625","15728640","6.13801e+09","678267491"
"main","1","59","512","2","1","768,768,768,768","393216,393216,393216,393216","768,768,768,768","393216,393216,393216,393216","repeat","A","8","1","5","2","4","0,2,4,6","true,true,true,true","0,0,0,0","true","true","true","avx2","0","0","0.000853","15728640","1.84392e+10","678267491"
"main","1","60","512","2","1","768,768,768,768","393216,393216,393216,393216","768,768,768,768","393216,393216,393216,393216","repeat","B","8","1","5","2","4","0,2,4,6","true,true,true,true","0,0,0,0","true","true","true","avx2","0","0","0.0008662","15728640","1.81582e+10","678267491"
"main","1","61","512","2","2","768,768,768,768","393216,393216,393216,393216","768,768,768,768","393216,393216,393216,393216","fused","A","8","1","5","2","4","0,2,4,6","true,true,true,true","0,0,0,0","true","true","true","avx2","0","0","0.0030961","31457280","1.01603e+10","678267491"
"main","1","62","512","2","2","768,768,768,768","786432,786432,786432,786432","768,768,768,768","786432,786432,786432,786432","fused","B","8","1","5","2","4","0,2,4,6","true,true,true,true","0,0,0,0","true","true","true","avx2","0","0","0.0025981","31457280","1.21078e+10","544491149"
"main","1","63","512","2","2","768,768,768,768","393216,393216,393216,393216","768,768,768,768","393216,393216,393216,393216","repeat","A","8","1","5","2","4","0,2,4,6","true,true,true,true","0,0,0,0","true","true","true","avx2","0","0","0.0015435","31457280","2.03805e+10","678267491"
"main","1","64","512","2","2","768,768,768,768","786432,786432,786432,786432","768,768,768,768","786432,786432,786432,786432","repeat","B","8","1","5","2","4","0,2,4,6","true,true,true,true","0,0,0,0","true","true","true","avx2","0","0","0.001307","31457280","2.40683e+10","544491149"
"main","1","65","512","2","4","768,768,768,768","393216,393216,393216,393216","768,768,768,768","393216,393216,393216,393216","fused","A","8","1","5","2","4","0,2,4,6","true,true,true,true","0,0,0,0","true","true","true","avx2","0","0","0.004794","62914560","1.31236e+10","678267491"
"main","1","66","512","2","4","768,768,768,768","1572864,1572864,1572864,1572864","768,768,768,768","1572864,1572864,1572864,1572864","fused","B","8","1","5","2","4","0,2,4,6","true,true,true,true","0,0,0,0","true","true","true","avx2","0","0","0.0033612","62914560","1.87179e+10","40724527"
"main","1","67","512","2","4","768,768,768,768","393216,393216,393216,393216","768,768,768,768","393216,393216,393216,393216","repeat","A","8","1","5","2","4","0,2,4,6","true,true,true,true","0,0,0,0","true","true","true","avx2","0","0","0.0030596","62914560","2.0563e+10","678267491"
"main","1","68","512","2","4","768,768,768,768","1572864,1572864,1572864,1572864","768,768,768,768","1572864,1572864,1572864,1572864","repeat","B","8","1","5","2","4","0,2,4,6","true,true,true,true","0,0,0,0","true","true","true","avx2","0","0","0.0046477","62914560","1.35367e+10","40724527"
"main","1","69","512","2","8","768,768,768,768","393216,393216,393216,393216","768,768,768,768","393216,393216,393216,393216","fused","A","8","1","5","2","4","0,2,4,6","true,true,true,true","0,0,0,0","true","true","true","avx2","0","0","0.008557","125829120","1.47048e+10","678267491"
"main","1","70","512","2","8","768,768,768,768","3145728,3145728,3145728,3145728","768,768,768,768","3145728,3145728,3145728,3145728","fused","B","8","1","5","2","4","0,2,4,6","true,true,true,true","0,0,0,0","true","true","true","avx2","0","0","0.0074217","125829120","1.69542e+10","554621"
"main","1","71","512","2","8","768,768,768,768","393216,393216,393216,393216","768,768,768,768","393216,393216,393216,393216","repeat","A","8","1","5","2","4","0,2,4,6","true,true,true,true","0,0,0,0","true","true","true","avx2","0","0","0.0056059","125829120","2.24458e+10","678267491"
"main","1","72","512","2","8","768,768,768,768","3145728,3145728,3145728,3145728","768,768,768,768","3145728,3145728,3145728,3145728","repeat","B","8","1","5","2","4","0,2,4,6","true,true,true,true","0,0,0,0","true","true","true","avx2","0","0","0.003705","125829120","3.3962e+10","554621"
"main","1","73","512","2","16","768,768,768,768","393216,393216,393216,393216","768,768,768,768","393216,393216,393216,393216","fused","A","8","1","5","2","4","0,2,4,6","true,true,true,true","0,0,0,0","true","true","true","avx2","0","0","0.0136244","251658240","1.84711e+10","678267491"
"main","1","74","512","2","16","768,768,768,768","6291456,6291456,6291456,6291456","768,768,768,768","6291456,6291456,6291456,6291456","fused","B","8","1","5","2","4","0,2,4,6","true,true,true,true","0,0,0,0","true","true","true","avx2","0","0","0.0205583","251658240","1.22412e+10","34440378"
"main","1","75","512","2","16","768,768,768,768","393216,393216,393216,393216","768,768,768,768","393216,393216,393216,393216","repeat","A","8","1","5","2","4","0,2,4,6","true,true,true,true","0,0,0,0","true","true","true","avx2","0","0","0.0086477","251658240","2.91012e+10","678267491"
"main","1","76","512","2","16","768,768,768,768","6291456,6291456,6291456,6291456","768,768,768,768","6291456,6291456,6291456,6291456","repeat","B","8","1","5","2","4","0,2,4,6","true,true,true,true","0,0,0,0","true","true","true","avx2","0","0","0.0074759","251658240","3.36626e+10","34440378"
"main","1","77","512","4","1","768,768,768,768","393216,393216,393216,393216","768,768,768,768","393216,393216,393216,393216","fused","A","8","1","5","2","4","0,2,4,6","true,true,true,true","0,0,0,0","true","true","true","avx2","0","0","0.0022151","31457280","1.42013e+10","1986990123"
"main","1","78","512","4","1","768,768,768,768","393216,393216,393216,393216","768,768,768,768","393216,393216,393216,393216","fused","B","8","1","5","2","4","0,2,4,6","true,true,true,true","0,0,0,0","true","true","true","avx2","0","0","0.001783","31457280","1.76429e+10","1986990123"
"main","1","79","512","4","1","768,768,768,768","393216,393216,393216,393216","768,768,768,768","393216,393216,393216,393216","repeat","A","8","1","5","2","4","0,2,4,6","true,true,true,true","0,0,0,0","true","true","true","avx2","0","0","0.0017645","31457280","1.78279e+10","1986990123"
"main","1","80","512","4","1","768,768,768,768","393216,393216,393216,393216","768,768,768,768","393216,393216,393216,393216","repeat","B","8","1","5","2","4","0,2,4,6","true,true,true,true","0,0,0,0","true","true","true","avx2","0","0","0.0016784","31457280","1.87424e+10","1986990123"
"main","1","81","512","4","2","768,768,768,768","393216,393216,393216,393216","768,768,768,768","393216,393216,393216,393216","fused","A","8","1","5","2","4","0,2,4,6","true,true,true,true","0,0,0,0","true","true","true","avx2","0","0","0.0036414","62914560","1.72776e+10","1986990123"
"main","1","82","512","4","2","768,768,768,768","786432,786432,786432,786432","768,768,768,768","786432,786432,786432,786432","fused","B","8","1","5","2","4","0,2,4,6","true,true,true,true","0,0,0,0","true","true","true","avx2","0","0","0.002496","62914560","2.52062e+10","18446744073363475066"
"main","1","83","512","4","2","768,768,768,768","393216,393216,393216,393216","768,768,768,768","393216,393216,393216,393216","repeat","A","8","1","5","2","4","0,2,4,6","true,true,true,true","0,0,0,0","true","true","true","avx2","0","0","0.0028087","62914560","2.23999e+10","1986990123"
"main","1","84","512","4","2","768,768,768,768","786432,786432,786432,786432","768,768,768,768","786432,786432,786432,786432","repeat","B","8","1","5","2","4","0,2,4,6","true,true,true,true","0,0,0,0","true","true","true","avx2","0","0","0.0025448","62914560","2.47228e+10","18446744073363475066"
"main","1","85","512","4","4","768,768,768,768","393216,393216,393216,393216","768,768,768,768","393216,393216,393216,393216","fused","A","8","1","5","2","4","0,2,4,6","true,true,true,true","0,0,0,0","true","true","true","avx2","0","0","0.005713","125829120","2.20251e+10","1986990123"
"main","1","86","512","4","4","768,768,768,768","1572864,1572864,1572864,1572864","768,768,768,768","1572864,1572864,1572864,1572864","fused","B","8","1","5","2","4","0,2,4,6","true,true,true,true","0,0,0,0","true","true","true","avx2","0","0","0.0052157","125829120","2.41251e+10","861613369"
"main","1","87","512","4","4","768,768,768,768","393216,393216,393216,393216","768,768,768,768","393216,393216,393216,393216","repeat","A","8","1","5","2","4","0,2,4,6","true,true,true,true","0,0,0,0","true","true","true","avx2","0","0","0.0064923","125829120","1.93813e+10","1986990123"
"main","1","88","512","4","4","768,768,768,768","1572864,1572864,1572864,1572864","768,768,768,768","1572864,1572864,1572864,1572864","repeat","B","8","1","5","2","4","0,2,4,6","true,true,true,true","0,0,0,0","true","true","true","avx2","0","0","0.0036598","125829120","3.43814e+10","861613369"
"main","1","89","512","4","8","768,768,768,768","393216,393216,393216,393216","768,768,768,768","393216,393216,393216,393216","fused","A","8","1","5","2","4","0,2,4,6","true,true,true,true","0,0,0,0","true","true","true","avx2","0","0","0.0113778","251658240","2.21184e+10","1986990123"
"main","1","90","512","4","8","768,768,768,768","3145728,3145728,3145728,3145728","768,768,768,768","3145728,3145728,3145728,3145728","fused","B","8","1","5","2","4","0,2,4,6","true,true,true,true","0,0,0,0","true","true","true","avx2","0","0","0.0306814","251658240","8.20231e+09","1650775687"
"main","1","91","512","4","8","768,768,768,768","393216,393216,393216,393216","768,768,768,768","393216,393216,393216,393216","repeat","A","8","1","5","2","4","0,2,4,6","true,true,true,true","0,0,0,0","true","true","true","avx2","0","0","0.015316","251658240","1.64311e+10","1986990123"
"main","1","92","512","4","8","768,768,768,768","3145728,3145728,3145728,3145728","768,768,768,768","3145728,3145728,3145728,3145728","repeat","B","8","1","5","2","4","0,2,4,6","true,true,true,true","0,0,0,0","true","true","true","avx2","0","0","0.0076223","251658240","3.30161e+10","1650775687"
"main","1","93","512","4","16","768,768,768,768","393216,393216,393216,393216","768,768,768,768","393216,393216,393216,393216","fused","A","8","1","5","2","4","0,2,4,6","true,true,true,true","0,0,0,0","true","true","true","avx2","0","0","0.0220735","503316480","2.28018e+10","1986990123"
"main","1","94","512","4","16","768,768,768,768","6291456,6291456,6291456,6291456","768,768,768,768","6291456,6291456,6291456,6291456","fused","B","8","1","5","2","4","0,2,4,6","true,true,true,true","0,0,0,0","true","true","true","avx2","0","0","0.0269285","503316480","1.86908e+10","18446744072240926991"
"main","1","95","512","4","16","768,768,768,768","393216,393216,393216,393216","768,768,768,768","393216,393216,393216,393216","repeat","A","8","1","5","2","4","0,2,4,6","true,true,true,true","0,0,0,0","true","true","true","avx2","0","0","0.0159782","503316480","3.15002e+10","1986990123"
"main","1","96","512","4","16","768,768,768,768","6291456,6291456,6291456,6291456","768,768,768,768","6291456,6291456,6291456,6291456","repeat","B","8","1","5","2","4","0,2,4,6","true,true,true,true","0,0,0,0","true","true","true","avx2","0","0","0.0159321","503316480","3.15913e+10","18446744072240926991"
"main","1","97","512","8","1","768,768,768,768","393216,393216,393216,393216","768,768,768,768","393216,393216,393216,393216","fused","A","8","1","5","2","4","0,2,4,6","true,true,true,true","0,0,0,0","true","true","true","avx2","0","0","0.0041854","62914560","1.50319e+10","18446744073152474417"
"main","1","98","512","8","1","768,768,768,768","393216,393216,393216,393216","768,768,768,768","393216,393216,393216,393216","fused","B","8","1","5","2","4","0,2,4,6","true,true,true,true","0,0,0,0","true","true","true","avx2","0","0","0.0039541","62914560","1.59112e+10","18446744073152474417"
"main","1","99","512","8","1","768,768,768,768","393216,393216,393216,393216","768,768,768,768","393216,393216,393216,393216","repeat","A","8","1","5","2","4","0,2,4,6","true,true,true,true","0,0,0,0","true","true","true","avx2","0","0","0.0025531","62914560","2.46424e+10","18446744073152474417"
"main","1","100","512","8","1","768,768,768,768","393216,393216,393216,393216","768,768,768,768","393216,393216,393216,393216","repeat","B","8","1","5","2","4","0,2,4,6","true,true,true,true","0,0,0,0","true","true","true","avx2","0","0","0.00271","62914560","2.32157e+10","18446744073152474417"
"main","1","101","512","8","2","768,768,768,768","393216,393216,393216,393216","768,768,768,768","393216,393216,393216,393216","fused","A","8","1","5","2","4","0,2,4,6","true,true,true,true","0,0,0,0","true","true","true","avx2","0","0","0.0068344","125829120","1.84111e+10","18446744073152474417"
"main","1","102","512","8","2","768,768,768,768","786432,786432,786432,786432","768,768,768,768","786432,786432,786432,786432","fused","B","8","1","5","2","4","0,2,4,6","true,true,true,true","0,0,0,0","true","true","true","avx2","0","0","0.0106545","125829120","1.181e+10","2053370459"
"main","1","103","512","8","2","768,768,768,768","393216,393216,393216,393216","768,768,768,768","393216,393216,393216,393216","repeat","A","8","1","5","2","4","0,2,4,6","true,true,true,true","0,0,0,0","true","true","true","avx2","0","0","0.0065502","125829120","1.921e+10","18446744073152474417"
"main","1","104","512","8","2","768,768,768,768","786432,786432,786432,786432","768,768,768,768","786432,786432,786432,786432","repeat","B","8","1","5","2","4","0,2,4,6","true,true,true,true","0,0,0,0","true","true","true","avx2","0","0","0.0069917","125829120","1.79969e+10","2053370459"
"main","1","105","512","8","4","768,768,768,768","393216,393216,393216,393216","768,768,768,768","393216,393216,393216,393216","fused","A","8","1","5","2","4","0,2,4,6","true,true,true,true","0,0,0,0","true","true","true","avx2","0","0","0.0134245","251658240","1.87462e+10","18446744073152474417"
"main","1","106","512","8","4","768,768,768,768","1572864,1572864,1572864,1572864","768,768,768,768","1572864,1572864,1572864,1572864","fused","B","8","1","5","2","4","0,2,4,6","true,true,true,true","0,0,0,0","true","true","true","avx2","0","0","0.0331989","251658240","7.58032e+09","4936765543"
"main","1","107","512","8","4","768,768,768,768","393216,393216,393216,393216","768,768,768,768","393216,393216,393216,393216","repeat","A","8","1","5","2","4","0,2,4,6","true,true,true,true","0,0,0,0","true","true","true","avx2","0","0","0.0134207","251658240","1.87515e+10","18446744073152474417"
"main","1","108","512","8","4","768,768,768,768","1572864,1572864,1572864,1572864","768,768,768,768","1572864,1572864,1572864,1572864","repeat","B","8","1","5","2","4","0,2,4,6","true,true,true,true","0,0,0,0","true","true","true","avx2","0","0","0.0078398","251658240","3.21001e+10","4936765543"
"main","1","109","512","8","8","768,768,768,768","393216,393216,393216,393216","768,768,768,768","393216,393216,393216,393216","fused","A","8","1","5","2","4","0,2,4,6","true,true,true,true","0,0,0,0","true","true","true","avx2","0","0","0.0218681","503316480","2.3016e+10","18446744073152474417"
"main","1","110","512","8","8","768,768,768,768","3145728,3145728,3145728,3145728","768,768,768,768","3145728,3145728,3145728,3145728","fused","B","8","1","5","2","4","0,2,4,6","true,true,true,true","0,0,0,0","true","true","true","avx2","0","0","0.0183565","503316480","2.7419e+10","2444861251"
"main","1","111","512","8","8","768,768,768,768","393216,393216,393216,393216","768,768,768,768","393216,393216,393216,393216","repeat","A","8","1","5","2","4","0,2,4,6","true,true,true,true","0,0,0,0","true","true","true","avx2","0","0","0.0152267","503316480","3.30549e+10","18446744073152474417"
"main","1","112","512","8","8","768,768,768,768","3145728,3145728,3145728,3145728","768,768,768,768","3145728,3145728,3145728,3145728","repeat","B","8","1","5","2","4","0,2,4,6","true,true,true,true","0,0,0,0","true","true","true","avx2","0","0","0.0158183","503316480","3.18186e+10","2444861251"
"main","1","113","512","8","16","768,768,768,768","393216,393216,393216,393216","768,768,768,768","393216,393216,393216,393216","fused","A","8","1","5","2","4","0,2,4,6","true,true,true,true","0,0,0,0","true","true","true","avx2","0","0","0.118389","1006632960","8.50273e+09","18446744073152474417"
"main","1","114","512","8","16","768,768,768,768","6291456,6291456,6291456,6291456","768,768,768,768","6291456,6291456,6291456,6291456","fused","B","8","1","5","2","4","0,2,4,6","true,true,true,true","0,0,0,0","true","true","true","avx2","0","0","0.0475137","1006632960","2.11862e+10","18446744070292040802"
"main","1","115","512","8","16","768,768,768,768","393216,393216,393216,393216","768,768,768,768","393216,393216,393216,393216","repeat","A","8","1","5","2","4","0,2,4,6","true,true,true,true","0,0,0,0","true","true","true","avx2","0","0","0.0436927","1006632960","2.30389e+10","18446744073152474417"
"main","1","116","512","8","16","768,768,768,768","6291456,6291456,6291456,6291456","768,768,768,768","6291456,6291456,6291456,6291456","repeat","B","8","1","5","2","4","0,2,4,6","true,true,true,true","0,0,0,0","true","true","true","avx2","0","0","0.031511","1006632960","3.19454e+10","18446744070292040802"
"main","1","117","512","16","1","768,768,768,768","393216,393216,393216,393216","768,768,768,768","393216,393216,393216,393216","fused","A","8","1","5","2","4","0,2,4,6","true,true,true,true","0,0,0,0","true","true","true","avx2","0","0","0.0111022","125829120","1.13337e+10","18446744063438981076"
"main","1","118","512","16","1","768,768,768,768","393216,393216,393216,393216","768,768,768,768","393216,393216,393216,393216","fused","B","8","1","5","2","4","0,2,4,6","true,true,true,true","0,0,0,0","true","true","true","avx2","0","0","0.0092716","125829120","1.35715e+10","18446744063438981076"
"main","1","119","512","16","1","768,768,768,768","393216,393216,393216,393216","768,768,768,768","393216,393216,393216,393216","repeat","A","8","1","5","2","4","0,2,4,6","true,true,true,true","0,0,0,0","true","true","true","avx2","0","0","0.0065503","125829120","1.92097e+10","18446744063438981076"
"main","1","120","512","16","1","768,768,768,768","393216,393216,393216,393216","768,768,768,768","393216,393216,393216,393216","repeat","B","8","1","5","2","4","0,2,4,6","true,true,true,true","0,0,0,0","true","true","true","avx2","0","0","0.0064811","125829120","1.94148e+10","18446744063438981076"
"main","1","121","512","16","2","768,768,768,768","393216,393216,393216,393216","768,768,768,768","393216,393216,393216,393216","fused","A","8","1","5","2","4","0,2,4,6","true,true,true,true","0,0,0,0","true","true","true","avx2","0","0","0.0781759","251658240","3.21913e+09","18446744063438981076"
"main","1","122","512","16","2","768,768,768,768","786432,786432,786432,786432","768,768,768,768","786432,786432,786432,786432","fused","B","8","1","5","2","4","0,2,4,6","true,true,true,true","0,0,0,0","true","true","true","avx2","0","0","0.0092738","251658240","2.71365e+10","10835340107"
"main","1","123","512","16","2","768,768,768,768","393216,393216,393216,393216","768,768,768,768","393216,393216,393216,393216","repeat","A","8","1","5","2","4","0,2,4,6","true,true,true,true","0,0,0,0","true","true","true","avx2","0","0","0.0114555","251658240","2.19683e+10","18446744063438981076"
"main","1","124","512","16","2","768,768,768,768","786432,786432,786432,786432","768,768,768,768","786432,786432,786432,786432","repeat","B","8","1","5","2","4","0,2,4,6","true,true,true,true","0,0,0,0","true","true","true","avx2","0","0","0.0149769","251658240","1.68031e+10","10835340107"
"main","1","125","512","16","4","768,768,768,768","393216,393216,393216,393216","768,768,768,768","393216,393216,393216,393216","fused","A","8","1","5","2","4","0,2,4,6","true,true,true,true","0,0,0,0","true","true","true","avx2","0","0","0.0283538","503316480","1.77513e+10","18446744063438981076"
"main","1","126","512","16","4","768,768,768,768","1572864,1572864,1572864,1572864","768,768,768,768","1572864,1572864,1572864,1572864","fused","B","8","1","5","2","4","0,2,4,6","true,true,true,true","0,0,0,0","true","true","true","avx2","0","0","0.0343007","503316480","1.46737e+10","1795667947"
"main","1","127","512","16","4","768,768,768,768","393216,393216,393216,393216","768,768,768,768","393216,393216,393216,393216","repeat","A","8","1","5","2","4","0,2,4,6","true,true,true,true","0,0,0,0","true","true","true","avx2","0","0","0.0223145","503316480","2.25556e+10","18446744063438981076"
"main","1","128","512","16","4","768,768,768,768","1572864,1572864,1572864,1572864","768,768,768,768","1572864,1572864,1572864,1572864","repeat","B","8","1","5","2","4","0,2,4,6","true,true,true,true","0,0,0,0","true","true","true","avx2","0","0","0.0213216","503316480","2.36059e+10","1795667947"
"main","1","129","512","16","8","768,768,768,768","393216,393216,393216,393216","768,768,768,768","393216,393216,393216,393216","fused","A","8","1","5","2","4","0,2,4,6","true,true,true,true","0,0,0,0","true","true","true","avx2","0","0","0.165294","1006632960","6.08996e+09","18446744063438981076"
"main","1","130","512","16","8","768,768,768,768","3145728,3145728,3145728,3145728","768,768,768,768","3145728,3145728,3145728,3145728","fused","B","8","1","5","2","4","0,2,4,6","true,true,true,true","0,0,0,0","true","true","true","avx2","0","0","0.0601934","1006632960","1.67233e+10","15168031758"
"main","1","131","512","16","8","768,768,768,768","393216,393216,393216,393216","768,768,768,768","393216,393216,393216,393216","repeat","A","8","1","5","2","4","0,2,4,6","true,true,true,true","0,0,0,0","true","true","true","avx2","0","0","0.0394013","1006632960","2.55482e+10","18446744063438981076"
"main","1","132","512","16","8","768,768,768,768","3145728,3145728,3145728,3145728","768,768,768,768","3145728,3145728,3145728,3145728","repeat","B","8","1","5","2","4","0,2,4,6","true,true,true,true","0,0,0,0","true","true","true","avx2","0","0","0.0472682","1006632960","2.12962e+10","15168031758"
"main","1","133","512","16","16","768,768,768,768","393216,393216,393216,393216","768,768,768,768","393216,393216,393216,393216","fused","A","8","1","5","2","4","0,2,4,6","true,true,true,true","0,0,0,0","true","true","true","avx2","0","0","0.110955","2013265920","1.81448e+10","18446744063438981076"
"main","1","134","512","16","16","768,768,768,768","6291456,6291456,6291456,6291456","768,768,768,768","6291456,6291456,6291456,6291456","fused","B","8","1","5","2","4","0,2,4,6","true,true,true,true","0,0,0,0","true","true","true","avx2","0","0","0.103146","2013265920","1.95186e+10","18446744056699686799"
"main","1","135","512","16","16","768,768,768,768","393216,393216,393216,393216","768,768,768,768","393216,393216,393216,393216","repeat","A","8","1","5","2","4","0,2,4,6","true,true,true,true","0,0,0,0","true","true","true","avx2","0","0","0.087274","2013265920","2.30683e+10","18446744063438981076"
"main","1","136","512","16","16","768,768,768,768","6291456,6291456,6291456,6291456","768,768,768,768","6291456,6291456,6291456,6291456","repeat","B","8","1","5","2","4","0,2,4,6","true,true,true,true","0,0,0,0","true","true","true","avx2","0","0","0.0827893","2013265920","2.43179e+10","18446744056699686799"
"main","1","137","512","1","1","1024,1024,1024,1024","524288,524288,524288,524288","1024,1024,1024,1024","524288,524288,524288,524288","fused","A","8","1","5","2","4","0,2,4,6","true,true,true,true","0,0,0,0","true","true","true","avx2","0","0","0.0014457","10485760","7.25307e+09","240383804"
"main","1","138","512","1","1","1024,1024,1024,1024","524288,524288,524288,524288","1024,1024,1024,1024","524288,524288,524288,524288","fused","B","8","1","5","2","4","0,2,4,6","true,true,true,true","0,0,0,0","true","true","true","avx2","0","0","0.0012955","10485760","8.09399e+09","240383804"
"main","1","139","512","1","1","1024,1024,1024,1024","524288,524288,524288,524288","1024,1024,1024,1024","524288,524288,524288,524288","repeat","A","8","1","5","2","4","0,2,4,6","true,true,true,true","0,0,0,0","true","true","true","avx2","0","0","0.001154","10485760","9.08645e+09","240383804"
"main","1","140","512","1","1","1024,1024,1024,1024","524288,524288,524288,524288","1024,1024,1024,1024","524288,524288,524288,524288","repeat","B","8","1","5","2","4","0,2,4,6","true,true,true,true","0,0,0,0","true","true","true","avx2","0","0","0.0011686","10485760","8.97292e+09","240383804"
"main","1","141","512","1","2","1024,1024,1024,1024","524288,524288,524288,524288","1024,1024,1024,1024","524288,524288,524288,524288","fused","A","8","1","5","2","4","0,2,4,6","true,true,true,true","0,0,0,0","true","true","true","avx2","0","0","0.0022038","20971520","9.51607e+09","240383804"
"main","1","142","512","1","2","1024,1024,1024,1024","1048576,1048576,1048576,1048576","1024,1024,1024,1024","1048576,1048576,1048576,1048576","fused","B","8","1","5","2","4","0,2,4,6","true,true,true,true","0,0,0,0","true","true","true","avx2","0","0","0.0022663","20971520","9.25364e+09","813419254"
"main","1","143","512","1","2","1024,1024,1024,1024","524288,524288,524288,524288","1024,1024,1024,1024","524288,524288,524288,524288","repeat","A","8","1","5","2","4","0,2,4,6","true,true,true,true","0,0,0,0","true","true","true","avx2","0","0","0.0011581","20971520","1.81086e+10","240383804"
"main","1","144","512","1","2","1024,1024,1024,1024","1048576,1048576,1048576,1048576","1024,1024,1024,1024","1048576,1048576,1048576,1048576","repeat","B","8","1","5","2","4","0,2,4,6","true,true,true,true","0,0,0,0","true","true","true","avx2","0","0","0.0010796","20971520","1.94253e+10","813419254"
"main","1","145","512","1","4","1024,1024,1024,1024","524288,524288,524288,524288","1024,1024,1024,1024","524288,524288,524288,524288","fused","A","8","1","5","2","4","0,2,4,6","true,true,true,true","0,0,0,0","true","true","true","avx2","0","0","0.0091461","41943040","4.58589e+09","240383804"
"main","1","146","512","1","4","1024,1024,1024,1024","2097152,2097152,2097152,2097152","1024,1024,1024,1024","2097152,2097152,2097152,2097152","fused","B","8","1","5","2","4","0,2,4,6","true,true,true,true","0,0,0,0","true","true","true","avx2","0","0","0.0045581","41943040","9.20187e+09","18446744073409374018"
"main","1","147","512","1","4","1024,1024,1024,1024","524288,524288,524288,524288","1024,1024,1024,1024","524288,524288,524288,524288","repeat","A","8","1","5","2","4","0,2,4,6","true,true,true,true","0,0,0,0","true","true","true","avx2","0","0","0.0041761","41943040","1.00436e+10","240383804"
"main","1","148","512","1","4","1024,1024,1024,1024","2097152,2097152,2097152,2097152","1024,1024,1024,1024","2097152,2097152,2097152,2097152","repeat","B","8","1","5","2","4","0,2,4,6","true,true,true,true","0,0,0,0","true","true","true","avx2","0","0","0.0015536","41943040","2.69973e+10","18446744073409374018"
"main","1","149","512","1","8","1024,1024,1024,1024","524288,524288,524288,524288","1024,1024,1024,1024","524288,524288,524288,524288","fused","A","8","1","5","2","4","0,2,4,6","true,true,true,true","0,0,0,0","true","true","true","avx2","0","0","0.0140229","83886080","5.98208e+09","240383804"
"main","1","150","512","1","8","1024,1024,1024,1024","4194304,4194304,4194304,4194304","1024,1024,1024,1024","4194304,4194304,4194304,4194304","fused","B","8","1","5","2","4","0,2,4,6","true,true,true,true","0,0,0,0","true","true","true","avx2","0","0","0.0147372","83886080","5.69213e+09","18446744073030842095"
"main","1","151","512","1","8","1024,1024,1024,1024","524288,524288,524288,524288","1024,1024,1024,1024","524288,524288,524288,524288","repeat","A","8","1","5","2","4","0,2,4,6","true,true,true,true","0,0,0,0","true","true","true","avx2","0","0","0.0041229","83886080","2.03464e+10","240383804"
"main","1","152","512","1","8","1024,1024,1024,1024","4194304,4194304,4194304,4194304","1024,1024,1024,1024","4194304,4194304,4194304,4194304","repeat","B","8","1","5","2","4","0,2,4,6","true,true,true,true","0,0,0,0","true","true","true","avx2","0","0","0.004358","83886080","1.92488e+10","18446744073030842095"
"main","1","153","512","1","16","1024,1024,1024,1024","524288,524288,524288,524288","1024,1024,1024,1024","524288,524288,524288,524288","fused","A","8","1","5","2","4","0,2,4,6","true,true,true,true","0,0,0,0","true","true","true","avx2","0","0","0.015868","167772160","1.0573e+10","240383804"
"main","1","154","512","1","16","1024,1024,1024,1024","8388608,8388608,8388608,8388608","1024,1024,1024,1024","8388608,8388608,8388608,8388608","fused","B","8","1","5","2","4","0,2,4,6","true,true,true,true","0,0,0,0","true","true","true","avx2","0","0","0.0188699","167772160","8.89099e+09","18446744073530265081"
"main","1","155","512","1","16","1024,1024,1024,1024","524288,524288,524288,524288","1024,1024,1024,1024","524288,524288,524288,524288","repeat","A","8","1","5","2","4","0,2,4,6","true,true,true,true","0,0,0,0","true","true","true","avx2","0","0","0.0109209","167772160","1.53625e+10","240383804"
"main","1","156","512","1","16","1024,1024,1024,1024","8388608,8388608,8388608,8388608","1024,1024,1024,1024","8388608,8388608,8388608,8388608","repeat","B","8","1","5","2","4","0,2,4,6","true,true,true,true","0,0,0,0","true","true","true","avx2","0","0","0.0072701","167772160","2.3077e+10","18446744073530265081"
"main","1","157","512","2","1","1024,1024,1024,1024","524288,524288,524288,524288","1024,1024,1024,1024","524288,524288,524288,524288","fused","A","8","1","5","2","4","0,2,4,6","true,true,true,true","0,0,0,0","true","true","true","avx2","0","0","0.0013617","20971520","1.5401e+10","783834524"
"main","1","158","512","2","1","1024,1024,1024,1024","524288,524288,524288,524288","1024,1024,1024,1024","524288,524288,524288,524288","fused","B","8","1","5","2","4","0,2,4,6","true,true,true,true","0,0,0,0","true","true","true","avx2","0","0","0.0024875","20971520","8.43076e+09","783834524"
"main","1","159","512","2","1","1024,1024,1024,1024","524288,524288,524288,524288","1024,1024,1024,1024","524288,524288,524288,524288","repeat","A","8","1","5","2","4","0,2,4,6","true,true,true,true","0,0,0,0","true","true","true","avx2","0","0","0.0044916","20971520","4.66905e+09","783834524"
"main","1","160","512","2","1","1024,1024,1024,1024","524288,524288,524288,524288","1024,1024,1024,1024","524288,524288,524288,524288","repeat","B","8","1","5","2","4","0,2,4,6","true,true,true,true","0,0,0,0","true","true","true","avx2","0","0","0.0028969","20971520","7.2393e+09","783834524"
"main","1","161","512","2","2","1024,1024,1024,1024","524288,524288,524288,524288","1024,1024,1024,1024","524288,524288,524288,524288","fused","A","8","1","5","2","4","0,2,4,6","true,true,true,true","0,0,0,0","true","true","true","avx2","0","0","0.0027408","41943040","1.53032e+10","783834524"
"main","1","162","512","2","2","1024,1024,1024,1024","1048576,1048576,1048576,1048576","1024,1024,1024,1024","1048576,1048576,1048576,1048576","fused","B","8","1","5","2","4","0,2,4,6","true,true,true,true","0,0,0,0","true","true","true","avx2","0","0","0.0023038","41943040","1.8206e+10","1106709878"
"main","1","163","512","2","2","1024,1024,1024,1024","524288,524288,524288,524288","1024,1024,1024,1024","524288,524288,524288,524288","repeat","A","8","1","5","2","4","0,2,4,6","true,true,true,true","0,0,0,0","true","true","true","avx2","0","0","0.0021031","41943040","1.99434e+10","783834524"
"main","1","164","512","2","2","1024,1024,1024,1024","1048576,1048576,1048576,1048576","1024,1024,1024,1024","1048576,1048576,1048576,1048576","repeat","B","8","1","5","2","4","0,2,4,6","true,true,true,true","0,0,0,0","true","true","true","avx2","0","0","0.0013713","41943040","3.05863e+10","1106709878"
"main","1","165","512","2","4","1024,1024,1024,1024","524288,524288,524288,524288","1024,1024,1024,1024","524288,524288,524288,524288","fused","A","8","1","5","2","4","0,2,4,6","true,true,true,true","0,0,0,0","true","true","true","avx2","0","0","0.0082836","83886080","1.01268e+10","783834524"
"main","1","166","512","2","4","1024,1024,1024,1024","2097152,2097152,2097152,2097152","1024,1024,1024,1024","2097152,2097152,2097152,2097152","fused","B","8","1","5","2","4","0,2,4,6","true,true,true,true","0,0,0,0","true","true","true","avx2","0","0","0.0043103","83886080","1.94618e+10","520735018"
"main","1","167","512","2","4","1024,1024,1024,1024","524288,524288,524288,524288","1024,1024,1024,1024","524288,524288,524288,524288","repeat","A","8","1","5","2","4","0,2,4,6","true,true,true,true","0,0,0,0","true","true","true","avx2","0","0","0.0028731","83886080","2.91971e+10","783834524"
"main","1","168","512","2","4","1024,1024,1024,1024","2097152,2097152,2097152,2097152","1024,1024,1024,1024","2097152,2097152,2097152,2097152","repeat","B","8","1","5","2","4","0,2,4,6","true,true,true,true","0,0,0,0","true","true","true","avx2","0","0","0.0040745","83886080","2.05881e+10","520735018"
"main","1","169","512","2","8","1024,1024,1024,1024","524288,524288,524288,524288","1024,1024,1024,1024","524288,524288,524288,524288","fused","A","8","1","5","2","4","0,2,4,6","true,true,true,true","0,0,0,0","true","true","true","avx2","0","0","0.008959","167772160","1.87267e+10","783834524"
"main","1","170","512","2","8","1024,1024,1024,1024","4194304,4194304,4194304,4194304","1024,1024,1024,1024","4194304,4194304,4194304,4194304","fused","B","8","1","5","2","4","0,2,4,6","true,true,true,true","0,0,0,0","true","true","true","avx2","0","0","0.010212","167772160","1.64289e+10","10104390"
"main","1","171","512","2","8","1024,1024,1024,1024","524288,524288,524288,524288","1024,1024,1024,1024","524288,524288,524288,524288","repeat","A","8","1","5","2","4","0,2,4,6","true,true,true,true","0,0,0,0","true","true","true","avx2","0","0","0.0066796","167772160","2.51171e+10","783834524"
"main","1","172","512","2","8","1024,1024,1024,1024","4194304,4194304,4194304,4194304","1024,1024,1024,1024","4194304,4194304,4194304,4194304","repeat","B","8","1","5","2","4","0,2,4,6","true,true,true,true","0,0,0,0","true","true","true","avx2","0","0","0.0085284","167772160","1.96722e+10","10104390"
"main","1","173","512","2","16","1024,1024,1024,1024","524288,524288,524288,524288","1024,1024,1024,1024","524288,524288,524288,524288","fused","A","8","1","5","2","4","0,2,4,6","true,true,true,true","0,0,0,0","true","true","true","avx2","0","0","0.0173065","335544320","1.93883e+10","783834524"
"main","1","174","512","2","16","1024,1024,1024,1024","8388608,8388608,8388608,8388608","1024,1024,1024,1024","8388608,8388608,8388608,8388608","fused","B","8","1","5","2","4","0,2,4,6","true,true,true,true","0,0,0,0","true","true","true","avx2","0","0","0.023626","335544320","1.42023e+10","12682126"
"main","1","175","512","2","16","1024,1024,1024,1024","524288,524288,524288,524288","1024,1024,1024,1024","524288,524288,524288,524288","repeat","A","8","1","5","2","4","0,2,4,6","true,true,true,true","0,0,0,0","true","true","true","avx2","0","0","0.0142364","335544320","2.35695e+10","783834524"
"main","1","176","512","2","16","1024,1024,1024,1024","8388608,8388608,8388608,8388608","1024,1024,1024,1024","8388608,8388608,8388608,8388608","repeat","B","8","1","5","2","4","0,2,4,6","true,true,true,true","0,0,0,0","true","true","true","avx2","0","0","0.011896","335544320","2.82065e+10","12682126"
"main","1","177","512","4","1","1024,1024,1024,1024","524288,524288,524288,524288","1024,1024,1024,1024","524288,524288,524288,524288","fused","A","8","1","5","2","4","0,2,4,6","true,true,true,true","0,0,0,0","true","true","true","avx2","0","0","0.0033843","41943040","1.23934e+10","2433271104"
"main","1","178","512","4","1","1024,1024,1024,1024","524288,524288,524288,524288","1024,1024,1024,1024","524288,524288,524288,524288","fused","B","8","1","5","2","4","0,2,4,6","true,true,true,true","0,0,0,0","true","true","true","avx2","0","0","0.0024328","41943040","1.72406e+10","2433271104"
"main","1","179","512","4","1","1024,1024,1024,1024","524288,524288,524288,524288","1024,1024,1024,1024","524288,524288,524288,524288","repeat","A","8","1","5","2","4","0,2,4,6","true,true,true,true","0,0,0,0","true","true","true","avx2","0","0","0.0042944","41943040","9.76692e+09","2433271104"
"main","1","180","512","4","1","1024,1024,1024,1024","524288,524288,524288,524288","1024,1024,1024,1024","524288,524288,524288,524288","repeat","B","8","1","5","2","4","0,2,4,6","true,true,true,true","0,0,0,0","true","true","true","avx2","0","0","0.0016236","41943040","2.58334e+10","2433271104"
"main","1","181","512","4","2","1024,1024,1024,1024","524288,524288,524288,524288","1024,1024,1024,1024","524288,524288,524288,524288","fused","A","8","1","5","2","4","0,2,4,6","true,true,true,true","0,0,0,0","true","true","true","avx2","0","0","0.0044082","83886080","1.90296e+10","2433271104"
"main","1","182","512","4","2","1024,1024,1024,1024","1048576,1048576,1048576,1048576","1024,1024,1024,1024","1048576,1048576,1048576,1048576","fused","B","8","1","5","2","4","0,2,4,6","true,true,true,true","0,0,0,0","true","true","true","avx2","0","0","0.003745","83886080","2.23995e+10","379156297"
"main","1","183","512","4","2","1024,1024,1024,1024","524288,524288,524288,524288","1024,1024,1024,1024","524288,524288,524288,524288","repeat","A","8","1","5","2","4","0,2,4,6","true,true,true,true","0,0,0,0","true","true","true","avx2","0","0","0.0024948","83886080","3.36244e+10","2433271104"
"main","1","184","512","4","2","1024,1024,1024,1024","1048576,1048576,1048576,1048576","1024,1024,1024,1024","1048576,1048576,1048576,1048576","repeat","B","8","1","5","2","4","0,2,4,6","true,true,true,true","0,0,0,0","true","true","true","avx2","0","0","0.0083373","83886080","1.00615e+10","379156297"
"main","1","185","512","4","4","1024,1024,1024,1024","524288,524288,524288,524288","1024,1024,1024,1024","524288,524288,524288,524288","fused","A","8","1","5","2","4","0,2,4,6","true,true,true,true","0,0,0,0","true","true","true","avx2","0","0","0.0157435","167772160","1.06566e+10","2433271104"
"main","1","186","512","4","4","1024,1024,1024,1024","2097152,2097152,2097152,2097152","1024,1024,1024,1024","2097152,2097152,2097152,2097152","fused","B","8","1","5","2","4","0,2,4,6","true,true,true,true","0,0,0,0","true","true","true","avx2","0","0","0.0116242","167772160","1.4433e+10","1771619293"
"main","1","187","512","4","4","1024,1024,1024,1024","524288,524288,524288,524288","1024,1024,1024,1024","524288,524288,524288,524288","repeat","A","8","1","5","2","4","0,2,4,6","true,true,true,true","0,0,0,0","true","true","true","avx2","0","0","0.0074467","167772160","2.25297e+10","2433271104"
"main","1","188","512","4","4","1024,1024,1024,1024","2097152,2097152,2097152,2097152","1024,1024,1024,1024","2097152,2097152,2097152,2097152","repeat","B","8","1","5","2","4","0,2,4,6","true,true,true,true","0,0,0,0","true","true","true","avx2","0","0","0.0048558","167772160","3.45509e+10","1771619293"
"main","1","189","512","4","8","1024,1024,1024,1024","524288,524288,524288,524288","1024,1024,1024,1024","524288,524288,524288,524288","fused","A","8","1","5","2","4","0,2,4,6","true,true,true,true","0,0,0,0","true","true","true","avx2","0","0","0.0149995","335544320","2.23704e+10","2433271104"
"main","1","190","512","4","8","1024,1024,1024,1024","4194304,4194304,4194304,4194304","1024,1024,1024,1024","4194304,4194304,4194304,4194304","fused","B","8","1","5","2","4","0,2,4,6","true,true,true,true","0,0,0,0","true","true","true","avx2","0","0","0.0197381","335544320","1.69998e+10","1894918923"
"main","1","191","512","4","8","1024,1024,1024,1024","524288,524288,524288,524288","1024,1024,1024,1024","524288,524288,524288,524288","repeat","A","8","1","5","2","4","0,2,4,6","true,true,true,true","0,0,0,0","true","true","true","avx2","0","0","0.0169785","335544320","1.97629e+10","2433271104"
"main","1","192","512","4","8","1024,1024,1024,1024","4194304,4194304,4194304,4194304","1024,1024,1024,1024","4194304,4194304,4194304,4194304","repeat","B","8","1","5","2","4","0,2,4,6","true,true,true,true","0,0,0,0","true","true","true","avx2","0","0","0.0103241","335544320","3.25011e+10","1894918923"
"main","1","193","512","4","16","1024,1024,1024,1024","524288,524288,524288,524288","1024,1024,1024,1024","524288,524288,524288,524288","fused","A","8","1","5","2","4","0,2,4,6","true,true,true,true","0,0,0,0","true","true","true","avx2","0","0","0.0336423","671088640","1.99478e+10","2433271104"
"main","1","194","512","4","16","1024,1024,1024,1024","8388608,8388608,8388608,8388608","1024,1024,1024,1024","8388608,8388608,8388608,8388608","fused","B","8","1","5","2","4","0,2,4,6","true,true,true,true","0,0,0,0","true","true","true","avx2","0","0","0.0348691","671088640","1.92459e+10","18446744072217627122"
"main","1","195","512","4","16","1024,1024,1024,1024","524288,524288,524288,524288","1024,1024,1024,1024","524288,524288,524288,524288","repeat","A","8","1","5","2","4","0,2,4,6","true,true,true,true","0,0,0,0","true","true","true","avx2","0","0","0.021272","671088640","3.1548e+10","2433271104"
"main","1","196","512","4","16","1024,1024,1024,1024","8388608,8388608,8388608,8388608","1024,1024,1024,1024","8388608,8388608,8388608,8388608","repeat","B","8","1","5","2","4","0,2,4,6","true,true,true,true","0,0,0,0","true","true","true","avx2","0","0","0.0308019","671088640","2.17872e+10","18446744072217627122"
"main","1","197","512","8","1","1024,1024,1024,1024","524288,524288,524288,524288","1024,1024,1024,1024","524288,524288,524288,524288","fused","A","8","1","5","2","4","0,2,4,6","true,true,true,true","0,0,0,0","true","true","true","avx2","0","0","0.0034154","83886080","2.45611e+10","1344005558"
"main","1","198","512","8","1","1024,1024,1024,1024","524288,524288,524288,524288","1024,1024,1024,1024","524288,524288,524288,524288","fused","B","8","1","5","2","4","0,2,4,6","true,true,true,true","0,0,0,0","true","true","true","avx2","0","0","0.0088681","83886080","9.45931e+09","1344005558"
"main","1","199","512","8","1","1024,1024,1024,1024","524288,524288,524288,524288","1024,1024,1024,1024","524288,524288,524288,524288","repeat","A","8","1","5","2","4","0,2,4,6","true,true,true,true","0,0,0,0","true","true","true","avx2","0","0","0.0049402","83886080","1.69803e+10","1344005558"
"main","1","200","512","8","1","1024,1024,1024,1024","524288,524288,524288,524288","1024,1024,1024,1024","524288,524288,524288,524288","repeat","B","8","1","5","2","4","0,2,4,6","true,true,true,true","0,0,0,0","true","true","true","avx2","0","0","0.0061702","83886080","1.35954e+10","1344005558"
"main","1","201","512","8","2","1024,1024,1024,1024","524288,524288,524288,524288","1024,1024,1024,1024","524288,524288,524288,524288","fused","A","8","1","5","2","4","0,2,4,6","true,true,true,true","0,0,0,0","true","true","true","avx2","0","0","0.0122069","167772160","1.3744e+10","1344005558"
"main","1","202","512","8","2","1024,1024,1024,1024","1048576,1048576,1048576,1048576","1024,1024,1024,1024","1048576,1048576,1048576,1048576","fused","B","8","1","5","2","4","0,2,4,6","true,true,true,true","0,0,0,0","true","true","true","avx2","0","0","0.0106577","167772160","1.57419e+10","5391324698"
"main","1","203","512","8","2","1024,1024,1024,1024","524288,524288,524288,524288","1024,1024,1024,1024","524288,524288,524288,524288","repeat","A","8","1","5","2","4","0,2,4,6","true,true,true,true","0,0,0,0","true","true","true","avx2","0","0","0.0127679","167772160","1.31402e+10","1344005558"
"main","1","204","512","8","2","1024,1024,1024,1024","1048576,1048576,1048576,1048576","1024,1024,1024,1024","1048576,1048576,1048576,1048576","repeat","B","8","1","5","2","4","0,2,4,6","true,true,true,true","0,0,0,0","true","true","true","avx2","0","0","0.0050117","167772160","3.34761e+10","5391324698"
"main","1","205","512","8","4","1024,1024,1024,1024","524288,524288,524288,524288","1024,1024,1024,1024","524288,524288,524288,524288","fused","A","8","1","5","2","4","0,2,4,6","true,true,true,true","0,0,0,0","true","true","true","avx2","0","0","0.0254446","335544320","1.31873e+10","1344005558"
"main","1","206","512","8","4","1024,1024,1024,1024","2097152,2097152,2097152,2097152","1024,1024,1024,1024","2097152,2097152,2097152,2097152","fused","B","8","1","5","2","4","0,2,4,6","true,true,true,true","0,0,0,0","true","true","true","avx2","0","0","0.0213515","335544320","1.57153e+10","7439516418"
"main","1","207","512","8","4","1024,1024,1024,1024","524288,524288,524288,524288","1024,1024,1024,1024","524288,524288,524288,524288","repeat","A","8","1","5","2","4","0,2,4,6","true,true,true,true","0,0,0,0","true","true","true","avx2","0","0","0.013274","335544320","2.52783e+10","1344005558"
"main","1","208","512","8","4","1024,1024,1024,1024","2097152,2097152,2097152,2097152","1024,1024,1024,1024","2097152,2097152,2097152,2097152","repeat","B","8","1","5","2","4","0,2,4,6","true,true,true,true","0,0,0,0","true","true","true","avx2","0","0","0.0159593","335544320","2.1025e+10","7439516418"
"main","1","209","512","8","8","1024,1024,1024,1024","524288,524288,524288,524288","1024,1024,1024,1024","524288,524288,524288,524288","fused","A","8","1","5","2","4","0,2,4,6","true,true,true,true","0,0,0,0","true","true","true","avx2","0","0","0.0466298","671088640","1.43918e+10","1344005558"
"main","1","210","512","8","8","1024,1024,1024,1024","4194304,4194304,4194304,4194304","1024,1024,1024,1024","4194304,4194304,4194304,4194304","fused","B","8","1","5","2","4","0,2,4,6","true,true,true,true","0,0,0,0","true","true","true","avx2","0","0","0.0278854","671088640","2.40659e+10","18446744070912557479"
"main","1","211","512","8","8","1024,1024,1024,1024","524288,524288,524288,524288","1024,1024,1024,1024","524288,524288,524288,524288","repeat","A","8","1","5","2","4","0,2,4,6","true,true,true,true","0,0,0,0","true","true","true","avx2","0","0","0.0291193","671088640","2.30462e+10","1344005558"
"main","1","212","512","8","8","1024,1024,1024,1024","4194304,4194304,4194304,4194304","1024,1024,1024,1024","4194304,4194304,4194304,4194304","repeat","B","8","1","5","2","4","0,2,4,6","true,true,true,true","0,0,0,0","true","true","true","avx2","0","0","0.0201401","671088640","3.3321e+10","18446744070912557479"
"main","1","213","512","8","16","1024,1024,1024,1024","524288,524288,524288,524288","1024,1024,1024,1024","524288,524288,524288,524288","fused","A","8","1","5","2","4","0,2,4,6","true,true,true,true","0,0,0,0","true","true","true","avx2","0","0","0.0656419","1342177280","2.0447e+10","1344005558"
"main","1","214","512","8","16","1024,1024,1024,1024","8388608,8388608,8388608,8388608","1024,1024,1024,1024","8388608,8388608,8388608,8388608","fused","B","8","1","5","2","4","0,2,4,6","true,true,true,true","0,0,0,0","true","true","true","avx2","0","0","0.0849622","1342177280","1.57973e+10","18446744071836486043"
"main","1","215","512","8","16","1024,1024,1024,1024","524288,524288,524288,524288","1024,1024,1024,1024","524288,524288,524288,524288","repeat","A","8","1","5","2","4","0,2,4,6","true,true,true,true","0,0,0,0","true","true","true","avx2","0","0","0.0556968","1342177280","2.40979e+10","1344005558"
"main","1","216","512","8","16","1024,1024,1024,1024","8388608,8388608,8388608,8388608","1024,1024,1024,1024","8388608,8388608,8388608,8388608","repeat","B","8","1","5","2","4","0,2,4,6","true,true,true,true","0,0,0,0","true","true","true","avx2","0","0","0.0525433","1342177280","2.55442e+10","18446744071836486043"
"main","1","217","512","16","1","1024,1024,1024,1024","524288,524288,524288,524288","1024,1024,1024,1024","524288,524288,524288,524288","fused","A","8","1","5","2","4","0,2,4,6","true,true,true,true","0,0,0,0","true","true","true","avx2","0","0","0.011034","167772160","1.5205e+10","18446744070659756371"
"main","1","218","512","16","1","1024,1024,1024,1024","524288,524288,524288,524288","1024,1024,1024,1024","524288,524288,524288,524288","fused","B","8","1","5","2","4","0,2,4,6","true,true,true,true","0,0,0,0","true","true","true","avx2","0","0","0.0074149","167772160","2.26264e+10","18446744070659756371"
"main","1","219","512","16","1","1024,1024,1024,1024","524288,524288,524288,524288","1024,1024,1024,1024","524288,524288,524288,524288","repeat","A","8","1","5","2","4","0,2,4,6","true,true,true,true","0,0,0,0","true","true","true","avx2","0","0","0.0051234","167772160","3.27463e+10","18446744070659756371"
"main","1","220","512","16","1","1024,1024,1024,1024","524288,524288,524288,524288","1024,1024,1024,1024","524288,524288,524288,524288","repeat","B","8","1","5","2","4","0,2,4,6","true,true,true,true","0,0,0,0","true","true","true","avx2","0","0","0.005043","167772160","3.32683e+10","18446744070659756371"
"main","1","221","512","16","2","1024,1024,1024,1024","524288,524288,524288,524288","1024,1024,1024,1024","524288,524288,524288,524288","fused","A","8","1","5","2","4","0,2,4,6","true,true,true,true","0,0,0,0","true","true","true","avx2","0","0","0.0139621","335544320","2.40325e+10","18446744070659756371"
"main","1","222","512","16","2","1024,1024,1024,1024","1048576,1048576,1048576,1048576","1024,1024,1024,1024","1048576,1048576,1048576,1048576","fused","B","8","1","5","2","4","0,2,4,6","true,true,true,true","0,0,0,0","true","true","true","avx2","0","0","0.0122162","335544320","2.74672e+10","16726293068"
"main","1","223","512","16","2","1024,1024,1024,1024","524288,524288,524288,524288","1024,1024,1024,1024","524288,524288,524288,524288","repeat","A","8","1","5","2","4","0,2,4,6","true,true,true,true","0,0,0,0","true","true","true","avx2","0","0","0.0111458","335544320","3.0105e+10","18446744070659756371"
"main","1","224","512","16","2","1024,1024,1024,1024","1048576,1048576,1048576,1048576","1024,1024,1024,1024","1048576,1048576,1048576,1048576","repeat","B","8","1","5","2","4","0,2,4,6","true,true,true,true","0,0,0,0","true","true","true","avx2","0","0","0.0119439","335544320","2.80934e+10","16726293068"
"main","1","225","512","16","4","1024,1024,1024,1024","524288,524288,524288,524288","1024,1024,1024,1024","524288,524288,524288,524288","fused","A","8","1","5","2","4","0,2,4,6","true,true,true,true","0,0,0,0","true","true","true","avx2","0","0","0.0273412","671088640","2.4545e+10","18446744070659756371"
"main","1","226","512","16","4","1024,1024,1024,1024","2097152,2097152,2097152,2097152","1024,1024,1024,1024","2097152,2097152,2097152,2097152","fused","B","8","1","5","2","4","0,2,4,6","true,true,true,true","0,0,0,0","true","true","true","avx2","0","0","0.0263298","671088640","2.54878e+10","13200890138"
"main","1","227","512","16","4","1024,1024,1024,1024","524288,524288,524288,524288","1024,1024,1024,1024","524288,524288,524288,524288","repeat","A","8","1","5","2","4","0,2,4,6","true,true,true,true","0,0,0,0","true","true","true","avx2","0","0","0.0323657","671088640","2.07346e+10","18446744070659756371"
"main","1","228","512","16","4","1024,1024,1024,1024","2097152,2097152,2097152,2097152","1024,1024,1024,1024","2097152,2097152,2097152,2097152","repeat","B","8","1","5","2","4","0,2,4,6","true,true,true,true","0,0,0,0","true","true","true","avx2","0","0","0.0254587","671088640","2.63599e+10","13200890138"
"main","1","229","512","16","8","1024,1024,1024,1024","524288,524288,524288,524288","1024,1024,1024,1024","524288,524288,524288,524288","fused","A","8","1","5","2","4","0,2,4,6","true,true,true,true","0,0,0,0","true","true","true","avx2","0","0","0.0706794","1342177280","1.89897e+10","18446744070659756371"
"main","1","230","512","16","8","1024,1024,1024,1024","4194304,4194304,4194304,4194304","1024,1024,1024,1024","4194304,4194304,4194304,4194304","fused","B","8","1","5","2","4","0,2,4,6","true,true,true,true","0,0,0,0","true","true","true","avx2","0","0","0.0701787","1342177280","1.91251e+10","6734433848"
"main","1","231","512","16","8","1024,1024,1024,1024","524288,524288,524288,524288","1024,1024,1024,1024","524288,524288,524288,524288","repeat","A","8","1","5","2","4","0,2,4,6","true,true,true,true","0,0,0,0","true","true","true","avx2","0","0","0.0525349","1342177280","2.55483e+10","18446744070659756371"
"main","1","232","512","16","8","1024,1024,1024,1024","4194304,4194304,4194304,4194304","1024,1024,1024,1024","4194304,4194304,4194304,4194304","repeat","B","8","1","5","2","4","0,2,4,6","true,true,true,true","0,0,0,0","true","true","true","avx2","0","0","0.0517477","1342177280","2.59369e+10","6734433848"
"main","1","233","512","16","16","1024,1024,1024,1024","524288,524288,524288,524288","1024,1024,1024,1024","524288,524288,524288,524288","fused","A","8","1","5","2","4","0,2,4,6","true,true,true,true","0,0,0,0","true","true","true","avx2","0","0","0.139152","2684354560","1.92908e+10","18446744070659756371"
"main","1","234","512","16","16","1024,1024,1024,1024","8388608,8388608,8388608,8388608","1024,1024,1024,1024","8388608,8388608,8388608,8388608","fused","B","8","1","5","2","4","0,2,4,6","true,true,true,true","0,0,0,0","true","true","true","avx2","0","0","0.14589","2684354560","1.83999e+10","18446744066805120955"
"main","1","235","512","16","16","1024,1024,1024,1024","524288,524288,524288,524288","1024,1024,1024,1024","524288,524288,524288,524288","repeat","A","8","1","5","2","4","0,2,4,6","true,true,true,true","0,0,0,0","true","true","true","avx2","0","0","0.120235","2684354560","2.23259e+10","18446744070659756371"
"main","1","236","512","16","16","1024,1024,1024,1024","8388608,8388608,8388608,8388608","1024,1024,1024,1024","8388608,8388608,8388608,8388608","repeat","B","8","1","5","2","4","0,2,4,6","true,true,true,true","0,0,0,0","true","true","true","avx2","0","0","0.116602","2684354560","2.30215e+10","18446744066805120955"
"main","1","237","512","1","1","1280,1280,1280,1280","655360,655360,655360,655360","1280,1280,1280,1280","655360,655360,655360,655360","fused","A","8","1","5","2","4","0,2,4,6","true,true,true,true","0,0,0,0","true","true","true","avx2","0","0","0.0019849","13107200","6.60346e+09","64670729"
"main","1","238","512","1","1","1280,1280,1280,1280","655360,655360,655360,655360","1280,1280,1280,1280","655360,655360,655360,655360","fused","B","8","1","5","2","4","0,2,4,6","true,true,true,true","0,0,0,0","true","true","true","avx2","0","0","0.0037089","13107200","3.53399e+09","64670729"
"main","1","239","512","1","1","1280,1280,1280,1280","655360,655360,655360,655360","1280,1280,1280,1280","655360,655360,655360,655360","repeat","A","8","1","5","2","4","0,2,4,6","true,true,true,true","0,0,0,0","true","true","true","avx2","0","0","0.0012864","13107200","1.01891e+10","64670729"
"main","1","240","512","1","1","1280,1280,1280,1280","655360,655360,655360,655360","1280,1280,1280,1280","655360,655360,655360,655360","repeat","B","8","1","5","2","4","0,2,4,6","true,true,true,true","0,0,0,0","true","true","true","avx2","0","0","0.0007198","13107200","1.82095e+10","64670729"
"main","1","241","512","1","2","1280,1280,1280,1280","655360,655360,655360,655360","1280,1280,1280,1280","655360,655360,655360,655360","fused","A","8","1","5","2","4","0,2,4,6","true,true,true,true","0,0,0,0","true","true","true","avx2","0","0","0.004411","26214400","5.94296e+09","64670729"
"main","1","242","512","1","2","1280,1280,1280,1280","1310720,1310720,1310720,1310720","1280,1280,1280,1280","1310720,1310720,1310720,1310720","fused","B","8","1","5","2","4","0,2,4,6","true,true,true,true","0,0,0,0","true","true","true","avx2","0","0","0.0041031","26214400","6.38893e+09","754139901"
"main","1","243","512","1","2","1280,1280,1280,1280","655360,655360,655360,655360","1280,1280,1280,1280","655360,655360,655360,655360","repeat","A","8","1","5","2","4","0,2,4,6","true,true,true,true","0,0,0,0","true","true","true","avx2","0","0","0.0017628","26214400","1.48709e+10","64670729"
"main","1","244","512","1","2","1280,1280,1280,1280","1310720,1310720,1310720,1310720","1280,1280,1280,1280","1310720,1310720,1310720,1310720","repeat","B","8","1","5","2","4","0,2,4,6","true,true,true,true","0,0,0,0","true","true","true","avx2","0","0","0.0016064","26214400","1.63187e+10","754139901"
"main","1","245","512","1","4","1280,1280,1280,1280","655360,655360,655360,655360","1280,1280,1280,1280","655360,655360,655360,655360","fused","A","8","1","5","2","4","0,2,4,6","true,true,true,true","0,0,0,0","true","true","true","avx2","0","0","0.0061092","52428800","8.58194e+09","64670729"
"main","1","246","512","1","4","1280,1280,1280,1280","2621440,2621440,2621440,2621440","1280,1280,1280,1280","2621440,2621440,2621440,2621440","fused","B","8","1","5","2","4","0,2,4,6","true,true,true,true","0,0,0,0","true","true","true","avx2","0","0","0.005971","52428800","8.78057e+09","18446744073165017443"
"main","1","247","512","1","4","1280,1280,1280,1280","655360,655360,655360,655360","1280,1280,1280,1280","655360,655360,655360,655360","repeat","A","8","1","5","2","4","0,2,4,6","true,true,true,true","0,0,0,0","true","true","true","avx2","0","0","0.002777","52428800","1.88797e+10","64670729"
"main","1","248","512","1","4","1280,1280,1280,1280","2621440,2621440,2621440,2621440","1280,1280,1280,1280","2621440,2621440,2621440,2621440","repeat","B","8","1","5","2","4","0,2,4,6","true,true,true,true","0,0,0,0","true","true","true","avx2","0","0","0.0021956","52428800","2.3879e+10","18446744073165017443"
"main","1","249","512","1","8","1280,1280,1280,1280","655360,655360,655360,655360","1280,1280,1280,1280","655360,655360,655360,655360","fused","A","8","1","5","2","4","0,2,4,6","true,true,true,true","0,0,0,0","true","true","true","avx2","0","0","0.0096617","104857600","1.08529e+10","64670729"
"main","1","250","512","1","8","1280,1280,1280,1280","5242880,5242880,5242880,5242880","1280,1280,1280,1280","5242880,5242880,5242880,5242880","fused","B","8","1","5","2","4","0,2,4,6","true,true,true,true","0,0,0,0","true","true","true","avx2","0","0","0.009593","104857600","1.09306e+10","18446744072504415719"
"main","1","251","512","1","8","1280,1280,1280,1280","655360,655360,655360,655360","1280,1280,1280,1280","655360,655360,655360,655360","repeat","A","8","1","5","2","4","0,2,4,6","true,true,true,true","0,0,0,0","true","true","true","avx2","0","0","0.0033656","104857600","3.11557e+10","64670729"
"main","1","252","512","1","8","1280,1280,1280,1280","5242880,5242880,5242880,5242880","1280,1280,1280,1280","5242880,5242880,5242880,5242880","repeat","B","8","1","5","2","4","0,2,4,6","true,true,true,true","0,0,0,0","true","true","true","avx2","0","0","0.0046672","104857600","2.24669e+10","18446744072504415719"
"main","1","253","512","1","16","1280,1280,1280,1280","655360,655360,655360,655360","1280,1280,1280,1280","655360,655360,655360,655360","fused","A","8","1","5","2","4","0,2,4,6","true,true,true,true","0,0,0,0","true","true","true","avx2","0","0","0.018372","209715200","1.14149e+10","64670729"
"main","1","254","512","1","16","1280,1280,1280,1280","10485760,10485760,10485760,10485760","1280,1280,1280,1280","10485760,10485760,10485760,10485760","fused","B","8","1","5","2","4","0,2,4,6","true,true,true,true","0,0,0,0","true","true","true","avx2","0","0","0.0213105","209715200","9.84093e+09","18446744073589481914"
"main","1","255","512","1","16","1280,1280,1280,1280","655360,655360,655360,655360","1280,1280,1280,1280","655360,655360,655360,655360","repeat","A","8","1","5","2","4","0,2,4,6","true,true,true,true","0,0,0,0","true","true","true","avx2","0","0","0.0093697","209715200","2.23823e+10","64670729"
"main","1","256","512","1","16","1280,1280,1280,1280","10485760,10485760,10485760,10485760","1280,1280,1280,1280","10485760,10485760,10485760,10485760","repeat","B","8","1","5","2","4","0,2,4,6","true,true,true,true","0,0,0,0","true","true","true","avx2","0","0","0.0078923","209715200","2.65721e+10","18446744073589481914"
"main","1","257","512","2","1","1280,1280,1280,1280","655360,655360,655360,655360","1280,1280,1280,1280","655360,655360,655360,655360","fused","A","8","1","5","2","4","0,2,4,6","true,true,true,true","0,0,0,0","true","true","true","avx2","0","0","0.0056103","26214400","4.67255e+09","312469535"
"main","1","258","512","2","1","1280,1280,1280,1280","655360,655360,655360,655360","1280,1280,1280,1280","655360,655360,655360,655360","fused","B","8","1","5","2","4","0,2,4,6","true,true,true,true","0,0,0,0","true","true","true","avx2","0","0","0.0025339","26214400","1.03455e+10","312469535"
"main","1","259","512","2","1","1280,1280,1280,1280","655360,655360,655360,655360","1280,1280,1280,1280","655360,655360,655360,655360","repeat","A","8","1","5","2","4","0,2,4,6","true,true,true,true","0,0,0,0","true","true","true","avx2","0","0","0.0013499","26214400","1.94195e+10","312469535"
"main","1","260","512","2","1","1280,1280,1280,1280","655360,655360,655360,655360","1280,1280,1280,1280","655360,655360,655360,655360","repeat","B","8","1","5","2","4","0,2,4,6","true,true,true,true","0,0,0,0","true","true","true","avx2","0","0","0.0014113","26214400","1.85746e+10","312469535"
"main","1","261","512","2","2","1280,1280,1280,1280","655360,655360,655360,655360","1280,1280,1280,1280","655360,655360,655360,655360","fused","A","8","1","5","2","4","0,2,4,6","true,true,true,true","0,0,0,0","true","true","true","avx2","0","0","0.004963","52428800","1.05639e+10","312469535"
"main","1","262","512","2","2","1280,1280,1280,1280","1310720,1310720,1310720,1310720","1280,1280,1280,1280","1310720,1310720,1310720,1310720","fused","B","8","1","5","2","4","0,2,4,6","true,true,true,true","0,0,0,0","true","true","true","avx2","0","0","0.0119002","52428800","4.40571e+09","1128515030"
"main","1","263","512","2","2","1280,1280,1280,1280","655360,655360,655360,655360","1280,1280,1280,1280","655360,655360,655360,655360","repeat","A","8","1","5","2","4","0,2,4,6","true,true,true,true","0,0,0,0","true","true","true","avx2","0","0","0.0026562","52428800","1.97383e+10","312469535"
"main","1","264","512","2","2","1280,1280,1280,1280","1310720,1310720,1310720,1310720","1280,1280,1280,1280","1310720,1310720,1310720,1310720","repeat","B","8","1","5","2","4","0,2,4,6","true,true,true,true","0,0,0,0","true","true","true","avx2","0","0","0.0023545","52428800","2.22675e+10","1128515030"
"main","1","265","512","2","4","1280,1280,1280,1280","655360,655360,655360,655360","1280,1280,1280,1280","655360,655360,655360,655360","fused","A","8","1","5","2","4","0,2,4,6","true,true,true,true","0,0,0,0","true","true","true","avx2","0","0","0.007488","104857600","1.40034e+10","312469535"
"main","1","266","512","2","4","1280,1280,1280,1280","2621440,2621440,2621440,2621440","1280,1280,1280,1280","2621440,2621440,2621440,2621440","fused","B","8","1","5","2","4","0,2,4,6","true,true,true,true","0,0,0,0","true","true","true","avx2","0","0","0.0084937","104857600","1.23453e+10","276028611"
"main","1","267","512","2","4","1280,1280,1280,1280","655360,655360,655360,655360","1280,1280,1280,1280","655360,655360,655360,655360","repeat","A","8","1","5","2","4","0,2,4,6","true,true,true,true","0,0,0,0","true","true","true","avx2","0","0","0.0049921","104857600","2.10047e+10","312469535"
"main","1","268","512","2","4","1280,1280,1280,1280","2621440,2621440,2621440,2621440","1280,1280,1280,1280","2621440,2621440,2621440,2621440","repeat","B","8","1","5","2","4","0,2,4,6","true,true,true,true","0,0,0,0","true","true","true","avx2","0","0","0.003231","104857600","3.24536e+10","276028611"
"main","1","269","512","2","8","1280,1280,1280,1280","655360,655360,655360,655360","1280,1280,1280,1280","655360,655360,655360,655360","fused","A","8","1","5","2","4","0,2,4,6","true,true,true,true","0,0,0,0","true","true","true","avx2","0","0","0.0187993","209715200","1.11555e+10","312469535"
"main","1","270","512","2","8","1280,1280,1280,1280","5242880,5242880,5242880,5242880","1280,1280,1280,1280","5242880,5242880,5242880,5242880","fused","B","8","1","5","2","4","0,2,4,6","true,true,true,true","0,0,0,0","true","true","true","avx2","0","0","0.014349","209715200","1.46153e+10","1893773"
"main","1","271","512","2","8","1280,1280,1280,1280","655360,655360,655360,655360","1280,1280,1280,1280","655360,655360,655360,655360","repeat","A","8","1","5","2","4","0,2,4,6","true,true,true,true","0,0,0,0","true","true","true","avx2","0","0","0.0114196","209715200","1.83645e+10","312469535"
"main","1","272","512","2","8","1280,1280,1280,1280","5242880,5242880,5242880,5242880","1280,1280,1280,1280","5242880,5242880,5242880,5242880","repeat","B","8","1","5","2","4","0,2,4,6","true,true,true,true","0,0,0,0","true","true","true","avx2","0","0","0.0111989","209715200","1.87264e+10","1893773"
"main","1","273","512","2","16","1280,1280,1280,1280","655360,655360,655360,655360","1280,1280,1280,1280","655360,655360,655360,655360","fused","A","8","1","5","2","4","0,2,4,6","true,true,true,true","0,0,0,0","true","true","true","avx2","0","0","0.0279667","419430400","1.49975e+10","312469535"
"main","1","274","512","2","16","1280,1280,1280,1280","10485760,10485760,10485760,10485760","1280,1280,1280,1280","10485760,10485760,10485760,10485760","fused","B","8","1","5","2","4","0,2,4,6","true,true,true,true","0,0,0,0","true","true","true","avx2","0","0","0.0288967","419430400","1.45148e+10","209099342"
"main","1","275","512","2","16","1280,1280,1280,1280","655360,655360,655360,655360","1280,1280,1280,1280","655360,655360,655360,655360","repeat","A","8","1","5","2","4","0,2,4,6","true,true,true,true","0,0,0,0","true","true","true","avx2","0","0","0.0157388","419430400","2.66495e+10","312469535"
"main","1","276","512","2","16","1280,1280,1280,1280","10485760,10485760,10485760,10485760","1280,1280,1280,1280","10485760,10485760,10485760,10485760","repeat","B","8","1","5","2","4","0,2,4,6","true,true,true,true","0,0,0,0","true","true","true","avx2","0","0","0.017996","419430400","2.33069e+10","209099342"
"main","1","277","512","4","1","1280,1280,1280,1280","655360,655360,655360,655360","1280,1280,1280,1280","655360,655360,655360,655360","fused","A","8","1","5","2","4","0,2,4,6","true,true,true,true","0,0,0,0","true","true","true","avx2","0","0","0.0046577","52428800","1.12564e+10","1672557422"
"main","1","278","512","4","1","1280,1280,1280,1280","655360,655360,655360,655360","1280,1280,1280,1280","655360,655360,655360,655360","fused","B","8","1","5","2","4","0,2,4,6","true,true,true,true","0,0,0,0","true","true","true","avx2","0","0","0.0026175","52428800","2.00301e+10","1672557422"
"main","1","279","512","4","1","1280,1280,1280,1280","655360,655360,655360,655360","1280,1280,1280,1280","655360,655360,655360,655360","repeat","A","8","1","5","2","4","0,2,4,6","true,true,true,true","0,0,0,0","true","true","true","avx2","0","0","0.0036327","52428800","1.44325e+10","1672557422"
"main","1","280","512","4","1","1280,1280,1280,1280","655360,655360,655360,655360","1280,1280,1280,1280","655360,655360,655360,655360","repeat","B","8","1","5","2","4","0,2,4,6","true,true,true,true","0,0,0,0","true","true","true","avx2","0","0","0.0020112","52428800","2.60684e+10","1672557422"
"main","1","281","512","4","2","1280,1280,1280,1280","655360,655360,655360,655360","1280,1280,1280,1280","655360,655360,655360,655360","fused","A","8","1","5","2","4","0,2,4,6","true,true,true,true","0,0,0,0","true","true","true","avx2","0","0","0.0042175","104857600","2.48625e+10","1672557422"
"main","1","282","512","4","2","1280,1280,1280,1280","1310720,1310720,1310720,1310720","1280,1280,1280,1280","1310720,1310720,1310720,1310720","fused","B","8","1","5","2","4","0,2,4,6","true,true,true,true","0,0,0,0","true","true","true","avx2","0","0","0.0056063","104857600","1.87035e+10","18446744072295582924"
"main","1","283","512","4","2","1280,1280,1280,1280","655360,655360,655360,655360","1280,1280,1280,1280","655360,655360,655360,655360","repeat","A","8","1","5","2","4","0,2,4,6","true,true,true,true","0,0,0,0","true","true","true","avx2","0","0","0.0040725","104857600","2.57477e+10","1672557422"
"main","1","284","512","4","2","1280,1280,1280,1280","1310720,1310720,1310720,1310720","1280,1280,1280,1280","1310720,1310720,1310720,1310720","repeat","B","8","1","5","2","4","0,2,4,6","true,true,true,true","0,0,0,0","true","true","true","avx2","0","0","0.0038933","104857600","2.69328e+10","18446744072295582924"
"main","1","285","512","4","4","1280,1280,1280,1280","655360,655360,655360,655360","1280,1280,1280,1280","655360,655360,655360,655360","fused","A","8","1","5","2","4","0,2,4,6","true,true,true,true","0,0,0,0","true","true","true","avx2","0","0","0.0089917","209715200","2.33232e+10","1672557422"
"main","1","286","512","4","4","1280,1280,1280,1280","2621440,2621440,2621440,2621440","1280,1280,1280,1280","2621440,2621440,2621440,2621440","fused","B","8","1","5","2","4","0,2,4,6","true,true,true,true","0,0,0,0","true","true","true","avx2","0","0","0.0095148","209715200","2.20409e+10","1764999926"
"main","1","287","512","4","4","1280,1280,1280,1280","655360,655360,655360,655360","1280,1280,1280,1280","655360,655360,655360,655360","repeat","A","8","1","5","2","4","0,2,4,6","true,true,true,true","0,0,0,0","true","true","true","avx2","0","0","0.006392","209715200","3.2809e+10","1672557422"
"main","1","288","512","4","4","1280,1280,1280,1280","2621440,2621440,2621440,2621440","1280,1280,1280,1280","2621440,2621440,2621440,2621440","repeat","B","8","1","5","2","4","0,2,4,6","true,true,true,true","0,0,0,0","true","true","true","avx2","0","0","0.0071595","209715200","2.92919e+10","1764999926"
"main","1","289","512","4","8","1280,1280,1280,1280","655360,655360,655360,655360","1280,1280,1280,1280","655360,655360,655360,655360","fused","A","8","1","5","2","4","0,2,4,6","true,true,true,true","0,0,0,0","true","true","true","avx2","0","0","0.0244062","419430400","1.71854e+10","1672557422"
"main","1","290","512","4","8","1280,1280,1280,1280","5242880,5242880,5242880,5242880","1280,1280,1280,1280","5242880,5242880,5242880,5242880","fused","B","8","1","5","2","4","0,2,4,6","true,true,true,true","0,0,0,0","true","true","true","avx2","0","0","0.0288922","419430400","1.45171e+10","2958664132"
"main","1","291","512","4","8","1280,1280,1280,1280","655360,655360,655360,655360","1280,1280,1280,1280","655360,655360,655360,655360","repeat","A","8","1","5","2","4","0,2,4,6","true,true,true,true","0,0,0,0","true","true","true","avx2","0","0","0.0184433","419430400","2.27416e+10","1672557422"
"main","1","292","512","4","8","1280,1280,1280,1280","5242880,5242880,5242880,5242880","1280,1280,1280,1280","5242880,5242880,5242880,5242880","repeat","B","8","1","5","2","4","0,2,4,6","true,true,true,true","0,0,0,0","true","true","true","avx2","0","0","0.0190385","419430400","2.20306e+10","2958664132"
"main","1","293","512","4","16","1280,1280,1280,1280","655360,655360,655360,655360","1280,1280,1280,1280","655360,655360,655360,655360","fused","A","8","1","5","2","4","0,2,4,6","true,true,true,true","0,0,0,0","true","true","true","avx2","0","0","0.0423878","838860800","1.97901e+10","1672557422"
"main","1","294","512","4","16","1280,1280,1280,1280","10485760,10485760,10485760,10485760","1280,1280,1280,1280","10485760,10485760,10485760,10485760","fused","B","8","1","5","2","4","0,2,4,6","true,true,true,true","0,0,0,0","true","true","true","avx2","0","0","0.0631878","838860800","1.32757e+10","18446744071828584630"
"main","1","295","512","4","16","1280,1280,1280,1280","655360,655360,655360,655360","1280,1280,1280,1280","655360,655360,655360,655360","repeat","A","8","1","5","2","4","0,2,4,6","true,true,true,true","0,0,0,0","true","true","true","avx2","0","0","0.0419747","838860800","1.99849e+10","1672557422"
"main","1","296","512","4","16","1280,1280,1280,1280","10485760,10485760,10485760,10485760","1280,1280,1280,1280","10485760,10485760,10485760,10485760","repeat","B","8","1","5","2","4","0,2,4,6","true,true,true,true","0,0,0,0","true","true","true","avx2","0","0","0.0383817","838860800","2.18557e+10","18446744071828584630"
"main","1","297","512","8","1","1280,1280,1280,1280","655360,655360,655360,655360","1280,1280,1280,1280","655360,655360,655360,655360","fused","A","8","1","5","2","4","0,2,4,6","true,true,true,true","0,0,0,0","true","true","true","avx2","0","0","0.0072964","104857600","1.43711e+10","18446744072337701929"
"main","1","298","512","8","1","1280,1280,1280,1280","655360,655360,655360,655360","1280,1280,1280,1280","655360,655360,655360,655360","fused","B","8","1","5","2","4","0,2,4,6","true,true,true,true","0,0,0,0","true","true","true","avx2","0","0","0.0047556","104857600","2.20493e+10","18446744072337701929"
"main","1","299","512","8","1","1280,1280,1280,1280","655360,655360,655360,655360","1280,1280,1280,1280","655360,655360,655360,655360","repeat","A","8","1","5","2","4","0,2,4,6","true,true,true,true","0,0,0,0","true","true","true","avx2","0","0","0.0044481","104857600","2.35736e+10","18446744072337701929"
"main","1","300","512","8","1","1280,1280,1280,1280","655360,655360,655360,655360","1280,1280,1280,1280","655360,655360,655360,655360","repeat","B","8","1","5","2","4","0,2,4,6","true,true,true,true","0,0,0,0","true","true","true","avx2","0","0","0.0052465","104857600","1.99862e+10","18446744072337701929"
"main","1","301","512","8","2","1280,1280,1280,1280","655360,655360,655360,655360","1280,1280,1280,1280","655360,655360,655360,655360","fused","A","8","1","5","2","4","0,2,4,6","true,true,true,true","0,0,0,0","true","true","true","avx2","0","0","0.0129619","209715200","1.61794e+10","18446744072337701929"
"main","1","302","512","8","2","1280,1280,1280,1280","1310720,1310720,1310720,1310720","1280,1280,1280,1280","1310720,1310720,1310720,1310720","fused","B","8","1","5","2","4","0,2,4,6","true,true,true,true","0,0,0,0","true","true","true","avx2","0","0","0.0078921","209715200","2.65728e+10","7805647793"
"main","1","303","512","8","2","1280,1280,1280,1280","655360,655360,655360,655360","1280,1280,1280,1280","655360,655360,655360,655360","repeat","A","8","1","5","2","4","0,2,4,6","true,true,true,true","0,0,0,0","true","true","true","avx2","0","0","0.0080067","209715200","2.61925e+10","18446744072337701929"
"main","1","304","512","8","2","1280,1280,1280,1280","1310720,1310720,1310720,1310720","1280,1280,1280,1280","1310720,1310720,1310720,1310720","repeat","B","8","1","5","2","4","0,2,4,6","true,true,true,true","0,0,0,0","true","true","true","avx2","0","0","0.0063779","209715200","3.28815e+10","7805647793"
"main","1","305","512","8","4","1280,1280,1280,1280","655360,655360,655360,655360","1280,1280,1280,1280","655360,655360,655360,655360","fused","A","8","1","5","2","4","0,2,4,6","true,true,true,true","0,0,0,0","true","true","true","avx2","0","0","0.0178424","419430400","2.35075e+10","18446744072337701929"
"main","1","306","512","8","4","1280,1280,1280,1280","2621440,2621440,2621440,2621440","1280,1280,1280,1280","2621440,2621440,2621440,2621440","fused","B","8","1","5","2","4","0,2,4,6","true,true,true,true","0,0,0,0","true","true","true","avx2","0","0","0.0211054","419430400","1.98731e+10","1582925711"
"main","1","307","512","8","4","1280,1280,1280,1280","655360,655360,655360,655360","1280,1280,1280,1280","655360,655360,655360,655360","repeat","A","8","1","5","2","4","0,2,4,6","true,true,true,true","0,0,0,0","true","true","true","avx2","0","0","0.0180025","419430400","2.32985e+10","18446744072337701929"
"main","1","308","512","8","4","1280,1280,1280,1280","2621440,2621440,2621440,2621440","1280,1280,1280,1280","2621440,2621440,2621440,2621440","repeat","B","8","1","5","2","4","0,2,4,6","true,true,true,true","0,0,0,0","true","true","true","avx2","0","0","0.013737","419430400","3.05329e+10","1582925711"
"main","1","309","512","8","8","1280,1280,1280,1280","655360,655360,655360,655360","1280,1280,1280,1280","655360,655360,655360,655360","fused","A","8","1","5","2","4","0,2,4,6","true,true,true,true","0,0,0,0","true","true","true","avx2","0","0","0.0374495","838860800","2.23998e+10","18446744072337701929"
"main","1","310","512","8","8","1280,1280,1280,1280","5242880,5242880,5242880,5242880","1280,1280,1280,1280","5242880,5242880,5242880,5242880","fused","B","8","1","5","2","4","0,2,4,6","true,true,true,true","0,0,0,0","true","true","true","avx2","0","0","0.0410946","838860800","2.04129e+10","18446744067971962262"
"main","1","311","512","8","8","1280,1280,1280,1280","655360,655360,655360,655360","1280,1280,1280,1280","655360,655360,655360,655360","repeat","A","8","1","5","2","4","0,2,4,6","true,true,true,true","0,0,0,0","true","true","true","avx2","0","0","0.0363445","838860800","2.30808e+10","18446744072337701929"
"main","1","312","512","8","8","1280,1280,1280,1280","5242880,5242880,5242880,5242880","1280,1280,1280,1280","5242880,5242880,5242880,5242880","repeat","B","8","1","5","2","4","0,2,4,6","true,true,true,true","0,0,0,0","true","true","true","avx2","0","0","0.0259503","838860800","3.23257e+10","18446744067971962262"
"main","1","313","512","8","16","1280,1280,1280,1280","655360,655360,655360,655360","1280,1280,1280,1280","655360,655360,655360,655360","fused","A","8","1","5","2","4","0,2,4,6","true,true,true,true","0,0,0,0","true","true","true","avx2","0","0","0.0752295","1677721600","2.23014e+10","18446744072337701929"
"main","1","314","512","8","16","1280,1280,1280,1280","10485760,10485760,10485760,10485760","1280,1280,1280,1280","10485760,10485760,10485760,10485760","fused","B","8","1","5","2","4","0,2,4,6","true,true,true,true","0,0,0,0","true","true","true","avx2","0","0","0.0877709","1677721600","1.91148e+10","18446744069624202858"
"main","1","315","512","8","16","1280,1280,1280,1280","655360,655360,655360,655360","1280,1280,1280,1280","655360,655360,655360,655360","repeat","A","8","1","5","2","4","0,2,4,6","true,true,true,true","0,0,0,0","true","true","true","avx2","0","0","0.053662","1677721600","3.12646e+10","18446744072337701929"
"main","1","316","512","8","16","1280,1280,1280,1280","10485760,10485760,10485760,10485760","1280,1280,1280,1280","10485760,10485760,10485760,10485760","repeat","B","8","1","5","2","4","0,2,4,6","true,true,true,true","0,0,0,0","true","true","true","avx2","0","0","0.0666121","1677721600","2.51864e+10","18446744069624202858"
"main","1","317","512","16","1","1280,1280,1280,1280","655360,655360,655360,655360","1280,1280,1280,1280","655360,655360,655360,655360","fused","A","8","1","5","2","4","0,2,4,6","true,true,true,true","0,0,0,0","true","true","true","avx2","0","0","0.0086305","209715200","2.42993e+10","18446744062614985960"
"main","1","318","512","16","1","1280,1280,1280,1280","655360,655360,655360,655360","1280,1280,1280,1280","655360,655360,655360,655360","fused","B","8","1","5","2","4","0,2,4,6","true,true,true,true","0,0,0,0","true","true","true","avx2","0","0","0.0113346","209715200","1.85022e+10","18446744062614985960"
"main","1","319","512","16","1","1280,1280,1280,1280","655360,655360,655360,655360","1280,1280,1280,1280","655360,655360,655360,655360","repeat","A","8","1","5","2","4","0,2,4,6","true,true,true,true","0,0,0,0","true","true","true","avx2","0","0","0.00853","209715200","2.45856e+10","18446744062614985960"
"main","1","320","512","16","1","1280,1280,1280,1280","655360,655360,655360,655360","1280,1280,1280,1280","655360,655360,655360,655360","repeat","B","8","1","5","2","4","0,2,4,6","true,true,true,true","0,0,0,0","true","true","true","avx2","0","0","0.0066843","209715200","3.13743e+10","18446744062614985960"
"main","1","321","512","16","2","1280,1280,1280,1280","655360,655360,655360,655360","1280,1280,1280,1280","655360,655360,655360,655360","fused","A","8","1","5","2","4","0,2,4,6","true,true,true,true","0,0,0,0","true","true","true","avx2","0","0","0.0153445","419430400","2.73343e+10","18446744062614985960"
"main","1","322","512","16","2","1280,1280,1280,1280","1310720,1310720,1310720,1310720","1280,1280,1280,1280","1310720,1310720,1310720,1310720","fused","B","8","1","5","2","4","0,2,4,6","true,true,true,true","0,0,0,0","true","true","true","avx2","0","0","0.0243974","419430400","1.71916e+10","27719964145"
"main","1","323","512","16","2","1280,1280,1280,1280","655360,655360,655360,655360","1280,1280,1280,1280","655360,655360,655360,655360","repeat","A","8","1","5","2","4","0,2,4,6","true,true,true,true","0,0,0,0","true","true","true","avx2","0","0","0.0133607","419430400","3.13928e+10","18446744062614985960"
"main","1","324","512","16","2","1280,1280,1280,1280","1310720,1310720,1310720,1310720","1280,1280,1280,1280","1310720,1310720,1310720,1310720","repeat","B","8","1","5","2","4","0,2,4,6","true,true,true,true","0,0,0,0","true","true","true","avx2","0","0","0.0190673","419430400","2.19974e+10","27719964145"
"main","1","325","512","16","4","1280,1280,1280,1280","655360,655360,655360,655360","1280,1280,1280,1280","655360,655360,655360,655360","fused","A","8","1","5","2","4","0,2,4,6","true,true,true,true","0,0,0,0","true","true","true","avx2","0","0","0.0351703","838860800","2.38514e+10","18446744062614985960"
"main","1","326","512","16","4","1280,1280,1280,1280","2621440,2621440,2621440,2621440","1280,1280,1280,1280","2621440,2621440,2621440,2621440","fused","B","8","1","5","2","4","0,2,4,6","true,true,true,true","0,0,0,0","true","true","true","avx2","0","0","0.0409698","838860800","2.04751e+10","970361481"
"main","1","327","512","16","4","1280,1280,1280,1280","655360,655360,655360,655360","1280,1280,1280,1280","655360,655360,655360,655360","repeat","A","8","1","5","2","4","0,2,4,6","true,true,true,true","0,0,0,0","true","true","true","avx2","0","0","0.0288717","838860800","2.90548e+10","18446744062614985960"
"main","1","328","512","16","4","1280,1280,1280,1280","2621440,2621440,2621440,2621440","1280,1280,1280,1280","2621440,2621440,2621440,2621440","repeat","B","8","1","5","2","4","0,2,4,6","true,true,true,true","0,0,0,0","true","true","true","avx2","0","0","0.0334936","838860800","2.50454e+10","970361481"
"main","1","329","512","16","8","1280,1280,1280,1280","655360,655360,655360,655360","1280,1280,1280,1280","655360,655360,655360,655360","fused","A","8","1","5","2","4","0,2,4,6","true,true,true,true","0,0,0,0","true","true","true","avx2","0","0","0.0686543","1677721600","2.44372e+10","18446744062614985960"
"main","1","330","512","16","8","1280,1280,1280,1280","5242880,5242880,5242880,5242880","1280,1280,1280,1280","5242880,5242880,5242880,5242880","fused","B","8","1","5","2","4","0,2,4,6","true,true,true,true","0,0,0,0","true","true","true","avx2","0","0","0.0749516","1677721600","2.23841e+10","8766388434"
"main","1","331","512","16","8","1280,1280,1280,1280","655360,655360,655360,655360","1280,1280,1280,1280","655360,655360,655360,655360","repeat","A","8","1","5","2","4","0,2,4,6","true,true,true,true","0,0,0,0","true","true","true","avx2","0","0","0.0541051","1677721600","3.10086e+10","18446744062614985960"
"main","1","332","512","16","8","1280,1280,1280,1280","5242880,5242880,5242880,5242880","1280,1280,1280,1280","5242880,5242880,5242880,5242880","repeat","B","8","1","5","2","4","0,2,4,6","true,true,true,true","0,0,0,0","true","true","true","avx2","0","0","0.0689233","1677721600","2.43419e+10","8766388434"
"main","1","333","512","16","16","1280,1280,1280,1280","655360,655360,655360,655360","1280,1280,1280,1280","655360,655360,655360,655360","fused","A","8","1","5","2","4","0,2,4,6","true,true,true,true","0,0,0,0","true","true","true","avx2","0","0","0.173822","3355443200","1.93039e+10","18446744062614985960"
"main","1","334","512","16","16","1280,1280,1280,1280","10485760,10485760,10485760,10485760","1280,1280,1280,1280","10485760,10485760,10485760,10485760","fused","B","8","1","5","2","4","0,2,4,6","true,true,true,true","0,0,0,0","true","true","true","avx2","0","0","0.141975","3355443200","2.3634e+10","18446744052801052444"
"main","1","335","512","16","16","1280,1280,1280,1280","655360,655360,655360,655360","1280,1280,1280,1280","655360,655360,655360,655360","repeat","A","8","1","5","2","4","0,2,4,6","true,true,true,true","0,0,0,0","true","true","true","avx2","0","0","0.11582","3355443200","2.89713e+10","18446744062614985960"
"main","1","336","512","16","16","1280,1280,1280,1280","10485760,10485760,10485760,10485760","1280,1280,1280,1280","10485760,10485760,10485760,10485760","repeat","B","8","1","5","2","4","0,2,4,6","true,true,true,true","0,0,0,0","true","true","true","avx2","0","0","0.126712","3355443200","2.64809e+10","18446744052801052444"
"main","1","337","512","1","1","1536,1536,1536,1536","786432,786432,786432,786432","1536,1536,1536,1536","786432,786432,786432,786432","fused","A","8","1","5","2","4","0,2,4,6","true,true,true,true","0,0,0,0","true","true","true","avx2","0","0","0.0014957","15728640","1.05159e+10","18446744073456482297"
"main","1","338","512","1","1","1536,1536,1536,1536","786432,786432,786432,786432","1536,1536,1536,1536","786432,786432,786432,786432","fused","B","8","1","5","2","4","0,2,4,6","true,true,true,true","0,0,0,0","true","true","true","avx2","0","0","0.00146","15728640","1.0773e+10","18446744073456482297"
"main","1","339","512","1","1","1536,1536,1536,1536","786432,786432,786432,786432","1536,1536,1536,1536","786432,786432,786432,786432","repeat","A","8","1","5","2","4","0,2,4,6","true,true,true,true","0,0,0,0","true","true","true","avx2","0","0","0.0008886","15728640","1.77005e+10","18446744073456482297"
"main","1","340","512","1","1","1536,1536,1536,1536","786432,786432,786432,786432","1536,1536,1536,1536","786432,786432,786432,786432","repeat","B","8","1","5","2","4","0,2,4,6","true,true,true,true","0,0,0,0","true","true","true","avx2","0","0","0.0006125","15728640","2.56794e+10","18446744073456482297"
"main","1","341","512","1","2","1536,1536,1536,1536","786432,786432,786432,786432","1536,1536,1536,1536","786432,786432,786432,786432","fused","A","8","1","5","2","4","0,2,4,6","true,true,true,true","0,0,0,0","true","true","true","avx2","0","0","0.003386","31457280","9.2904e+09","18446744073456482297"
"main","1","342","512","1","2","1536,1536,1536,1536","1572864,1572864,1572864,1572864","1536,1536,1536,1536","1572864,1572864,1572864,1572864","fused","B","8","1","5","2","4","0,2,4,6","true,true,true,true","0,0,0,0","true","true","true","avx2","0","0","0.0024178","31457280","1.30107e+10","757258597"
"main","1","343","512","1","2","1536,1536,1536,1536","786432,786432,786432,786432","1536,1536,1536,1536","786432,786432,786432,786432","repeat","A","8","1","5","2","4","0,2,4,6","true,true,true,true","0,0,0,0","true","true","true","avx2","0","0","0.0015912","31457280","1.97695e+10","18446744073456482297"
"main","1","344","512","1","2","1536,1536,1536,1536","1572864,1572864,1572864,1572864","1536,1536,1536,1536","1572864,1572864,1572864,1572864","repeat","B","8","1","5","2","4","0,2,4,6","true,true,true,true","0,0,0,0","true","true","true","avx2","0","0","0.0017734","31457280","1.77384e+10","757258597"
"main","1","345","512","1","4","1536,1536,1536,1536","786432,786432,786432,786432","1536,1536,1536,1536","786432,786432,786432,786432","fused","A","8","1","5","2","4","0,2,4,6","true,true,true,true","0,0,0,0","true","true","true","avx2","0","0","0.005158","62914560","1.21975e+10","18446744073456482297"
"main","1","346","512","1","4","1536,1536,1536,1536","3145728,3145728,3145728,3145728","1536,1536,1536,1536","3145728,3145728,3145728,3145728","fused","B","8","1","5","2","4","0,2,4,6","true,true,true,true","0,0,0,0","true","true","true","avx2","0","0","0.0054985","62914560","1.14421e+10","18446744073437292286"
"main","1","347","512","1","4","1536,1536,1536,1536","786432,786432,786432,786432","1536,1536,1536,1536","786432,786432,786432,786432","repeat","A","8","1","5","2","4","0,2,4,6","true,true,true,true","0,0,0,0","true","true","true","avx2","0","0","0.0032578","62914560","1.9312e+10","18446744073456482297"
"main","1","348","512","1","4","1536,1536,1536,1536","3145728,3145728,3145728,3145728","1536,1536,1536,1536","3145728,3145728,3145728,3145728","repeat","B","8","1","5","2","4","0,2,4,6","true,true,true,true","0,0,0,0","true","true","true","avx2","0","0","0.0019078","62914560","3.29775e+10","18446744073437292286"
"main","1","349","512","1","8","1536,1536,1536,1536","786432,786432,786432,786432","1536,1536,1536,1536","786432,786432,786432,786432","fused","A","8","1","5","2","4","0,2,4,6","true,true,true,true","0,0,0,0","true","true","true","avx2","0","0","0.0140145","125829120","8.9785e+09","18446744073456482297"
"main","1","350","512","1","8","1536,1536,1536,1536","6291456,6291456,6291456,6291456","1536,1536,1536,1536","6291456,6291456,6291456,6291456","fused","B","8","1","5","2","4","0,2,4,6","true,true,true,true","0,0,0,0","true","true","true","avx2","0","0","0.0191995","125829120","6.55377e+09","18446744072290472164"
"main","1","351","512","1","8","1536,1536,1536,1536","786432,786432,786432,786432","1536,1536,1536,1536","786432,786432,786432,786432","repeat","A","8","1","5","2","4","0,2,4,6","true,true,true,true","0,0,0,0","true","true","true","avx2","0","0","0.0036374","125829120","3.45931e+10","18446744073456482297"
"main","1","352","512","1","8","1536,1536,1536,1536","6291456,6291456,6291456,6291456","1536,1536,1536,1536","6291456,6291456,6291456,6291456","repeat","B","8","1","5","2","4","0,2,4,6","true,true,true,true","0,0,0,0","true","true","true","avx2","0","0","0.0040396","125829120","3.11489e+10","18446744072290472164"
"main","1","353","512","1","16","1536,1536,1536,1536","786432,786432,786432,786432","1536,1536,1536,1536","786432,786432,786432,786432","fused","A","8","1","5","2","4","0,2,4,6","true,true,true,true","0,0,0,0","true","true","true","avx2","0","0","0.0274493","251658240","9.16811e+09","18446744073456482297"
"main","1","354","512","1","16","1536,1536,1536,1536","12582912,12582912,12582912,12582912","1536,1536,1536,1536","12582912,12582912,12582912,12582912","fused","B","8","1","5","2","4","0,2,4,6","true,true,true,true","0,0,0,0","true","true","true","avx2","0","0","0.0275176","251658240","9.14536e+09","18446744073210275579"
"main","1","355","512","1","16","1536,1536,1536,1536","786432,786432,786432,786432","1536,1536,1536,1536","786432,786432,786432,786432","repeat","A","8","1","5","2","4","0,2,4,6","true,true,true,true","0,0,0,0","true","true","true","avx2","0","0","0.0143508","251658240","1.75362e+10","18446744073456482297"
"main","1","356","512","1","16","1536,1536,1536,1536","12582912,12582912,12582912,12582912","1536,1536,1536,1536","12582912,12582912,12582912,12582912","repeat","B","8","1","5","2","4","0,2,4,6","true,true,true,true","0,0,0,0","true","true","true","avx2","0","0","0.0091729","251658240","2.7435e+10","18446744073210275579"
"main","1","357","512","2","1","1536,1536,1536,1536","786432,786432,786432,786432","1536,1536,1536,1536","786432,786432,786432,786432","fused","A","8","1","5","2","4","0,2,4,6","true,true,true,true","0,0,0,0","true","true","true","avx2","0","0","0.0025834","31457280","1.21767e+10","363799935"
"main","1","358","512","2","1","1536,1536,1536,1536","786432,786432,786432,786432","1536,1536,1536,1536","786432,786432,786432,786432","fused","B","8","1","5","2","4","0,2,4,6","true,true,true,true","0,0,0,0","true","true","true","avx2","0","0","0.0016158","31457280","1.94685e+10","363799935"
"main","1","359","512","2","1","1536,1536,1536,1536","786432,786432,786432,786432","1536,1536,1536,1536","786432,786432,786432,786432","repeat","A","8","1","5","2","4","0,2,4,6","true,true,true,true","0,0,0,0","true","true","true","avx2","0","0","0.0009701","31457280","3.24268e+10","363799935"
"main","1","360","512","2","1","1536,1536,1536,1536","786432,786432,786432,786432","1536,1536,1536,1536","786432,786432,786432,786432","repeat","B","8","1","5","2","4","0,2,4,6","true,true,true,true","0,0,0,0","true","true","true","avx2","0","0","0.0009699","31457280","3.24335e+10","363799935"
"main","1","361","512","2","2","1536,1536,1536,1536","786432,786432,786432,786432","1536,1536,1536,1536","786432,786432,786432,786432","fused","A","8","1","5","2","4","0,2,4,6","true,true,true,true","0,0,0,0","true","true","true","avx2","0","0","0.0056307","62914560","1.11735e+10","363799935"
"main","1","362","512","2","2","1536,1536,1536,1536","1572864,1572864,1572864,1572864","1536,1536,1536,1536","1572864,1572864,1572864,1572864","fused","B","8","1","5","2","4","0,2,4,6","true,true,true,true","0,0,0,0","true","true","true","avx2","0","0","0.0032296","62914560","1.94806e+10","1336491476"
"main","1","363","512","2","2","1536,1536,1536,1536","786432,786432,786432,786432","1536,1536,1536,1536","786432,786432,786432,786432","repeat","A","8","1","5","2","4","0,2,4,6","true,true,true,true","0,0,0,0","true","true","true","avx2","0","0","0.0026114","62914560","2.40923e+10","363799935"
"main","1","364","512","2","2","1536,1536,1536,1536","1572864,1572864,1572864,1572864","1536,1536,1536,1536","1572864,1572864,1572864,1572864","repeat","B","8","1","5","2","4","0,2,4,6","true,true,true,true","0,0,0,0","true","true","true","avx2","0","0","0.0019056","62914560","3.30156e+10","1336491476"
"main","1","365","512","2","4","1536,1536,1536,1536","786432,786432,786432,786432","1536,1536,1536,1536","786432,786432,786432,786432","fused","A","8","1","5","2","4","0,2,4,6","true,true,true,true","0,0,0,0","true","true","true","avx2","0","0","0.0068765","125829120","1.82984e+10","363799935"
"main","1","366","512","2","4","1536,1536,1536,1536","3145728,3145728,3145728,3145728","1536,1536,1536,1536","3145728,3145728,3145728,3145728","fused","B","8","1","5","2","4","0,2,4,6","true,true,true,true","0,0,0,0","true","true","true","avx2","0","0","0.0090601","125829120","1.38883e+10","756196645"
"main","1","367","512","2","4","1536,1536,1536,1536","786432,786432,786432,786432","1536,1536,1536,1536","786432,786432,786432,786432","repeat","A","8","1","5","2","4","0,2,4,6","true,true,true,true","0,0,0,0","true","true","true","avx2","0","0","0.004042","125829120","3.11304e+10","363799935"
"main","1","368","512","2","4","1536,1536,1536,1536","3145728,3145728,3145728,3145728","1536,1536,1536,1536","3145728,3145728,3145728,3145728","repeat","B","8","1","5","2","4","0,2,4,6","true,true,true,true","0,0,0,0","true","true","true","avx2","0","0","0.0041382","125829120","3.04067e+10","756196645"
"main","1","369","512","2","8","1536,1536,1536,1536","786432,786432,786432,786432","1536,1536,1536,1536","786432,786432,786432,786432","fused","A","8","1","5","2","4","0,2,4,6","true,true,true,true","0,0,0,0","true","true","true","avx2","0","0","0.0152902","251658240","1.64588e+10","363799935"
"main","1","370","512","2","8","1536,1536,1536,1536","6291456,6291456,6291456,6291456","1536,1536,1536,1536","6291456,6291456,6291456,6291456","fused","B","8","1","5","2","4","0,2,4,6","true,true,true,true","0,0,0,0","true","true","true","avx2","0","0","0.015179","251658240","1.65794e+10","897246464"
"main","1","371","512","2","8","1536,1536,1536,1536","786432,786432,786432,786432","1536,1536,1536,1536","786432,786432,786432,786432","repeat","A","8","1","5","2","4","0,2,4,6","true,true,true,true","0,0,0,0","true","true","true","avx2","0","0","0.0075039","251658240","3.3537e+10","363799935"
"main","1","372","512","2","8","1536,1536,1536,1536","6291456,6291456,6291456,6291456","1536,1536,1536,1536","6291456,6291456,6291456,6291456","repeat","B","8","1","5","2","4","0,2,4,6","true,true,true,true","0,0,0,0","true","true","true","avx2","0","0","0.0077072","251658240","3.26524e+10","897246464"
"main","1","373","512","2","16","1536,1536,1536,1536","786432,786432,786432,786432","1536,1536,1536,1536","786432,786432,786432,786432","fused","A","8","1","5","2","4","0,2,4,6","true,true,true,true","0,0,0,0","true","true","true","avx2","0","0","0.0262407","503316480","1.91808e+10","363799935"
"main","1","374","512","2","16","1536,1536,1536,1536","12582912,12582912,12582912,12582912","1536,1536,1536,1536","12582912,12582912,12582912,12582912","fused","B","8","1","5","2","4","0,2,4,6","true,true,true,true","0,0,0,0","true","true","true","avx2","0","0","0.0316473","503316480","1.59039e+10","18446744073429959440"
"main","1","375","512","2","16","1536,1536,1536,1536","786432,786432,786432,786432","1536,1536,1536,1536","786432,786432,786432,786432","repeat","A","8","1","5","2","4","0,2,4,6","true,true,true,true","0,0,0,0","true","true","true","avx2","0","0","0.0186491","503316480","2.69888e+10","363799935"
"main","1","376","512","2","16","1536,1536,1536,1536","12582912,12582912,12582912,12582912","1536,1536,1536,1536","12582912,12582912,12582912,12582912","repeat","B","8","1","5","2","4","0,2,4,6","true,true,true,true","0,0,0,0","true","true","true","avx2","0","0","0.0151307","503316480","3.32646e+10","18446744073429959440"
"main","1","377","512","4","1","1536,1536,1536,1536","786432,786432,786432,786432","1536,1536,1536,1536","786432,786432,786432,786432","fused","A","8","1","5","2","4","0,2,4,6","true,true,true,true","0,0,0,0","true","true","true","avx2","0","0","0.0033044","62914560","1.90396e+10","4634971970"
"main","1","378","512","4","1","1536,1536,1536,1536","786432,786432,786432,786432","1536,1536,1536,1536","786432,786432,786432,786432","fused","B","8","1","5","2","4","0,2,4,6","true,true,true,true","0,0,0,0","true","true","true","avx2","0","0","0.0036439","62914560","1.72657e+10","4634971970"
"main","1","379","512","4","1","1536,1536,1536,1536","786432,786432,786432,786432","1536,1536,1536,1536","786432,786432,786432,786432","repeat","A","8","1","5","2","4","0,2,4,6","true,true,true,true","0,0,0,0","true","true","true","avx2","0","0","0.0024237","62914560","2.59581e+10","4634971970"
"main","1","380","512","4","1","1536,1536,1536,1536","786432,786432,786432,786432","1536,1536,1536,1536","786432,786432,786432,786432","repeat","B","8","1","5","2","4","0,2,4,6","true,true,true,true","0,0,0,0","true","true","true","avx2","0","0","0.0018716","62914560","3.36154e+10","4634971970"
"main","1","381","512","4","2","1536,1536,1536,1536","786432,786432,786432,786432","1536,1536,1536,1536","786432,786432,786432,786432","fused","A","8","1","5","2","4","0,2,4,6","true,true,true,true","0,0,0,0","true","true","true","avx2","0","0","0.0049297","125829120","2.55247e+10","4634971970"
"main","1","382","512","4","2","1536,1536,1536,1536","1572864,1572864,1572864,1572864","1536,1536,1536,1536","1572864,1572864,1572864,1572864","fused","B","8","1","5","2","4","0,2,4,6","true,true,true,true","0,0,0,0","true","true","true","avx2","0","0","0.0049863","125829120","2.5235e+10","18446744071461959347"
"main","1","383","512","4","2","1536,1536,1536,1536","786432,786432,786432,786432","1536,1536,1536,1536","786432,786432,786432,786432","repeat","A","8","1","5","2","4","0,2,4,6","true,true,true,true","0,0,0,0","true","true","true","avx2","0","0","0.0036903","125829120","3.40973e+10","4634971970"
"main","1","384","512","4","2","1536,1536,1536,1536","1572864,1572864,1572864,1572864","1536,1536,1536,1536","1572864,1572864,1572864,1572864","repeat","B","8","1","5","2","4","0,2,4,6","true,true,true,true","0,0,0,0","true","true","true","avx2","0","0","0.0046618","125829120","2.69915e+10","18446744071461959347"
"main","1","385","512","4","4","1536,1536,1536,1536","786432,786432,786432,786432","1536,1536,1536,1536","786432,786432,786432,786432","fused","A","8","1","5","2","4","0,2,4,6","true,true,true,true","0,0,0,0","true","true","true","avx2","0","0","0.0115336","251658240","2.18196e+10","4634971970"
"main","1","386","512","4","4","1536,1536,1536,1536","3145728,3145728,3145728,3145728","1536,1536,1536,1536","3145728,3145728,3145728,3145728","fused","B","8","1","5","2","4","0,2,4,6","true,true,true,true","0,0,0,0","true","true","true","avx2","0","0","0.0179338","251658240","1.40326e+10","3523278383"
"main","1","387","512","4","4","1536,1536,1536,1536","786432,786432,786432,786432","1536,1536,1536,1536","786432,786432,786432,786432","repeat","A","8","1","5","2","4","0,2,4,6","true,true,true,true","0,0,0,0","true","true","true","avx2","0","0","0.0095599","251658240","2.63244e+10","4634971970"
"main","1","388","512","4","4","1536,1536,1536,1536","3145728,3145728,3145728,3145728","1536,1536,1536,1536","3145728,3145728,3145728,3145728","repeat","B","8","1","5","2","4","0,2,4,6","true,true,true,true","0,0,0,0","true","true","true","avx2","0","0","0.0074896","251658240","3.3601e+10","3523278383"
"main","1","389","512","4","8","1536,1536,1536,1536","786432,786432,786432,786432","1536,1536,1536,1536","786432,786432,786432,786432","fused","A","8","1","5","2","4","0,2,4,6","true,true,true,true","0,0,0,0","true","true","true","avx2","0","0","0.0223873","503316480","2.24822e+10","4634971970"
"main","1","390","512","4","8","1536,1536,1536,1536","6291456,6291456,6291456,6291456","1536,1536,1536,1536","6291456,6291456,6291456,6291456","fused","B","8","1","5","2","4","0,2,4,6","true,true,true,true","0,0,0,0","true","true","true","avx2","0","0","0.0336887","503316480","1.49402e+10","5642924091"
"main","1","391","512","4","8","1536,1536,1536,1536","786432,786432,786432,786432","1536,1536,1536,1536","786432,786432,786432,786432","repeat","A","8","1","5","2","4","0,2,4,6","true,true,true,true","0,0,0,0","true","true","true","avx2","0","0","0.0149997","503316480","3.35551e+10","4634971970"
"main","1","392","512","4","8","1536,1536,1536,1536","6291456,6291456,6291456,6291456","1536,1536,1536,1536","6291456,6291456,6291456,6291456","repeat","B","8","1","5","2","4","0,2,4,6","true,true,true,true","0,0,0,0","true","true","true","avx2","0","0","0.0152306","503316480","3.30464e+10","5642924091"
"main","1","393","512","4","16","1536,1536,1536,1536","786432,786432,786432,786432","1536,1536,1536,1536","786432,786432,786432,786432","fused","A","8","1","5","2","4","0,2,4,6","true,true,true,true","0,0,0,0","true","true","true","avx2","0","0","0.0430515","1006632960","2.33821e+10","4634971970"
"main","1","394","512","4","16","1536,1536,1536,1536","12582912,12582912,12582912,12582912","1536,1536,1536,1536","12582912,12582912,12582912,12582912","fused","B","8","1","5","2","4","0,2,4,6","true,true,true,true","0,0,0,0","true","true","true","avx2","0","0","0.0454496","1006632960","2.21483e+10","18446744069815305151"
"main","1","395","512","4","16","1536,1536,1536,1536","786432,786432,786432,786432","1536,1536,1536,1536","786432,786432,786432,786432","repeat","A","8","1","5","2","4","0,2,4,6","true,true,true,true","0,0,0,0","true","true","true","avx2","0","0","0.0314752","1006632960","3.19818e+10","4634971970"
"main","1","396","512","4","16","1536,1536,1536,1536","12582912,12582912,12582912,12582912","1536,1536,1536,1536","12582912,12582912,12582912,12582912","repeat","B","8","1","5","2","4","0,2,4,6","true,true,true,true","0,0,0,0","true","true","true","avx2","0","0","0.0419478","1006632960","2.39973e+10","18446744069815305151"
"main","1","397","512","8","1","1536,1536,1536,1536","786432,786432,786432,786432","1536,1536,1536,1536","786432,786432,786432,786432","fused","A","8","1","5","2","4","0,2,4,6","true,true,true,true","0,0,0,0","true","true","true","avx2","0","0","0.0045315","125829120","2.77677e+10","2998922721"
"main","1","398","512","8","1","1536,1536,1536,1536","786432,786432,786432,786432","1536,1536,1536,1536","786432,786432,786432,786432","fused","B","8","1","5","2","4","0,2,4,6","true,true,true,true","0,0,0,0","true","true","true","avx2","0","0","0.0058158","125829120","2.16357e+10","2998922721"
"main","1","399","512","8","1","1536,1536,1536,1536","786432,786432,786432,786432","1536,1536,1536,1536","786432,786432,786432,786432","repeat","A","8","1","5","2","4","0,2,4,6","true,true,true,true","0,0,0,0","true","true","true","avx2","0","0","0.0036602","125829120","3.43777e+10","2998922721"
"main","1","400","512","8","1","1536,1536,1536,1536","786432,786432,786432,786432","1536,1536,1536,1536","786432,786432,786432,786432","repeat","B","8","1","5","2","4","0,2,4,6","true,true,true,true","0,0,0,0","true","true","true","avx2","0","0","0.0037778","125829120","3.33075e+10","2998922721"
"main","1","401","512","8","2","1536,1536,1536,1536","786432,786432,786432,786432","1536,1536,1536,1536","786432,786432,786432,786432","fused","A","8","1","5","2","4","0,2,4,6","true,true,true,true","0,0,0,0","true","true","true","avx2","0","0","0.0093468","251658240","2.69245e+10","2998922721"
"main","1","402","512","8","2","1536,1536,1536,1536","1572864,1572864,1572864,1572864","1536,1536,1536,1536","1572864,1572864,1572864,1572864","fused","B","8","1","5","2","4","0,2,4,6","true,true,true,true","0,0,0,0","true","true","true","avx2","0","0","0.0153599","251658240","1.63841e+10","10148185062"
"main","1","403","512","8","2","1536,1536,1536,1536","786432,786432,786432,786432","1536,1536,1536,1536","786432,786432,786432,786432","repeat","A","8","1","5","2","4","0,2,4,6","true,true,true,true","0,0,0,0","true","true","true","avx2","0","0","0.0072602","251658240","3.46627e+10","2998922721"
"main","1","404","512","8","2","1536,1536,1536,1536","1572864,1572864,1572864,1572864","1536,1536,1536,1536","1572864,1572864,1572864,1572864","repeat","B","8","1","5","2","4","0,2,4,6","true,true,true,true","0,0,0,0","true","true","true","avx2","0","0","0.0083517","251658240","3.01326e+10","10148185062"
"main","1","405","512","8","4","1536,1536,1536,1536","786432,786432,786432,786432","1536,1536,1536,1536","786432,786432,786432,786432","fused","A","8","1","5","2","4","0,2,4,6","true,true,true,true","0,0,0,0","true","true","true","avx2","0","0","0.0189537","503316480","2.65551e+10","2998922721"
"main","1","406","512","8","4","1536,1536,1536,1536","3145728,3145728,3145728,3145728","1536,1536,1536,1536","3145728,3145728,3145728,3145728","fused","B","8","1","5","2","4","0,2,4,6","true,true,true,true","0,0,0,0","true","true","true","avx2","0","0","0.0206261","503316480","2.44019e+10","2822329873"
"main","1","407","512","8","4","1536,1536,1536,1536","786432,786432,786432,786432","1536,1536,1536,1536","786432,786432,786432,786432","repeat","A","8","1","5","2","4","0,2,4,6","true,true,true,true","0,0,0,0","true","true","true","avx2","0","0","0.0270697","503316480","1.85934e+10","2998922721"
"main","1","408","512","8","4","1536,1536,1536,1536","3145728,3145728,3145728,3145728","1536,1536,1536,1536","3145728,3145728,3145728,3145728","repeat","B","8","1","5","2","4","0,2,4,6","true,true,true,true","0,0,0,0","true","true","true","avx2","0","0","0.0212922","503316480","2.36385e+10","2822329873"
"main","1","409","512","8","8","1536,1536,1536,1536","786432,786432,786432,786432","1536,1536,1536,1536","786432,786432,786432,786432","fused","A","8","1","5","2","4","0,2,4,6","true,true,true,true","0,0,0,0","true","true","true","avx2","0","0","0.0372947","1006632960","2.69913e+10","2998922721"
"main","1","410","512","8","8","1536,1536,1536,1536","6291456,6291456,6291456,6291456","1536,1536,1536,1536","6291456,6291456,6291456,6291456","fused","B","8","1","5","2","4","0,2,4,6","true,true,true,true","0,0,0,0","true","true","true","avx2","0","0","0.0422441","1006632960","2.3829e+10","18446744068521084998"
"main","1","411","512","8","8","1536,1536,1536,1536","786432,786432,786432,786432","1536,1536,1536,1536","786432,786432,786432,786432","repeat","A","8","1","5","2","4","0,2,4,6","true,true,true,true","0,0,0,0","true","true","true","avx2","0","0","0.0293906","1006632960","3.42502e+10","2998922721"
"main","1","412","512","8","8","1536,1536,1536,1536","6291456,6291456,6291456,6291456","1536,1536,1536,1536","6291456,6291456,6291456,6291456","repeat","B","8","1","5","2","4","0,2,4,6","true,true,true,true","0,0,0,0","true","true","true","avx2","0","0","0.0299779","1006632960","3.35792e+10","18446744068521084998"
"main","1","413","512","8","16","1536,1536,1536,1536","786432,786432,786432,786432","1536,1536,1536,1536","786432,786432,786432,786432","fused","A","8","1","5","2","4","0,2,4,6","true,true,true,true","0,0,0,0","true","true","true","avx2","0","0","0.0742669","2013265920","2.71085e+10","2998922721"
"main","1","414","512","8","16","1536,1536,1536,1536","12582912,12582912,12582912,12582912","1536,1536,1536,1536","12582912,12582912,12582912,12582912","fused","B","8","1","5","2","4","0,2,4,6","true,true,true,true","0,0,0,0","true","true","true","avx2","0","0","0.0805747","2013265920","2.49863e+10","18446744059760564139"
"main","1","415","512","8","16","1536,1536,1536,1536","786432,786432,786432,786432","1536,1536,1536,1536","786432,786432,786432,786432","repeat","A","8","1","5","2","4","0,2,4,6","true,true,true,true","0,0,0,0","true","true","true","avx2","0","0","0.0623198","2013265920","3.23054e+10","2998922721"
"main","1","416","512","8","16","1536,1536,1536,1536","12582912,12582912,12582912,12582912","1536,1536,1536,1536","12582912,12582912,12582912,12582912","repeat","B","8","1","5","2","4","0,2,4,6","true,true,true,true","0,0,0,0","true","true","true","avx2","0","0","0.0612807","2013265920","3.28532e+10","18446744059760564139"
"main","1","417","512","16","1","1536,1536,1536,1536","786432,786432,786432,786432","1536,1536,1536,1536","786432,786432,786432,786432","fused","A","8","1","5","2","4","0,2,4,6","true,true,true,true","0,0,0,0","true","true","true","avx2","0","0","0.0096375","251658240","2.61124e+10","18446744052867815663"
"main","1","418","512","16","1","1536,1536,1536,1536","786432,786432,786432,786432","1536,1536,1536,1536","786432,786432,786432,786432","fused","B","8","1","5","2","4","0,2,4,6","true,true,true,true","0,0,0,0","true","true","true","avx2","0","0","0.0089236","251658240","2.82014e+10","18446744052867815663"
"main","1","419","512","16","1","1536,1536,1536,1536","786432,786432,786432,786432","1536,1536,1536,1536","786432,786432,786432,786432","repeat","A","8","1","5","2","4","0,2,4,6","true,true,true,true","0,0,0,0","true","true","true","avx2","0","0","0.0073455","251658240","3.42602e+10","18446744052867815663"
"main","1","420","512","16","1","1536,1536,1536,1536","786432,786432,786432,786432","1536,1536,1536,1536","786432,786432,786432,786432","repeat","B","8","1","5","2","4","0,2,4,6","true,true,true,true","0,0,0,0","true","true","true","avx2","0","0","0.007267","251658240","3.46303e+10","18446744052867815663"
"main","1","421","512","16","2","1536,1536,1536,1536","786432,786432,786432,786432","1536,1536,1536,1536","786432,786432,786432,786432","fused","A","8","1","5","2","4","0,2,4,6","true,true,true,true","0,0,0,0","true","true","true","avx2","0","0","0.0299738","503316480","1.67919e+10","18446744052867815663"
"main","1","422","512","16","2","1536,1536,1536,1536","1572864,1572864,1572864,1572864","1536,1536,1536,1536","1572864,1572864,1572864,1572864","fused","B","8","1","5","2","4","0,2,4,6","true,true,true,true","0,0,0,0","true","true","true","avx2","0","0","0.0193949","503316480","2.5951e+10","28730091094"
"main","1","423","512","16","2","1536,1536,1536,1536","786432,786432,786432,786432","1536,1536,1536,1536","786432,786432,786432,786432","repeat","A","8","1","5","2","4","0,2,4,6","true,true,true,true","0,0,0,0","true","true","true","avx2","0","0","0.0146059","503316480","3.44598e+10","18446744052867815663"
"main","1","424","512","16","2","1536,1536,1536,1536","1572864,1572864,1572864,1572864","1536,1536,1536,1536","1572864,1572864,1572864,1572864","repeat","B","8","1","5","2","4","0,2,4,6","true,true,true,true","0,0,0,0","true","true","true","avx2","0","0","0.0148844","503316480","3.3815e+10","28730091094"
"main","1","425","512","16","4","1536,1536,1536,1536","786432,786432,786432,786432","1536,1536,1536,1536","786432,786432,786432,786432","fused","A","8","1","5","2","4","0,2,4,6","true,true,true,true","0,0,0,0","true","true","true","avx2","0","0","0.0499902","1006632960","2.01366e+10","18446744052867815663"
"main","1","426","512","16","4","1536,1536,1536,1536","3145728,3145728,3145728,3145728","1536,1536,1536,1536","3145728,3145728,3145728,3145728","fused","B","8","1","5","2","4","0,2,4,6","true,true,true,true","0,0,0,0","true","true","true","avx2","0","0","0.036411","1006632960","2.76464e+10","8725361940"
"main","1","427","512","16","4","1536,1536,1536,1536","786432,786432,786432,786432","1536,1536,1536,1536","786432,786432,786432,786432","repeat","A","8","1","5","2","4","0,2,4,6","true,true,true,true","0,0,0,0","true","true","true","avx2","0","0","0.0298021","1006632960","3.37772e+10","18446744052867815663"
"main","1","428","512","16","4","1536,1536,1536,1536","3145728,3145728,3145728,3145728","1536,1536,1536,1536","3145728,3145728,3145728,3145728","repeat","B","8","1","5","2","4","0,2,4,6","true,true,true,true","0,0,0,0","true","true","true","avx2","0","0","0.0310138","1006632960","3.24576e+10","8725361940"
"main","1","429","512","16","8","1536,1536,1536,1536","786432,786432,786432,786432","1536,1536,1536,1536","786432,786432,786432,786432","fused","A","8","1","5","2","4","0,2,4,6","true,true,true,true","0,0,0,0","true","true","true","avx2","0","0","0.0749039","2013265920","2.6878e+10","18446744052867815663"
"main","1","430","512","16","8","1536,1536,1536,1536","6291456,6291456,6291456,6291456","1536,1536,1536,1536","6291456,6291456,6291456,6291456","fused","B","8","1","5","2","4","0,2,4,6","true,true,true,true","0,0,0,0","true","true","true","avx2","0","0","0.0801796","2013265920","2.51095e+10","13883889079"
"main","1","431","512","16","8","1536,1536,1536,1536","786432,786432,786432,786432","1536,1536,1536,1536","786432,786432,786432,786432","repeat","A","8","1","5","2","4","0,2,4,6","true,true,true,true","0,0,0,0","true","true","true","avx2","0","0","0.0875662","2013265920","2.29914e+10","18446744052867815663"
"main","1","432","512","16","8","1536,1536,1536,1536","6291456,6291456,6291456,6291456","1536,1536,1536,1536","6291456,6291456,6291456,6291456","repeat","B","8","1","5","2","4","0,2,4,6","true,true,true,true","0,0,0,0","true","true","true","avx2","0","0","0.060607","2013265920","3.32184e+10","13883889079"
"main","1","433","512","16","16","1536,1536,1536,1536","786432,786432,786432,786432","1536,1536,1536,1536","786432,786432,786432,786432","fused","A","8","1","5","2","4","0,2,4,6","true,true,true,true","0,0,0,0","true","true","true","avx2","0","0","0.165397","4026531840","2.43446e+10","18446744052867815663"
"main","1","434","512","16","16","1536,1536,1536,1536","12582912,12582912,12582912,12582912","1536,1536,1536,1536","12582912,12582912,12582912,12582912","fused","B","8","1","5","2","4","0,2,4,6","true,true,true,true","0,0,0,0","true","true","true","avx2","0","0","0.157372","4026531840","2.55861e+10","18446744031198996830"
"main","1","435","512","16","16","1536,1536,1536,1536","786432,786432,786432,786432","1536,1536,1536,1536","786432,786432,786432,786432","repeat","A","8","1","5","2","4","0,2,4,6","true,true,true,true","0,0,0,0","true","true","true","avx2","0","0","0.122006","4026531840","3.30028e+10","18446744052867815663"
"main","1","436","512","16","16","1536,1536,1536,1536","12582912,12582912,12582912,12582912","1536,1536,1536,1536","12582912,12582912,12582912,12582912","repeat","B","8","1","5","2","4","0,2,4,6","true,true,true,true","0,0,0,0","true","true","true","avx2","0","0","0.151916","4026531840","2.6505e+10","18446744031198996830"
"control-C","1","437","512","1","16","1024,1024,1024,1024","524288,524288,524288,524288","1024,1024,1024,1024","524288,524288,524288,524288","fused","C","8","1","5","2","4","0,2,4,6","true,true,true,true","0,0,0,0","true","true","true","avx2","67108864","8846025812500021248","0.0378402","167772160","4.4337e+09","240383804"
"control-C","1","438","512","1","16","1024,1024,1024,1024","524288,524288,524288,524288","1024,1024,1024,1024","524288,524288,524288,524288","repeat","C","8","1","5","2","4","0,2,4,6","true,true,true,true","0,0,0,0","true","true","true","avx2","67108864","8846025812500021248","0.015931","167772160","1.05312e+10","240383804"
"control-C","1","439","512","8","16","1024,1024,1024,1024","524288,524288,524288,524288","1024,1024,1024,1024","524288,524288,524288,524288","fused","C","8","1","5","2","4","0,2,4,6","true,true,true,true","0,0,0,0","true","true","true","avx2","67108864","8846025812500021248","0.0709715","1342177280","1.89115e+10","1344005558"
"control-C","1","440","512","8","16","1024,1024,1024,1024","524288,524288,524288,524288","1024,1024,1024,1024","524288,524288,524288,524288","repeat","C","8","1","5","2","4","0,2,4,6","true,true,true,true","0,0,0,0","true","true","true","avx2","67108864","8846025812500021248","0.059259","1342177280","2.26493e+10","1344005558"
"control-C","1","441","512","16","16","1024,1024,1024,1024","524288,524288,524288,524288","1024,1024,1024,1024","524288,524288,524288,524288","fused","C","8","1","5","2","4","0,2,4,6","true,true,true,true","0,0,0,0","true","true","true","avx2","67108864","8846025812500021248","0.125137","2684354560","2.14513e+10","18446744070659756371"
"control-C","1","442","512","16","16","1024,1024,1024,1024","524288,524288,524288,524288","1024,1024,1024,1024","524288,524288,524288,524288","repeat","C","8","1","5","2","4","0,2,4,6","true,true,true,true","0,0,0,0","true","true","true","avx2","67108864","8846025812500021248","0.10013","2684354560","2.68086e+10","18446744070659756371"
"control-C","1","443","512","1","16","1536,1536,1536,1536","786432,786432,786432,786432","1536,1536,1536,1536","786432,786432,786432,786432","fused","C","8","1","5","2","4","0,2,4,6","true,true,true,true","0,0,0,0","true","true","true","avx2","67108864","8846025812500021248","0.0487025","251658240","5.16726e+09","18446744073456482297"
"control-C","1","444","512","1","16","1536,1536,1536,1536","786432,786432,786432,786432","1536,1536,1536,1536","786432,786432,786432,786432","repeat","C","8","1","5","2","4","0,2,4,6","true,true,true,true","0,0,0,0","true","true","true","avx2","67108864","8846025812500021248","0.0208572","251658240","1.20658e+10","18446744073456482297"
"control-C","1","445","512","8","16","1536,1536,1536,1536","786432,786432,786432,786432","1536,1536,1536,1536","786432,786432,786432,786432","fused","C","8","1","5","2","4","0,2,4,6","true,true,true,true","0,0,0,0","true","true","true","avx2","67108864","8846025812500021248","0.107173","2013265920","1.87852e+10","2998922721"
"control-C","1","446","512","8","16","1536,1536,1536,1536","786432,786432,786432,786432","1536,1536,1536,1536","786432,786432,786432,786432","repeat","C","8","1","5","2","4","0,2,4,6","true,true,true,true","0,0,0,0","true","true","true","avx2","67108864","8846025812500021248","0.0813231","2013265920","2.47564e+10","2998922721"
"control-C","1","447","512","16","16","1536,1536,1536,1536","786432,786432,786432,786432","1536,1536,1536,1536","786432,786432,786432,786432","fused","C","8","1","5","2","4","0,2,4,6","true,true,true,true","0,0,0,0","true","true","true","avx2","67108864","8846025812500021248","0.188219","4026531840","2.13927e+10","18446744052867815663"
"control-C","1","448","512","16","16","1536,1536,1536,1536","786432,786432,786432,786432","1536,1536,1536,1536","786432,786432,786432,786432","repeat","C","8","1","5","2","4","0,2,4,6","true,true,true,true","0,0,0,0","true","true","true","avx2","67108864","8846025812500021248","0.190711","4026531840","2.11133e+10","18446744052867815663"
