"run","order_index","D","S","R","rows_per_worker","O_i","B_i","bytes_per_worker","mode","variant","S_tile","iterations","timed_repetitions","warmup","worker_count","worker_list","affinity","affinity_error","affinity_succeeded","timed_repetitions_exact","avx2_supported","kernel_used","eviction_bytes","eviction_checksum","elapsed_seconds","mac_total","mac_per_second","checksum"
"1","1","512","1","1","128,128,128,128","128,128,128,128","65536,65536,65536,65536","65536,65536,65536,65536","repeat","A","8","1","8","2","4","0,2,4,6","true,true,true,true","0,0,0,0","true","true","true","avx2","0","0","0.0001029","2097152","20380500000","18446744073692835539"
"1","2","512","1","1","128,128,128,128","128,128,128,128","65536,65536,65536,65536","65536,65536,65536,65536","fused","A","8","1","8","2","4","0,2,4,6","true,true,true,true","0,0,0,0","true","true","true","avx2","0","0","9.2E-05","2097152","22795100000","18446744073692835539"
"2","1","512","1","1","128,128,128,128","128,128,128,128","65536,65536,65536,65536","65536,65536,65536,65536","fused","A","8","1","8","2","4","0,2,4,6","true,true,true,true","0,0,0,0","true","true","true","avx2","0","0","8.42E-05","2097152","24906800000","18446744073692835539"
"2","2","512","1","1","128,128,128,128","128,128,128,128","65536,65536,65536,65536","65536,65536,65536,65536","repeat","A","8","1","8","2","4","0,2,4,6","true,true,true,true","0,0,0,0","true","true","true","avx2","0","0","9.97E-05","2097152","21034600000","18446744073692835539"
"3","1","512","1","1","128,128,128,128","128,128,128,128","65536,65536,65536,65536","65536,65536,65536,65536","repeat","A","8","1","8","2","4","0,2,4,6","true,true,true,true","0,0,0,0","true","true","true","avx2","0","0","0.000148","2097152","14169900000","18446744073692835539"
"3","2","512","1","1","128,128,128,128","128,128,128,128","65536,65536,65536,65536","65536,65536,65536,65536","fused","A","8","1","8","2","4","0,2,4,6","true,true,true,true","0,0,0,0","true","true","true","avx2","0","0","8.5E-05","2097152","24672400000","18446744073692835539"
"4","1","512","1","1","128,128,128,128","128,128,128,128","65536,65536,65536,65536","65536,65536,65536,65536","fused","A","8","1","8","2","4","0,2,4,6","true,true,true,true","0,0,0,0","true","true","true","avx2","0","0","9.28E-05","2097152","22598600000","18446744073692835539"
"4","2","512","1","1","128,128,128,128","128,128,128,128","65536,65536,65536,65536","65536,65536,65536,65536","repeat","A","8","1","8","2","4","0,2,4,6","true,true,true,true","0,0,0,0","true","true","true","avx2","0","0","4.78E-05","2097152","43873500000","18446744073692835539"
"5","1","512","1","1","128,128,128,128","128,128,128,128","65536,65536,65536,65536","65536,65536,65536,65536","repeat","A","8","1","8","2","4","0,2,4,6","true,true,true,true","0,0,0,0","true","true","true","avx2","0","0","0.0001152","2097152","18204400000","18446744073692835539"
"5","2","512","1","1","128,128,128,128","128,128,128,128","65536,65536,65536,65536","65536,65536,65536,65536","fused","A","8","1","8","2","4","0,2,4,6","true,true,true,true","0,0,0,0","true","true","true","avx2","0","0","3.71E-05","2097152","56527000000","18446744073692835539"
"6","1","512","1","1","128,128,128,128","128,128,128,128","65536,65536,65536,65536","65536,65536,65536,65536","fused","A","8","1","8","2","4","0,2,4,6","true,true,true,true","0,0,0,0","true","true","true","avx2","0","0","4.93E-05","2097152","42538600000","18446744073692835539"
"6","2","512","1","1","128,128,128,128","128,128,128,128","65536,65536,65536,65536","65536,65536,65536,65536","repeat","A","8","1","8","2","4","0,2,4,6","true,true,true,true","0,0,0,0","true","true","true","avx2","0","0","9.04E-05","2097152","23198600000","18446744073692835539"
"7","1","512","1","1","128,128,128,128","128,128,128,128","65536,65536,65536,65536","65536,65536,65536,65536","repeat","A","8","1","8","2","4","0,2,4,6","true,true,true,true","0,0,0,0","true","true","true","avx2","0","0","3.99E-05","2097152","52560200000","18446744073692835539"
"7","2","512","1","1","128,128,128,128","128,128,128,128","65536,65536,65536,65536","65536,65536,65536,65536","fused","A","8","1","8","2","4","0,2,4,6","true,true,true,true","0,0,0,0","true","true","true","avx2","0","0","3.89E-05","2097152","53911400000","18446744073692835539"
"8","1","512","1","1","128,128,128,128","128,128,128,128","65536,65536,65536,65536","65536,65536,65536,65536","fused","A","8","1","8","2","4","0,2,4,6","true,true,true,true","0,0,0,0","true","true","true","avx2","0","0","5.81E-05","2097152","36095600000","18446744073692835539"
"8","2","512","1","1","128,128,128,128","128,128,128,128","65536,65536,65536,65536","65536,65536,65536,65536","repeat","A","8","1","8","2","4","0,2,4,6","true,true,true,true","0,0,0,0","true","true","true","avx2","0","0","8.85E-05","2097152","23696600000","18446744073692835539"
"9","1","512","1","1","128,128,128,128","128,128,128,128","65536,65536,65536,65536","65536,65536,65536,65536","repeat","A","8","1","8","2","4","0,2,4,6","true,true,true,true","0,0,0,0","true","true","true","avx2","0","0","8.3E-05","2097152","25266900000","18446744073692835539"
"9","2","512","1","1","128,128,128,128","128,128,128,128","65536,65536,65536,65536","65536,65536,65536,65536","fused","A","8","1","8","2","4","0,2,4,6","true,true,true,true","0,0,0,0","true","true","true","avx2","0","0","0.0001197","2097152","17520100000","18446744073692835539"
"10","1","512","1","1","128,128,128,128","128,128,128,128","65536,65536,65536,65536","65536,65536,65536,65536","fused","A","8","1","8","2","4","0,2,4,6","true,true,true,true","0,0,0,0","true","true","true","avx2","0","0","3.74E-05","2097152","56073600000","18446744073692835539"
"10","2","512","1","1","128,128,128,128","128,128,128,128","65536,65536,65536,65536","65536,65536,65536,65536","repeat","A","8","1","8","2","4","0,2,4,6","true,true,true,true","0,0,0,0","true","true","true","avx2","0","0","0.00011","2097152","19065000000","18446744073692835539"
"1","1","512","1","2","128,128,128,128","128,128,128,128","65536,65536,65536,65536","65536,65536,65536,65536","repeat","A","8","1","8","2","4","0,2,4,6","true,true,true,true","0,0,0,0","true","true","true","avx2","0","0","0.0001682","4194304","24936400000","18446744073692835539"
"1","2","512","1","2","128,128,128,128","128,128,128,128","65536,65536,65536,65536","65536,65536,65536,65536","fused","A","8","1","8","2","4","0,2,4,6","true,true,true,true","0,0,0,0","true","true","true","avx2","0","0","8.96E-05","4194304","46811400000","18446744073692835539"
"2","1","512","1","2","128,128,128,128","128,128,128,128","65536,65536,65536,65536","65536,65536,65536,65536","fused","A","8","1","8","2","4","0,2,4,6","true,true,true,true","0,0,0,0","true","true","true","avx2","0","0","0.0001987","4194304","21108700000","18446744073692835539"
"2","2","512","1","2","128,128,128,128","128,128,128,128","65536,65536,65536,65536","65536,65536,65536,65536","repeat","A","8","1","8","2","4","0,2,4,6","true,true,true,true","0,0,0,0","true","true","true","avx2","0","0","8.15E-05","4194304","51463900000","18446744073692835539"
"3","1","512","1","2","128,128,128,128","128,128,128,128","65536,65536,65536,65536","65536,65536,65536,65536","repeat","A","8","1","8","2","4","0,2,4,6","true,true,true,true","0,0,0,0","true","true","true","avx2","0","0","7.75E-05","4194304","54120100000","18446744073692835539"
"3","2","512","1","2","128,128,128,128","128,128,128,128","65536,65536,65536,65536","65536,65536,65536,65536","fused","A","8","1","8","2","4","0,2,4,6","true,true,true,true","0,0,0,0","true","true","true","avx2","0","0","0.0001688","4194304","24847800000","18446744073692835539"
"4","1","512","1","2","128,128,128,128","128,128,128,128","65536,65536,65536,65536","65536,65536,65536,65536","fused","A","8","1","8","2","4","0,2,4,6","true,true,true,true","0,0,0,0","true","true","true","avx2","0","0","7.91E-05","4194304","53025300000","18446744073692835539"
"4","2","512","1","2","128,128,128,128","128,128,128,128","65536,65536,65536,65536","65536,65536,65536,65536","repeat","A","8","1","8","2","4","0,2,4,6","true,true,true,true","0,0,0,0","true","true","true","avx2","0","0","0.0001953","4194304","21476200000","18446744073692835539"
"5","1","512","1","2","128,128,128,128","128,128,128,128","65536,65536,65536,65536","65536,65536,65536,65536","repeat","A","8","1","8","2","4","0,2,4,6","true,true,true,true","0,0,0,0","true","true","true","avx2","0","0","0.0003902","4194304","10749100000","18446744073692835539"
"5","2","512","1","2","128,128,128,128","128,128,128,128","65536,65536,65536,65536","65536,65536,65536,65536","fused","A","8","1","8","2","4","0,2,4,6","true,true,true,true","0,0,0,0","true","true","true","avx2","0","0","7.83E-05","4194304","53567100000","18446744073692835539"
"6","1","512","1","2","128,128,128,128","128,128,128,128","65536,65536,65536,65536","65536,65536,65536,65536","fused","A","8","1","8","2","4","0,2,4,6","true,true,true,true","0,0,0,0","true","true","true","avx2","0","0","7.47E-05","4194304","56148600000","18446744073692835539"
"6","2","512","1","2","128,128,128,128","128,128,128,128","65536,65536,65536,65536","65536,65536,65536,65536","repeat","A","8","1","8","2","4","0,2,4,6","true,true,true,true","0,0,0,0","true","true","true","avx2","0","0","0.0001965","4194304","21345100000","18446744073692835539"
"7","1","512","1","2","128,128,128,128","128,128,128,128","65536,65536,65536,65536","65536,65536,65536,65536","repeat","A","8","1","8","2","4","0,2,4,6","true,true,true,true","0,0,0,0","true","true","true","avx2","0","0","8.75E-05","4194304","47934900000","18446744073692835539"
"7","2","512","1","2","128,128,128,128","128,128,128,128","65536,65536,65536,65536","65536,65536,65536,65536","fused","A","8","1","8","2","4","0,2,4,6","true,true,true,true","0,0,0,0","true","true","true","avx2","0","0","0.0002294","4194304","18283800000","18446744073692835539"
"8","1","512","1","2","128,128,128,128","128,128,128,128","65536,65536,65536,65536","65536,65536,65536,65536","fused","A","8","1","8","2","4","0,2,4,6","true,true,true,true","0,0,0,0","true","true","true","avx2","0","0","0.0003469","4194304","12090800000","18446744073692835539"
"8","2","512","1","2","128,128,128,128","128,128,128,128","65536,65536,65536,65536","65536,65536,65536,65536","repeat","A","8","1","8","2","4","0,2,4,6","true,true,true,true","0,0,0,0","true","true","true","avx2","0","0","0.0002852","4194304","14706500000","18446744073692835539"
"9","1","512","1","2","128,128,128,128","128,128,128,128","65536,65536,65536,65536","65536,65536,65536,65536","repeat","A","8","1","8","2","4","0,2,4,6","true,true,true,true","0,0,0,0","true","true","true","avx2","0","0","0.0003655","4194304","11475500000","18446744073692835539"
"9","2","512","1","2","128,128,128,128","128,128,128,128","65536,65536,65536,65536","65536,65536,65536,65536","fused","A","8","1","8","2","4","0,2,4,6","true,true,true,true","0,0,0,0","true","true","true","avx2","0","0","7.57E-05","4194304","55406900000","18446744073692835539"
"10","1","512","1","2","128,128,128,128","128,128,128,128","65536,65536,65536,65536","65536,65536,65536,65536","fused","A","8","1","8","2","4","0,2,4,6","true,true,true,true","0,0,0,0","true","true","true","avx2","0","0","8.28E-05","4194304","50655800000","18446744073692835539"
"10","2","512","1","2","128,128,128,128","128,128,128,128","65536,65536,65536,65536","65536,65536,65536,65536","repeat","A","8","1","8","2","4","0,2,4,6","true,true,true,true","0,0,0,0","true","true","true","avx2","0","0","8.15E-05","4194304","51463900000","18446744073692835539"
"1","1","512","1","4","128,128,128,128","128,128,128,128","65536,65536,65536,65536","65536,65536,65536,65536","repeat","A","8","1","8","2","4","0,2,4,6","true,true,true,true","0,0,0,0","true","true","true","avx2","0","0","0.0004301","8388608","19503900000","18446744073692835539"
"1","2","512","1","4","128,128,128,128","128,128,128,128","65536,65536,65536,65536","65536,65536,65536,65536","fused","A","8","1","8","2","4","0,2,4,6","true,true,true,true","0,0,0,0","true","true","true","avx2","0","0","0.000378","8388608","22192100000","18446744073692835539"
"2","1","512","1","4","128,128,128,128","128,128,128,128","65536,65536,65536,65536","65536,65536,65536,65536","fused","A","8","1","8","2","4","0,2,4,6","true,true,true,true","0,0,0,0","true","true","true","avx2","0","0","0.0001538","8388608","54542300000","18446744073692835539"
"2","2","512","1","4","128,128,128,128","128,128,128,128","65536,65536,65536,65536","65536,65536,65536,65536","repeat","A","8","1","8","2","4","0,2,4,6","true,true,true,true","0,0,0,0","true","true","true","avx2","0","0","0.0001611","8388608","52070800000","18446744073692835539"
"3","1","512","1","4","128,128,128,128","128,128,128,128","65536,65536,65536,65536","65536,65536,65536,65536","repeat","A","8","1","8","2","4","0,2,4,6","true,true,true,true","0,0,0,0","true","true","true","avx2","0","0","0.0001748","8388608","47989700000","18446744073692835539"
"3","2","512","1","4","128,128,128,128","128,128,128,128","65536,65536,65536,65536","65536,65536,65536,65536","fused","A","8","1","8","2","4","0,2,4,6","true,true,true,true","0,0,0,0","true","true","true","avx2","0","0","0.0001518","8388608","55260900000","18446744073692835539"
"4","1","512","1","4","128,128,128,128","128,128,128,128","65536,65536,65536,65536","65536,65536,65536,65536","fused","A","8","1","8","2","4","0,2,4,6","true,true,true,true","0,0,0,0","true","true","true","avx2","0","0","0.0003701","8388608","22665800000","18446744073692835539"
"4","2","512","1","4","128,128,128,128","128,128,128,128","65536,65536,65536,65536","65536,65536,65536,65536","repeat","A","8","1","8","2","4","0,2,4,6","true,true,true,true","0,0,0,0","true","true","true","avx2","0","0","0.0004868","8388608","17232100000","18446744073692835539"
"5","1","512","1","4","128,128,128,128","128,128,128,128","65536,65536,65536,65536","65536,65536,65536,65536","repeat","A","8","1","8","2","4","0,2,4,6","true,true,true,true","0,0,0,0","true","true","true","avx2","0","0","0.0006762","8388608","12405500000","18446744073692835539"
"5","2","512","1","4","128,128,128,128","128,128,128,128","65536,65536,65536,65536","65536,65536,65536,65536","fused","A","8","1","8","2","4","0,2,4,6","true,true,true,true","0,0,0,0","true","true","true","avx2","0","0","0.0001916","8388608","43781900000","18446744073692835539"
"6","1","512","1","4","128,128,128,128","128,128,128,128","65536,65536,65536,65536","65536,65536,65536,65536","fused","A","8","1","8","2","4","0,2,4,6","true,true,true,true","0,0,0,0","true","true","true","avx2","0","0","0.0003561","8388608","23556900000","18446744073692835539"
"6","2","512","1","4","128,128,128,128","128,128,128,128","65536,65536,65536,65536","65536,65536,65536,65536","repeat","A","8","1","8","2","4","0,2,4,6","true,true,true,true","0,0,0,0","true","true","true","avx2","0","0","0.0001787","8388608","46942400000","18446744073692835539"
"7","1","512","1","4","128,128,128,128","128,128,128,128","65536,65536,65536,65536","65536,65536,65536,65536","repeat","A","8","1","8","2","4","0,2,4,6","true,true,true,true","0,0,0,0","true","true","true","avx2","0","0","0.0012433","8388608","6747050000","18446744073692835539"
"7","2","512","1","4","128,128,128,128","128,128,128,128","65536,65536,65536,65536","65536,65536,65536,65536","fused","A","8","1","8","2","4","0,2,4,6","true,true,true,true","0,0,0,0","true","true","true","avx2","0","0","0.000331","8388608","25343200000","18446744073692835539"
"8","1","512","1","4","128,128,128,128","128,128,128,128","65536,65536,65536,65536","65536,65536,65536,65536","fused","A","8","1","8","2","4","0,2,4,6","true,true,true,true","0,0,0,0","true","true","true","avx2","0","0","0.0001568","8388608","53498800000","18446744073692835539"
"8","2","512","1","4","128,128,128,128","128,128,128,128","65536,65536,65536,65536","65536,65536,65536,65536","repeat","A","8","1","8","2","4","0,2,4,6","true,true,true,true","0,0,0,0","true","true","true","avx2","0","0","0.0003955","8388608","21210100000","18446744073692835539"
"9","1","512","1","4","128,128,128,128","128,128,128,128","65536,65536,65536,65536","65536,65536,65536,65536","repeat","A","8","1","8","2","4","0,2,4,6","true,true,true,true","0,0,0,0","true","true","true","avx2","0","0","0.0001582","8388608","53025300000","18446744073692835539"
"9","2","512","1","4","128,128,128,128","128,128,128,128","65536,65536,65536,65536","65536,65536,65536,65536","fused","A","8","1","8","2","4","0,2,4,6","true,true,true,true","0,0,0,0","true","true","true","avx2","0","0","0.0006692","8388608","12535300000","18446744073692835539"
"10","1","512","1","4","128,128,128,128","128,128,128,128","65536,65536,65536,65536","65536,65536,65536,65536","fused","A","8","1","8","2","4","0,2,4,6","true,true,true,true","0,0,0,0","true","true","true","avx2","0","0","0.0001605","8388608","52265500000","18446744073692835539"
"10","2","512","1","4","128,128,128,128","128,128,128,128","65536,65536,65536,65536","65536,65536,65536,65536","repeat","A","8","1","8","2","4","0,2,4,6","true,true,true,true","0,0,0,0","true","true","true","avx2","0","0","0.0001608","8388608","52168000000","18446744073692835539"
"1","1","512","1","8","128,128,128,128","128,128,128,128","65536,65536,65536,65536","65536,65536,65536,65536","repeat","A","8","1","8","2","4","0,2,4,6","true,true,true,true","0,0,0,0","true","true","true","avx2","0","0","0.0003414","16777216","49142400000","18446744073692835539"
"1","2","512","1","8","128,128,128,128","128,128,128,128","65536,65536,65536,65536","65536,65536,65536,65536","fused","A","8","1","8","2","4","0,2,4,6","true,true,true,true","0,0,0,0","true","true","true","avx2","0","0","0.0003112","16777216","53911400000","18446744073692835539"
"2","1","512","1","8","128,128,128,128","128,128,128,128","65536,65536,65536,65536","65536,65536,65536,65536","fused","A","8","1","8","2","4","0,2,4,6","true,true,true,true","0,0,0,0","true","true","true","avx2","0","0","0.0003098","16777216","54155000000","18446744073692835539"
"2","2","512","1","8","128,128,128,128","128,128,128,128","65536,65536,65536,65536","65536,65536,65536,65536","repeat","A","8","1","8","2","4","0,2,4,6","true,true,true,true","0,0,0,0","true","true","true","avx2","0","0","0.0003303","16777216","50793900000","18446744073692835539"
"3","1","512","1","8","128,128,128,128","128,128,128,128","65536,65536,65536,65536","65536,65536,65536,65536","repeat","A","8","1","8","2","4","0,2,4,6","true,true,true,true","0,0,0,0","true","true","true","avx2","0","0","0.0003886","16777216","43173500000","18446744073692835539"
"3","2","512","1","8","128,128,128,128","128,128,128,128","65536,65536,65536,65536","65536,65536,65536,65536","fused","A","8","1","8","2","4","0,2,4,6","true,true,true,true","0,0,0,0","true","true","true","avx2","0","0","0.0005766","16777216","29096800000","18446744073692835539"
"4","1","512","1","8","128,128,128,128","128,128,128,128","65536,65536,65536,65536","65536,65536,65536,65536","fused","A","8","1","8","2","4","0,2,4,6","true,true,true,true","0,0,0,0","true","true","true","avx2","0","0","0.0003116","16777216","53842200000","18446744073692835539"
"4","2","512","1","8","128,128,128,128","128,128,128,128","65536,65536,65536,65536","65536,65536,65536,65536","repeat","A","8","1","8","2","4","0,2,4,6","true,true,true,true","0,0,0,0","true","true","true","avx2","0","0","0.0004457","16777216","37642400000","18446744073692835539"
"5","1","512","1","8","128,128,128,128","128,128,128,128","65536,65536,65536,65536","65536,65536,65536,65536","repeat","A","8","1","8","2","4","0,2,4,6","true,true,true,true","0,0,0,0","true","true","true","avx2","0","0","0.0004116","16777216","40761000000","18446744073692835539"
"5","2","512","1","8","128,128,128,128","128,128,128,128","65536,65536,65536,65536","65536,65536,65536,65536","fused","A","8","1","8","2","4","0,2,4,6","true,true,true,true","0,0,0,0","true","true","true","avx2","0","0","0.0003148","16777216","53294800000","18446744073692835539"
"6","1","512","1","8","128,128,128,128","128,128,128,128","65536,65536,65536,65536","65536,65536,65536,65536","fused","A","8","1","8","2","4","0,2,4,6","true,true,true,true","0,0,0,0","true","true","true","avx2","0","0","0.0003178","16777216","52791700000","18446744073692835539"
"6","2","512","1","8","128,128,128,128","128,128,128,128","65536,65536,65536,65536","65536,65536,65536,65536","repeat","A","8","1","8","2","4","0,2,4,6","true,true,true,true","0,0,0,0","true","true","true","avx2","0","0","0.0007567","16777216","22171600000","18446744073692835539"
"7","1","512","1","8","128,128,128,128","128,128,128,128","65536,65536,65536,65536","65536,65536,65536,65536","repeat","A","8","1","8","2","4","0,2,4,6","true,true,true,true","0,0,0,0","true","true","true","avx2","0","0","0.0003203","16777216","52379700000","18446744073692835539"
"7","2","512","1","8","128,128,128,128","128,128,128,128","65536,65536,65536,65536","65536,65536,65536,65536","fused","A","8","1","8","2","4","0,2,4,6","true,true,true,true","0,0,0,0","true","true","true","avx2","0","0","0.0003204","16777216","52363300000","18446744073692835539"
"8","1","512","1","8","128,128,128,128","128,128,128,128","65536,65536,65536,65536","65536,65536,65536,65536","fused","A","8","1","8","2","4","0,2,4,6","true,true,true,true","0,0,0,0","true","true","true","avx2","0","0","0.000308","16777216","54471500000","18446744073692835539"
"8","2","512","1","8","128,128,128,128","128,128,128,128","65536,65536,65536,65536","65536,65536,65536,65536","repeat","A","8","1","8","2","4","0,2,4,6","true,true,true,true","0,0,0,0","true","true","true","avx2","0","0","0.0003253","16777216","51574600000","18446744073692835539"
"9","1","512","1","8","128,128,128,128","128,128,128,128","65536,65536,65536,65536","65536,65536,65536,65536","repeat","A","8","1","8","2","4","0,2,4,6","true,true,true,true","0,0,0,0","true","true","true","avx2","0","0","0.0003594","16777216","46681200000","18446744073692835539"
"9","2","512","1","8","128,128,128,128","128,128,128,128","65536,65536,65536,65536","65536,65536,65536,65536","fused","A","8","1","8","2","4","0,2,4,6","true,true,true,true","0,0,0,0","true","true","true","avx2","0","0","0.0005989","16777216","28013400000","18446744073692835539"
"10","1","512","1","8","128,128,128,128","128,128,128,128","65536,65536,65536,65536","65536,65536,65536,65536","fused","A","8","1","8","2","4","0,2,4,6","true,true,true,true","0,0,0,0","true","true","true","avx2","0","0","0.0006942","16777216","24167700000","18446744073692835539"
"10","2","512","1","8","128,128,128,128","128,128,128,128","65536,65536,65536,65536","65536,65536,65536,65536","repeat","A","8","1","8","2","4","0,2,4,6","true,true,true,true","0,0,0,0","true","true","true","avx2","0","0","0.0003432","16777216","48884700000","18446744073692835539"
"1","1","512","1","16","128,128,128,128","128,128,128,128","65536,65536,65536,65536","65536,65536,65536,65536","repeat","A","8","1","8","2","4","0,2,4,6","true,true,true,true","0,0,0,0","true","true","true","avx2","0","0","0.0009981","33554432","33618300000","18446744073692835539"
"1","2","512","1","16","128,128,128,128","128,128,128,128","65536,65536,65536,65536","65536,65536,65536,65536","fused","A","8","1","8","2","4","0,2,4,6","true,true,true,true","0,0,0,0","true","true","true","avx2","0","0","0.0006077","33554432","55215500000","18446744073692835539"
"2","1","512","1","16","128,128,128,128","128,128,128,128","65536,65536,65536,65536","65536,65536,65536,65536","fused","A","8","1","8","2","4","0,2,4,6","true,true,true,true","0,0,0,0","true","true","true","avx2","0","0","0.0006653","33554432","50435000000","18446744073692835539"
"2","2","512","1","16","128,128,128,128","128,128,128,128","65536,65536,65536,65536","65536,65536,65536,65536","repeat","A","8","1","8","2","4","0,2,4,6","true,true,true,true","0,0,0,0","true","true","true","avx2","0","0","0.0012128","33554432","27666900000","18446744073692835539"
"3","1","512","1","16","128,128,128,128","128,128,128,128","65536,65536,65536,65536","65536,65536,65536,65536","repeat","A","8","1","8","2","4","0,2,4,6","true,true,true,true","0,0,0,0","true","true","true","avx2","0","0","0.0010244","33554432","32755200000","18446744073692835539"
"3","2","512","1","16","128,128,128,128","128,128,128,128","65536,65536,65536,65536","65536,65536,65536,65536","fused","A","8","1","8","2","4","0,2,4,6","true,true,true,true","0,0,0,0","true","true","true","avx2","0","0","0.0014824","33554432","22635200000","18446744073692835539"
"4","1","512","1","16","128,128,128,128","128,128,128,128","65536,65536,65536,65536","65536,65536,65536,65536","fused","A","8","1","8","2","4","0,2,4,6","true,true,true,true","0,0,0,0","true","true","true","avx2","0","0","0.0009972","33554432","33648600000","18446744073692835539"
"4","2","512","1","16","128,128,128,128","128,128,128,128","65536,65536,65536,65536","65536,65536,65536,65536","repeat","A","8","1","8","2","4","0,2,4,6","true,true,true,true","0,0,0,0","true","true","true","avx2","0","0","0.0006411","33554432","52338800000","18446744073692835539"
"5","1","512","1","16","128,128,128,128","128,128,128,128","65536,65536,65536,65536","65536,65536,65536,65536","repeat","A","8","1","8","2","4","0,2,4,6","true,true,true,true","0,0,0,0","true","true","true","avx2","0","0","0.000651","33554432","51542900000","18446744073692835539"
"5","2","512","1","16","128,128,128,128","128,128,128,128","65536,65536,65536,65536","65536,65536,65536,65536","fused","A","8","1","8","2","4","0,2,4,6","true,true,true,true","0,0,0,0","true","true","true","avx2","0","0","0.0007494","33554432","44775100000","18446744073692835539"
"6","1","512","1","16","128,128,128,128","128,128,128,128","65536,65536,65536,65536","65536,65536,65536,65536","fused","A","8","1","8","2","4","0,2,4,6","true,true,true,true","0,0,0,0","true","true","true","avx2","0","0","0.0006276","33554432","53464700000","18446744073692835539"
"6","2","512","1","16","128,128,128,128","128,128,128,128","65536,65536,65536,65536","65536,65536,65536,65536","repeat","A","8","1","8","2","4","0,2,4,6","true,true,true,true","0,0,0,0","true","true","true","avx2","0","0","0.0006641","33554432","50526200000","18446744073692835539"
"7","1","512","1","16","128,128,128,128","128,128,128,128","65536,65536,65536,65536","65536,65536,65536,65536","repeat","A","8","1","8","2","4","0,2,4,6","true,true,true,true","0,0,0,0","true","true","true","avx2","0","0","0.0006762","33554432","49622100000","18446744073692835539"
"7","2","512","1","16","128,128,128,128","128,128,128,128","65536,65536,65536,65536","65536,65536,65536,65536","fused","A","8","1","8","2","4","0,2,4,6","true,true,true,true","0,0,0,0","true","true","true","avx2","0","0","0.0014074","33554432","23841400000","18446744073692835539"
"8","1","512","1","16","128,128,128,128","128,128,128,128","65536,65536,65536,65536","65536,65536,65536,65536","fused","A","8","1","8","2","4","0,2,4,6","true,true,true,true","0,0,0,0","true","true","true","avx2","0","0","0.0010815","33554432","31025800000","18446744073692835539"
"8","2","512","1","16","128,128,128,128","128,128,128,128","65536,65536,65536,65536","65536,65536,65536,65536","repeat","A","8","1","8","2","4","0,2,4,6","true,true,true,true","0,0,0,0","true","true","true","avx2","0","0","0.0010801","33554432","31066000000","18446744073692835539"
"9","1","512","1","16","128,128,128,128","128,128,128,128","65536,65536,65536,65536","65536,65536,65536,65536","repeat","A","8","1","8","2","4","0,2,4,6","true,true,true,true","0,0,0,0","true","true","true","avx2","0","0","0.0006664","33554432","50351800000","18446744073692835539"
"9","2","512","1","16","128,128,128,128","128,128,128,128","65536,65536,65536,65536","65536,65536,65536,65536","fused","A","8","1","8","2","4","0,2,4,6","true,true,true,true","0,0,0,0","true","true","true","avx2","0","0","0.0007689","33554432","43639500000","18446744073692835539"
"10","1","512","1","16","128,128,128,128","128,128,128,128","65536,65536,65536,65536","65536,65536,65536,65536","fused","A","8","1","8","2","4","0,2,4,6","true,true,true,true","0,0,0,0","true","true","true","avx2","0","0","0.0040191","33554432","8348740000","18446744073692835539"
"10","2","512","1","16","128,128,128,128","128,128,128,128","65536,65536,65536,65536","65536,65536,65536,65536","repeat","A","8","1","8","2","4","0,2,4,6","true,true,true,true","0,0,0,0","true","true","true","avx2","0","0","0.0011276","33554432","29757400000","18446744073692835539"
"1","1","512","2","1","128,128,128,128","128,128,128,128","65536,65536,65536,65536","65536,65536,65536,65536","repeat","A","8","1","8","2","4","0,2,4,6","true,true,true,true","0,0,0,0","true","true","true","avx2","0","0","0.0001395","4194304","30066700000","18446744073630106932"
"1","2","512","2","1","128,128,128,128","128,128,128,128","65536,65536,65536,65536","65536,65536,65536,65536","fused","A","8","1","8","2","4","0,2,4,6","true,true,true,true","0,0,0,0","true","true","true","avx2","0","0","8.18E-05","4194304","51275100000","18446744073630106932"
"2","1","512","2","1","128,128,128,128","128,128,128,128","65536,65536,65536,65536","65536,65536,65536,65536","fused","A","8","1","8","2","4","0,2,4,6","true,true,true,true","0,0,0,0","true","true","true","avx2","0","0","8.74E-05","4194304","47989700000","18446744073630106932"
"2","2","512","2","1","128,128,128,128","128,128,128,128","65536,65536,65536,65536","65536,65536,65536,65536","repeat","A","8","1","8","2","4","0,2,4,6","true,true,true,true","0,0,0,0","true","true","true","avx2","0","0","0.000103","4194304","40721400000","18446744073630106932"
"3","1","512","2","1","128,128,128,128","128,128,128,128","65536,65536,65536,65536","65536,65536,65536,65536","repeat","A","8","1","8","2","4","0,2,4,6","true,true,true,true","0,0,0,0","true","true","true","avx2","0","0","0.0001505","4194304","27869100000","18446744073630106932"
"3","2","512","2","1","128,128,128,128","128,128,128,128","65536,65536,65536,65536","65536,65536,65536,65536","fused","A","8","1","8","2","4","0,2,4,6","true,true,true,true","0,0,0,0","true","true","true","avx2","0","0","8.09E-05","4194304","51845500000","18446744073630106932"
"4","1","512","2","1","128,128,128,128","128,128,128,128","65536,65536,65536,65536","65536,65536,65536,65536","fused","A","8","1","8","2","4","0,2,4,6","true,true,true,true","0,0,0,0","true","true","true","avx2","0","0","0.000203","4194304","20661600000","18446744073630106932"
"4","2","512","2","1","128,128,128,128","128,128,128,128","65536,65536,65536,65536","65536,65536,65536,65536","repeat","A","8","1","8","2","4","0,2,4,6","true,true,true,true","0,0,0,0","true","true","true","avx2","0","0","0.0001024","4194304","40960000000","18446744073630106932"
"5","1","512","2","1","128,128,128,128","128,128,128,128","65536,65536,65536,65536","65536,65536,65536,65536","repeat","A","8","1","8","2","4","0,2,4,6","true,true,true,true","0,0,0,0","true","true","true","avx2","0","0","0.0001039","4194304","40368700000","18446744073630106932"
"5","2","512","2","1","128,128,128,128","128,128,128,128","65536,65536,65536,65536","65536,65536,65536,65536","fused","A","8","1","8","2","4","0,2,4,6","true,true,true,true","0,0,0,0","true","true","true","avx2","0","0","0.0001178","4194304","35605300000","18446744073630106932"
"6","1","512","2","1","128,128,128,128","128,128,128,128","65536,65536,65536,65536","65536,65536,65536,65536","fused","A","8","1","8","2","4","0,2,4,6","true,true,true,true","0,0,0,0","true","true","true","avx2","0","0","0.0001134","4194304","36986800000","18446744073630106932"
"6","2","512","2","1","128,128,128,128","128,128,128,128","65536,65536,65536,65536","65536,65536,65536,65536","repeat","A","8","1","8","2","4","0,2,4,6","true,true,true,true","0,0,0,0","true","true","true","avx2","0","0","0.0001832","4194304","22894700000","18446744073630106932"
"7","1","512","2","1","128,128,128,128","128,128,128,128","65536,65536,65536,65536","65536,65536,65536,65536","repeat","A","8","1","8","2","4","0,2,4,6","true,true,true,true","0,0,0,0","true","true","true","avx2","0","0","0.0002313","4194304","18133600000","18446744073630106932"
"7","2","512","2","1","128,128,128,128","128,128,128,128","65536,65536,65536,65536","65536,65536,65536,65536","fused","A","8","1","8","2","4","0,2,4,6","true,true,true,true","0,0,0,0","true","true","true","avx2","0","0","8.9E-05","4194304","47127000000","18446744073630106932"
"8","1","512","2","1","128,128,128,128","128,128,128,128","65536,65536,65536,65536","65536,65536,65536,65536","fused","A","8","1","8","2","4","0,2,4,6","true,true,true,true","0,0,0,0","true","true","true","avx2","0","0","0.0001118","4194304","37516100000","18446744073630106932"
"8","2","512","2","1","128,128,128,128","128,128,128,128","65536,65536,65536,65536","65536,65536,65536,65536","repeat","A","8","1","8","2","4","0,2,4,6","true,true,true,true","0,0,0,0","true","true","true","avx2","0","0","0.0001553","4194304","27007800000","18446744073630106932"
"9","1","512","2","1","128,128,128,128","128,128,128,128","65536,65536,65536,65536","65536,65536,65536,65536","repeat","A","8","1","8","2","4","0,2,4,6","true,true,true,true","0,0,0,0","true","true","true","avx2","0","0","0.0001627","4194304","25779400000","18446744073630106932"
"9","2","512","2","1","128,128,128,128","128,128,128,128","65536,65536,65536,65536","65536,65536,65536,65536","fused","A","8","1","8","2","4","0,2,4,6","true,true,true,true","0,0,0,0","true","true","true","avx2","0","0","0.000118","4194304","35544900000","18446744073630106932"
"10","1","512","2","1","128,128,128,128","128,128,128,128","65536,65536,65536,65536","65536,65536,65536,65536","fused","A","8","1","8","2","4","0,2,4,6","true,true,true,true","0,0,0,0","true","true","true","avx2","0","0","0.0001053","4194304","39831900000","18446744073630106932"
"10","2","512","2","1","128,128,128,128","128,128,128,128","65536,65536,65536,65536","65536,65536,65536,65536","repeat","A","8","1","8","2","4","0,2,4,6","true,true,true,true","0,0,0,0","true","true","true","avx2","0","0","0.0001845","4194304","22733400000","18446744073630106932"
"1","1","512","2","2","128,128,128,128","128,128,128,128","65536,65536,65536,65536","65536,65536,65536,65536","repeat","A","8","1","8","2","4","0,2,4,6","true,true,true,true","0,0,0,0","true","true","true","avx2","0","0","0.0003647","8388608","23001400000","18446744073630106932"
"1","2","512","2","2","128,128,128,128","128,128,128,128","65536,65536,65536,65536","65536,65536,65536,65536","fused","A","8","1","8","2","4","0,2,4,6","true,true,true,true","0,0,0,0","true","true","true","avx2","0","0","0.0002051","8388608","40900100000","18446744073630106932"
"2","1","512","2","2","128,128,128,128","128,128,128,128","65536,65536,65536,65536","65536,65536,65536,65536","fused","A","8","1","8","2","4","0,2,4,6","true,true,true,true","0,0,0,0","true","true","true","avx2","0","0","0.0002396","8388608","35010900000","18446744073630106932"
"2","2","512","2","2","128,128,128,128","128,128,128,128","65536,65536,65536,65536","65536,65536,65536,65536","repeat","A","8","1","8","2","4","0,2,4,6","true,true,true,true","0,0,0,0","true","true","true","avx2","0","0","0.0003198","8388608","26230800000","18446744073630106932"
"3","1","512","2","2","128,128,128,128","128,128,128,128","65536,65536,65536,65536","65536,65536,65536,65536","repeat","A","8","1","8","2","4","0,2,4,6","true,true,true,true","0,0,0,0","true","true","true","avx2","0","0","0.0012936","8388608","6484700000","18446744073630106932"
"3","2","512","2","2","128,128,128,128","128,128,128,128","65536,65536,65536,65536","65536,65536,65536,65536","fused","A","8","1","8","2","4","0,2,4,6","true,true,true,true","0,0,0,0","true","true","true","avx2","0","0","0.0002307","8388608","36361500000","18446744073630106932"
"4","1","512","2","2","128,128,128,128","128,128,128,128","65536,65536,65536,65536","65536,65536,65536,65536","fused","A","8","1","8","2","4","0,2,4,6","true,true,true,true","0,0,0,0","true","true","true","avx2","0","0","0.0002422","8388608","34635000000","18446744073630106932"
"4","2","512","2","2","128,128,128,128","128,128,128,128","65536,65536,65536,65536","65536,65536,65536,65536","repeat","A","8","1","8","2","4","0,2,4,6","true,true,true,true","0,0,0,0","true","true","true","avx2","0","0","0.0003467","8388608","24195600000","18446744073630106932"
"5","1","512","2","2","128,128,128,128","128,128,128,128","65536,65536,65536,65536","65536,65536,65536,65536","repeat","A","8","1","8","2","4","0,2,4,6","true,true,true,true","0,0,0,0","true","true","true","avx2","0","0","0.0003564","8388608","23537100000","18446744073630106932"
"5","2","512","2","2","128,128,128,128","128,128,128,128","65536,65536,65536,65536","65536,65536,65536,65536","fused","A","8","1","8","2","4","0,2,4,6","true,true,true,true","0,0,0,0","true","true","true","avx2","0","0","0.0002348","8388608","35726600000","18446744073630106932"
"6","1","512","2","2","128,128,128,128","128,128,128,128","65536,65536,65536,65536","65536,65536,65536,65536","fused","A","8","1","8","2","4","0,2,4,6","true,true,true,true","0,0,0,0","true","true","true","avx2","0","0","0.0002375","8388608","35320500000","18446744073630106932"
"6","2","512","2","2","128,128,128,128","128,128,128,128","65536,65536,65536,65536","65536,65536,65536,65536","repeat","A","8","1","8","2","4","0,2,4,6","true,true,true,true","0,0,0,0","true","true","true","avx2","0","0","0.0003647","8388608","23001400000","18446744073630106932"
"7","1","512","2","2","128,128,128,128","128,128,128,128","65536,65536,65536,65536","65536,65536,65536,65536","repeat","A","8","1","8","2","4","0,2,4,6","true,true,true,true","0,0,0,0","true","true","true","avx2","0","0","0.0003595","8388608","23334100000","18446744073630106932"
"7","2","512","2","2","128,128,128,128","128,128,128,128","65536,65536,65536,65536","65536,65536,65536,65536","fused","A","8","1","8","2","4","0,2,4,6","true,true,true,true","0,0,0,0","true","true","true","avx2","0","0","0.0002497","8388608","33594700000","18446744073630106932"
"8","1","512","2","2","128,128,128,128","128,128,128,128","65536,65536,65536,65536","65536,65536,65536,65536","fused","A","8","1","8","2","4","0,2,4,6","true,true,true,true","0,0,0,0","true","true","true","avx2","0","0","0.0002148","8388608","39053100000","18446744073630106932"
"8","2","512","2","2","128,128,128,128","128,128,128,128","65536,65536,65536,65536","65536,65536,65536,65536","repeat","A","8","1","8","2","4","0,2,4,6","true,true,true,true","0,0,0,0","true","true","true","avx2","0","0","0.0003637","8388608","23064600000","18446744073630106932"
"9","1","512","2","2","128,128,128,128","128,128,128,128","65536,65536,65536,65536","65536,65536,65536,65536","repeat","A","8","1","8","2","4","0,2,4,6","true,true,true,true","0,0,0,0","true","true","true","avx2","0","0","0.0003503","8388608","23946900000","18446744073630106932"
"9","2","512","2","2","128,128,128,128","128,128,128,128","65536,65536,65536,65536","65536,65536,65536,65536","fused","A","8","1","8","2","4","0,2,4,6","true,true,true,true","0,0,0,0","true","true","true","avx2","0","0","0.0002398","8388608","34981700000","18446744073630106932"
"10","1","512","2","2","128,128,128,128","128,128,128,128","65536,65536,65536,65536","65536,65536,65536,65536","fused","A","8","1","8","2","4","0,2,4,6","true,true,true,true","0,0,0,0","true","true","true","avx2","0","0","0.0002304","8388608","36408900000","18446744073630106932"
"10","2","512","2","2","128,128,128,128","128,128,128,128","65536,65536,65536,65536","65536,65536,65536,65536","repeat","A","8","1","8","2","4","0,2,4,6","true,true,true,true","0,0,0,0","true","true","true","avx2","0","0","0.0004954","8388608","16933000000","18446744073630106932"
"1","1","512","2","4","128,128,128,128","128,128,128,128","65536,65536,65536,65536","65536,65536,65536,65536","repeat","A","8","1","8","2","4","0,2,4,6","true,true,true,true","0,0,0,0","true","true","true","avx2","0","0","0.0006039","16777216","27781400000","18446744073630106932"
"1","2","512","2","4","128,128,128,128","128,128,128,128","65536,65536,65536,65536","65536,65536,65536,65536","fused","A","8","1","8","2","4","0,2,4,6","true,true,true,true","0,0,0,0","true","true","true","avx2","0","0","0.0012435","16777216","13491900000","18446744073630106932"
"2","1","512","2","4","128,128,128,128","128,128,128,128","65536,65536,65536,65536","65536,65536,65536,65536","fused","A","8","1","8","2","4","0,2,4,6","true,true,true,true","0,0,0,0","true","true","true","avx2","0","0","0.0004044","16777216","41486700000","18446744073630106932"
"2","2","512","2","4","128,128,128,128","128,128,128,128","65536,65536,65536,65536","65536,65536,65536,65536","repeat","A","8","1","8","2","4","0,2,4,6","true,true,true,true","0,0,0,0","true","true","true","avx2","0","0","0.0006415","16777216","26153100000","18446744073630106932"
"3","1","512","2","4","128,128,128,128","128,128,128,128","65536,65536,65536,65536","65536,65536,65536,65536","repeat","A","8","1","8","2","4","0,2,4,6","true,true,true,true","0,0,0,0","true","true","true","avx2","0","0","0.0006159","16777216","27240200000","18446744073630106932"
"3","2","512","2","4","128,128,128,128","128,128,128,128","65536,65536,65536,65536","65536,65536,65536,65536","fused","A","8","1","8","2","4","0,2,4,6","true,true,true,true","0,0,0,0","true","true","true","avx2","0","0","0.0004134","16777216","40583500000","18446744073630106932"
"4","1","512","2","4","128,128,128,128","128,128,128,128","65536,65536,65536,65536","65536,65536,65536,65536","fused","A","8","1","8","2","4","0,2,4,6","true,true,true,true","0,0,0,0","true","true","true","avx2","0","0","0.000413","16777216","40622800000","18446744073630106932"
"4","2","512","2","4","128,128,128,128","128,128,128,128","65536,65536,65536,65536","65536,65536,65536,65536","repeat","A","8","1","8","2","4","0,2,4,6","true,true,true,true","0,0,0,0","true","true","true","avx2","0","0","0.0006292","16777216","26664400000","18446744073630106932"
"5","1","512","2","4","128,128,128,128","128,128,128,128","65536,65536,65536,65536","65536,65536,65536,65536","repeat","A","8","1","8","2","4","0,2,4,6","true,true,true,true","0,0,0,0","true","true","true","avx2","0","0","0.0006282","16777216","26706800000","18446744073630106932"
"5","2","512","2","4","128,128,128,128","128,128,128,128","65536,65536,65536,65536","65536,65536,65536,65536","fused","A","8","1","8","2","4","0,2,4,6","true,true,true,true","0,0,0,0","true","true","true","avx2","0","0","0.000399","16777216","42048200000","18446744073630106932"
"6","1","512","2","4","128,128,128,128","128,128,128,128","65536,65536,65536,65536","65536,65536,65536,65536","fused","A","8","1","8","2","4","0,2,4,6","true,true,true,true","0,0,0,0","true","true","true","avx2","0","0","0.0004229","16777216","39671800000","18446744073630106932"
"6","2","512","2","4","128,128,128,128","128,128,128,128","65536,65536,65536,65536","65536,65536,65536,65536","repeat","A","8","1","8","2","4","0,2,4,6","true,true,true,true","0,0,0,0","true","true","true","avx2","0","0","0.0006375","16777216","26317200000","18446744073630106932"
"7","1","512","2","4","128,128,128,128","128,128,128,128","65536,65536,65536,65536","65536,65536,65536,65536","repeat","A","8","1","8","2","4","0,2,4,6","true,true,true,true","0,0,0,0","true","true","true","avx2","0","0","0.0006746","16777216","24869900000","18446744073630106932"
"7","2","512","2","4","128,128,128,128","128,128,128,128","65536,65536,65536,65536","65536,65536,65536,65536","fused","A","8","1","8","2","4","0,2,4,6","true,true,true,true","0,0,0,0","true","true","true","avx2","0","0","0.0004068","16777216","41241900000","18446744073630106932"
"8","1","512","2","4","128,128,128,128","128,128,128,128","65536,65536,65536,65536","65536,65536,65536,65536","fused","A","8","1","8","2","4","0,2,4,6","true,true,true,true","0,0,0,0","true","true","true","avx2","0","0","0.0004129","16777216","40632600000","18446744073630106932"
"8","2","512","2","4","128,128,128,128","128,128,128,128","65536,65536,65536,65536","65536,65536,65536,65536","repeat","A","8","1","8","2","4","0,2,4,6","true,true,true,true","0,0,0,0","true","true","true","avx2","0","0","0.0006275","16777216","26736600000","18446744073630106932"
"9","1","512","2","4","128,128,128,128","128,128,128,128","65536,65536,65536,65536","65536,65536,65536,65536","repeat","A","8","1","8","2","4","0,2,4,6","true,true,true,true","0,0,0,0","true","true","true","avx2","0","0","0.0003968","16777216","42281300000","18446744073630106932"
"9","2","512","2","4","128,128,128,128","128,128,128,128","65536,65536,65536,65536","65536,65536,65536,65536","fused","A","8","1","8","2","4","0,2,4,6","true,true,true,true","0,0,0,0","true","true","true","avx2","0","0","0.0015202","16777216","11036200000","18446744073630106932"
"10","1","512","2","4","128,128,128,128","128,128,128,128","65536,65536,65536,65536","65536,65536,65536,65536","fused","A","8","1","8","2","4","0,2,4,6","true,true,true,true","0,0,0,0","true","true","true","avx2","0","0","0.0003377","16777216","49680800000","18446744073630106932"
"10","2","512","2","4","128,128,128,128","128,128,128,128","65536,65536,65536,65536","65536,65536,65536,65536","repeat","A","8","1","8","2","4","0,2,4,6","true,true,true,true","0,0,0,0","true","true","true","avx2","0","0","0.0004045","16777216","41476400000","18446744073630106932"
"1","1","512","2","8","128,128,128,128","128,128,128,128","65536,65536,65536,65536","65536,65536,65536,65536","repeat","A","8","1","8","2","4","0,2,4,6","true,true,true,true","0,0,0,0","true","true","true","avx2","0","0","0.0008416","33554432","39869800000","18446744073630106932"
"1","2","512","2","8","128,128,128,128","128,128,128,128","65536,65536,65536,65536","65536,65536,65536,65536","fused","A","8","1","8","2","4","0,2,4,6","true,true,true,true","0,0,0,0","true","true","true","avx2","0","0","0.0007324","33554432","45814400000","18446744073630106932"
"2","1","512","2","8","128,128,128,128","128,128,128,128","65536,65536,65536,65536","65536,65536,65536,65536","fused","A","8","1","8","2","4","0,2,4,6","true,true,true,true","0,0,0,0","true","true","true","avx2","0","0","0.0006798","33554432","49359300000","18446744073630106932"
"2","2","512","2","8","128,128,128,128","128,128,128,128","65536,65536,65536,65536","65536,65536,65536,65536","repeat","A","8","1","8","2","4","0,2,4,6","true,true,true,true","0,0,0,0","true","true","true","avx2","0","0","0.0008082","33554432","41517500000","18446744073630106932"
"3","1","512","2","8","128,128,128,128","128,128,128,128","65536,65536,65536,65536","65536,65536,65536,65536","repeat","A","8","1","8","2","4","0,2,4,6","true,true,true,true","0,0,0,0","true","true","true","avx2","0","0","0.0008504","33554432","39457200000","18446744073630106932"
"3","2","512","2","8","128,128,128,128","128,128,128,128","65536,65536,65536,65536","65536,65536,65536,65536","fused","A","8","1","8","2","4","0,2,4,6","true,true,true,true","0,0,0,0","true","true","true","avx2","0","0","0.0009355","33554432","35867900000","18446744073630106932"
"4","1","512","2","8","128,128,128,128","128,128,128,128","65536,65536,65536,65536","65536,65536,65536,65536","fused","A","8","1","8","2","4","0,2,4,6","true,true,true,true","0,0,0,0","true","true","true","avx2","0","0","0.0009571","33554432","35058400000","18446744073630106932"
"4","2","512","2","8","128,128,128,128","128,128,128,128","65536,65536,65536,65536","65536,65536,65536,65536","repeat","A","8","1","8","2","4","0,2,4,6","true,true,true,true","0,0,0,0","true","true","true","avx2","0","0","0.0009682","33554432","34656500000","18446744073630106932"
"5","1","512","2","8","128,128,128,128","128,128,128,128","65536,65536,65536,65536","65536,65536,65536,65536","repeat","A","8","1","8","2","4","0,2,4,6","true,true,true,true","0,0,0,0","true","true","true","avx2","0","0","0.0035087","33554432","9563210000","18446744073630106932"
"5","2","512","2","8","128,128,128,128","128,128,128,128","65536,65536,65536,65536","65536,65536,65536,65536","fused","A","8","1","8","2","4","0,2,4,6","true,true,true,true","0,0,0,0","true","true","true","avx2","0","0","0.0008918","33554432","37625500000","18446744073630106932"
"6","1","512","2","8","128,128,128,128","128,128,128,128","65536,65536,65536,65536","65536,65536,65536,65536","fused","A","8","1","8","2","4","0,2,4,6","true,true,true,true","0,0,0,0","true","true","true","avx2","0","0","0.0008064","33554432","41610200000","18446744073630106932"
"6","2","512","2","8","128,128,128,128","128,128,128,128","65536,65536,65536,65536","65536,65536,65536,65536","repeat","A","8","1","8","2","4","0,2,4,6","true,true,true,true","0,0,0,0","true","true","true","avx2","0","0","0.0010962","33554432","30609800000","18446744073630106932"
"7","1","512","2","8","128,128,128,128","128,128,128,128","65536,65536,65536,65536","65536,65536,65536,65536","repeat","A","8","1","8","2","4","0,2,4,6","true,true,true,true","0,0,0,0","true","true","true","avx2","0","0","0.0015361","33554432","21843900000","18446744073630106932"
"7","2","512","2","8","128,128,128,128","128,128,128,128","65536,65536,65536,65536","65536,65536,65536,65536","fused","A","8","1","8","2","4","0,2,4,6","true,true,true,true","0,0,0,0","true","true","true","avx2","0","0","0.0013594","33554432","24683300000","18446744073630106932"
"8","1","512","2","8","128,128,128,128","128,128,128,128","65536,65536,65536,65536","65536,65536,65536,65536","fused","A","8","1","8","2","4","0,2,4,6","true,true,true,true","0,0,0,0","true","true","true","avx2","0","0","0.0007009","33554432","47873400000","18446744073630106932"
"8","2","512","2","8","128,128,128,128","128,128,128,128","65536,65536,65536,65536","65536,65536,65536,65536","repeat","A","8","1","8","2","4","0,2,4,6","true,true,true,true","0,0,0,0","true","true","true","avx2","0","0","0.0008091","33554432","41471300000","18446744073630106932"
"9","1","512","2","8","128,128,128,128","128,128,128,128","65536,65536,65536,65536","65536,65536,65536,65536","repeat","A","8","1","8","2","4","0,2,4,6","true,true,true,true","0,0,0,0","true","true","true","avx2","0","0","0.0010934","33554432","30688200000","18446744073630106932"
"9","2","512","2","8","128,128,128,128","128,128,128,128","65536,65536,65536,65536","65536,65536,65536,65536","fused","A","8","1","8","2","4","0,2,4,6","true,true,true,true","0,0,0,0","true","true","true","avx2","0","0","0.0006713","33554432","49984300000","18446744073630106932"
"10","1","512","2","8","128,128,128,128","128,128,128,128","65536,65536,65536,65536","65536,65536,65536,65536","fused","A","8","1","8","2","4","0,2,4,6","true,true,true,true","0,0,0,0","true","true","true","avx2","0","0","0.0006766","33554432","49592700000","18446744073630106932"
"10","2","512","2","8","128,128,128,128","128,128,128,128","65536,65536,65536,65536","65536,65536,65536,65536","repeat","A","8","1","8","2","4","0,2,4,6","true,true,true,true","0,0,0,0","true","true","true","avx2","0","0","0.0008082","33554432","41517500000","18446744073630106932"
"1","1","512","2","16","128,128,128,128","128,128,128,128","65536,65536,65536,65536","65536,65536,65536,65536","repeat","A","8","1","8","2","4","0,2,4,6","true,true,true,true","0,0,0,0","true","true","true","avx2","0","0","0.001636","67108864","41020100000","18446744073630106932"
"1","2","512","2","16","128,128,128,128","128,128,128,128","65536,65536,65536,65536","65536,65536,65536,65536","fused","A","8","1","8","2","4","0,2,4,6","true,true,true,true","0,0,0,0","true","true","true","avx2","0","0","0.0013708","67108864","48956000000","18446744073630106932"
"2","1","512","2","16","128,128,128,128","128,128,128,128","65536,65536,65536,65536","65536,65536,65536,65536","fused","A","8","1","8","2","4","0,2,4,6","true,true,true,true","0,0,0,0","true","true","true","avx2","0","0","0.0017428","67108864","38506300000","18446744073630106932"
"2","2","512","2","16","128,128,128,128","128,128,128,128","65536,65536,65536,65536","65536,65536,65536,65536","repeat","A","8","1","8","2","4","0,2,4,6","true,true,true,true","0,0,0,0","true","true","true","avx2","0","0","0.0026459","67108864","25363300000","18446744073630106932"
"3","1","512","2","16","128,128,128,128","128,128,128,128","65536,65536,65536,65536","65536,65536,65536,65536","repeat","A","8","1","8","2","4","0,2,4,6","true,true,true,true","0,0,0,0","true","true","true","avx2","0","0","0.0022115","67108864","30345400000","18446744073630106932"
"3","2","512","2","16","128,128,128,128","128,128,128,128","65536,65536,65536,65536","65536,65536,65536,65536","fused","A","8","1","8","2","4","0,2,4,6","true,true,true,true","0,0,0,0","true","true","true","avx2","0","0","0.0017245","67108864","38915000000","18446744073630106932"
"4","1","512","2","16","128,128,128,128","128,128,128,128","65536,65536,65536,65536","65536,65536,65536,65536","fused","A","8","1","8","2","4","0,2,4,6","true,true,true,true","0,0,0,0","true","true","true","avx2","0","0","0.001658","67108864","40475800000","18446744073630106932"
"4","2","512","2","16","128,128,128,128","128,128,128,128","65536,65536,65536,65536","65536,65536,65536,65536","repeat","A","8","1","8","2","4","0,2,4,6","true,true,true,true","0,0,0,0","true","true","true","avx2","0","0","0.0016599","67108864","40429500000","18446744073630106932"
"5","1","512","2","16","128,128,128,128","128,128,128,128","65536,65536,65536,65536","65536,65536,65536,65536","repeat","A","8","1","8","2","4","0,2,4,6","true,true,true,true","0,0,0,0","true","true","true","avx2","0","0","0.0016941","67108864","39613300000","18446744073630106932"
"5","2","512","2","16","128,128,128,128","128,128,128,128","65536,65536,65536,65536","65536,65536,65536,65536","fused","A","8","1","8","2","4","0,2,4,6","true,true,true,true","0,0,0,0","true","true","true","avx2","0","0","0.0016359","67108864","41022600000","18446744073630106932"
"6","1","512","2","16","128,128,128,128","128,128,128,128","65536,65536,65536,65536","65536,65536,65536,65536","fused","A","8","1","8","2","4","0,2,4,6","true,true,true,true","0,0,0,0","true","true","true","avx2","0","0","0.0013487","67108864","49758200000","18446744073630106932"
"6","2","512","2","16","128,128,128,128","128,128,128,128","65536,65536,65536,65536","65536,65536,65536,65536","repeat","A","8","1","8","2","4","0,2,4,6","true,true,true,true","0,0,0,0","true","true","true","avx2","0","0","0.0016196","67108864","41435500000","18446744073630106932"
"7","1","512","2","16","128,128,128,128","128,128,128,128","65536,65536,65536,65536","65536,65536,65536,65536","repeat","A","8","1","8","2","4","0,2,4,6","true,true,true,true","0,0,0,0","true","true","true","avx2","0","0","0.0016212","67108864","41394600000","18446744073630106932"
"7","2","512","2","16","128,128,128,128","128,128,128,128","65536,65536,65536,65536","65536,65536,65536,65536","fused","A","8","1","8","2","4","0,2,4,6","true,true,true,true","0,0,0,0","true","true","true","avx2","0","0","0.0017121","67108864","39196800000","18446744073630106932"
"8","1","512","2","16","128,128,128,128","128,128,128,128","65536,65536,65536,65536","65536,65536,65536,65536","fused","A","8","1","8","2","4","0,2,4,6","true,true,true,true","0,0,0,0","true","true","true","avx2","0","0","0.001454","67108864","46154700000","18446744073630106932"
"8","2","512","2","16","128,128,128,128","128,128,128,128","65536,65536,65536,65536","65536,65536,65536,65536","repeat","A","8","1","8","2","4","0,2,4,6","true,true,true,true","0,0,0,0","true","true","true","avx2","0","0","0.0016652","67108864","40300800000","18446744073630106932"
"9","1","512","2","16","128,128,128,128","128,128,128,128","65536,65536,65536,65536","65536,65536,65536,65536","repeat","A","8","1","8","2","4","0,2,4,6","true,true,true,true","0,0,0,0","true","true","true","avx2","0","0","0.00189","67108864","35507300000","18446744073630106932"
"9","2","512","2","16","128,128,128,128","128,128,128,128","65536,65536,65536,65536","65536,65536,65536,65536","fused","A","8","1","8","2","4","0,2,4,6","true,true,true,true","0,0,0,0","true","true","true","avx2","0","0","0.0013488","67108864","49754500000","18446744073630106932"
"10","1","512","2","16","128,128,128,128","128,128,128,128","65536,65536,65536,65536","65536,65536,65536,65536","fused","A","8","1","8","2","4","0,2,4,6","true,true,true,true","0,0,0,0","true","true","true","avx2","0","0","0.0013548","67108864","49534100000","18446744073630106932"
"10","2","512","2","16","128,128,128,128","128,128,128,128","65536,65536,65536,65536","65536,65536,65536,65536","repeat","A","8","1","8","2","4","0,2,4,6","true,true,true,true","0,0,0,0","true","true","true","avx2","0","0","0.0026346","67108864","25472100000","18446744073630106932"
"1","1","512","4","1","128,128,128,128","128,128,128,128","65536,65536,65536,65536","65536,65536,65536,65536","repeat","A","8","1","8","2","4","0,2,4,6","true,true,true,true","0,0,0,0","true","true","true","avx2","0","0","0.0001661","8388608","50503400000","18446744073562895020"
"1","2","512","4","1","128,128,128,128","128,128,128,128","65536,65536,65536,65536","65536,65536,65536,65536","fused","A","8","1","8","2","4","0,2,4,6","true,true,true,true","0,0,0,0","true","true","true","avx2","0","0","0.0001113","8388608","75369300000","18446744073562895020"
"2","1","512","4","1","128,128,128,128","128,128,128,128","65536,65536,65536,65536","65536,65536,65536,65536","fused","A","8","1","8","2","4","0,2,4,6","true,true,true,true","0,0,0,0","true","true","true","avx2","0","0","0.0001213","8388608","69155900000","18446744073562895020"
"2","2","512","4","1","128,128,128,128","128,128,128,128","65536,65536,65536,65536","65536,65536,65536,65536","repeat","A","8","1","8","2","4","0,2,4,6","true,true,true,true","0,0,0,0","true","true","true","avx2","0","0","0.000283","8388608","29641700000","18446744073562895020"
"3","1","512","4","1","128,128,128,128","128,128,128,128","65536,65536,65536,65536","65536,65536,65536,65536","repeat","A","8","1","8","2","4","0,2,4,6","true,true,true,true","0,0,0,0","true","true","true","avx2","0","0","0.0001702","8388608","49286800000","18446744073562895020"
"3","2","512","4","1","128,128,128,128","128,128,128,128","65536,65536,65536,65536","65536,65536,65536,65536","fused","A","8","1","8","2","4","0,2,4,6","true,true,true,true","0,0,0,0","true","true","true","avx2","0","0","0.0001302","8388608","64428600000","18446744073562895020"
"4","1","512","4","1","128,128,128,128","128,128,128,128","65536,65536,65536,65536","65536,65536,65536,65536","fused","A","8","1","8","2","4","0,2,4,6","true,true,true,true","0,0,0,0","true","true","true","avx2","0","0","0.0001433","8388608","58538800000","18446744073562895020"
"4","2","512","4","1","128,128,128,128","128,128,128,128","65536,65536,65536,65536","65536,65536,65536,65536","repeat","A","8","1","8","2","4","0,2,4,6","true,true,true,true","0,0,0,0","true","true","true","avx2","0","0","0.0001744","8388608","48099800000","18446744073562895020"
"5","1","512","4","1","128,128,128,128","128,128,128,128","65536,65536,65536,65536","65536,65536,65536,65536","repeat","A","8","1","8","2","4","0,2,4,6","true,true,true,true","0,0,0,0","true","true","true","avx2","0","0","0.000189","8388608","44384200000","18446744073562895020"
"5","2","512","4","1","128,128,128,128","128,128,128,128","65536,65536,65536,65536","65536,65536,65536,65536","fused","A","8","1","8","2","4","0,2,4,6","true,true,true,true","0,0,0,0","true","true","true","avx2","0","0","7.76E-05","8388608","108101000000","18446744073562895020"
"6","1","512","4","1","128,128,128,128","128,128,128,128","65536,65536,65536,65536","65536,65536,65536,65536","fused","A","8","1","8","2","4","0,2,4,6","true,true,true,true","0,0,0,0","true","true","true","avx2","0","0","0.0001275","8388608","65793000000","18446744073562895020"
"6","2","512","4","1","128,128,128,128","128,128,128,128","65536,65536,65536,65536","65536,65536,65536,65536","repeat","A","8","1","8","2","4","0,2,4,6","true,true,true,true","0,0,0,0","true","true","true","avx2","0","0","0.000189","8388608","44384200000","18446744073562895020"
"7","1","512","4","1","128,128,128,128","128,128,128,128","65536,65536,65536,65536","65536,65536,65536,65536","repeat","A","8","1","8","2","4","0,2,4,6","true,true,true,true","0,0,0,0","true","true","true","avx2","0","0","0.0001834","8388608","45739400000","18446744073562895020"
"7","2","512","4","1","128,128,128,128","128,128,128,128","65536,65536,65536,65536","65536,65536,65536,65536","fused","A","8","1","8","2","4","0,2,4,6","true,true,true,true","0,0,0,0","true","true","true","avx2","0","0","8.12E-05","8388608","103308000000","18446744073562895020"
"8","1","512","4","1","128,128,128,128","128,128,128,128","65536,65536,65536,65536","65536,65536,65536,65536","fused","A","8","1","8","2","4","0,2,4,6","true,true,true,true","0,0,0,0","true","true","true","avx2","0","0","0.0001982","8388608","42324000000","18446744073562895020"
"8","2","512","4","1","128,128,128,128","128,128,128,128","65536,65536,65536,65536","65536,65536,65536,65536","repeat","A","8","1","8","2","4","0,2,4,6","true,true,true,true","0,0,0,0","true","true","true","avx2","0","0","0.0002231","8388608","37600200000","18446744073562895020"
"9","1","512","4","1","128,128,128,128","128,128,128,128","65536,65536,65536,65536","65536,65536,65536,65536","repeat","A","8","1","8","2","4","0,2,4,6","true,true,true,true","0,0,0,0","true","true","true","avx2","0","0","0.0003544","8388608","23669900000","18446744073562895020"
"9","2","512","4","1","128,128,128,128","128,128,128,128","65536,65536,65536,65536","65536,65536,65536,65536","fused","A","8","1","8","2","4","0,2,4,6","true,true,true,true","0,0,0,0","true","true","true","avx2","0","0","0.0001341","8388608","62554900000","18446744073562895020"
"10","1","512","4","1","128,128,128,128","128,128,128,128","65536,65536,65536,65536","65536,65536,65536,65536","fused","A","8","1","8","2","4","0,2,4,6","true,true,true,true","0,0,0,0","true","true","true","avx2","0","0","0.0001398","8388608","60004300000","18446744073562895020"
"10","2","512","4","1","128,128,128,128","128,128,128,128","65536,65536,65536,65536","65536,65536,65536,65536","repeat","A","8","1","8","2","4","0,2,4,6","true,true,true,true","0,0,0,0","true","true","true","avx2","0","0","0.0003185","8388608","26337900000","18446744073562895020"
"1","1","512","4","2","128,128,128,128","128,128,128,128","65536,65536,65536,65536","65536,65536,65536,65536","repeat","A","8","1","8","2","4","0,2,4,6","true,true,true,true","0,0,0,0","true","true","true","avx2","0","0","0.0003527","16777216","47568000000","18446744073562895020"
"1","2","512","4","2","128,128,128,128","128,128,128,128","65536,65536,65536,65536","65536,65536,65536,65536","fused","A","8","1","8","2","4","0,2,4,6","true,true,true,true","0,0,0,0","true","true","true","avx2","0","0","0.0002214","16777216","75777900000","18446744073562895020"
"2","1","512","4","2","128,128,128,128","128,128,128,128","65536,65536,65536,65536","65536,65536,65536,65536","fused","A","8","1","8","2","4","0,2,4,6","true,true,true,true","0,0,0,0","true","true","true","avx2","0","0","0.0001674","16777216","100222000000","18446744073562895020"
"2","2","512","4","2","128,128,128,128","128,128,128,128","65536,65536,65536,65536","65536,65536,65536,65536","repeat","A","8","1","8","2","4","0,2,4,6","true,true,true,true","0,0,0,0","true","true","true","avx2","0","0","0.0006219","16777216","26977400000","18446744073562895020"
"3","1","512","4","2","128,128,128,128","128,128,128,128","65536,65536,65536,65536","65536,65536,65536,65536","repeat","A","8","1","8","2","4","0,2,4,6","true,true,true,true","0,0,0,0","true","true","true","avx2","0","0","0.0004417","16777216","37983300000","18446744073562895020"
"3","2","512","4","2","128,128,128,128","128,128,128,128","65536,65536,65536,65536","65536,65536,65536,65536","fused","A","8","1","8","2","4","0,2,4,6","true,true,true,true","0,0,0,0","true","true","true","avx2","0","0","0.0003503","16777216","47893900000","18446744073562895020"
"4","1","512","4","2","128,128,128,128","128,128,128,128","65536,65536,65536,65536","65536,65536,65536,65536","fused","A","8","1","8","2","4","0,2,4,6","true,true,true,true","0,0,0,0","true","true","true","avx2","0","0","0.000297","16777216","56488900000","18446744073562895020"
"4","2","512","4","2","128,128,128,128","128,128,128,128","65536,65536,65536,65536","65536,65536,65536,65536","repeat","A","8","1","8","2","4","0,2,4,6","true,true,true,true","0,0,0,0","true","true","true","avx2","0","0","0.0003457","16777216","48531100000","18446744073562895020"
"5","1","512","4","2","128,128,128,128","128,128,128,128","65536,65536,65536,65536","65536,65536,65536,65536","repeat","A","8","1","8","2","4","0,2,4,6","true,true,true,true","0,0,0,0","true","true","true","avx2","0","0","0.0005764","16777216","29106900000","18446744073562895020"
"5","2","512","4","2","128,128,128,128","128,128,128,128","65536,65536,65536,65536","65536,65536,65536,65536","fused","A","8","1","8","2","4","0,2,4,6","true,true,true,true","0,0,0,0","true","true","true","avx2","0","0","0.0001703","16777216","98515700000","18446744073562895020"
"6","1","512","4","2","128,128,128,128","128,128,128,128","65536,65536,65536,65536","65536,65536,65536,65536","fused","A","8","1","8","2","4","0,2,4,6","true,true,true,true","0,0,0,0","true","true","true","avx2","0","0","0.0002307","16777216","72723100000","18446744073562895020"
"6","2","512","4","2","128,128,128,128","128,128,128,128","65536,65536,65536,65536","65536,65536,65536,65536","repeat","A","8","1","8","2","4","0,2,4,6","true,true,true,true","0,0,0,0","true","true","true","avx2","0","0","0.0003281","16777216","51134500000","18446744073562895020"
"7","1","512","4","2","128,128,128,128","128,128,128,128","65536,65536,65536,65536","65536,65536,65536,65536","repeat","A","8","1","8","2","4","0,2,4,6","true,true,true,true","0,0,0,0","true","true","true","avx2","0","0","0.0005984","16777216","28036800000","18446744073562895020"
"7","2","512","4","2","128,128,128,128","128,128,128,128","65536,65536,65536,65536","65536,65536,65536,65536","fused","A","8","1","8","2","4","0,2,4,6","true,true,true,true","0,0,0,0","true","true","true","avx2","0","0","0.0002722","16777216","61635600000","18446744073562895020"
"8","1","512","4","2","128,128,128,128","128,128,128,128","65536,65536,65536,65536","65536,65536,65536,65536","fused","A","8","1","8","2","4","0,2,4,6","true,true,true,true","0,0,0,0","true","true","true","avx2","0","0","0.0003033","16777216","55315600000","18446744073562895020"
"8","2","512","4","2","128,128,128,128","128,128,128,128","65536,65536,65536,65536","65536,65536,65536,65536","repeat","A","8","1","8","2","4","0,2,4,6","true,true,true,true","0,0,0,0","true","true","true","avx2","0","0","0.0003661","16777216","45826900000","18446744073562895020"
"9","1","512","4","2","128,128,128,128","128,128,128,128","65536,65536,65536,65536","65536,65536,65536,65536","repeat","A","8","1","8","2","4","0,2,4,6","true,true,true,true","0,0,0,0","true","true","true","avx2","0","0","0.000331","16777216","50686500000","18446744073562895020"
"9","2","512","4","2","128,128,128,128","128,128,128,128","65536,65536,65536,65536","65536,65536,65536,65536","fused","A","8","1","8","2","4","0,2,4,6","true,true,true,true","0,0,0,0","true","true","true","avx2","0","0","0.0001652","16777216","101557000000","18446744073562895020"
"10","1","512","4","2","128,128,128,128","128,128,128,128","65536,65536,65536,65536","65536,65536,65536,65536","fused","A","8","1","8","2","4","0,2,4,6","true,true,true,true","0,0,0,0","true","true","true","avx2","0","0","0.0002555","16777216","65664300000","18446744073562895020"
"10","2","512","4","2","128,128,128,128","128,128,128,128","65536,65536,65536,65536","65536,65536,65536,65536","repeat","A","8","1","8","2","4","0,2,4,6","true,true,true,true","0,0,0,0","true","true","true","avx2","0","0","0.0003573","16777216","46955500000","18446744073562895020"
"1","1","512","4","4","128,128,128,128","128,128,128,128","65536,65536,65536,65536","65536,65536,65536,65536","repeat","A","8","1","8","2","4","0,2,4,6","true,true,true,true","0,0,0,0","true","true","true","avx2","0","0","0.0006732","33554432","49843200000","18446744073562895020"
"1","2","512","4","4","128,128,128,128","128,128,128,128","65536,65536,65536,65536","65536,65536,65536,65536","fused","A","8","1","8","2","4","0,2,4,6","true,true,true,true","0,0,0,0","true","true","true","avx2","0","0","0.0003391","33554432","98951400000","18446744073562895020"
"2","1","512","4","4","128,128,128,128","128,128,128,128","65536,65536,65536,65536","65536,65536,65536,65536","fused","A","8","1","8","2","4","0,2,4,6","true,true,true,true","0,0,0,0","true","true","true","avx2","0","0","0.0003449","33554432","97287400000","18446744073562895020"
"2","2","512","4","4","128,128,128,128","128,128,128,128","65536,65536,65536,65536","65536,65536,65536,65536","repeat","A","8","1","8","2","4","0,2,4,6","true,true,true,true","0,0,0,0","true","true","true","avx2","0","0","0.000675","33554432","49710300000","18446744073562895020"
"3","1","512","4","4","128,128,128,128","128,128,128,128","65536,65536,65536,65536","65536,65536,65536,65536","repeat","A","8","1","8","2","4","0,2,4,6","true,true,true,true","0,0,0,0","true","true","true","avx2","0","0","0.0006697","33554432","50103700000","18446744073562895020"
"3","2","512","4","4","128,128,128,128","128,128,128,128","65536,65536,65536,65536","65536,65536,65536,65536","fused","A","8","1","8","2","4","0,2,4,6","true,true,true,true","0,0,0,0","true","true","true","avx2","0","0","0.0007429","33554432","45166800000","18446744073562895020"
"4","1","512","4","4","128,128,128,128","128,128,128,128","65536,65536,65536,65536","65536,65536,65536,65536","fused","A","8","1","8","2","4","0,2,4,6","true,true,true,true","0,0,0,0","true","true","true","avx2","0","0","0.0005033","33554432","66668800000","18446744073562895020"
"4","2","512","4","4","128,128,128,128","128,128,128,128","65536,65536,65536,65536","65536,65536,65536,65536","repeat","A","8","1","8","2","4","0,2,4,6","true,true,true,true","0,0,0,0","true","true","true","avx2","0","0","0.0006739","33554432","49791400000","18446744073562895020"
"5","1","512","4","4","128,128,128,128","128,128,128,128","65536,65536,65536,65536","65536,65536,65536,65536","repeat","A","8","1","8","2","4","0,2,4,6","true,true,true,true","0,0,0,0","true","true","true","avx2","0","0","0.0008255","33554432","40647400000","18446744073562895020"
"5","2","512","4","4","128,128,128,128","128,128,128,128","65536,65536,65536,65536","65536,65536,65536,65536","fused","A","8","1","8","2","4","0,2,4,6","true,true,true,true","0,0,0,0","true","true","true","avx2","0","0","0.0003468","33554432","96754400000","18446744073562895020"
"6","1","512","4","4","128,128,128,128","128,128,128,128","65536,65536,65536,65536","65536,65536,65536,65536","fused","A","8","1","8","2","4","0,2,4,6","true,true,true,true","0,0,0,0","true","true","true","avx2","0","0","0.0003692","33554432","90884200000","18446744073562895020"
"6","2","512","4","4","128,128,128,128","128,128,128,128","65536,65536,65536,65536","65536,65536,65536,65536","repeat","A","8","1","8","2","4","0,2,4,6","true,true,true,true","0,0,0,0","true","true","true","avx2","0","0","0.000681","33554432","49272300000","18446744073562895020"
"7","1","512","4","4","128,128,128,128","128,128,128,128","65536,65536,65536,65536","65536,65536,65536,65536","repeat","A","8","1","8","2","4","0,2,4,6","true,true,true,true","0,0,0,0","true","true","true","avx2","0","0","0.0006601","33554432","50832300000","18446744073562895020"
"7","2","512","4","4","128,128,128,128","128,128,128,128","65536,65536,65536,65536","65536,65536,65536,65536","fused","A","8","1","8","2","4","0,2,4,6","true,true,true,true","0,0,0,0","true","true","true","avx2","0","0","0.0003471","33554432","96670800000","18446744073562895020"
"8","1","512","4","4","128,128,128,128","128,128,128,128","65536,65536,65536,65536","65536,65536,65536,65536","fused","A","8","1","8","2","4","0,2,4,6","true,true,true,true","0,0,0,0","true","true","true","avx2","0","0","0.0008011","33554432","41885400000","18446744073562895020"
"8","2","512","4","4","128,128,128,128","128,128,128,128","65536,65536,65536,65536","65536,65536,65536,65536","repeat","A","8","1","8","2","4","0,2,4,6","true,true,true,true","0,0,0,0","true","true","true","avx2","0","0","0.000678","33554432","49490300000","18446744073562895020"
"9","1","512","4","4","128,128,128,128","128,128,128,128","65536,65536,65536,65536","65536,65536,65536,65536","repeat","A","8","1","8","2","4","0,2,4,6","true,true,true,true","0,0,0,0","true","true","true","avx2","0","0","0.000946","33554432","35469800000","18446744073562895020"
"9","2","512","4","4","128,128,128,128","128,128,128,128","65536,65536,65536,65536","65536,65536,65536,65536","fused","A","8","1","8","2","4","0,2,4,6","true,true,true,true","0,0,0,0","true","true","true","avx2","0","0","0.0003408","33554432","98457800000","18446744073562895020"
"10","1","512","4","4","128,128,128,128","128,128,128,128","65536,65536,65536,65536","65536,65536,65536,65536","fused","A","8","1","8","2","4","0,2,4,6","true,true,true,true","0,0,0,0","true","true","true","avx2","0","0","0.0005057","33554432","66352400000","18446744073562895020"
"10","2","512","4","4","128,128,128,128","128,128,128,128","65536,65536,65536,65536","65536,65536,65536,65536","repeat","A","8","1","8","2","4","0,2,4,6","true,true,true,true","0,0,0,0","true","true","true","avx2","0","0","0.0010236","33554432","32780800000","18446744073562895020"
"1","1","512","4","8","128,128,128,128","128,128,128,128","65536,65536,65536,65536","65536,65536,65536,65536","repeat","A","8","1","8","2","4","0,2,4,6","true,true,true,true","0,0,0,0","true","true","true","avx2","0","0","0.0017571","67108864","38193000000","18446744073562895020"
"1","2","512","4","8","128,128,128,128","128,128,128,128","65536,65536,65536,65536","65536,65536,65536,65536","fused","A","8","1","8","2","4","0,2,4,6","true,true,true,true","0,0,0,0","true","true","true","avx2","0","0","0.0007747","67108864","86625600000","18446744073562895020"
"2","1","512","4","8","128,128,128,128","128,128,128,128","65536,65536,65536,65536","65536,65536,65536,65536","fused","A","8","1","8","2","4","0,2,4,6","true,true,true,true","0,0,0,0","true","true","true","avx2","0","0","0.0007","67108864","95869800000","18446744073562895020"
"2","2","512","4","8","128,128,128,128","128,128,128,128","65536,65536,65536,65536","65536,65536,65536,65536","repeat","A","8","1","8","2","4","0,2,4,6","true,true,true,true","0,0,0,0","true","true","true","avx2","0","0","0.0016607","67108864","40410000000","18446744073562895020"
"3","1","512","4","8","128,128,128,128","128,128,128,128","65536,65536,65536,65536","65536,65536,65536,65536","repeat","A","8","1","8","2","4","0,2,4,6","true,true,true,true","0,0,0,0","true","true","true","avx2","0","0","0.0013988","67108864","47976000000","18446744073562895020"
"3","2","512","4","8","128,128,128,128","128,128,128,128","65536,65536,65536,65536","65536,65536,65536,65536","fused","A","8","1","8","2","4","0,2,4,6","true,true,true,true","0,0,0,0","true","true","true","avx2","0","0","0.0006797","67108864","98733100000","18446744073562895020"
"4","1","512","4","8","128,128,128,128","128,128,128,128","65536,65536,65536,65536","65536,65536,65536,65536","fused","A","8","1","8","2","4","0,2,4,6","true,true,true,true","0,0,0,0","true","true","true","avx2","0","0","0.0010643","67108864","63054500000","18446744073562895020"
"4","2","512","4","8","128,128,128,128","128,128,128,128","65536,65536,65536,65536","65536,65536,65536,65536","repeat","A","8","1","8","2","4","0,2,4,6","true,true,true,true","0,0,0,0","true","true","true","avx2","0","0","0.0013532","67108864","49592700000","18446744073562895020"
"5","1","512","4","8","128,128,128,128","128,128,128,128","65536,65536,65536,65536","65536,65536,65536,65536","repeat","A","8","1","8","2","4","0,2,4,6","true,true,true,true","0,0,0,0","true","true","true","avx2","0","0","0.0014165","67108864","47376500000","18446744073562895020"
"5","2","512","4","8","128,128,128,128","128,128,128,128","65536,65536,65536,65536","65536,65536,65536,65536","fused","A","8","1","8","2","4","0,2,4,6","true,true,true,true","0,0,0,0","true","true","true","avx2","0","0","0.0006866","67108864","97740800000","18446744073562895020"
"6","1","512","4","8","128,128,128,128","128,128,128,128","65536,65536,65536,65536","65536,65536,65536,65536","fused","A","8","1","8","2","4","0,2,4,6","true,true,true,true","0,0,0,0","true","true","true","avx2","0","0","0.0006824","67108864","98342400000","18446744073562895020"
"6","2","512","4","8","128,128,128,128","128,128,128,128","65536,65536,65536,65536","65536,65536,65536,65536","repeat","A","8","1","8","2","4","0,2,4,6","true,true,true,true","0,0,0,0","true","true","true","avx2","0","0","0.0013463","67108864","49846900000","18446744073562895020"
"7","1","512","4","8","128,128,128,128","128,128,128,128","65536,65536,65536,65536","65536,65536,65536,65536","repeat","A","8","1","8","2","4","0,2,4,6","true,true,true,true","0,0,0,0","true","true","true","avx2","0","0","0.0014321","67108864","46860500000","18446744073562895020"
"7","2","512","4","8","128,128,128,128","128,128,128,128","65536,65536,65536,65536","65536,65536,65536,65536","fused","A","8","1","8","2","4","0,2,4,6","true,true,true,true","0,0,0,0","true","true","true","avx2","0","0","0.0006829","67108864","98270400000","18446744073562895020"
"8","1","512","4","8","128,128,128,128","128,128,128,128","65536,65536,65536,65536","65536,65536,65536,65536","fused","A","8","1","8","2","4","0,2,4,6","true,true,true,true","0,0,0,0","true","true","true","avx2","0","0","0.0006757","67108864","99317500000","18446744073562895020"
"8","2","512","4","8","128,128,128,128","128,128,128,128","65536,65536,65536,65536","65536,65536,65536,65536","repeat","A","8","1","8","2","4","0,2,4,6","true,true,true,true","0,0,0,0","true","true","true","avx2","0","0","0.001329","67108864","50495800000","18446744073562895020"
"9","1","512","4","8","128,128,128,128","128,128,128,128","65536,65536,65536,65536","65536,65536,65536,65536","repeat","A","8","1","8","2","4","0,2,4,6","true,true,true,true","0,0,0,0","true","true","true","avx2","0","0","0.0024535","67108864","27352300000","18446744073562895020"
"9","2","512","4","8","128,128,128,128","128,128,128,128","65536,65536,65536,65536","65536,65536,65536,65536","fused","A","8","1","8","2","4","0,2,4,6","true,true,true,true","0,0,0,0","true","true","true","avx2","0","0","0.0012463","67108864","53846500000","18446744073562895020"
"10","1","512","4","8","128,128,128,128","128,128,128,128","65536,65536,65536,65536","65536,65536,65536,65536","fused","A","8","1","8","2","4","0,2,4,6","true,true,true,true","0,0,0,0","true","true","true","avx2","0","0","0.0006774","67108864","99068300000","18446744073562895020"
"10","2","512","4","8","128,128,128,128","128,128,128,128","65536,65536,65536,65536","65536,65536,65536,65536","repeat","A","8","1","8","2","4","0,2,4,6","true,true,true,true","0,0,0,0","true","true","true","avx2","0","0","0.0013314","67108864","50404700000","18446744073562895020"
"1","1","512","4","16","128,128,128,128","128,128,128,128","65536,65536,65536,65536","65536,65536,65536,65536","repeat","A","8","1","8","2","4","0,2,4,6","true,true,true,true","0,0,0,0","true","true","true","avx2","0","0","0.0058718","134217728","22858000000","18446744073562895020"
"1","2","512","4","16","128,128,128,128","128,128,128,128","65536,65536,65536,65536","65536,65536,65536,65536","fused","A","8","1","8","2","4","0,2,4,6","true,true,true,true","0,0,0,0","true","true","true","avx2","0","0","0.0027446","134217728","48902500000","18446744073562895020"
"2","1","512","4","16","128,128,128,128","128,128,128,128","65536,65536,65536,65536","65536,65536,65536,65536","fused","A","8","1","8","2","4","0,2,4,6","true,true,true,true","0,0,0,0","true","true","true","avx2","0","0","0.0021009","134217728","63885800000","18446744073562895020"
"2","2","512","4","16","128,128,128,128","128,128,128,128","65536,65536,65536,65536","65536,65536,65536,65536","repeat","A","8","1","8","2","4","0,2,4,6","true,true,true,true","0,0,0,0","true","true","true","avx2","0","0","0.0034331","134217728","39095200000","18446744073562895020"
"3","1","512","4","16","128,128,128,128","128,128,128,128","65536,65536,65536,65536","65536,65536,65536,65536","repeat","A","8","1","8","2","4","0,2,4,6","true,true,true,true","0,0,0,0","true","true","true","avx2","0","0","0.0052407","134217728","25610600000","18446744073562895020"
"3","2","512","4","16","128,128,128,128","128,128,128,128","65536,65536,65536,65536","65536,65536,65536,65536","fused","A","8","1","8","2","4","0,2,4,6","true,true,true,true","0,0,0,0","true","true","true","avx2","0","0","0.00196","134217728","68478400000","18446744073562895020"
"4","1","512","4","16","128,128,128,128","128,128,128,128","65536,65536,65536,65536","65536,65536,65536,65536","fused","A","8","1","8","2","4","0,2,4,6","true,true,true,true","0,0,0,0","true","true","true","avx2","0","0","0.0015678","134217728","85609000000","18446744073562895020"
"4","2","512","4","16","128,128,128,128","128,128,128,128","65536,65536,65536,65536","65536,65536,65536,65536","repeat","A","8","1","8","2","4","0,2,4,6","true,true,true,true","0,0,0,0","true","true","true","avx2","0","0","0.0033997","134217728","39479300000","18446744073562895020"
"5","1","512","4","16","128,128,128,128","128,128,128,128","65536,65536,65536,65536","65536,65536,65536,65536","repeat","A","8","1","8","2","4","0,2,4,6","true,true,true,true","0,0,0,0","true","true","true","avx2","0","0","0.0026961","134217728","49782200000","18446744073562895020"
"5","2","512","4","16","128,128,128,128","128,128,128,128","65536,65536,65536,65536","65536,65536,65536,65536","fused","A","8","1","8","2","4","0,2,4,6","true,true,true,true","0,0,0,0","true","true","true","avx2","0","0","0.0019574","134217728","68569400000","18446744073562895020"
"6","1","512","4","16","128,128,128,128","128,128,128,128","65536,65536,65536,65536","65536,65536,65536,65536","fused","A","8","1","8","2","4","0,2,4,6","true,true,true,true","0,0,0,0","true","true","true","avx2","0","0","0.0014105","134217728","95156100000","18446744073562895020"
"6","2","512","4","16","128,128,128,128","128,128,128,128","65536,65536,65536,65536","65536,65536,65536,65536","repeat","A","8","1","8","2","4","0,2,4,6","true,true,true,true","0,0,0,0","true","true","true","avx2","0","0","0.0026545","134217728","50562300000","18446744073562895020"
"7","1","512","4","16","128,128,128,128","128,128,128,128","65536,65536,65536,65536","65536,65536,65536,65536","repeat","A","8","1","8","2","4","0,2,4,6","true,true,true,true","0,0,0,0","true","true","true","avx2","0","0","0.0042797","134217728","31361500000","18446744073562895020"
"7","2","512","4","16","128,128,128,128","128,128,128,128","65536,65536,65536,65536","65536,65536,65536,65536","fused","A","8","1","8","2","4","0,2,4,6","true,true,true,true","0,0,0,0","true","true","true","avx2","0","0","0.0017173","134217728","78156200000","18446744073562895020"
"8","1","512","4","16","128,128,128,128","128,128,128,128","65536,65536,65536,65536","65536,65536,65536,65536","fused","A","8","1","8","2","4","0,2,4,6","true,true,true,true","0,0,0,0","true","true","true","avx2","0","0","0.0013911","134217728","96483200000","18446744073562895020"
"8","2","512","4","16","128,128,128,128","128,128,128,128","65536,65536,65536,65536","65536,65536,65536,65536","repeat","A","8","1","8","2","4","0,2,4,6","true,true,true,true","0,0,0,0","true","true","true","avx2","0","0","0.0026865","134217728","49960100000","18446744073562895020"
"9","1","512","4","16","128,128,128,128","128,128,128,128","65536,65536,65536,65536","65536,65536,65536,65536","repeat","A","8","1","8","2","4","0,2,4,6","true,true,true,true","0,0,0,0","true","true","true","avx2","0","0","0.0038233","134217728","35105200000","18446744073562895020"
"9","2","512","4","16","128,128,128,128","128,128,128,128","65536,65536,65536,65536","65536,65536,65536,65536","fused","A","8","1","8","2","4","0,2,4,6","true,true,true,true","0,0,0,0","true","true","true","avx2","0","0","0.0012906","134217728","103996000000","18446744073562895020"
"10","1","512","4","16","128,128,128,128","128,128,128,128","65536,65536,65536,65536","65536,65536,65536,65536","fused","A","8","1","8","2","4","0,2,4,6","true,true,true,true","0,0,0,0","true","true","true","avx2","0","0","0.0018061","134217728","74313600000","18446744073562895020"
"10","2","512","4","16","128,128,128,128","128,128,128,128","65536,65536,65536,65536","65536,65536,65536,65536","repeat","A","8","1","8","2","4","0,2,4,6","true,true,true,true","0,0,0,0","true","true","true","avx2","0","0","0.0059216","134217728","22665800000","18446744073562895020"
"1","1","512","8","1","128,128,128,128","128,128,128,128","65536,65536,65536,65536","65536,65536,65536,65536","repeat","A","8","1","8","2","4","0,2,4,6","true,true,true,true","0,0,0,0","true","true","true","avx2","0","0","0.0003105","16777216","54032900000","18446744072986663060"
"1","2","512","8","1","128,128,128,128","128,128,128,128","65536,65536,65536,65536","65536,65536,65536,65536","fused","A","8","1","8","2","4","0,2,4,6","true,true,true,true","0,0,0,0","true","true","true","avx2","0","0","0.0001988","16777216","84392400000","18446744072986663060"
"2","1","512","8","1","128,128,128,128","128,128,128,128","65536,65536,65536,65536","65536,65536,65536,65536","fused","A","8","1","8","2","4","0,2,4,6","true,true,true,true","0,0,0,0","true","true","true","avx2","0","0","0.0001798","16777216","93310400000","18446744072986663060"
"2","2","512","8","1","128,128,128,128","128,128,128,128","65536,65536,65536,65536","65536,65536,65536,65536","repeat","A","8","1","8","2","4","0,2,4,6","true,true,true,true","0,0,0,0","true","true","true","avx2","0","0","0.000319","16777216","52593200000","18446744072986663060"
"3","1","512","8","1","128,128,128,128","128,128,128,128","65536,65536,65536,65536","65536,65536,65536,65536","repeat","A","8","1","8","2","4","0,2,4,6","true,true,true,true","0,0,0,0","true","true","true","avx2","0","0","0.0003234","16777216","51877600000","18446744072986663060"
"3","2","512","8","1","128,128,128,128","128,128,128,128","65536,65536,65536,65536","65536,65536,65536,65536","fused","A","8","1","8","2","4","0,2,4,6","true,true,true,true","0,0,0,0","true","true","true","avx2","0","0","0.0001401","16777216","119752000000","18446744072986663060"
"4","1","512","8","1","128,128,128,128","128,128,128,128","65536,65536,65536,65536","65536,65536,65536,65536","fused","A","8","1","8","2","4","0,2,4,6","true,true,true,true","0,0,0,0","true","true","true","avx2","0","0","0.0001376","16777216","121927000000","18446744072986663060"
"4","2","512","8","1","128,128,128,128","128,128,128,128","65536,65536,65536,65536","65536,65536,65536,65536","repeat","A","8","1","8","2","4","0,2,4,6","true,true,true,true","0,0,0,0","true","true","true","avx2","0","0","0.0011005","16777216","15245100000","18446744072986663060"
"5","1","512","8","1","128,128,128,128","128,128,128,128","65536,65536,65536,65536","65536,65536,65536,65536","repeat","A","8","1","8","2","4","0,2,4,6","true,true,true,true","0,0,0,0","true","true","true","avx2","0","0","0.000295","16777216","56871900000","18446744072986663060"
"5","2","512","8","1","128,128,128,128","128,128,128,128","65536,65536,65536,65536","65536,65536,65536,65536","fused","A","8","1","8","2","4","0,2,4,6","true,true,true,true","0,0,0,0","true","true","true","avx2","0","0","0.0002155","16777216","77852500000","18446744072986663060"
"6","1","512","8","1","128,128,128,128","128,128,128,128","65536,65536,65536,65536","65536,65536,65536,65536","fused","A","8","1","8","2","4","0,2,4,6","true,true,true,true","0,0,0,0","true","true","true","avx2","0","0","0.0002321","16777216","72284400000","18446744072986663060"
"6","2","512","8","1","128,128,128,128","128,128,128,128","65536,65536,65536,65536","65536,65536,65536,65536","repeat","A","8","1","8","2","4","0,2,4,6","true,true,true,true","0,0,0,0","true","true","true","avx2","0","0","0.0004643","16777216","36134400000","18446744072986663060"
"7","1","512","8","1","128,128,128,128","128,128,128,128","65536,65536,65536,65536","65536,65536,65536,65536","repeat","A","8","1","8","2","4","0,2,4,6","true,true,true,true","0,0,0,0","true","true","true","avx2","0","0","0.0003369","16777216","49798800000","18446744072986663060"
"7","2","512","8","1","128,128,128,128","128,128,128,128","65536,65536,65536,65536","65536,65536,65536,65536","fused","A","8","1","8","2","4","0,2,4,6","true,true,true,true","0,0,0,0","true","true","true","avx2","0","0","0.0001515","16777216","110741000000","18446744072986663060"
"8","1","512","8","1","128,128,128,128","128,128,128,128","65536,65536,65536,65536","65536,65536,65536,65536","fused","A","8","1","8","2","4","0,2,4,6","true,true,true,true","0,0,0,0","true","true","true","avx2","0","0","0.0002457","16777216","68283300000","18446744072986663060"
"8","2","512","8","1","128,128,128,128","128,128,128,128","65536,65536,65536,65536","65536,65536,65536,65536","repeat","A","8","1","8","2","4","0,2,4,6","true,true,true,true","0,0,0,0","true","true","true","avx2","0","0","0.0004943","16777216","33941400000","18446744072986663060"
"9","1","512","8","1","128,128,128,128","128,128,128,128","65536,65536,65536,65536","65536,65536,65536,65536","repeat","A","8","1","8","2","4","0,2,4,6","true,true,true,true","0,0,0,0","true","true","true","avx2","0","0","0.0003687","16777216","45503700000","18446744072986663060"
"9","2","512","8","1","128,128,128,128","128,128,128,128","65536,65536,65536,65536","65536,65536,65536,65536","fused","A","8","1","8","2","4","0,2,4,6","true,true,true,true","0,0,0,0","true","true","true","avx2","0","0","0.0001813","16777216","92538400000","18446744072986663060"
"10","1","512","8","1","128,128,128,128","128,128,128,128","65536,65536,65536,65536","65536,65536,65536,65536","fused","A","8","1","8","2","4","0,2,4,6","true,true,true,true","0,0,0,0","true","true","true","avx2","0","0","0.0002754","16777216","60919400000","18446744072986663060"
"10","2","512","8","1","128,128,128,128","128,128,128,128","65536,65536,65536,65536","65536,65536,65536,65536","repeat","A","8","1","8","2","4","0,2,4,6","true,true,true,true","0,0,0,0","true","true","true","avx2","0","0","0.0004877","16777216","34400700000","18446744072986663060"
"1","1","512","8","2","128,128,128,128","128,128,128,128","65536,65536,65536,65536","65536,65536,65536,65536","repeat","A","8","1","8","2","4","0,2,4,6","true,true,true,true","0,0,0,0","true","true","true","avx2","0","0","0.0006003","33554432","55896100000","18446744072986663060"
"1","2","512","8","2","128,128,128,128","128,128,128,128","65536,65536,65536,65536","65536,65536,65536,65536","fused","A","8","1","8","2","4","0,2,4,6","true,true,true,true","0,0,0,0","true","true","true","avx2","0","0","0.0002821","33554432","118945000000","18446744072986663060"
"2","1","512","8","2","128,128,128,128","128,128,128,128","65536,65536,65536,65536","65536,65536,65536,65536","fused","A","8","1","8","2","4","0,2,4,6","true,true,true,true","0,0,0,0","true","true","true","avx2","0","0","0.0002816","33554432","119156000000","18446744072986663060"
"2","2","512","8","2","128,128,128,128","128,128,128,128","65536,65536,65536,65536","65536,65536,65536,65536","repeat","A","8","1","8","2","4","0,2,4,6","true,true,true,true","0,0,0,0","true","true","true","avx2","0","0","0.0007201","33554432","46596900000","18446744072986663060"
"3","1","512","8","2","128,128,128,128","128,128,128,128","65536,65536,65536,65536","65536,65536,65536,65536","repeat","A","8","1","8","2","4","0,2,4,6","true,true,true,true","0,0,0,0","true","true","true","avx2","0","0","0.0010901","33554432","30781100000","18446744072986663060"
"3","2","512","8","2","128,128,128,128","128,128,128,128","65536,65536,65536,65536","65536,65536,65536,65536","fused","A","8","1","8","2","4","0,2,4,6","true,true,true,true","0,0,0,0","true","true","true","avx2","0","0","0.0002849","33554432","117776000000","18446744072986663060"
"4","1","512","8","2","128,128,128,128","128,128,128,128","65536,65536,65536,65536","65536,65536,65536,65536","fused","A","8","1","8","2","4","0,2,4,6","true,true,true,true","0,0,0,0","true","true","true","avx2","0","0","0.000489","33554432","68618500000","18446744072986663060"
"4","2","512","8","2","128,128,128,128","128,128,128,128","65536,65536,65536,65536","65536,65536,65536,65536","repeat","A","8","1","8","2","4","0,2,4,6","true,true,true,true","0,0,0,0","true","true","true","avx2","0","0","0.0006711","33554432","49999200000","18446744072986663060"
"5","1","512","8","2","128,128,128,128","128,128,128,128","65536,65536,65536,65536","65536,65536,65536,65536","repeat","A","8","1","8","2","4","0,2,4,6","true,true,true,true","0,0,0,0","true","true","true","avx2","0","0","0.0007989","33554432","42000800000","18446744072986663060"
"5","2","512","8","2","128,128,128,128","128,128,128,128","65536,65536,65536,65536","65536,65536,65536,65536","fused","A","8","1","8","2","4","0,2,4,6","true,true,true,true","0,0,0,0","true","true","true","avx2","0","0","0.0002992","33554432","112147000000","18446744072986663060"
"6","1","512","8","2","128,128,128,128","128,128,128,128","65536,65536,65536,65536","65536,65536,65536,65536","fused","A","8","1","8","2","4","0,2,4,6","true,true,true,true","0,0,0,0","true","true","true","avx2","0","0","0.0002848","33554432","117818000000","18446744072986663060"
"6","2","512","8","2","128,128,128,128","128,128,128,128","65536,65536,65536,65536","65536,65536,65536,65536","repeat","A","8","1","8","2","4","0,2,4,6","true,true,true,true","0,0,0,0","true","true","true","avx2","0","0","0.0006328","33554432","53025300000","18446744072986663060"
"7","1","512","8","2","128,128,128,128","128,128,128,128","65536,65536,65536,65536","65536,65536,65536,65536","repeat","A","8","1","8","2","4","0,2,4,6","true,true,true,true","0,0,0,0","true","true","true","avx2","0","0","0.0006258","33554432","53618500000","18446744072986663060"
"7","2","512","8","2","128,128,128,128","128,128,128,128","65536,65536,65536,65536","65536,65536,65536,65536","fused","A","8","1","8","2","4","0,2,4,6","true,true,true,true","0,0,0,0","true","true","true","avx2","0","0","0.0002869","33554432","116955000000","18446744072986663060"
"8","1","512","8","2","128,128,128,128","128,128,128,128","65536,65536,65536,65536","65536,65536,65536,65536","fused","A","8","1","8","2","4","0,2,4,6","true,true,true,true","0,0,0,0","true","true","true","avx2","0","0","0.0002816","33554432","119156000000","18446744072986663060"
"8","2","512","8","2","128,128,128,128","128,128,128,128","65536,65536,65536,65536","65536,65536,65536,65536","repeat","A","8","1","8","2","4","0,2,4,6","true,true,true,true","0,0,0,0","true","true","true","avx2","0","0","0.0006253","33554432","53661300000","18446744072986663060"
"9","1","512","8","2","128,128,128,128","128,128,128,128","65536,65536,65536,65536","65536,65536,65536,65536","repeat","A","8","1","8","2","4","0,2,4,6","true,true,true,true","0,0,0,0","true","true","true","avx2","0","0","0.0006316","33554432","53126100000","18446744072986663060"
"9","2","512","8","2","128,128,128,128","128,128,128,128","65536,65536,65536,65536","65536,65536,65536,65536","fused","A","8","1","8","2","4","0,2,4,6","true,true,true,true","0,0,0,0","true","true","true","avx2","0","0","0.0003759","33554432","89264300000","18446744072986663060"
"10","1","512","8","2","128,128,128,128","128,128,128,128","65536,65536,65536,65536","65536,65536,65536,65536","fused","A","8","1","8","2","4","0,2,4,6","true,true,true,true","0,0,0,0","true","true","true","avx2","0","0","0.0002823","33554432","118861000000","18446744072986663060"
"10","2","512","8","2","128,128,128,128","128,128,128,128","65536,65536,65536,65536","65536,65536,65536,65536","repeat","A","8","1","8","2","4","0,2,4,6","true,true,true,true","0,0,0,0","true","true","true","avx2","0","0","0.0008051","33554432","41677300000","18446744072986663060"
"1","1","512","8","4","128,128,128,128","128,128,128,128","65536,65536,65536,65536","65536,65536,65536,65536","repeat","A","8","1","8","2","4","0,2,4,6","true,true,true,true","0,0,0,0","true","true","true","avx2","0","0","0.0018477","67108864","36320200000","18446744072986663060"
"1","2","512","8","4","128,128,128,128","128,128,128,128","65536,65536,65536,65536","65536,65536,65536,65536","fused","A","8","1","8","2","4","0,2,4,6","true,true,true,true","0,0,0,0","true","true","true","avx2","0","0","0.0005693","67108864","117880000000","18446744072986663060"
"2","1","512","8","4","128,128,128,128","128,128,128,128","65536,65536,65536,65536","65536,65536,65536,65536","fused","A","8","1","8","2","4","0,2,4,6","true,true,true,true","0,0,0,0","true","true","true","avx2","0","0","0.0006072","67108864","110522000000","18446744072986663060"
"2","2","512","8","4","128,128,128,128","128,128,128,128","65536,65536,65536,65536","65536,65536,65536,65536","repeat","A","8","1","8","2","4","0,2,4,6","true,true,true,true","0,0,0,0","true","true","true","avx2","0","0","0.0012656","67108864","53025300000","18446744072986663060"
"3","1","512","8","4","128,128,128,128","128,128,128,128","65536,65536,65536,65536","65536,65536,65536,65536","repeat","A","8","1","8","2","4","0,2,4,6","true,true,true,true","0,0,0,0","true","true","true","avx2","0","0","0.0012231","67108864","54867800000","18446744072986663060"
"3","2","512","8","4","128,128,128,128","128,128,128,128","65536,65536,65536,65536","65536,65536,65536,65536","fused","A","8","1","8","2","4","0,2,4,6","true,true,true,true","0,0,0,0","true","true","true","avx2","0","0","0.0005804","67108864","115625000000","18446744072986663060"
"4","1","512","8","4","128,128,128,128","128,128,128,128","65536,65536,65536,65536","65536,65536,65536,65536","fused","A","8","1","8","2","4","0,2,4,6","true,true,true,true","0,0,0,0","true","true","true","avx2","0","0","0.0005798","67108864","115745000000","18446744072986663060"
"4","2","512","8","4","128,128,128,128","128,128,128,128","65536,65536,65536,65536","65536,65536,65536,65536","repeat","A","8","1","8","2","4","0,2,4,6","true,true,true,true","0,0,0,0","true","true","true","avx2","0","0","0.0012114","67108864","55397800000","18446744072986663060"
"5","1","512","8","4","128,128,128,128","128,128,128,128","65536,65536,65536,65536","65536,65536,65536,65536","repeat","A","8","1","8","2","4","0,2,4,6","true,true,true,true","0,0,0,0","true","true","true","avx2","0","0","0.0024932","67108864","26916800000","18446744072986663060"
"5","2","512","8","4","128,128,128,128","128,128,128,128","65536,65536,65536,65536","65536,65536,65536,65536","fused","A","8","1","8","2","4","0,2,4,6","true,true,true,true","0,0,0,0","true","true","true","avx2","0","0","0.0007178","67108864","93492400000","18446744072986663060"
"6","1","512","8","4","128,128,128,128","128,128,128,128","65536,65536,65536,65536","65536,65536,65536,65536","fused","A","8","1","8","2","4","0,2,4,6","true,true,true,true","0,0,0,0","true","true","true","avx2","0","0","0.0005664","67108864","118483000000","18446744072986663060"
"6","2","512","8","4","128,128,128,128","128,128,128,128","65536,65536,65536,65536","65536,65536,65536,65536","repeat","A","8","1","8","2","4","0,2,4,6","true,true,true,true","0,0,0,0","true","true","true","avx2","0","0","0.0014437","67108864","46483900000","18446744072986663060"
"7","1","512","8","4","128,128,128,128","128,128,128,128","65536,65536,65536,65536","65536,65536,65536,65536","repeat","A","8","1","8","2","4","0,2,4,6","true,true,true,true","0,0,0,0","true","true","true","avx2","0","0","0.0013252","67108864","50640600000","18446744072986663060"
"7","2","512","8","4","128,128,128,128","128,128,128,128","65536,65536,65536,65536","65536,65536,65536,65536","fused","A","8","1","8","2","4","0,2,4,6","true,true,true,true","0,0,0,0","true","true","true","avx2","0","0","0.0008023","67108864","83645600000","18446744072986663060"
"8","1","512","8","4","128,128,128,128","128,128,128,128","65536,65536,65536,65536","65536,65536,65536,65536","fused","A","8","1","8","2","4","0,2,4,6","true,true,true,true","0,0,0,0","true","true","true","avx2","0","0","0.0009197","67108864","72968200000","18446744072986663060"
"8","2","512","8","4","128,128,128,128","128,128,128,128","65536,65536,65536,65536","65536,65536,65536,65536","repeat","A","8","1","8","2","4","0,2,4,6","true,true,true,true","0,0,0,0","true","true","true","avx2","0","0","0.0012864","67108864","52168000000","18446744072986663060"
"9","1","512","8","4","128,128,128,128","128,128,128,128","65536,65536,65536,65536","65536,65536,65536,65536","repeat","A","8","1","8","2","4","0,2,4,6","true,true,true,true","0,0,0,0","true","true","true","avx2","0","0","0.0013332","67108864","50336700000","18446744072986663060"
"9","2","512","8","4","128,128,128,128","128,128,128,128","65536,65536,65536,65536","65536,65536,65536,65536","fused","A","8","1","8","2","4","0,2,4,6","true,true,true,true","0,0,0,0","true","true","true","avx2","0","0","0.0009804","67108864","68450500000","18446744072986663060"
"10","1","512","8","4","128,128,128,128","128,128,128,128","65536,65536,65536,65536","65536,65536,65536,65536","fused","A","8","1","8","2","4","0,2,4,6","true,true,true,true","0,0,0,0","true","true","true","avx2","0","0","0.0005965","67108864","112504000000","18446744072986663060"
"10","2","512","8","4","128,128,128,128","128,128,128,128","65536,65536,65536,65536","65536,65536,65536,65536","repeat","A","8","1","8","2","4","0,2,4,6","true,true,true,true","0,0,0,0","true","true","true","avx2","0","0","0.0018813","67108864","35671500000","18446744072986663060"
"1","1","512","8","8","128,128,128,128","128,128,128,128","65536,65536,65536,65536","65536,65536,65536,65536","repeat","A","8","1","8","2","4","0,2,4,6","true,true,true,true","0,0,0,0","true","true","true","avx2","0","0","0.0028792","134217728","46616300000","18446744072986663060"
"1","2","512","8","8","128,128,128,128","128,128,128,128","65536,65536,65536,65536","65536,65536,65536,65536","fused","A","8","1","8","2","4","0,2,4,6","true,true,true,true","0,0,0,0","true","true","true","avx2","0","0","0.0012078","134217728","111126000000","18446744072986663060"
"2","1","512","8","8","128,128,128,128","128,128,128,128","65536,65536,65536,65536","65536,65536,65536,65536","fused","A","8","1","8","2","4","0,2,4,6","true,true,true,true","0,0,0,0","true","true","true","avx2","0","0","0.0017634","134217728","76113000000","18446744072986663060"
"2","2","512","8","8","128,128,128,128","128,128,128,128","65536,65536,65536,65536","65536,65536,65536,65536","repeat","A","8","1","8","2","4","0,2,4,6","true,true,true,true","0,0,0,0","true","true","true","avx2","0","0","0.003759","134217728","35705700000","18446744072986663060"
"3","1","512","8","8","128,128,128,128","128,128,128,128","65536,65536,65536,65536","65536,65536,65536,65536","repeat","A","8","1","8","2","4","0,2,4,6","true,true,true,true","0,0,0,0","true","true","true","avx2","0","0","0.0058223","134217728","23052400000","18446744072986663060"
"3","2","512","8","8","128,128,128,128","128,128,128,128","65536,65536,65536,65536","65536,65536,65536,65536","fused","A","8","1","8","2","4","0,2,4,6","true,true,true,true","0,0,0,0","true","true","true","avx2","0","0","0.0016943","134217728","79217200000","18446744072986663060"
"4","1","512","8","8","128,128,128,128","128,128,128,128","65536,65536,65536,65536","65536,65536,65536,65536","fused","A","8","1","8","2","4","0,2,4,6","true,true,true,true","0,0,0,0","true","true","true","avx2","0","0","0.001234","134217728","108766000000","18446744072986663060"
"4","2","512","8","8","128,128,128,128","128,128,128,128","65536,65536,65536,65536","65536,65536,65536,65536","repeat","A","8","1","8","2","4","0,2,4,6","true,true,true,true","0,0,0,0","true","true","true","avx2","0","0","0.0025246","134217728","53164000000","18446744072986663060"
"5","1","512","8","8","128,128,128,128","128,128,128,128","65536,65536,65536,65536","65536,65536,65536,65536","repeat","A","8","1","8","2","4","0,2,4,6","true,true,true,true","0,0,0,0","true","true","true","avx2","0","0","0.002572","134217728","52184200000","18446744072986663060"
"5","2","512","8","8","128,128,128,128","128,128,128,128","65536,65536,65536,65536","65536,65536,65536,65536","fused","A","8","1","8","2","4","0,2,4,6","true,true,true,true","0,0,0,0","true","true","true","avx2","0","0","0.0021281","134217728","63069300000","18446744072986663060"
"6","1","512","8","8","128,128,128,128","128,128,128,128","65536,65536,65536,65536","65536,65536,65536,65536","fused","A","8","1","8","2","4","0,2,4,6","true,true,true,true","0,0,0,0","true","true","true","avx2","0","0","0.0012761","134217728","105178000000","18446744072986663060"
"6","2","512","8","8","128,128,128,128","128,128,128,128","65536,65536,65536,65536","65536,65536,65536,65536","repeat","A","8","1","8","2","4","0,2,4,6","true,true,true,true","0,0,0,0","true","true","true","avx2","0","0","0.0024683","134217728","54376600000","18446744072986663060"
"7","1","512","8","8","128,128,128,128","128,128,128,128","65536,65536,65536,65536","65536,65536,65536,65536","repeat","A","8","1","8","2","4","0,2,4,6","true,true,true,true","0,0,0,0","true","true","true","avx2","0","0","0.0027902","134217728","48103300000","18446744072986663060"
"7","2","512","8","8","128,128,128,128","128,128,128,128","65536,65536,65536,65536","65536,65536,65536,65536","fused","A","8","1","8","2","4","0,2,4,6","true,true,true,true","0,0,0,0","true","true","true","avx2","0","0","0.0011619","134217728","115516000000","18446744072986663060"
"8","1","512","8","8","128,128,128,128","128,128,128,128","65536,65536,65536,65536","65536,65536,65536,65536","fused","A","8","1","8","2","4","0,2,4,6","true,true,true,true","0,0,0,0","true","true","true","avx2","0","0","0.0012776","134217728","105055000000","18446744072986663060"
"8","2","512","8","8","128,128,128,128","128,128,128,128","65536,65536,65536,65536","65536,65536,65536,65536","repeat","A","8","1","8","2","4","0,2,4,6","true,true,true,true","0,0,0,0","true","true","true","avx2","0","0","0.0077058","134217728","17417800000","18446744072986663060"
"9","1","512","8","8","128,128,128,128","128,128,128,128","65536,65536,65536,65536","65536,65536,65536,65536","repeat","A","8","1","8","2","4","0,2,4,6","true,true,true,true","0,0,0,0","true","true","true","avx2","0","0","0.0024774","134217728","54176800000","18446744072986663060"
"9","2","512","8","8","128,128,128,128","128,128,128,128","65536,65536,65536,65536","65536,65536,65536,65536","fused","A","8","1","8","2","4","0,2,4,6","true,true,true,true","0,0,0,0","true","true","true","avx2","0","0","0.0011576","134217728","115945000000","18446744072986663060"
"10","1","512","8","8","128,128,128,128","128,128,128,128","65536,65536,65536,65536","65536,65536,65536,65536","fused","A","8","1","8","2","4","0,2,4,6","true,true,true,true","0,0,0,0","true","true","true","avx2","0","0","0.0011413","134217728","117601000000","18446744072986663060"
"10","2","512","8","8","128,128,128,128","128,128,128,128","65536,65536,65536,65536","65536,65536,65536,65536","repeat","A","8","1","8","2","4","0,2,4,6","true,true,true,true","0,0,0,0","true","true","true","avx2","0","0","0.002898","134217728","46313900000","18446744072986663060"
"1","1","512","8","16","128,128,128,128","128,128,128,128","65536,65536,65536,65536","65536,65536,65536,65536","repeat","A","8","1","8","2","4","0,2,4,6","true,true,true,true","0,0,0,0","true","true","true","avx2","0","0","0.0053197","268435456","50460600000","18446744072986663060"
"1","2","512","8","16","128,128,128,128","128,128,128,128","65536,65536,65536,65536","65536,65536,65536,65536","fused","A","8","1","8","2","4","0,2,4,6","true,true,true,true","0,0,0,0","true","true","true","avx2","0","0","0.0023174","268435456","115835000000","18446744072986663060"
"2","1","512","8","16","128,128,128,128","128,128,128,128","65536,65536,65536,65536","65536,65536,65536,65536","fused","A","8","1","8","2","4","0,2,4,6","true,true,true,true","0,0,0,0","true","true","true","avx2","0","0","0.0023478","268435456","114335000000","18446744072986663060"
"2","2","512","8","16","128,128,128,128","128,128,128,128","65536,65536,65536,65536","65536,65536,65536,65536","repeat","A","8","1","8","2","4","0,2,4,6","true,true,true,true","0,0,0,0","true","true","true","avx2","0","0","0.0056073","268435456","47872500000","18446744072986663060"
"3","1","512","8","16","128,128,128,128","128,128,128,128","65536,65536,65536,65536","65536,65536,65536,65536","repeat","A","8","1","8","2","4","0,2,4,6","true,true,true,true","0,0,0,0","true","true","true","avx2","0","0","0.0050471","268435456","53186100000","18446744072986663060"
"3","2","512","8","16","128,128,128,128","128,128,128,128","65536,65536,65536,65536","65536,65536,65536,65536","fused","A","8","1","8","2","4","0,2,4,6","true,true,true,true","0,0,0,0","true","true","true","avx2","0","0","0.0022779","268435456","117843000000","18446744072986663060"
"4","1","512","8","16","128,128,128,128","128,128,128,128","65536,65536,65536,65536","65536,65536,65536,65536","fused","A","8","1","8","2","4","0,2,4,6","true,true,true,true","0,0,0,0","true","true","true","avx2","0","0","0.0023394","268435456","114745000000","18446744072986663060"
"4","2","512","8","16","128,128,128,128","128,128,128,128","65536,65536,65536,65536","65536,65536,65536,65536","repeat","A","8","1","8","2","4","0,2,4,6","true,true,true,true","0,0,0,0","true","true","true","avx2","0","0","0.0064328","268435456","41729200000","18446744072986663060"
"5","1","512","8","16","128,128,128,128","128,128,128,128","65536,65536,65536,65536","65536,65536,65536,65536","repeat","A","8","1","8","2","4","0,2,4,6","true,true,true,true","0,0,0,0","true","true","true","avx2","0","0","0.0069866","268435456","38421500000","18446744072986663060"
"5","2","512","8","16","128,128,128,128","128,128,128,128","65536,65536,65536,65536","65536,65536,65536,65536","fused","A","8","1","8","2","4","0,2,4,6","true,true,true,true","0,0,0,0","true","true","true","avx2","0","0","0.0025284","268435456","106168000000","18446744072986663060"
"6","1","512","8","16","128,128,128,128","128,128,128,128","65536,65536,65536,65536","65536,65536,65536,65536","fused","A","8","1","8","2","4","0,2,4,6","true,true,true,true","0,0,0,0","true","true","true","avx2","0","0","0.0022842","268435456","117518000000","18446744072986663060"
"6","2","512","8","16","128,128,128,128","128,128,128,128","65536,65536,65536,65536","65536,65536,65536,65536","repeat","A","8","1","8","2","4","0,2,4,6","true,true,true,true","0,0,0,0","true","true","true","avx2","0","0","0.0049759","268435456","53947100000","18446744072986663060"
"7","1","512","8","16","128,128,128,128","128,128,128,128","65536,65536,65536,65536","65536,65536,65536,65536","repeat","A","8","1","8","2","4","0,2,4,6","true,true,true,true","0,0,0,0","true","true","true","avx2","0","0","0.0051549","268435456","52073800000","18446744072986663060"
"7","2","512","8","16","128,128,128,128","128,128,128,128","65536,65536,65536,65536","65536,65536,65536,65536","fused","A","8","1","8","2","4","0,2,4,6","true,true,true,true","0,0,0,0","true","true","true","avx2","0","0","0.0027722","268435456","96831200000","18446744072986663060"
"8","1","512","8","16","128,128,128,128","128,128,128,128","65536,65536,65536,65536","65536,65536,65536,65536","fused","A","8","1","8","2","4","0,2,4,6","true,true,true,true","0,0,0,0","true","true","true","avx2","0","0","0.0026806","268435456","100140000000","18446744072986663060"
"8","2","512","8","16","128,128,128,128","128,128,128,128","65536,65536,65536,65536","65536,65536,65536,65536","repeat","A","8","1","8","2","4","0,2,4,6","true,true,true,true","0,0,0,0","true","true","true","avx2","0","0","0.005005","268435456","53633500000","18446744072986663060"
"9","1","512","8","16","128,128,128,128","128,128,128,128","65536,65536,65536,65536","65536,65536,65536,65536","repeat","A","8","1","8","2","4","0,2,4,6","true,true,true,true","0,0,0,0","true","true","true","avx2","0","0","0.005501","268435456","48797600000","18446744072986663060"
"9","2","512","8","16","128,128,128,128","128,128,128,128","65536,65536,65536,65536","65536,65536,65536,65536","fused","A","8","1","8","2","4","0,2,4,6","true,true,true,true","0,0,0,0","true","true","true","avx2","0","0","0.0027268","268435456","98443400000","18446744072986663060"
"10","1","512","8","16","128,128,128,128","128,128,128,128","65536,65536,65536,65536","65536,65536,65536,65536","fused","A","8","1","8","2","4","0,2,4,6","true,true,true,true","0,0,0,0","true","true","true","avx2","0","0","0.0023024","268435456","116589000000","18446744072986663060"
"10","2","512","8","16","128,128,128,128","128,128,128,128","65536,65536,65536,65536","65536,65536,65536,65536","repeat","A","8","1","8","2","4","0,2,4,6","true,true,true,true","0,0,0,0","true","true","true","avx2","0","0","0.0051484","268435456","52139600000","18446744072986663060"
"1","1","512","16","1","128,128,128,128","128,128,128,128","65536,65536,65536,65536","65536,65536,65536,65536","repeat","A","8","1","8","2","4","0,2,4,6","true,true,true,true","0,0,0,0","true","true","true","avx2","0","0","0.0008788","33554432","38182100000","18446744072355880876"
"1","2","512","16","1","128,128,128,128","128,128,128,128","65536,65536,65536,65536","65536,65536,65536,65536","fused","A","8","1","8","2","4","0,2,4,6","true,true,true,true","0,0,0,0","true","true","true","avx2","0","0","0.0003151","33554432","106488000000","18446744072355880876"
"2","1","512","16","1","128,128,128,128","128,128,128,128","65536,65536,65536,65536","65536,65536,65536,65536","fused","A","8","1","8","2","4","0,2,4,6","true,true,true,true","0,0,0,0","true","true","true","avx2","0","0","0.0002809","33554432","119453000000","18446744072355880876"
"2","2","512","16","1","128,128,128,128","128,128,128,128","65536,65536,65536,65536","65536,65536,65536,65536","repeat","A","8","1","8","2","4","0,2,4,6","true,true,true,true","0,0,0,0","true","true","true","avx2","0","0","0.0005688","33554432","58991600000","18446744072355880876"
"3","1","512","16","1","128,128,128,128","128,128,128,128","65536,65536,65536,65536","65536,65536,65536,65536","repeat","A","8","1","8","2","4","0,2,4,6","true,true,true,true","0,0,0,0","true","true","true","avx2","0","0","0.0010723","33554432","31292000000","18446744072355880876"
"3","2","512","16","1","128,128,128,128","128,128,128,128","65536,65536,65536,65536","65536,65536,65536,65536","fused","A","8","1","8","2","4","0,2,4,6","true,true,true,true","0,0,0,0","true","true","true","avx2","0","0","0.0003761","33554432","89216800000","18446744072355880876"
"4","1","512","16","1","128,128,128,128","128,128,128,128","65536,65536,65536,65536","65536,65536,65536,65536","fused","A","8","1","8","2","4","0,2,4,6","true,true,true,true","0,0,0,0","true","true","true","avx2","0","0","0.0002556","33554432","131277000000","18446744072355880876"
"4","2","512","16","1","128,128,128,128","128,128,128,128","65536,65536,65536,65536","65536,65536,65536,65536","repeat","A","8","1","8","2","4","0,2,4,6","true,true,true,true","0,0,0,0","true","true","true","avx2","0","0","0.000571","33554432","58764300000","18446744072355880876"
"5","1","512","16","1","128,128,128,128","128,128,128,128","65536,65536,65536,65536","65536,65536,65536,65536","repeat","A","8","1","8","2","4","0,2,4,6","true,true,true,true","0,0,0,0","true","true","true","avx2","0","0","0.0009593","33554432","34978000000","18446744072355880876"
"5","2","512","16","1","128,128,128,128","128,128,128,128","65536,65536,65536,65536","65536,65536,65536,65536","fused","A","8","1","8","2","4","0,2,4,6","true,true,true,true","0,0,0,0","true","true","true","avx2","0","0","0.0007445","33554432","45069800000","18446744072355880876"
"6","1","512","16","1","128,128,128,128","128,128,128,128","65536,65536,65536,65536","65536,65536,65536,65536","fused","A","8","1","8","2","4","0,2,4,6","true,true,true,true","0,0,0,0","true","true","true","avx2","0","0","0.0002692","33554432","124645000000","18446744072355880876"
"6","2","512","16","1","128,128,128,128","128,128,128,128","65536,65536,65536,65536","65536,65536,65536,65536","repeat","A","8","1","8","2","4","0,2,4,6","true,true,true,true","0,0,0,0","true","true","true","avx2","0","0","0.0005917","33554432","56708500000","18446744072355880876"
"7","1","512","16","1","128,128,128,128","128,128,128,128","65536,65536,65536,65536","65536,65536,65536,65536","repeat","A","8","1","8","2","4","0,2,4,6","true,true,true,true","0,0,0,0","true","true","true","avx2","0","0","0.0007999","33554432","41948300000","18446744072355880876"
"7","2","512","16","1","128,128,128,128","128,128,128,128","65536,65536,65536,65536","65536,65536,65536,65536","fused","A","8","1","8","2","4","0,2,4,6","true,true,true,true","0,0,0,0","true","true","true","avx2","0","0","0.0002773","33554432","121004000000","18446744072355880876"
"8","1","512","16","1","128,128,128,128","128,128,128,128","65536,65536,65536,65536","65536,65536,65536,65536","fused","A","8","1","8","2","4","0,2,4,6","true,true,true,true","0,0,0,0","true","true","true","avx2","0","0","0.0002792","33554432","120181000000","18446744072355880876"
"8","2","512","16","1","128,128,128,128","128,128,128,128","65536,65536,65536,65536","65536,65536,65536,65536","repeat","A","8","1","8","2","4","0,2,4,6","true,true,true,true","0,0,0,0","true","true","true","avx2","0","0","0.0006583","33554432","50971300000","18446744072355880876"
"9","1","512","16","1","128,128,128,128","128,128,128,128","65536,65536,65536,65536","65536,65536,65536,65536","repeat","A","8","1","8","2","4","0,2,4,6","true,true,true,true","0,0,0,0","true","true","true","avx2","0","0","0.0005672","33554432","59158000000","18446744072355880876"
"9","2","512","16","1","128,128,128,128","128,128,128,128","65536,65536,65536,65536","65536,65536,65536,65536","fused","A","8","1","8","2","4","0,2,4,6","true,true,true,true","0,0,0,0","true","true","true","avx2","0","0","0.0004181","33554432","80254600000","18446744072355880876"
"10","1","512","16","1","128,128,128,128","128,128,128,128","65536,65536,65536,65536","65536,65536,65536,65536","fused","A","8","1","8","2","4","0,2,4,6","true,true,true,true","0,0,0,0","true","true","true","avx2","0","0","0.0003163","33554432","106084000000","18446744072355880876"
"10","2","512","16","1","128,128,128,128","128,128,128,128","65536,65536,65536,65536","65536,65536,65536,65536","repeat","A","8","1","8","2","4","0,2,4,6","true,true,true,true","0,0,0,0","true","true","true","avx2","0","0","0.0007865","33554432","42663000000","18446744072355880876"
"1","1","512","16","2","128,128,128,128","128,128,128,128","65536,65536,65536,65536","65536,65536,65536,65536","repeat","A","8","1","8","2","4","0,2,4,6","true,true,true,true","0,0,0,0","true","true","true","avx2","0","0","0.0020494","67108864","32745600000","18446744072355880876"
"1","2","512","16","2","128,128,128,128","128,128,128,128","65536,65536,65536,65536","65536,65536,65536,65536","fused","A","8","1","8","2","4","0,2,4,6","true,true,true,true","0,0,0,0","true","true","true","avx2","0","0","0.0008966","67108864","74848200000","18446744072355880876"
"2","1","512","16","2","128,128,128,128","128,128,128,128","65536,65536,65536,65536","65536,65536,65536,65536","fused","A","8","1","8","2","4","0,2,4,6","true,true,true,true","0,0,0,0","true","true","true","avx2","0","0","0.0008636","67108864","77708300000","18446744072355880876"
"2","2","512","16","2","128,128,128,128","128,128,128,128","65536,65536,65536,65536","65536,65536,65536,65536","repeat","A","8","1","8","2","4","0,2,4,6","true,true,true,true","0,0,0,0","true","true","true","avx2","0","0","0.002098","67108864","31987100000","18446744072355880876"
"3","1","512","16","2","128,128,128,128","128,128,128,128","65536,65536,65536,65536","65536,65536,65536,65536","repeat","A","8","1","8","2","4","0,2,4,6","true,true,true,true","0,0,0,0","true","true","true","avx2","0","0","0.002418","67108864","27753900000","18446744072355880876"
"3","2","512","16","2","128,128,128,128","128,128,128,128","65536,65536,65536,65536","65536,65536,65536,65536","fused","A","8","1","8","2","4","0,2,4,6","true,true,true,true","0,0,0,0","true","true","true","avx2","0","0","0.0008788","67108864","76364200000","18446744072355880876"
"4","1","512","16","2","128,128,128,128","128,128,128,128","65536,65536,65536,65536","65536,65536,65536,65536","fused","A","8","1","8","2","4","0,2,4,6","true,true,true,true","0,0,0,0","true","true","true","avx2","0","0","0.0008829","67108864","76009600000","18446744072355880876"
"4","2","512","16","2","128,128,128,128","128,128,128,128","65536,65536,65536,65536","65536,65536,65536,65536","repeat","A","8","1","8","2","4","0,2,4,6","true,true,true,true","0,0,0,0","true","true","true","avx2","0","0","0.0019611","67108864","34220000000","18446744072355880876"
"5","1","512","16","2","128,128,128,128","128,128,128,128","65536,65536,65536,65536","65536,65536,65536,65536","repeat","A","8","1","8","2","4","0,2,4,6","true,true,true,true","0,0,0,0","true","true","true","avx2","0","0","0.0021573","67108864","31107800000","18446744072355880876"
"5","2","512","16","2","128,128,128,128","128,128,128,128","65536,65536,65536,65536","65536,65536,65536,65536","fused","A","8","1","8","2","4","0,2,4,6","true,true,true,true","0,0,0,0","true","true","true","avx2","0","0","0.0007604","67108864","88254700000","18446744072355880876"
"6","1","512","16","2","128,128,128,128","128,128,128,128","65536,65536,65536,65536","65536,65536,65536,65536","fused","A","8","1","8","2","4","0,2,4,6","true,true,true,true","0,0,0,0","true","true","true","avx2","0","0","0.0007884","67108864","85120300000","18446744072355880876"
"6","2","512","16","2","128,128,128,128","128,128,128,128","65536,65536,65536,65536","65536,65536,65536,65536","repeat","A","8","1","8","2","4","0,2,4,6","true,true,true,true","0,0,0,0","true","true","true","avx2","0","0","0.0021262","67108864","31562800000","18446744072355880876"
"7","1","512","16","2","128,128,128,128","128,128,128,128","65536,65536,65536,65536","65536,65536,65536,65536","repeat","A","8","1","8","2","4","0,2,4,6","true,true,true,true","0,0,0,0","true","true","true","avx2","0","0","0.0020572","67108864","32621500000","18446744072355880876"
"7","2","512","16","2","128,128,128,128","128,128,128,128","65536,65536,65536,65536","65536,65536,65536,65536","fused","A","8","1","8","2","4","0,2,4,6","true,true,true,true","0,0,0,0","true","true","true","avx2","0","0","0.0008647","67108864","77609400000","18446744072355880876"
"8","1","512","16","2","128,128,128,128","128,128,128,128","65536,65536,65536,65536","65536,65536,65536,65536","fused","A","8","1","8","2","4","0,2,4,6","true,true,true,true","0,0,0,0","true","true","true","avx2","0","0","0.0008578","67108864","78233700000","18446744072355880876"
"8","2","512","16","2","128,128,128,128","128,128,128,128","65536,65536,65536,65536","65536,65536,65536,65536","repeat","A","8","1","8","2","4","0,2,4,6","true,true,true,true","0,0,0,0","true","true","true","avx2","0","0","0.0022928","67108864","29269400000","18446744072355880876"
"9","1","512","16","2","128,128,128,128","128,128,128,128","65536,65536,65536,65536","65536,65536,65536,65536","repeat","A","8","1","8","2","4","0,2,4,6","true,true,true,true","0,0,0,0","true","true","true","avx2","0","0","0.0021406","67108864","31350500000","18446744072355880876"
"9","2","512","16","2","128,128,128,128","128,128,128,128","65536,65536,65536,65536","65536,65536,65536,65536","fused","A","8","1","8","2","4","0,2,4,6","true,true,true,true","0,0,0,0","true","true","true","avx2","0","0","0.0008524","67108864","78729300000","18446744072355880876"
"10","1","512","16","2","128,128,128,128","128,128,128,128","65536,65536,65536,65536","65536,65536,65536,65536","fused","A","8","1","8","2","4","0,2,4,6","true,true,true,true","0,0,0,0","true","true","true","avx2","0","0","0.0008519","67108864","78775500000","18446744072355880876"
"10","2","512","16","2","128,128,128,128","128,128,128,128","65536,65536,65536,65536","65536,65536,65536,65536","repeat","A","8","1","8","2","4","0,2,4,6","true,true,true,true","0,0,0,0","true","true","true","avx2","0","0","0.0022773","67108864","29468600000","18446744072355880876"
"1","1","512","16","4","128,128,128,128","128,128,128,128","65536,65536,65536,65536","65536,65536,65536,65536","repeat","A","8","1","8","2","4","0,2,4,6","true,true,true,true","0,0,0,0","true","true","true","avx2","0","0","0.0055723","134217728","24086600000","18446744072355880876"
"1","2","512","16","4","128,128,128,128","128,128,128,128","65536,65536,65536,65536","65536,65536,65536,65536","fused","A","8","1","8","2","4","0,2,4,6","true,true,true,true","0,0,0,0","true","true","true","avx2","0","0","0.0016971","134217728","79086500000","18446744072355880876"
"2","1","512","16","4","128,128,128,128","128,128,128,128","65536,65536,65536,65536","65536,65536,65536,65536","fused","A","8","1","8","2","4","0,2,4,6","true,true,true,true","0,0,0,0","true","true","true","avx2","0","0","0.0017758","134217728","75581600000","18446744072355880876"
"2","2","512","16","4","128,128,128,128","128,128,128,128","65536,65536,65536,65536","65536,65536,65536,65536","repeat","A","8","1","8","2","4","0,2,4,6","true,true,true,true","0,0,0,0","true","true","true","avx2","0","0","0.0037129","134217728","36149000000","18446744072355880876"
"3","1","512","16","4","128,128,128,128","128,128,128,128","65536,65536,65536,65536","65536,65536,65536,65536","repeat","A","8","1","8","2","4","0,2,4,6","true,true,true,true","0,0,0,0","true","true","true","avx2","0","0","0.0039808","134217728","33716300000","18446744072355880876"
"3","2","512","16","4","128,128,128,128","128,128,128,128","65536,65536,65536,65536","65536,65536,65536,65536","fused","A","8","1","8","2","4","0,2,4,6","true,true,true,true","0,0,0,0","true","true","true","avx2","0","0","0.0019785","134217728","67838100000","18446744072355880876"
"4","1","512","16","4","128,128,128,128","128,128,128,128","65536,65536,65536,65536","65536,65536,65536,65536","fused","A","8","1","8","2","4","0,2,4,6","true,true,true,true","0,0,0,0","true","true","true","avx2","0","0","0.0018385","134217728","73003900000","18446744072355880876"
"4","2","512","16","4","128,128,128,128","128,128,128,128","65536,65536,65536,65536","65536,65536,65536,65536","repeat","A","8","1","8","2","4","0,2,4,6","true,true,true,true","0,0,0,0","true","true","true","avx2","0","0","0.0033208","134217728","40417300000","18446744072355880876"
"5","1","512","16","4","128,128,128,128","128,128,128,128","65536,65536,65536,65536","65536,65536,65536,65536","repeat","A","8","1","8","2","4","0,2,4,6","true,true,true,true","0,0,0,0","true","true","true","avx2","0","0","0.0040662","134217728","33008100000","18446744072355880876"
"5","2","512","16","4","128,128,128,128","128,128,128,128","65536,65536,65536,65536","65536,65536,65536,65536","fused","A","8","1","8","2","4","0,2,4,6","true,true,true,true","0,0,0,0","true","true","true","avx2","0","0","0.0016089","134217728","83422000000","18446744072355880876"
"6","1","512","16","4","128,128,128,128","128,128,128,128","65536,65536,65536,65536","65536,65536,65536,65536","fused","A","8","1","8","2","4","0,2,4,6","true,true,true,true","0,0,0,0","true","true","true","avx2","0","0","0.0010184","134217728","131793000000","18446744072355880876"
"6","2","512","16","4","128,128,128,128","128,128,128,128","65536,65536,65536,65536","65536,65536,65536,65536","repeat","A","8","1","8","2","4","0,2,4,6","true,true,true,true","0,0,0,0","true","true","true","avx2","0","0","0.0022849","134217728","58741200000","18446744072355880876"
"7","1","512","16","4","128,128,128,128","128,128,128,128","65536,65536,65536,65536","65536,65536,65536,65536","repeat","A","8","1","8","2","4","0,2,4,6","true,true,true,true","0,0,0,0","true","true","true","avx2","0","0","0.0034792","134217728","38577200000","18446744072355880876"
"7","2","512","16","4","128,128,128,128","128,128,128,128","65536,65536,65536,65536","65536,65536,65536,65536","fused","A","8","1","8","2","4","0,2,4,6","true,true,true,true","0,0,0,0","true","true","true","avx2","0","0","0.0010032","134217728","133790000000","18446744072355880876"
"8","1","512","16","4","128,128,128,128","128,128,128,128","65536,65536,65536,65536","65536,65536,65536,65536","fused","A","8","1","8","2","4","0,2,4,6","true,true,true,true","0,0,0,0","true","true","true","avx2","0","0","0.0010107","134217728","132797000000","18446744072355880876"
"8","2","512","16","4","128,128,128,128","128,128,128,128","65536,65536,65536,65536","65536,65536,65536,65536","repeat","A","8","1","8","2","4","0,2,4,6","true,true,true,true","0,0,0,0","true","true","true","avx2","0","0","0.0037492","134217728","35799000000","18446744072355880876"
"9","1","512","16","4","128,128,128,128","128,128,128,128","65536,65536,65536,65536","65536,65536,65536,65536","repeat","A","8","1","8","2","4","0,2,4,6","true,true,true,true","0,0,0,0","true","true","true","avx2","0","0","0.0025016","134217728","53652800000","18446744072355880876"
"9","2","512","16","4","128,128,128,128","128,128,128,128","65536,65536,65536,65536","65536,65536,65536,65536","fused","A","8","1","8","2","4","0,2,4,6","true,true,true,true","0,0,0,0","true","true","true","avx2","0","0","0.0009931","134217728","135150000000","18446744072355880876"
"10","1","512","16","4","128,128,128,128","128,128,128,128","65536,65536,65536,65536","65536,65536,65536,65536","fused","A","8","1","8","2","4","0,2,4,6","true,true,true,true","0,0,0,0","true","true","true","avx2","0","0","0.0010109","134217728","132771000000","18446744072355880876"
"10","2","512","16","4","128,128,128,128","128,128,128,128","65536,65536,65536,65536","65536,65536,65536,65536","repeat","A","8","1","8","2","4","0,2,4,6","true,true,true,true","0,0,0,0","true","true","true","avx2","0","0","0.0024484","134217728","54818500000","18446744072355880876"
"1","1","512","16","8","128,128,128,128","128,128,128,128","65536,65536,65536,65536","65536,65536,65536,65536","repeat","A","8","1","8","2","4","0,2,4,6","true,true,true,true","0,0,0,0","true","true","true","avx2","0","0","0.0049681","268435456","54031800000","18446744072355880876"
"1","2","512","16","8","128,128,128,128","128,128,128,128","65536,65536,65536,65536","65536,65536,65536,65536","fused","A","8","1","8","2","4","0,2,4,6","true,true,true,true","0,0,0,0","true","true","true","avx2","0","0","0.0023756","268435456","112997000000","18446744072355880876"
"2","1","512","16","8","128,128,128,128","128,128,128,128","65536,65536,65536,65536","65536,65536,65536,65536","fused","A","8","1","8","2","4","0,2,4,6","true,true,true,true","0,0,0,0","true","true","true","avx2","0","0","0.0019981","268435456","134345000000","18446744072355880876"
"2","2","512","16","8","128,128,128,128","128,128,128,128","65536,65536,65536,65536","65536,65536,65536,65536","repeat","A","8","1","8","2","4","0,2,4,6","true,true,true,true","0,0,0,0","true","true","true","avx2","0","0","0.0045771","268435456","58647500000","18446744072355880876"
"3","1","512","16","8","128,128,128,128","128,128,128,128","65536,65536,65536,65536","65536,65536,65536,65536","repeat","A","8","1","8","2","4","0,2,4,6","true,true,true,true","0,0,0,0","true","true","true","avx2","0","0","0.0051554","268435456","52068800000","18446744072355880876"
"3","2","512","16","8","128,128,128,128","128,128,128,128","65536,65536,65536,65536","65536,65536,65536,65536","fused","A","8","1","8","2","4","0,2,4,6","true,true,true,true","0,0,0,0","true","true","true","avx2","0","0","0.0020568","268435456","130511000000","18446744072355880876"
"4","1","512","16","8","128,128,128,128","128,128,128,128","65536,65536,65536,65536","65536,65536,65536,65536","fused","A","8","1","8","2","4","0,2,4,6","true,true,true,true","0,0,0,0","true","true","true","avx2","0","0","0.002117","268435456","126800000000","18446744072355880876"
"4","2","512","16","8","128,128,128,128","128,128,128,128","65536,65536,65536,65536","65536,65536,65536,65536","repeat","A","8","1","8","2","4","0,2,4,6","true,true,true,true","0,0,0,0","true","true","true","avx2","0","0","0.004524","268435456","59335900000","18446744072355880876"
"5","1","512","16","8","128,128,128,128","128,128,128,128","65536,65536,65536,65536","65536,65536,65536,65536","repeat","A","8","1","8","2","4","0,2,4,6","true,true,true,true","0,0,0,0","true","true","true","avx2","0","0","0.0070688","268435456","37974700000","18446744072355880876"
"5","2","512","16","8","128,128,128,128","128,128,128,128","65536,65536,65536,65536","65536,65536,65536,65536","fused","A","8","1","8","2","4","0,2,4,6","true,true,true,true","0,0,0,0","true","true","true","avx2","0","0","0.0020102","268435456","133537000000","18446744072355880876"
"6","1","512","16","8","128,128,128,128","128,128,128,128","65536,65536,65536,65536","65536,65536,65536,65536","fused","A","8","1","8","2","4","0,2,4,6","true,true,true,true","0,0,0,0","true","true","true","avx2","0","0","0.0043134","268435456","62232900000","18446744072355880876"
"6","2","512","16","8","128,128,128,128","128,128,128,128","65536,65536,65536,65536","65536,65536,65536,65536","repeat","A","8","1","8","2","4","0,2,4,6","true,true,true,true","0,0,0,0","true","true","true","avx2","0","0","0.0059815","268435456","44877600000","18446744072355880876"
"7","1","512","16","8","128,128,128,128","128,128,128,128","65536,65536,65536,65536","65536,65536,65536,65536","repeat","A","8","1","8","2","4","0,2,4,6","true,true,true,true","0,0,0,0","true","true","true","avx2","0","0","0.0045965","268435456","58400000000","18446744072355880876"
"7","2","512","16","8","128,128,128,128","128,128,128,128","65536,65536,65536,65536","65536,65536,65536,65536","fused","A","8","1","8","2","4","0,2,4,6","true,true,true,true","0,0,0,0","true","true","true","avx2","0","0","0.0020345","268435456","131942000000","18446744072355880876"
"8","1","512","16","8","128,128,128,128","128,128,128,128","65536,65536,65536,65536","65536,65536,65536,65536","fused","A","8","1","8","2","4","0,2,4,6","true,true,true,true","0,0,0,0","true","true","true","avx2","0","0","0.0020239","268435456","132633000000","18446744072355880876"
"8","2","512","16","8","128,128,128,128","128,128,128,128","65536,65536,65536,65536","65536,65536,65536,65536","repeat","A","8","1","8","2","4","0,2,4,6","true,true,true,true","0,0,0,0","true","true","true","avx2","0","0","0.0065189","268435456","41178000000","18446744072355880876"
"9","1","512","16","8","128,128,128,128","128,128,128,128","65536,65536,65536,65536","65536,65536,65536,65536","repeat","A","8","1","8","2","4","0,2,4,6","true,true,true,true","0,0,0,0","true","true","true","avx2","0","0","0.0049075","268435456","54699000000","18446744072355880876"
"9","2","512","16","8","128,128,128,128","128,128,128,128","65536,65536,65536,65536","65536,65536,65536,65536","fused","A","8","1","8","2","4","0,2,4,6","true,true,true,true","0,0,0,0","true","true","true","avx2","0","0","0.0025029","268435456","107250000000","18446744072355880876"
"10","1","512","16","8","128,128,128,128","128,128,128,128","65536,65536,65536,65536","65536,65536,65536,65536","fused","A","8","1","8","2","4","0,2,4,6","true,true,true,true","0,0,0,0","true","true","true","avx2","0","0","0.0023963","268435456","112021000000","18446744072355880876"
"10","2","512","16","8","128,128,128,128","128,128,128,128","65536,65536,65536,65536","65536,65536,65536,65536","repeat","A","8","1","8","2","4","0,2,4,6","true,true,true,true","0,0,0,0","true","true","true","avx2","0","0","0.0045917","268435456","58461000000","18446744072355880876"
"1","1","512","16","16","128,128,128,128","128,128,128,128","65536,65536,65536,65536","65536,65536,65536,65536","repeat","A","8","1","8","2","4","0,2,4,6","true,true,true,true","0,0,0,0","true","true","true","avx2","0","0","0.0094711","536870912","56685200000","18446744072355880876"
"1","2","512","16","16","128,128,128,128","128,128,128,128","65536,65536,65536,65536","65536,65536,65536,65536","fused","A","8","1","8","2","4","0,2,4,6","true,true,true,true","0,0,0,0","true","true","true","avx2","0","0","0.0041842","536870912","128309000000","18446744072355880876"
"2","1","512","16","16","128,128,128,128","128,128,128,128","65536,65536,65536,65536","65536,65536,65536,65536","fused","A","8","1","8","2","4","0,2,4,6","true,true,true,true","0,0,0,0","true","true","true","avx2","0","0","0.0041427","536870912","129594000000","18446744072355880876"
"2","2","512","16","16","128,128,128,128","128,128,128,128","65536,65536,65536,65536","65536,65536,65536,65536","repeat","A","8","1","8","2","4","0,2,4,6","true,true,true,true","0,0,0,0","true","true","true","avx2","0","0","0.011012","536870912","48753300000","18446744072355880876"
"3","1","512","16","16","128,128,128,128","128,128,128,128","65536,65536,65536,65536","65536,65536,65536,65536","repeat","A","8","1","8","2","4","0,2,4,6","true,true,true,true","0,0,0,0","true","true","true","avx2","0","0","0.011081","536870912","48449700000","18446744072355880876"
"3","2","512","16","16","128,128,128,128","128,128,128,128","65536,65536,65536,65536","65536,65536,65536,65536","fused","A","8","1","8","2","4","0,2,4,6","true,true,true,true","0,0,0,0","true","true","true","avx2","0","0","0.0048863","536870912","109873000000","18446744072355880876"
"4","1","512","16","16","128,128,128,128","128,128,128,128","65536,65536,65536,65536","65536,65536,65536,65536","fused","A","8","1","8","2","4","0,2,4,6","true,true,true,true","0,0,0,0","true","true","true","avx2","0","0","0.0042321","536870912","126857000000","18446744072355880876"
"4","2","512","16","16","128,128,128,128","128,128,128,128","65536,65536,65536,65536","65536,65536,65536,65536","repeat","A","8","1","8","2","4","0,2,4,6","true,true,true,true","0,0,0,0","true","true","true","avx2","0","0","0.0097775","536870912","54908800000","18446744072355880876"
"5","1","512","16","16","128,128,128,128","128,128,128,128","65536,65536,65536,65536","65536,65536,65536,65536","repeat","A","8","1","8","2","4","0,2,4,6","true,true,true,true","0,0,0,0","true","true","true","avx2","0","0","0.0093821","536870912","57222900000","18446744072355880876"
"5","2","512","16","16","128,128,128,128","128,128,128,128","65536,65536,65536,65536","65536,65536,65536,65536","fused","A","8","1","8","2","4","0,2,4,6","true,true,true,true","0,0,0,0","true","true","true","avx2","0","0","0.0046767","536870912","114797000000","18446744072355880876"
"6","1","512","16","16","128,128,128,128","128,128,128,128","65536,65536,65536,65536","65536,65536,65536,65536","fused","A","8","1","8","2","4","0,2,4,6","true,true,true,true","0,0,0,0","true","true","true","avx2","0","0","0.0055483","536870912","96763100000","18446744072355880876"
"6","2","512","16","16","128,128,128,128","128,128,128,128","65536,65536,65536,65536","65536,65536,65536,65536","repeat","A","8","1","8","2","4","0,2,4,6","true,true,true,true","0,0,0,0","true","true","true","avx2","0","0","0.0091643","536870912","58582900000","18446744072355880876"
"7","1","512","16","16","128,128,128,128","128,128,128,128","65536,65536,65536,65536","65536,65536,65536,65536","repeat","A","8","1","8","2","4","0,2,4,6","true,true,true,true","0,0,0,0","true","true","true","avx2","0","0","0.0105444","536870912","50915300000","18446744072355880876"
"7","2","512","16","16","128,128,128,128","128,128,128,128","65536,65536,65536,65536","65536,65536,65536,65536","fused","A","8","1","8","2","4","0,2,4,6","true,true,true,true","0,0,0,0","true","true","true","avx2","0","0","0.0040635","536870912","132120000000","18446744072355880876"
"8","1","512","16","16","128,128,128,128","128,128,128,128","65536,65536,65536,65536","65536,65536,65536,65536","fused","A","8","1","8","2","4","0,2,4,6","true,true,true,true","0,0,0,0","true","true","true","avx2","0","0","0.0040746","536870912","131760000000","18446744072355880876"
"8","2","512","16","16","128,128,128,128","128,128,128,128","65536,65536,65536,65536","65536,65536,65536,65536","repeat","A","8","1","8","2","4","0,2,4,6","true,true,true,true","0,0,0,0","true","true","true","avx2","0","0","0.0105011","536870912","51125200000","18446744072355880876"
"9","1","512","16","16","128,128,128,128","128,128,128,128","65536,65536,65536,65536","65536,65536,65536,65536","repeat","A","8","1","8","2","4","0,2,4,6","true,true,true,true","0,0,0,0","true","true","true","avx2","0","0","0.0106213","536870912","50546600000","18446744072355880876"
"9","2","512","16","16","128,128,128,128","128,128,128,128","65536,65536,65536,65536","65536,65536,65536,65536","fused","A","8","1","8","2","4","0,2,4,6","true,true,true,true","0,0,0,0","true","true","true","avx2","0","0","0.0091222","536870912","58853200000","18446744072355880876"
"10","1","512","16","16","128,128,128,128","128,128,128,128","65536,65536,65536,65536","65536,65536,65536,65536","fused","A","8","1","8","2","4","0,2,4,6","true,true,true,true","0,0,0,0","true","true","true","avx2","0","0","0.0041138","536870912","130505000000","18446744072355880876"
"10","2","512","16","16","128,128,128,128","128,128,128,128","65536,65536,65536,65536","65536,65536,65536,65536","repeat","A","8","1","8","2","4","0,2,4,6","true,true,true,true","0,0,0,0","true","true","true","avx2","0","0","0.0122388","536870912","43866300000","18446744072355880876"
