probe,target_kib,actual_weight_bytes_per_block,allocated_weight_bytes,m,K,depth,variant,iterations,repetitions,warmup,logical_cpu_index,processor_group,group_processor_index,affinity_succeeded,affinity_error,eviction_bytes,elapsed_seconds,mac_count,mac_per_second,checksum
scalar_q4,256,262080,262080,819,512,1,A,1,2,1,0,0,0,true,0,0,0.0037653999999999999,838656,222726934.72141075,507.36077880859375
scalar_q4,256,262080,262080,819,512,1,B,1,2,1,0,0,0,true,0,0,0.0038069000000000002,838656,220298930.88864955,507.36077880859375
scalar_q4,256,262080,262080,819,512,1,C,1,2,1,0,0,0,true,0,67108864,0.0038811000000000002,838656,216087191.77552754,507.36077880859375
scalar_q4,256,262080,262080,819,512,2,A,1,2,1,0,0,0,true,0,0,0.0081562000000000006,1677312,205648708.9576028,1014.7217407226562
scalar_q4,256,262080,524160,819,512,2,B,1,2,1,0,0,0,true,0,0,0.0079561000000000007,1677312,210820879.57667699,860.4334716796875
scalar_q4,256,262080,262080,819,512,2,C,1,2,1,0,0,0,true,0,67108864,0.0147105,1677312,114021413.27623126,1014.7220458984375
scalar_q4,256,262080,262080,819,512,4,A,1,2,1,0,0,0,true,0,0,0.017430899999999999,3354624,192452713.28502831,2029.4434814453125
scalar_q4,256,262080,1048320,819,512,4,B,1,2,1,0,0,0,true,0,0,0.0199895,3354624,167819305.13519597,1557.123291015625
scalar_q4,256,262080,262080,819,512,4,C,1,2,1,0,0,0,true,0,67108864,0.026781300000000001,3354624,125259938.83792049,2029.443603515625
scalar_q4,256,262080,262080,819,512,8,A,1,2,1,0,0,0,true,0,0,0.031417899999999999,6709248,213548582.17767578,4058.888671875
scalar_q4,256,262080,2096640,819,512,8,B,1,2,1,0,0,0,true,0,0,0.031916199999999999,6709248,210214499.21983194,2863.470458984375
scalar_q4,256,262080,262080,819,512,8,C,1,2,1,0,0,0,true,0,67108864,0.0583768,6709248,114930040.70110044,4058.88916015625
scalar_q4,256,262080,262080,819,512,16,A,1,2,1,0,0,0,true,0,0,0.065499100000000005,13418496,204865349.2948758,8117.76318359375
scalar_q4,256,262080,4193280,819,512,16,B,1,2,1,0,0,0,true,0,0,0.069899000000000003,13418496,191969784.97546458,5270.2470703125
scalar_q4,256,262080,262080,819,512,16,C,1,2,1,0,0,0,true,0,67108864,0.121962,13418496,110021941.26039258,8117.763671875
scalar_q4,384,392960,392960,1228,512,1,A,1,2,1,0,0,0,true,0,0,0.0057438999999999997,1257472,218923031.38982224,774.013916015625
scalar_q4,384,392960,392960,1228,512,1,B,1,2,1,0,0,0,true,0,0,0.0056696000000000003,1257472,221792013.54592916,774.013916015625
scalar_q4,384,392960,392960,1228,512,1,C,1,2,1,0,0,0,true,0,67108864,0.0058199999999999997,1257472,216060481.09965637,774.013916015625
scalar_q4,384,392960,392960,1228,512,2,A,1,2,1,0,0,0,true,0,0,0.0115601,2514944,217553827.38903642,1548.027099609375
scalar_q4,384,392960,785920,1228,512,2,B,1,2,1,0,0,0,true,0,0,0.0117146,2514944,214684581.6331757,1208.54931640625
scalar_q4,384,392960,392960,1228,512,2,C,1,2,1,0,0,0,true,0,67108864,0.0193832,2514944,129748648.31400388,1548.02734375
scalar_q4,384,392960,392960,1228,512,4,A,1,2,1,0,0,0,true,0,0,0.023835700000000001,5029888,211023296.98729217,3096.044189453125
scalar_q4,384,392960,1571840,1228,512,4,B,1,2,1,0,0,0,true,0,0,0.023702299999999999,5029888,212210966.86819422,2313.489013671875
scalar_q4,384,392960,392960,1228,512,4,C,1,2,1,0,0,0,true,0,67108864,0.036555799999999999,5029888,137594800.27793127,3096.044189453125
scalar_q4,384,392960,392960,1228,512,8,A,1,2,1,0,0,0,true,0,0,0.049435699999999999,10059776,203492132.20405498,6192.09130859375
scalar_q4,384,392960,3143680,1228,512,8,B,1,2,1,0,0,0,true,0,0,0.0512325,10059776,196355360.36695457,4248.7490234375
scalar_q4,384,392960,392960,1228,512,8,C,1,2,1,0,0,0,true,0,67108864,0.0801949,10059776,125441592.91925047,6192.091796875
scalar_q4,384,392960,392960,1228,512,16,A,1,2,1,0,0,0,true,0,0,0.095035400000000006,20119552,211705869.60227451,12384.248046875
scalar_q4,384,392960,6287360,1228,512,16,B,1,2,1,0,0,0,true,0,0,0.098410300000000006,20119552,204445591.56917515,8054.60595703125
scalar_q4,384,392960,392960,1228,512,16,C,1,2,1,0,0,0,true,0,67108864,0.15583179999999999,20119552,129110694.99293469,12384.248046875
scalar_q4,512,524160,524160,1638,512,1,A,1,2,1,0,0,0,true,0,0,0.0077282000000000002,1677312,217037861.33899227,992.19049072265625
scalar_q4,512,524160,524160,1638,512,1,B,1,2,1,0,0,0,true,0,0,0.0076911999999999996,1677312,218081963.8027876,992.19049072265625
scalar_q4,512,524160,524160,1638,512,1,C,1,2,1,0,0,0,true,0,67108864,0.0082710000000000006,1677312,202794341.67573449,992.19049072265625
scalar_q4,512,524160,524160,1638,512,2,A,1,2,1,0,0,0,true,0,0,0.018056200000000001,3354624,185787928.80007973,1984.3802490234375
scalar_q4,512,524160,1048320,1638,512,2,B,1,2,1,0,0,0,true,0,0,0.0156928,3354624,213768352.36541599,1352.0919189453125
scalar_q4,512,524160,524160,1638,512,2,C,1,2,1,0,0,0,true,0,67108864,0.020625299999999999,3354624,162646070.60260943,1984.3804931640625
scalar_q4,512,524160,524160,1638,512,4,A,1,2,1,0,0,0,true,0,0,0.031388699999999999,6709248,213747240.24887937,3968.751953125
scalar_q4,512,524160,2096640,1638,512,4,B,1,2,1,0,0,0,true,0,0,0.034450000000000001,6709248,194753207.5471698,2610.9716796875
scalar_q4,512,524160,524160,1638,512,4,C,1,2,1,0,0,0,true,0,67108864,0.044475599999999997,6709248,150852332.51490706,3968.751953125
scalar_q4,512,524160,524160,1638,512,8,A,1,2,1,0,0,0,true,0,0,0.063897099999999998,13418496,210001643.26706535,7937.49169921875
scalar_q4,512,524160,4193280,1638,512,8,B,1,2,1,0,0,0,true,0,0,0.066133800000000006,13418496,202899213.41280857,4906.61328125
scalar_q4,512,524160,524160,1638,512,8,C,1,2,1,0,0,0,true,0,67108864,0.093273800000000004,13418496,143861362.99796942,7937.4921875
scalar_q4,512,524160,524160,1638,512,16,A,1,2,1,0,0,0,true,0,0,0.1343946,26836992,199688023.17950276,15874.96484375
scalar_q4,512,524160,8386560,1638,512,16,B,1,2,1,0,0,0,true,0,0,0.1332816,26836992,201355565.95959231,9914.1044921875
scalar_q4,512,524160,524160,1638,512,16,C,1,2,1,0,0,0,true,0,67108864,0.19309860000000001,26836992,138980769.41003197,15874.96484375
scalar_q4,640,655360,655360,2048,512,1,A,1,2,1,0,0,0,true,0,0,0.0099732999999999992,2097152,210276638.6251291,869.2900390625
scalar_q4,640,655360,655360,2048,512,1,B,1,2,1,0,0,0,true,0,0,0.0098130999999999999,2097152,213709429.23235267,869.2900390625
scalar_q4,640,655360,655360,2048,512,1,C,1,2,1,0,0,0,true,0,67108864,0.0097646,2097152,214770907.15441492,869.2900390625
scalar_q4,640,655360,655360,2048,512,2,A,1,2,1,0,0,0,true,0,0,0.019855399999999999,4194304,211242483.15319765,1738.579345703125
scalar_q4,640,655360,1310720,2048,512,2,B,1,2,1,0,0,0,true,0,0,0.022894100000000001,4194304,183204581.09294534,1626.59521484375
scalar_q4,640,655360,655360,2048,512,2,C,1,2,1,0,0,0,true,0,67108864,0.0236822,4194304,177107870.04585722,1738.57958984375
scalar_q4,640,655360,655360,2048,512,4,A,1,2,1,0,0,0,true,0,0,0.042537100000000001,8388608,197206861.77478012,3477.15625
scalar_q4,640,655360,2621440,2048,512,4,B,1,2,1,0,0,0,true,0,0,0.044225100000000003,8388608,189679797.21922618,3340.714599609375
scalar_q4,640,655360,655360,2048,512,4,C,1,2,1,0,0,0,true,0,67108864,0.056511699999999998,8388608,148440199.10921103,3477.15625
scalar_q4,640,655360,655360,2048,512,8,A,1,2,1,0,0,0,true,0,0,0.083362900000000004,16777216,201255186.65977311,6954.33056640625
scalar_q4,640,655360,5242880,2048,512,8,B,1,2,1,0,0,0,true,0,0,0.085389699999999999,16777216,196478216.92780277,6495.939453125
scalar_q4,640,655360,655360,2048,512,8,C,1,2,1,0,0,0,true,0,67108864,0.10780480000000001,16777216,155625871.94633263,6954.3310546875
scalar_q4,640,655360,655360,2048,512,16,A,1,2,1,0,0,0,true,0,0,0.16377169999999999,33554432,204885410.60512897,13908.6025390625
scalar_q4,640,655360,10485760,2048,512,16,B,1,2,1,0,0,0,true,0,0,0.16436410000000001,33554432,204146963.96597552,12403.3486328125
scalar_q4,640,655360,655360,2048,512,16,C,1,2,1,0,0,0,true,0,67108864,0.21826499999999999,33554432,153732536.13726434,13908.6025390625
scalar_q4,768,786240,786240,2457,512,1,A,1,2,1,0,0,0,true,0,0,0.0142603,2515968,176431631.87310225,1198.9371337890625
scalar_q4,768,786240,786240,2457,512,1,B,1,2,1,0,0,0,true,0,0,0.015629400000000002,2515968,160976620.98353103,1198.9371337890625
scalar_q4,768,786240,786240,2457,512,1,C,1,2,1,0,0,0,true,0,67108864,0.0120327,2515968,209094218.25525442,1198.9371337890625
scalar_q4,768,786240,786240,2457,512,2,A,1,2,1,0,0,0,true,0,0,0.024823600000000001,5031936,202707745.85475111,2397.87744140625
scalar_q4,768,786240,1572480,2457,512,2,B,1,2,1,0,0,0,true,0,0,0.0240638,5031936,209108120.91190916,2464.06640625
scalar_q4,768,786240,786240,2457,512,2,C,1,2,1,0,0,0,true,0,67108864,0.027372299999999999,5031936,183833145.18692255,2397.877685546875
scalar_q4,768,786240,786240,2457,512,4,A,1,2,1,0,0,0,true,0,0,0.048553300000000001,10063872,207274726.94955853,4795.7568359375
scalar_q4,768,786240,3144960,2457,512,4,B,1,2,1,0,0,0,true,0,0,0.049781800000000001,10063872,202159664.77708721,4780.0966796875
scalar_q4,768,786240,786240,2457,512,4,C,1,2,1,0,0,0,true,0,67108864,0.067745600000000003,10063872,148553883.94227818,4795.7568359375
scalar_q4,768,786240,786240,2457,512,8,A,1,2,1,0,0,0,true,0,0,0.10281700000000001,20127744,195762801.87128586,9591.5400390625
scalar_q4,768,786240,6289920,2457,512,8,B,1,2,1,0,0,0,true,0,0,0.098772200000000004,20127744,203779444.01359895,8950.044921875
scalar_q4,768,786240,786240,2457,512,8,C,1,2,1,0,0,0,true,0,67108864,0.1221006,20127744,164845578.15440708,9591.5400390625
scalar_q4,768,786240,786240,2457,512,16,A,1,2,1,0,0,0,true,0,0,0.19725570000000001,40255488,204077692.05148444,19183.171875
scalar_q4,768,786240,12579840,2457,512,16,B,1,2,1,0,0,0,true,0,0,0.1962546,40255488,205118697.85472545,16256.8076171875
scalar_q4,768,786240,786240,2457,512,16,C,1,2,1,0,0,0,true,0,67108864,0.26686799999999999,40255488,150844192.63456091,19183.171875
scalar_q4,896,917440,917440,2867,512,1,A,1,2,1,0,0,0,true,0,0,0.014134900000000001,2935808,207699240.88603386,1067.9910888671875
scalar_q4,896,917440,917440,2867,512,1,B,1,2,1,0,0,0,true,0,0,0.0136294,2935808,215402585.5870398,1067.9910888671875
scalar_q4,896,917440,917440,2867,512,1,C,1,2,1,0,0,0,true,0,67108864,0.0137094,2935808,214145622.71142429,1067.9910888671875
scalar_q4,896,917440,917440,2867,512,2,A,1,2,1,0,0,0,true,0,0,0.0291323,5871616,201550032.09495988,2135.98193359375
scalar_q4,896,917440,1834880,2867,512,2,B,1,2,1,0,0,0,true,0,0,0.027412200000000001,5871616,214197182.27650461,2229.492919921875
scalar_q4,896,917440,917440,2867,512,2,C,1,2,1,0,0,0,true,0,67108864,0.034591900000000002,5871616,169739621.1251767,2135.982177734375
scalar_q4,896,917440,917440,2867,512,4,A,1,2,1,0,0,0,true,0,0,0.056279999999999997,11743232,208657285.00355366,4271.9521484375
scalar_q4,896,917440,3669760,2867,512,4,B,1,2,1,0,0,0,true,0,0,0.059675899999999997,11743232,196783492.1635032,4472.24609375
scalar_q4,896,917440,917440,2867,512,4,C,1,2,1,0,0,0,true,0,67108864,0.068567299999999998,11743232,171265778.29373479,4271.9521484375
scalar_q4,896,917440,917440,2867,512,8,A,1,2,1,0,0,0,true,0,0,0.1123986,23486464,208956908.71594486,8543.8857421875
scalar_q4,896,917440,7339520,2867,512,8,B,1,2,1,0,0,0,true,0,0,0.1169713,23486464,200788261.73599848,9375.6142578125
scalar_q4,896,917440,917440,2867,512,8,C,1,2,1,0,0,0,true,0,67108864,0.14420369999999999,23486464,162870051.18453965,8543.8857421875
scalar_q4,896,917440,917440,2867,512,16,A,1,2,1,0,0,0,true,0,0,0.23040820000000001,46972928,203868299.82613465,17087.732421875
scalar_q4,896,917440,14679040,2867,512,16,B,1,2,1,0,0,0,true,0,0,0.22943569999999999,46972928,204732428.30126262,18069.42578125
scalar_q4,896,917440,917440,2867,512,16,C,1,2,1,0,0,0,true,0,67108864,0.29268070000000002,46972928,160492058.41041106,17087.732421875
scalar_q4,1024,1048320,1048320,3276,512,1,A,1,2,1,0,0,0,true,0,0,0.016049000000000001,3354624,209023864.41522837,1271.6666259765625
scalar_q4,1024,1048320,1048320,3276,512,1,B,1,2,1,0,0,0,true,0,0,0.015754600000000001,3354624,212929810.97584197,1271.6666259765625
scalar_q4,1024,1048320,1048320,3276,512,1,C,1,2,1,0,0,0,true,0,67108864,0.016545399999999998,3354624,202752668.4153904,1271.6666259765625
scalar_q4,1024,1048320,1048320,3276,512,2,A,1,2,1,0,0,0,true,0,0,0.031716500000000002,6709248,211538095.31316507,2543.335205078125
scalar_q4,1024,1048320,2096640,3276,512,2,B,1,2,1,0,0,0,true,0,0,0.036021400000000002,6709248,186257280.39443219,2627.178955078125
scalar_q4,1024,1048320,1048320,3276,512,2,C,1,2,1,0,0,0,true,0,67108864,0.036293199999999998,6709248,184862398.46582833,2543.33544921875
scalar_q4,1024,1048320,1048320,3276,512,4,A,1,2,1,0,0,0,true,0,0,0.064072799999999999,13418496,209425778.17732331,5086.66650390625
scalar_q4,1024,1048320,4193280,3276,512,4,B,1,2,1,0,0,0,true,0,0,0.071761500000000006,13418496,186987395.7484166,4776.06005859375
scalar_q4,1024,1048320,1048320,3276,512,4,C,1,2,1,0,0,0,true,0,67108864,0.0864674,13418496,155185607.52376041,5086.66650390625
scalar_q4,1024,1048320,1048320,3276,512,8,A,1,2,1,0,0,0,true,0,0,0.14480999999999999,26836992,185325543.81603482,10173.341796875
scalar_q4,1024,1048320,8386560,3276,512,8,B,1,2,1,0,0,0,true,0,0,0.1371184,26836992,195721303.63248113,10697.712890625
scalar_q4,1024,1048320,1048320,3276,512,8,C,1,2,1,0,0,0,true,0,67108864,0.15662029999999999,26836992,171350661.44043908,10173.341796875
scalar_q4,1024,1048320,1048320,3276,512,16,A,1,2,1,0,0,0,true,0,0,0.2661094,53673984,201698940.36061859,20346.6015625
scalar_q4,1024,1048320,16773120,3276,512,16,B,1,2,1,0,0,0,true,0,0,0.25952320000000001,53673984,206817671.7919631,20986.685546875
scalar_q4,1024,1048320,1048320,3276,512,16,C,1,2,1,0,0,0,true,0,67108864,0.31593949999999998,53673984,169886905.56261563,20346.6015625
scalar_q4,1280,1310720,1310720,4096,512,1,A,1,2,1,0,0,0,true,0,0,0.0196799,4194304,213126286.21080393,1821.859375
scalar_q4,1280,1310720,1310720,4096,512,1,B,1,2,1,0,0,0,true,0,0,0.020190400000000001,4194304,207737538.63222125,1821.859375
scalar_q4,1280,1310720,1310720,4096,512,1,C,1,2,1,0,0,0,true,0,67108864,0.0202484,4194304,207142490.2708362,1821.859375
scalar_q4,1280,1310720,1310720,4096,512,2,A,1,2,1,0,0,0,true,0,0,0.040191999999999999,8388608,208713375.79617834,3643.71337890625
scalar_q4,1280,1310720,2621440,4096,512,2,B,1,2,1,0,0,0,true,0,0,0.043130700000000001,8388608,194492739.51037195,3653.72900390625
scalar_q4,1280,1310720,1310720,4096,512,2,C,1,2,1,0,0,0,true,0,67108864,0.046883000000000001,8388608,178926433.88861635,3643.713623046875
scalar_q4,1280,1310720,1310720,4096,512,4,A,1,2,1,0,0,0,true,0,0,0.088522799999999999,16777216,189524235.56417105,7287.4404296875
scalar_q4,1280,1310720,5242880,4096,512,4,B,1,2,1,0,0,0,true,0,0,0.080658800000000003,16777216,208002301.05084628,6311.69873046875
scalar_q4,1280,1310720,1310720,4096,512,4,C,1,2,1,0,0,0,true,0,67108864,0.091661000000000006,16777216,183035489.46662155,7287.4404296875
scalar_q4,1280,1310720,1310720,4096,512,8,A,1,2,1,0,0,0,true,0,0,0.16689109999999999,33554432,201055850.19213128,14574.83984375
scalar_q4,1280,1310720,10485760,4096,512,8,B,1,2,1,0,0,0,true,0,0,0.16356979999999999,33554432,205138307.92725798,13369.3076171875
scalar_q4,1280,1310720,1310720,4096,512,8,C,1,2,1,0,0,0,true,0,67108864,0.19831560000000001,33554432,169197138.29875207,14574.83984375
scalar_q4,1280,1310720,1310720,4096,512,16,A,1,2,1,0,0,0,true,0,0,0.3298799,67108864,203434231.67037457,29149.37890625
scalar_q4,1280,1310720,20971520,4096,512,16,B,1,2,1,0,0,0,true,0,0,0.33317550000000001,67108864,201421965.3005698,25772.818359375
scalar_q4,1280,1310720,1310720,4096,512,16,C,1,2,1,0,0,0,true,0,67108864,0.41126740000000001,67108864,163175744.05362543,29149.37890625
scalar_q4,256,262080,262080,819,512,1,A,1,2,1,1,0,1,true,0,0,0.0038333,838656,218781728.5367699,507.36077880859375
scalar_q4,256,262080,262080,819,512,1,B,1,2,1,1,0,1,true,0,0,0.0043968000000000002,838656,190742358.07860261,507.36077880859375
scalar_q4,256,262080,262080,819,512,1,C,1,2,1,1,0,1,true,0,67108864,0.0038671999999999999,838656,216863880.84402153,507.36077880859375
scalar_q4,256,262080,262080,819,512,2,A,1,2,1,1,0,1,true,0,0,0.0077764000000000002,1677312,215692608.40491745,1014.7217407226562
scalar_q4,256,262080,524160,819,512,2,B,1,2,1,1,0,1,true,0,0,0.0078168999999999999,1677312,214575087.31082654,860.4334716796875
scalar_q4,256,262080,262080,819,512,2,C,1,2,1,1,0,1,true,0,67108864,0.0112444,1677312,149168652.84052506,1014.7220458984375
scalar_q4,256,262080,262080,819,512,4,A,1,2,1,1,0,1,true,0,0,0.016261399999999999,3354624,206293677.05117643,2029.4434814453125
scalar_q4,256,262080,1048320,819,512,4,B,1,2,1,1,0,1,true,0,0,0.015864199999999998,3354624,211458756.19318971,1557.123291015625
scalar_q4,256,262080,262080,819,512,4,C,1,2,1,1,0,1,true,0,67108864,0.030423800000000001,3354624,110263149.24499898,2029.443603515625
scalar_q4,256,262080,262080,819,512,8,A,1,2,1,1,0,1,true,0,0,0.033092900000000001,6709248,202739802.19321969,4058.888671875
scalar_q4,256,262080,2096640,819,512,8,B,1,2,1,1,0,1,true,0,0,0.031602699999999997,6709248,212299835.14066839,2863.470458984375
scalar_q4,256,262080,262080,819,512,8,C,1,2,1,1,0,1,true,0,67108864,0.059320900000000003,6709248,113100913.84318174,4058.88916015625
scalar_q4,256,262080,262080,819,512,16,A,1,2,1,1,0,1,true,0,0,0.069267099999999998,13418496,193721059.49289057,8117.76318359375
scalar_q4,256,262080,4193280,819,512,16,B,1,2,1,1,0,1,true,0,0,0.067705399999999999,13418496,198189450.17679536,5270.2470703125
scalar_q4,256,262080,262080,819,512,16,C,1,2,1,1,0,1,true,0,67108864,0.12968740000000001,13418496,103468000.74641021,8117.763671875
scalar_q4,384,392960,392960,1228,512,1,A,1,2,1,1,0,1,true,0,0,0.0057676999999999997,1257472,218019661.21677619,774.013916015625
scalar_q4,384,392960,392960,1228,512,1,B,1,2,1,1,0,1,true,0,0,0.0057545000000000001,1257472,218519767.13876095,774.013916015625
scalar_q4,384,392960,392960,1228,512,1,C,1,2,1,1,0,1,true,0,67108864,0.0058948999999999998,1257472,213315238.59607458,774.013916015625
scalar_q4,384,392960,392960,1228,512,2,A,1,2,1,1,0,1,true,0,0,0.0125106,2514944,201025050.7569581,1548.027099609375
scalar_q4,384,392960,785920,1228,512,2,B,1,2,1,1,0,1,true,0,0,0.011838400000000001,2514944,212439518.85389915,1208.54931640625
scalar_q4,384,392960,392960,1228,512,2,C,1,2,1,1,0,1,true,0,67108864,0.015772600000000001,2514944,159450185.76518771,1548.02734375
scalar_q4,384,392960,392960,1228,512,4,A,1,2,1,1,0,1,true,0,0,0.024333500000000001,5029888,206706310.23075184,3096.044189453125
scalar_q4,384,392960,1571840,1228,512,4,B,1,2,1,1,0,1,true,0,0,0.0248157,5029888,202689748.8283627,2313.489013671875
scalar_q4,384,392960,392960,1228,512,4,C,1,2,1,1,0,1,true,0,67108864,0.037672900000000002,5029888,133514754.63794929,3096.044189453125
scalar_q4,384,392960,392960,1228,512,8,A,1,2,1,1,0,1,true,0,0,0.052677599999999998,10059776,190968760.91545552,6192.09130859375
scalar_q4,384,392960,3143680,1228,512,8,B,1,2,1,1,0,1,true,0,0,0.053679499999999998,10059776,187404428.13364506,4248.7490234375
scalar_q4,384,392960,392960,1228,512,8,C,1,2,1,1,0,1,true,0,67108864,0.076947600000000005,10059776,130735409.55143499,6192.091796875
scalar_q4,384,392960,392960,1228,512,16,A,1,2,1,1,0,1,true,0,0,0.10059129999999999,20119552,200012844.05311394,12384.248046875
scalar_q4,384,392960,6287360,1228,512,16,B,1,2,1,1,0,1,true,0,0,0.095353400000000005,20119552,210999838.49553344,8054.60595703125
scalar_q4,384,392960,392960,1228,512,16,C,1,2,1,1,0,1,true,0,67108864,0.1632884,20119552,123214827.26268369,12384.248046875
scalar_q4,512,524160,524160,1638,512,1,A,1,2,1,1,0,1,true,0,0,0.0079468000000000004,1677312,211067599.53692052,992.19049072265625
scalar_q4,512,524160,524160,1638,512,1,B,1,2,1,1,0,1,true,0,0,0.0102255,1677312,164032272.26052517,992.19049072265625
scalar_q4,512,524160,524160,1638,512,1,C,1,2,1,1,0,1,true,0,67108864,0.0098201999999999994,1677312,170802223.98729151,992.19049072265625
scalar_q4,512,524160,524160,1638,512,2,A,1,2,1,1,0,1,true,0,0,0.015750299999999998,3354624,212987943.08679837,1984.3802490234375
scalar_q4,512,524160,1048320,1638,512,2,B,1,2,1,1,0,1,true,0,0,0.015765399999999999,3354624,212783944.58751446,1352.0919189453125
scalar_q4,512,524160,524160,1638,512,2,C,1,2,1,1,0,1,true,0,67108864,0.019320899999999998,3354624,173626694.40864557,1984.3804931640625
scalar_q4,512,524160,524160,1638,512,4,A,1,2,1,1,0,1,true,0,0,0.034591799999999999,6709248,193954867.9166739,3968.751953125
scalar_q4,512,524160,2096640,1638,512,4,B,1,2,1,1,0,1,true,0,0,0.032562800000000003,6709248,206040266.80752268,2610.9716796875
scalar_q4,512,524160,524160,1638,512,4,C,1,2,1,1,0,1,true,0,67108864,0.047102499999999999,6709248,142439318.50751022,3968.751953125
scalar_q4,512,524160,524160,1638,512,8,A,1,2,1,1,0,1,true,0,0,0.069706900000000002,13418496,192498820.05942023,7937.49169921875
scalar_q4,512,524160,4193280,1638,512,8,B,1,2,1,1,0,1,true,0,0,0.069391800000000003,13418496,193372934.55422685,4906.61328125
scalar_q4,512,524160,524160,1638,512,8,C,1,2,1,1,0,1,true,0,67108864,0.092194300000000007,13418496,145545830.92447147,7937.4921875
scalar_q4,512,524160,524160,1638,512,16,A,1,2,1,1,0,1,true,0,0,0.13989380000000001,26836992,191838323.07078654,15874.96484375
scalar_q4,512,524160,8386560,1638,512,16,B,1,2,1,1,0,1,true,0,0,0.14487920000000001,26836992,185237025.05259553,9914.1044921875
scalar_q4,512,524160,524160,1638,512,16,C,1,2,1,1,0,1,true,0,67108864,0.18468519999999999,26836992,145312087.81212571,15874.96484375
scalar_q4,640,655360,655360,2048,512,1,A,1,2,1,1,0,1,true,0,0,0.0097634999999999996,2097152,214795104.21467713,869.2900390625
scalar_q4,640,655360,655360,2048,512,1,B,1,2,1,1,0,1,true,0,0,0.0100991,2097152,207657315.99845532,869.2900390625
scalar_q4,640,655360,655360,2048,512,1,C,1,2,1,1,0,1,true,0,67108864,0.01061,2097152,197658058.43543828,869.2900390625
scalar_q4,640,655360,655360,2048,512,2,A,1,2,1,1,0,1,true,0,0,0.023399199999999998,4194304,179249888.88509011,1738.579345703125
scalar_q4,640,655360,1310720,2048,512,2,B,1,2,1,1,0,1,true,0,0,0.021507600000000002,4194304,195014971.45195186,1626.59521484375
scalar_q4,640,655360,655360,2048,512,2,C,1,2,1,1,0,1,true,0,67108864,0.023305599999999999,4194304,179969792.66785666,1738.57958984375
scalar_q4,640,655360,655360,2048,512,4,A,1,2,1,1,0,1,true,0,0,0.041029500000000003,8388608,204453088.63135061,3477.15625
scalar_q4,640,655360,2621440,2048,512,4,B,1,2,1,1,0,1,true,0,0,0.039683099999999999,8388608,211389936.77409276,3340.714599609375
scalar_q4,640,655360,655360,2048,512,4,C,1,2,1,1,0,1,true,0,67108864,0.051202699999999997,8388608,163831360.45560098,3477.15625
scalar_q4,640,655360,655360,2048,512,8,A,1,2,1,1,0,1,true,0,0,0.082315100000000002,16777216,203816991.05024472,6954.33056640625
scalar_q4,640,655360,5242880,2048,512,8,B,1,2,1,1,0,1,true,0,0,0.081716499999999997,16777216,205310016.94884142,6495.939453125
scalar_q4,640,655360,655360,2048,512,8,C,1,2,1,1,0,1,true,0,67108864,0.1096292,16777216,153036015.95195442,6954.3310546875
scalar_q4,640,655360,655360,2048,512,16,A,1,2,1,1,0,1,true,0,0,0.16552320000000001,33554432,202717395.50709507,13908.6025390625
scalar_q4,640,655360,10485760,2048,512,16,B,1,2,1,1,0,1,true,0,0,0.1661125,33554432,201998236.13514939,12403.3486328125
scalar_q4,640,655360,655360,2048,512,16,C,1,2,1,1,0,1,true,0,67108864,0.2325343,33554432,144298849.67508018,13908.6025390625
scalar_q4,768,786240,786240,2457,512,1,A,1,2,1,1,0,1,true,0,0,0.011805899999999999,2515968,213111071.58285266,1198.9371337890625
scalar_q4,768,786240,786240,2457,512,1,B,1,2,1,1,0,1,true,0,0,0.011715,2515968,214764660.69142127,1198.9371337890625
scalar_q4,768,786240,786240,2457,512,1,C,1,2,1,1,0,1,true,0,67108864,0.011835500000000001,2515968,212578091.33538929,1198.9371337890625
scalar_q4,768,786240,786240,2457,512,2,A,1,2,1,1,0,1,true,0,0,0.024990600000000002,5031936,201353148.78394276,2397.87744140625
scalar_q4,768,786240,1572480,2457,512,2,B,1,2,1,1,0,1,true,0,0,0.0237483,5031936,211886156.06169704,2464.06640625
scalar_q4,768,786240,786240,2457,512,2,C,1,2,1,1,0,1,true,0,67108864,0.027188500000000001,5031936,185075896.05899552,2397.877685546875
scalar_q4,768,786240,786240,2457,512,4,A,1,2,1,1,0,1,true,0,0,0.050368499999999997,10063872,199804878.0487805,4795.7568359375
scalar_q4,768,786240,3144960,2457,512,4,B,1,2,1,1,0,1,true,0,0,0.048767900000000003,10063872,206362627.87612343,4780.0966796875
scalar_q4,768,786240,786240,2457,512,4,C,1,2,1,1,0,1,true,0,67108864,0.061873999999999998,10063872,162651065.06771827,4795.7568359375
scalar_q4,768,786240,786240,2457,512,8,A,1,2,1,1,0,1,true,0,0,0.096729800000000005,20127744,208082142.21470529,9591.5400390625
scalar_q4,768,786240,6289920,2457,512,8,B,1,2,1,1,0,1,true,0,0,0.099121799999999996,20127744,203060719.23633349,8950.044921875
scalar_q4,768,786240,786240,2457,512,8,C,1,2,1,1,0,1,true,0,67108864,0.1265579,20127744,159039807.07644486,9591.5400390625
scalar_q4,768,786240,786240,2457,512,16,A,1,2,1,1,0,1,true,0,0,0.20219519999999999,40255488,199092203.96923369,19183.171875
scalar_q4,768,786240,12579840,2457,512,16,B,1,2,1,1,0,1,true,0,0,0.20280989999999999,40255488,198488771.99781668,16256.8076171875
scalar_q4,768,786240,786240,2457,512,16,C,1,2,1,1,0,1,true,0,67108864,0.26491379999999998,40255488,151956930.89601222,19183.171875
scalar_q4,896,917440,917440,2867,512,1,A,1,2,1,1,0,1,true,0,0,0.013599699999999999,2935808,215872997.19846761,1067.9910888671875
scalar_q4,896,917440,917440,2867,512,1,B,1,2,1,1,0,1,true,0,0,0.013883599999999999,2935808,211458699.47275925,1067.9910888671875
scalar_q4,896,917440,917440,2867,512,1,C,1,2,1,1,0,1,true,0,67108864,0.013809399999999999,2935808,212594899.12668183,1067.9910888671875
scalar_q4,896,917440,917440,2867,512,2,A,1,2,1,1,0,1,true,0,0,0.027585800000000001,5871616,212849219.52598801,2135.98193359375
scalar_q4,896,917440,1834880,2867,512,2,B,1,2,1,1,0,1,true,0,0,0.051809000000000001,5871616,113331969.34895481,2229.492919921875
scalar_q4,896,917440,917440,2867,512,2,C,1,2,1,1,0,1,true,0,67108864,0.0356268,5871616,164808964.03830823,2135.982177734375
scalar_q4,896,917440,917440,2867,512,4,A,1,2,1,1,0,1,true,0,0,0.058044900000000003,11743232,202312899.15220803,4271.9521484375
scalar_q4,896,917440,3669760,2867,512,4,B,1,2,1,1,0,1,true,0,0,0.060488100000000003,11743232,194141194.71433222,4472.24609375
scalar_q4,896,917440,917440,2867,512,4,C,1,2,1,1,0,1,true,0,67108864,0.070463999999999999,11743232,166655767.48410535,4271.9521484375
scalar_q4,896,917440,917440,2867,512,8,A,1,2,1,1,0,1,true,0,0,0.1176536,23486464,199623844.91422278,8543.8857421875
scalar_q4,896,917440,7339520,2867,512,8,B,1,2,1,1,0,1,true,0,0,0.1163054,23486464,201937863.59016863,9375.6142578125
scalar_q4,896,917440,917440,2867,512,8,C,1,2,1,1,0,1,true,0,67108864,0.13765640000000001,23486464,170616578.6697894,8543.8857421875
scalar_q4,896,917440,917440,2867,512,16,A,1,2,1,1,0,1,true,0,0,0.24149100000000001,46972928,194512126.74592426,17087.732421875
scalar_q4,896,917440,14679040,2867,512,16,B,1,2,1,1,0,1,true,0,0,0.24863489999999999,46972928,188923308.83556572,18069.42578125
scalar_q4,896,917440,917440,2867,512,16,C,1,2,1,1,0,1,true,0,67108864,0.28936099999999998,46972928,162333306.83817101,17087.732421875
scalar_q4,1024,1048320,1048320,3276,512,1,A,1,2,1,1,0,1,true,0,0,0.016476299999999999,3354624,203602993.39050639,1271.6666259765625
scalar_q4,1024,1048320,1048320,3276,512,1,B,1,2,1,1,0,1,true,0,0,0.0161186,3354624,208121300.85739455,1271.6666259765625
scalar_q4,1024,1048320,1048320,3276,512,1,C,1,2,1,1,0,1,true,0,67108864,0.0159516,3354624,210300157.9778831,1271.6666259765625
scalar_q4,1024,1048320,1048320,3276,512,2,A,1,2,1,1,0,1,true,0,0,0.031747499999999998,6709248,211331537.91637138,2543.335205078125
scalar_q4,1024,1048320,2096640,3276,512,2,B,1,2,1,1,0,1,true,0,0,0.031954499999999997,6709248,209962540.48725533,2627.178955078125
scalar_q4,1024,1048320,1048320,3276,512,2,C,1,2,1,1,0,1,true,0,67108864,0.035445600000000001,6709248,189282957.54621166,2543.33544921875
scalar_q4,1024,1048320,1048320,3276,512,4,A,1,2,1,1,0,1,true,0,0,0.084595699999999996,13418496,158619126.03122854,5086.66650390625
scalar_q4,1024,1048320,4193280,3276,512,4,B,1,2,1,1,0,1,true,0,0,0.067245200000000005,13418496,199545781.70635226,4776.06005859375
scalar_q4,1024,1048320,1048320,3276,512,4,C,1,2,1,1,0,1,true,0,67108864,0.076719300000000004,13418496,174903785.6184819,5086.66650390625
scalar_q4,1024,1048320,1048320,3276,512,8,A,1,2,1,1,0,1,true,0,0,0.1312691,26836992,204442568.73856834,10173.341796875
scalar_q4,1024,1048320,8386560,3276,512,8,B,1,2,1,1,0,1,true,0,0,0.13558700000000001,26836992,197931896.12573475,10697.712890625
scalar_q4,1024,1048320,1048320,3276,512,8,C,1,2,1,1,0,1,true,0,67108864,0.16100139999999999,26836992,166687941.84398398,10173.341796875
scalar_q4,1024,1048320,1048320,3276,512,16,A,1,2,1,1,0,1,true,0,0,0.2687639,53673984,199706820.74489915,20346.6015625
scalar_q4,1024,1048320,16773120,3276,512,16,B,1,2,1,1,0,1,true,0,0,0.25943119999999997,53673984,206891013.87959507,20986.685546875
scalar_q4,1024,1048320,1048320,3276,512,16,C,1,2,1,1,0,1,true,0,67108864,0.32720749999999998,53673984,164036533.39241919,20346.6015625
scalar_q4,1280,1310720,1310720,4096,512,1,A,1,2,1,1,0,1,true,0,0,0.027429599999999998,4194304,152911599.14836529,1821.859375
scalar_q4,1280,1310720,1310720,4096,512,1,B,1,2,1,1,0,1,true,0,0,0.026292599999999999,4194304,159524124.65864921,1821.859375
scalar_q4,1280,1310720,1310720,4096,512,1,C,1,2,1,1,0,1,true,0,67108864,0.0202378,4194304,207250985.77908665,1821.859375
scalar_q4,1280,1310720,1310720,4096,512,2,A,1,2,1,1,0,1,true,0,0,0.042230499999999997,8388608,198638614.27167571,3643.71337890625
scalar_q4,1280,1310720,2621440,4096,512,2,B,1,2,1,1,0,1,true,0,0,0.040168200000000001,8388608,208837040.24576655,3653.72900390625
scalar_q4,1280,1310720,1310720,4096,512,2,C,1,2,1,1,0,1,true,0,67108864,0.043793100000000001,8388608,191550906.4213312,3643.713623046875
scalar_q4,1280,1310720,1310720,4096,512,4,A,1,2,1,1,0,1,true,0,0,0.080078099999999999,16777216,209510665.21308574,7287.4404296875
scalar_q4,1280,1310720,5242880,4096,512,4,B,1,2,1,1,0,1,true,0,0,0.083324300000000004,16777216,201348418.16852945,6311.69873046875
scalar_q4,1280,1310720,1310720,4096,512,4,C,1,2,1,1,0,1,true,0,67108864,0.095211000000000004,16777216,176210900.00105029,7287.4404296875
scalar_q4,1280,1310720,1310720,4096,512,8,A,1,2,1,1,0,1,true,0,0,0.170402,33554432,196913369.56139013,14574.83984375
scalar_q4,1280,1310720,10485760,4096,512,8,B,1,2,1,1,0,1,true,0,0,0.16699120000000001,33554432,200935330.72401419,13369.3076171875
scalar_q4,1280,1310720,1310720,4096,512,8,C,1,2,1,1,0,1,true,0,67108864,0.2215935,33554432,151423358.5371412,14574.83984375
scalar_q4,1280,1310720,1310720,4096,512,16,A,1,2,1,1,0,1,true,0,0,0.31829010000000002,67108864,210841820.08802661,29149.37890625
scalar_q4,1280,1310720,20971520,4096,512,16,B,1,2,1,1,0,1,true,0,0,0.32107449999999998,67108864,209013372.28587136,25772.818359375
scalar_q4,1280,1310720,1310720,4096,512,16,C,1,2,1,1,0,1,true,0,67108864,0.37608940000000002,67108864,178438594.65329254,29149.37890625
scalar_q4,256,262080,262080,819,512,1,A,1,2,1,2,0,2,true,0,0,0.0056886000000000003,838656,147427486.55205145,507.36077880859375
scalar_q4,256,262080,262080,819,512,1,B,1,2,1,2,0,2,true,0,0,0.0051869999999999998,838656,161684210.52631581,507.36077880859375
scalar_q4,256,262080,262080,819,512,1,C,1,2,1,2,0,2,true,0,67108864,0.0050185000000000004,838656,167112882.33535916,507.36077880859375
scalar_q4,256,262080,262080,819,512,2,A,1,2,1,2,0,2,true,0,0,0.010192700000000001,1677312,164560126.36494744,1014.7217407226562
scalar_q4,256,262080,524160,819,512,2,B,1,2,1,2,0,2,true,0,0,0.010132800000000001,1677312,165532922.78540975,860.4334716796875
scalar_q4,256,262080,262080,819,512,2,C,1,2,1,2,0,2,true,0,67108864,0.014184,1677312,118253807.10659899,1014.7220458984375
scalar_q4,256,262080,262080,819,512,4,A,1,2,1,2,0,2,true,0,0,0.021773799999999999,3354624,154066997.95166668,2029.4434814453125
scalar_q4,256,262080,1048320,819,512,4,B,1,2,1,2,0,2,true,0,0,0.0223462,3354624,150120557.41020843,1557.123291015625
scalar_q4,256,262080,262080,819,512,4,C,1,2,1,2,0,2,true,0,67108864,0.032465599999999997,3354624,103328569.31644572,2029.443603515625
scalar_q4,256,262080,262080,819,512,8,A,1,2,1,2,0,2,true,0,0,0.040640999999999997,6709248,165085701.63135752,4058.888671875
scalar_q4,256,262080,2096640,819,512,8,B,1,2,1,2,0,2,true,0,0,0.0415325,6709248,161542117.6187323,2863.470458984375
scalar_q4,256,262080,262080,819,512,8,C,1,2,1,2,0,2,true,0,67108864,0.0682648,6709248,98282687.417234063,4058.88916015625
scalar_q4,256,262080,262080,819,512,16,A,1,2,1,2,0,2,true,0,0,0.084625800000000001,13418496,158562707.82669115,8117.76318359375
scalar_q4,256,262080,4193280,819,512,16,B,1,2,1,2,0,2,true,0,0,0.082887600000000006,13418496,161887857.77365974,5270.2470703125
scalar_q4,256,262080,262080,819,512,16,C,1,2,1,2,0,2,true,0,67108864,0.1443837,13418496,92936363.315249577,8117.763671875
scalar_q4,384,392960,392960,1228,512,1,A,1,2,1,2,0,2,true,0,0,0.0084805000000000002,1257472,148278049.64329934,774.013916015625
scalar_q4,384,392960,392960,1228,512,1,B,1,2,1,2,0,2,true,0,0,0.0078258000000000008,1257472,160682869.48299214,774.013916015625
scalar_q4,384,392960,392960,1228,512,1,C,1,2,1,2,0,2,true,0,67108864,0.0080377000000000001,1257472,156446744.71552807,774.013916015625
scalar_q4,384,392960,392960,1228,512,2,A,1,2,1,2,0,2,true,0,0,0.015831700000000001,2514944,158854955.56383711,1548.027099609375
scalar_q4,384,392960,785920,1228,512,2,B,1,2,1,2,0,2,true,0,0,0.0156054,2514944,161158573.31436554,1208.54931640625
scalar_q4,384,392960,392960,1228,512,2,C,1,2,1,2,0,2,true,0,67108864,0.019347099999999999,2514944,129990747.96739563,1548.02734375
scalar_q4,384,392960,392960,1228,512,4,A,1,2,1,2,0,2,true,0,0,0.034352300000000002,5029888,146420705.45494768,3096.044189453125
scalar_q4,384,392960,1571840,1228,512,4,B,1,2,1,2,0,2,true,0,0,0.032498899999999997,5029888,154771023.01924068,2313.489013671875
scalar_q4,384,392960,392960,1228,512,4,C,1,2,1,2,0,2,true,0,67108864,0.045939000000000001,5029888,109490585.34143102,3096.044189453125
scalar_q4,384,392960,392960,1228,512,8,A,1,2,1,2,0,2,true,0,0,0.063297699999999998,10059776,158927986.32493755,6192.09130859375
scalar_q4,384,392960,3143680,1228,512,8,B,1,2,1,2,0,2,true,0,0,0.063442899999999997,10059776,158564252.26463482,4248.7490234375
scalar_q4,384,392960,392960,1228,512,8,C,1,2,1,2,0,2,true,0,67108864,0.092887300000000006,10059776,108300876.43843667,6192.091796875
scalar_q4,384,392960,392960,1228,512,16,A,1,2,1,2,0,2,true,0,0,0.12727350000000001,20119552,158081234.50679049,12384.248046875
scalar_q4,384,392960,6287360,1228,512,16,B,1,2,1,2,0,2,true,0,0,0.1255358,20119552,160269437.08487937,8054.60595703125
scalar_q4,384,392960,392960,1228,512,16,C,1,2,1,2,0,2,true,0,67108864,0.1872655,20119552,107438647.26818341,12384.248046875
scalar_q4,512,524160,524160,1638,512,1,A,1,2,1,2,0,2,true,0,0,0.0102621,1677312,163447247.63937205,992.19049072265625
scalar_q4,512,524160,524160,1638,512,1,B,1,2,1,2,0,2,true,0,0,0.0108495,1677312,154598092.07797596,992.19049072265625
scalar_q4,512,524160,524160,1638,512,1,C,1,2,1,2,0,2,true,0,67108864,0.0103427,1677312,162173513.68598142,992.19049072265625
scalar_q4,512,524160,524160,1638,512,2,A,1,2,1,2,0,2,true,0,0,0.022161699999999999,3354624,151370337.11312762,1984.3802490234375
scalar_q4,512,524160,1048320,1638,512,2,B,1,2,1,2,0,2,true,0,0,0.020678200000000001,3354624,162229981.33299804,1352.0919189453125
scalar_q4,512,524160,524160,1638,512,2,C,1,2,1,2,0,2,true,0,67108864,0.024389500000000001,3354624,137543779.08526209,1984.3804931640625
scalar_q4,512,524160,524160,1638,512,4,A,1,2,1,2,0,2,true,0,0,0.041631899999999999,6709248,161156420.91761366,3968.751953125
scalar_q4,512,524160,2096640,1638,512,4,B,1,2,1,2,0,2,true,0,0,0.043112299999999999,6709248,155622594.94390231,2610.9716796875
scalar_q4,512,524160,524160,1638,512,4,C,1,2,1,2,0,2,true,0,67108864,0.053311200000000003,6709248,125850628.01062441,3968.751953125
scalar_q4,512,524160,524160,1638,512,8,A,1,2,1,2,0,2,true,0,0,0.083365300000000003,13418496,160960207.66433996,7937.49169921875
scalar_q4,512,524160,4193280,1638,512,8,B,1,2,1,2,0,2,true,0,0,0.090143200000000007,13418496,148857551.0964776,4906.61328125
scalar_q4,512,524160,524160,1638,512,8,C,1,2,1,2,0,2,true,0,67108864,0.13125539999999999,13418496,102231953.88532586,7937.4921875
scalar_q4,512,524160,524160,1638,512,16,A,1,2,1,2,0,2,true,0,0,0.17465339999999999,26836992,153658571.77701667,15874.96484375
scalar_q4,512,524160,8386560,1638,512,16,B,1,2,1,2,0,2,true,0,0,0.16966709999999999,26836992,158174401.51921028,9914.1044921875
scalar_q4,512,524160,524160,1638,512,16,C,1,2,1,2,0,2,true,0,67108864,0.2364531,26836992,113498160.94608191,15874.96484375
scalar_q4,640,655360,655360,2048,512,1,A,1,2,1,2,0,2,true,0,0,0.0128498,2097152,163205030.42848915,869.2900390625
scalar_q4,640,655360,655360,2048,512,1,B,1,2,1,2,0,2,true,0,0,0.0127863,2097152,164015547.89110219,869.2900390625
scalar_q4,640,655360,655360,2048,512,1,C,1,2,1,2,0,2,true,0,67108864,0.012819499999999999,2097152,163590779.67159405,869.2900390625
scalar_q4,640,655360,655360,2048,512,2,A,1,2,1,2,0,2,true,0,0,0.027257199999999999,4194304,153878754.9711636,1738.579345703125
scalar_q4,640,655360,1310720,2048,512,2,B,1,2,1,2,0,2,true,0,0,0.026240599999999999,4194304,159840247.55531505,1626.59521484375
scalar_q4,640,655360,655360,2048,512,2,C,1,2,1,2,0,2,true,0,67108864,0.032348099999999998,4194304,129661525.71557526,1738.57958984375
scalar_q4,640,655360,655360,2048,512,4,A,1,2,1,2,0,2,true,0,0,0.0521883,8388608,160737330.0145818,3477.15625
scalar_q4,640,655360,2621440,2048,512,4,B,1,2,1,2,0,2,true,0,0,0.051758100000000001,8388608,162073337.31338668,3340.714599609375
scalar_q4,640,655360,655360,2048,512,4,C,1,2,1,2,0,2,true,0,67108864,0.064910300000000004,8388608,129233850.40586779,3477.15625
scalar_q4,640,655360,655360,2048,512,8,A,1,2,1,2,0,2,true,0,0,0.10761709999999999,16777216,155897306.28310931,6954.33056640625
scalar_q4,640,655360,5242880,2048,512,8,B,1,2,1,2,0,2,true,0,0,0.1050315,16777216,159735088.9971104,6495.939453125
scalar_q4,640,655360,655360,2048,512,8,C,1,2,1,2,0,2,true,0,67108864,0.1337884,16777216,125401125.95710839,6954.3310546875
scalar_q4,640,655360,655360,2048,512,16,A,1,2,1,2,0,2,true,0,0,0.2125908,33554432,157835767.11692134,13908.6025390625
scalar_q4,640,655360,10485760,2048,512,16,B,1,2,1,2,0,2,true,0,0,0.21765019999999999,33554432,154166786.89015678,12403.3486328125
scalar_q4,640,655360,655360,2048,512,16,C,1,2,1,2,0,2,true,0,67108864,0.2711327,33554432,123756492.66945669,13908.6025390625
scalar_q4,768,786240,786240,2457,512,1,A,1,2,1,2,0,2,true,0,0,0.015454900000000001,2515968,162794194.72141522,1198.9371337890625
scalar_q4,768,786240,786240,2457,512,1,B,1,2,1,2,0,2,true,0,0,0.015268199999999999,2515968,164784846.93677056,1198.9371337890625
scalar_q4,768,786240,786240,2457,512,1,C,1,2,1,2,0,2,true,0,67108864,0.0152689,2515968,164777292.40482289,1198.9371337890625
scalar_q4,768,786240,786240,2457,512,2,A,1,2,1,2,0,2,true,0,0,0.032756,5031936,153618756.86897057,2397.87744140625
scalar_q4,768,786240,1572480,2457,512,2,B,1,2,1,2,0,2,true,0,0,0.032176200000000002,5031936,156386894.66127136,2464.06640625
scalar_q4,768,786240,786240,2457,512,2,C,1,2,1,2,0,2,true,0,67108864,0.036895499999999998,5031936,136383461.39773145,2397.877685546875
scalar_q4,768,786240,786240,2457,512,4,A,1,2,1,2,0,2,true,0,0,0.065745200000000004,10063872,153073866.98952925,4795.7568359375
scalar_q4,768,786240,3144960,2457,512,4,B,1,2,1,2,0,2,true,0,0,0.063924700000000001,10063872,157433230.0347127,4780.0966796875
scalar_q4,768,786240,786240,2457,512,4,C,1,2,1,2,0,2,true,0,67108864,0.077406299999999997,10063872,130013603.5438976,4795.7568359375
scalar_q4,768,786240,786240,2457,512,8,A,1,2,1,2,0,2,true,0,0,0.12859380000000001,20127744,156521885.19197658,9591.5400390625
scalar_q4,768,786240,6289920,2457,512,8,B,1,2,1,2,0,2,true,0,0,0.12995399999999999,20127744,154883604.96791175,8950.044921875
scalar_q4,768,786240,786240,2457,512,8,C,1,2,1,2,0,2,true,0,67108864,0.15733050000000001,20127744,127932880.14720604,9591.5400390625
scalar_q4,768,786240,786240,2457,512,16,A,1,2,1,2,0,2,true,0,0,0.2565598,40255488,156904893.12822974,19183.171875
scalar_q4,768,786240,12579840,2457,512,16,B,1,2,1,2,0,2,true,0,0,0.25507089999999999,40255488,157820778.45806795,16256.8076171875
scalar_q4,768,786240,786240,2457,512,16,C,1,2,1,2,0,2,true,0,67108864,0.32828059999999998,40255488,122625241.94241147,19183.171875
scalar_q4,896,917440,917440,2867,512,1,A,1,2,1,2,0,2,true,0,0,0.018896699999999999,2935808,155360883.11715803,1067.9910888671875
scalar_q4,896,917440,917440,2867,512,1,B,1,2,1,2,0,2,true,0,0,0.0186711,2935808,157238084.52635357,1067.9910888671875
scalar_q4,896,917440,917440,2867,512,1,C,1,2,1,2,0,2,true,0,67108864,0.0186617,2935808,157317286.20650852,1067.9910888671875
scalar_q4,896,917440,917440,2867,512,2,A,1,2,1,2,0,2,true,0,0,0.036887900000000001,5871616,159174580.28242323,2135.98193359375
scalar_q4,896,917440,1834880,2867,512,2,B,1,2,1,2,0,2,true,0,0,0.038167600000000003,5871616,153837705.27882287,2229.492919921875
scalar_q4,896,917440,917440,2867,512,2,C,1,2,1,2,0,2,true,0,67108864,0.048955499999999999,5871616,119937821.08241159,2135.982177734375
scalar_q4,896,917440,917440,2867,512,4,A,1,2,1,2,0,2,true,0,0,0.079050899999999993,11743232,148552793.20033044,4271.9521484375
scalar_q4,896,917440,3669760,2867,512,4,B,1,2,1,2,0,2,true,0,0,0.078540600000000002,11743232,149517981.78267035,4472.24609375
scalar_q4,896,917440,917440,2867,512,4,C,1,2,1,2,0,2,true,0,67108864,0.090088500000000002,11743232,130352175.91590491,4271.9521484375
scalar_q4,896,917440,917440,2867,512,8,A,1,2,1,2,0,2,true,0,0,0.1508833,23486464,155659798.00282735,8543.8857421875
scalar_q4,896,917440,7339520,2867,512,8,B,1,2,1,2,0,2,true,0,0,0.15324199999999999,23486464,153263883.26959974,9375.6142578125
scalar_q4,896,917440,917440,2867,512,8,C,1,2,1,2,0,2,true,0,67108864,0.1748642,23486464,134312592.28589958,8543.8857421875
scalar_q4,896,917440,917440,2867,512,16,A,1,2,1,2,0,2,true,0,0,0.30152610000000002,46972928,155783953.69422415,17087.732421875
scalar_q4,896,917440,14679040,2867,512,16,B,1,2,1,2,0,2,true,0,0,0.29333799999999999,46972928,160132434.25672776,18069.42578125
scalar_q4,896,917440,917440,2867,512,16,C,1,2,1,2,0,2,true,0,67108864,0.3614098,46972928,129971373.21677497,17087.732421875
scalar_q4,1024,1048320,1048320,3276,512,1,A,1,2,1,2,0,2,true,0,0,0.0205165,3354624,163508590.64655277,1271.6666259765625
scalar_q4,1024,1048320,1048320,3276,512,1,B,1,2,1,2,0,2,true,0,0,0.0209926,3354624,159800310.58563495,1271.6666259765625
scalar_q4,1024,1048320,1048320,3276,512,1,C,1,2,1,2,0,2,true,0,67108864,0.020457900000000001,3354624,163976947.78056398,1271.6666259765625
scalar_q4,1024,1048320,1048320,3276,512,2,A,1,2,1,2,0,2,true,0,0,0.042936700000000001,6709248,156259051.1147806,2543.335205078125
scalar_q4,1024,1048320,2096640,3276,512,2,B,1,2,1,2,0,2,true,0,0,0.043084799999999999,6709248,155721925.13368985,2627.178955078125
scalar_q4,1024,1048320,1048320,3276,512,2,C,1,2,1,2,0,2,true,0,67108864,0.046023099999999997,6709248,145780010.4730016,2543.33544921875
scalar_q4,1024,1048320,1048320,3276,512,4,A,1,2,1,2,0,2,true,0,0,0.085472400000000004,13418496,156992151.85252783,5086.66650390625
scalar_q4,1024,1048320,4193280,3276,512,4,B,1,2,1,2,0,2,true,0,0,0.083723400000000003,13418496,160271751.98331648,4776.06005859375
scalar_q4,1024,1048320,1048320,3276,512,4,C,1,2,1,2,0,2,true,0,67108864,0.10088279999999999,13418496,133010741.17689042,5086.66650390625
scalar_q4,1024,1048320,1048320,3276,512,8,A,1,2,1,2,0,2,true,0,0,0.1788817,26836992,150026481.18840551,10173.341796875
scalar_q4,1024,1048320,8386560,3276,512,8,B,1,2,1,2,0,2,true,0,0,0.1702671,26836992,157617014.67870188,10697.712890625
scalar_q4,1024,1048320,1048320,3276,512,8,C,1,2,1,2,0,2,true,0,67108864,0.19922110000000001,26836992,134709586.48456413,10173.341796875
scalar_q4,1024,1048320,1048320,3276,512,16,A,1,2,1,2,0,2,true,0,0,0.33919569999999999,53673984,158238987.10980123,20346.6015625
scalar_q4,1024,1048320,16773120,3276,512,16,B,1,2,1,2,0,2,true,0,0,0.34113359999999998,53673984,157340068.52447253,20986.685546875
scalar_q4,1024,1048320,1048320,3276,512,16,C,1,2,1,2,0,2,true,0,67108864,0.40354220000000002,53673984,133007115.48878902,20346.6015625
scalar_q4,1280,1310720,1310720,4096,512,1,A,1,2,1,2,0,2,true,0,0,0.026384100000000001,4194304,158970895.34985086,1821.859375
scalar_q4,1280,1310720,1310720,4096,512,1,B,1,2,1,2,0,2,true,0,0,0.025749500000000002,4194304,162888755.12145865,1821.859375
scalar_q4,1280,1310720,1310720,4096,512,1,C,1,2,1,2,0,2,true,0,67108864,0.028889999999999999,4194304,145181862.23606786,1821.859375
scalar_q4,1280,1310720,1310720,4096,512,2,A,1,2,1,2,0,2,true,0,0,0.057655499999999998,8388608,145495364.70935124,3643.71337890625
scalar_q4,1280,1310720,2621440,4096,512,2,B,1,2,1,2,0,2,true,0,0,0.053099300000000002,8388608,157979634.38312745,3653.72900390625
scalar_q4,1280,1310720,1310720,4096,512,2,C,1,2,1,2,0,2,true,0,67108864,0.056827599999999999,8388608,147615032.13227376,3643.713623046875
scalar_q4,1280,1310720,1310720,4096,512,4,A,1,2,1,2,0,2,true,0,0,0.1098278,16777216,152759283.16874233,7287.4404296875
scalar_q4,1280,1310720,5242880,4096,512,4,B,1,2,1,2,0,2,true,0,0,0.1060189,16777216,158247406.83029157,6311.69873046875
scalar_q4,1280,1310720,1310720,4096,512,4,C,1,2,1,2,0,2,true,0,67108864,0.12697559999999999,16777216,132129448.49246627,7287.4404296875
scalar_q4,1280,1310720,1310720,4096,512,8,A,1,2,1,2,0,2,true,0,0,0.22300529999999999,33554432,150464728.86518842,14574.83984375
scalar_q4,1280,1310720,10485760,4096,512,8,B,1,2,1,2,0,2,true,0,0,0.2112713,33554432,158821534.2074385,13369.3076171875
scalar_q4,1280,1310720,1310720,4096,512,8,C,1,2,1,2,0,2,true,0,67108864,0.25725870000000001,33554432,130430698.7479918,14574.83984375
scalar_q4,1280,1310720,1310720,4096,512,16,A,1,2,1,2,0,2,true,0,0,0.4311682,67108864,155644279.88891575,29149.37890625
scalar_q4,1280,1310720,20971520,4096,512,16,B,1,2,1,2,0,2,true,0,0,0.42483890000000002,67108864,157963086.71357542,25772.818359375
scalar_q4,1280,1310720,1310720,4096,512,16,C,1,2,1,2,0,2,true,0,67108864,0.50807659999999999,67108864,132084146.36690609,29149.37890625
scalar_q4,256,262080,262080,819,512,1,A,1,2,1,3,0,3,true,0,0,0.0053182999999999998,838656,157692495.72231728,507.36077880859375
scalar_q4,256,262080,262080,819,512,1,B,1,2,1,3,0,3,true,0,0,0.0051114999999999997,838656,164072385.79673287,507.36077880859375
scalar_q4,256,262080,262080,819,512,1,C,1,2,1,3,0,3,true,0,67108864,0.0051224,838656,163723254.72434795,507.36077880859375
scalar_q4,256,262080,262080,819,512,2,A,1,2,1,3,0,3,true,0,0,0.010169299999999999,1677312,164938786.34714288,1014.7217407226562
scalar_q4,256,262080,524160,819,512,2,B,1,2,1,3,0,3,true,0,0,0.0104522,1677312,160474541.24490538,860.4334716796875
scalar_q4,256,262080,262080,819,512,2,C,1,2,1,3,0,3,true,0,67108864,0.013821699999999999,1677312,121353523.80676763,1014.7220458984375
scalar_q4,256,262080,262080,819,512,4,A,1,2,1,3,0,3,true,0,0,0.0204212,3354624,164271639.27682996,2029.4434814453125
scalar_q4,256,262080,1048320,819,512,4,B,1,2,1,3,0,3,true,0,0,0.020595499999999999,3354624,162881406.13240758,1557.123291015625
scalar_q4,256,262080,262080,819,512,4,C,1,2,1,3,0,3,true,0,67108864,0.033675499999999997,3354624,99616160.116405115,2029.443603515625
scalar_q4,256,262080,262080,819,512,8,A,1,2,1,3,0,3,true,0,0,0.041591299999999998,6709248,161313736.28619447,4058.888671875
scalar_q4,256,262080,2096640,819,512,8,B,1,2,1,3,0,3,true,0,0,0.041357400000000002,6709248,162226058.69808063,2863.470458984375
scalar_q4,256,262080,262080,819,512,8,C,1,2,1,3,0,3,true,0,67108864,0.068211999999999995,6709248,98358763.853867367,4058.88916015625
scalar_q4,256,262080,262080,819,512,16,A,1,2,1,3,0,3,true,0,0,0.084518499999999996,13418496,158764010.24627745,8117.76318359375
scalar_q4,256,262080,4193280,819,512,16,B,1,2,1,3,0,3,true,0,0,0.086936200000000005,13418496,154348775.30878964,5270.2470703125
scalar_q4,256,262080,262080,819,512,16,C,1,2,1,3,0,3,true,0,67108864,0.14281089999999999,13418496,93959886.815362141,8117.763671875
scalar_q4,384,392960,392960,1228,512,1,A,1,2,1,3,0,3,true,0,0,0.0075541999999999996,1257472,166459982.52627677,774.013916015625
scalar_q4,384,392960,392960,1228,512,1,B,1,2,1,3,0,3,true,0,0,0.0077026000000000004,1257472,163252927.58289409,774.013916015625
scalar_q4,384,392960,392960,1228,512,1,C,1,2,1,3,0,3,true,0,67108864,0.0089978000000000002,1257472,139753273.02229434,774.013916015625
scalar_q4,384,392960,392960,1228,512,2,A,1,2,1,3,0,3,true,0,0,0.0155283,2514944,161958746.28903356,1548.027099609375
scalar_q4,384,392960,785920,1228,512,2,B,1,2,1,3,0,3,true,0,0,0.0157238,2514944,159945051.45066714,1208.54931640625
scalar_q4,384,392960,392960,1228,512,2,C,1,2,1,3,0,3,true,0,67108864,0.0193469,2514944,129992091.75630204,1548.02734375
scalar_q4,384,392960,392960,1228,512,4,A,1,2,1,3,0,3,true,0,0,0.031838199999999997,5029888,157982800.53520614,3096.044189453125
scalar_q4,384,392960,1571840,1228,512,4,B,1,2,1,3,0,3,true,0,0,0.031069699999999999,5029888,161890459.19336203,2313.489013671875
scalar_q4,384,392960,392960,1228,512,4,C,1,2,1,3,0,3,true,0,67108864,0.042881700000000002,5029888,117296842.24272825,3096.044189453125
scalar_q4,384,392960,392960,1228,512,8,A,1,2,1,3,0,3,true,0,0,0.062309099999999999,10059776,161449547.49787751,6192.09130859375
scalar_q4,384,392960,3143680,1228,512,8,B,1,2,1,3,0,3,true,0,0,0.062218299999999997,10059776,161685163.36833376,4248.7490234375
scalar_q4,384,392960,392960,1228,512,8,C,1,2,1,3,0,3,true,0,67108864,0.090607999999999994,10059776,111025251.63340986,6192.091796875
scalar_q4,384,392960,392960,1228,512,16,A,1,2,1,3,0,3,true,0,0,0.12577840000000001,20119552,159960311.15040419,12384.248046875
scalar_q4,384,392960,6287360,1228,512,16,B,1,2,1,3,0,3,true,0,0,0.12744320000000001,20119552,157870737.70903429,8054.60595703125
scalar_q4,384,392960,392960,1228,512,16,C,1,2,1,3,0,3,true,0,67108864,0.1898986,20119552,105948922.21427646,12384.248046875
scalar_q4,512,524160,524160,1638,512,1,A,1,2,1,3,0,3,true,0,0,0.0104245,1677312,160900954.48222938,992.19049072265625
scalar_q4,512,524160,524160,1638,512,1,B,1,2,1,3,0,3,true,0,0,0.0107592,1677312,155895605.62123579,992.19049072265625
scalar_q4,512,524160,524160,1638,512,1,C,1,2,1,3,0,3,true,0,67108864,0.010616499999999999,1677312,157991051.66486132,992.19049072265625
scalar_q4,512,524160,524160,1638,512,2,A,1,2,1,3,0,3,true,0,0,0.022472599999999999,3354624,149276185.22111371,1984.3802490234375
scalar_q4,512,524160,1048320,1638,512,2,B,1,2,1,3,0,3,true,0,0,0.021344100000000001,3354624,157168678.93235132,1352.0919189453125
scalar_q4,512,524160,524160,1638,512,2,C,1,2,1,3,0,3,true,0,67108864,0.027115899999999998,3354624,123714278.33853939,1984.3804931640625
scalar_q4,512,524160,524160,1638,512,4,A,1,2,1,3,0,3,true,0,0,0.042054000000000001,6709248,159538878.58467683,3968.751953125
scalar_q4,512,524160,2096640,1638,512,4,B,1,2,1,3,0,3,true,0,0,0.044173400000000002,6709248,151884346.68827847,2610.9716796875
scalar_q4,512,524160,524160,1638,512,4,C,1,2,1,3,0,3,true,0,67108864,0.058152799999999998,6709248,115372742.15514989,3968.751953125
scalar_q4,512,524160,524160,1638,512,8,A,1,2,1,3,0,3,true,0,0,0.086262699999999998,13418496,155553860.47503731,7937.49169921875
scalar_q4,512,524160,4193280,1638,512,8,B,1,2,1,3,0,3,true,0,0,0.083199200000000001,13418496,161281550.78414217,4906.61328125
scalar_q4,512,524160,524160,1638,512,8,C,1,2,1,3,0,3,true,0,67108864,0.1126056,13418496,119163665.03974935,7937.4921875
scalar_q4,512,524160,524160,1638,512,16,A,1,2,1,3,0,3,true,0,0,0.18189130000000001,26836992,147544121.1316869,15874.96484375
scalar_q4,512,524160,8386560,1638,512,16,B,1,2,1,3,0,3,true,0,0,0.17437649999999999,26836992,153902572.8810935,9914.1044921875
scalar_q4,512,524160,524160,1638,512,16,C,1,2,1,3,0,3,true,0,67108864,0.23212469999999999,26836992,115614546.83624794,15874.96484375
scalar_q4,640,655360,655360,2048,512,1,A,1,2,1,3,0,3,true,0,0,0.013709799999999999,2097152,152967366.40942976,869.2900390625
scalar_q4,640,655360,655360,2048,512,1,B,1,2,1,3,0,3,true,0,0,0.0139072,2097152,150796134.37643811,869.2900390625
scalar_q4,640,655360,655360,2048,512,1,C,1,2,1,3,0,3,true,0,67108864,0.01602,2097152,130908364.5443196,869.2900390625
scalar_q4,640,655360,655360,2048,512,2,A,1,2,1,3,0,3,true,0,0,0.026403300000000001,4194304,158855294.60332608,1738.579345703125
scalar_q4,640,655360,1310720,2048,512,2,B,1,2,1,3,0,3,true,0,0,0.0290213,4194304,144525021.27747551,1626.59521484375
scalar_q4,640,655360,655360,2048,512,2,C,1,2,1,3,0,3,true,0,67108864,0.029632200000000001,4194304,141545480.92952937,1738.57958984375
scalar_q4,640,655360,655360,2048,512,4,A,1,2,1,3,0,3,true,0,0,0.053506699999999997,8388608,156776777.48767912,3477.15625
scalar_q4,640,655360,2621440,2048,512,4,B,1,2,1,3,0,3,true,0,0,0.054053499999999997,8388608,155190838.70609674,3340.714599609375
scalar_q4,640,655360,655360,2048,512,4,C,1,2,1,3,0,3,true,0,67108864,0.065358799999999995,8388608,128347032.07525231,3477.15625
scalar_q4,640,655360,655360,2048,512,8,A,1,2,1,3,0,3,true,0,0,0.10975409999999999,16777216,152861861.19698492,6954.33056640625
scalar_q4,640,655360,5242880,2048,512,8,B,1,2,1,3,0,3,true,0,0,0.10897419999999999,16777216,153955853.77089256,6495.939453125
scalar_q4,640,655360,655360,2048,512,8,C,1,2,1,3,0,3,true,0,67108864,0.13341020000000001,16777216,125756621.30781604,6954.3310546875
scalar_q4,640,655360,655360,2048,512,16,A,1,2,1,3,0,3,true,0,0,0.21007790000000001,33554432,159723759.61488572,13908.6025390625
scalar_q4,640,655360,10485760,2048,512,16,B,1,2,1,3,0,3,true,0,0,0.21900500000000001,33554432,153213086.45921326,12403.3486328125
scalar_q4,640,655360,655360,2048,512,16,C,1,2,1,3,0,3,true,0,67108864,0.2728332,33554432,122985149.90111174,13908.6025390625
scalar_q4,768,786240,786240,2457,512,1,A,1,2,1,3,0,3,true,0,0,0.0153834,2515968,163550840.51640078,1198.9371337890625
scalar_q4,768,786240,786240,2457,512,1,B,1,2,1,3,0,3,true,0,0,0.0152891,2515968,164559588.20336056,1198.9371337890625
scalar_q4,768,786240,786240,2457,512,1,C,1,2,1,3,0,3,true,0,67108864,0.018677599999999999,2515968,134705101.2978113,1198.9371337890625
scalar_q4,768,786240,786240,2457,512,2,A,1,2,1,3,0,3,true,0,0,0.031201,5031936,161274830.93490595,2397.87744140625
scalar_q4,768,786240,1572480,2457,512,2,B,1,2,1,3,0,3,true,0,0,0.032739200000000003,5031936,153697585.76874205,2464.06640625
scalar_q4,768,786240,786240,2457,512,2,C,1,2,1,3,0,3,true,0,67108864,0.035771900000000002,5031936,140667283.53819618,2397.877685546875
scalar_q4,768,786240,786240,2457,512,4,A,1,2,1,3,0,3,true,0,0,0.064253299999999999,10063872,156628095.36630803,4795.7568359375
scalar_q4,768,786240,3144960,2457,512,4,B,1,2,1,3,0,3,true,0,0,0.065195199999999995,10063872,154365229.34203747,4780.0966796875
scalar_q4,768,786240,786240,2457,512,4,C,1,2,1,3,0,3,true,0,67108864,0.076488700000000007,10063872,131573317.36583312,4795.7568359375
scalar_q4,768,786240,786240,2457,512,8,A,1,2,1,3,0,3,true,0,0,0.1377264,20127744,146142961.69797513,9591.5400390625
scalar_q4,768,786240,6289920,2457,512,8,B,1,2,1,3,0,3,true,0,0,0.12626280000000001,20127744,159411513.12975791,8950.044921875
scalar_q4,768,786240,786240,2457,512,8,C,1,2,1,3,0,3,true,0,67108864,0.15469369999999999,20127744,130113534.03532271,9591.5400390625
scalar_q4,768,786240,786240,2457,512,16,A,1,2,1,3,0,3,true,0,0,0.25595570000000001,40255488,157275215.98464108,19183.171875
scalar_q4,768,786240,12579840,2457,512,16,B,1,2,1,3,0,3,true,0,0,0.25854820000000001,40255488,155698194.76600495,16256.8076171875
scalar_q4,768,786240,786240,2457,512,16,C,1,2,1,3,0,3,true,0,67108864,0.331654,40255488,121377966.19368377,19183.171875
scalar_q4,896,917440,917440,2867,512,1,A,1,2,1,3,0,3,true,0,0,0.0194527,2935808,150920334.96635428,1067.9910888671875
scalar_q4,896,917440,917440,2867,512,1,B,1,2,1,3,0,3,true,0,0,0.018363999999999998,2935808,159867566.97887173,1067.9910888671875
scalar_q4,896,917440,917440,2867,512,1,C,1,2,1,3,0,3,true,0,67108864,0.018346500000000002,2935808,160020058.32175073,1067.9910888671875
scalar_q4,896,917440,917440,2867,512,2,A,1,2,1,3,0,3,true,0,0,0.040457300000000002,5871616,145131187.69665796,2135.98193359375
scalar_q4,896,917440,1834880,2867,512,2,B,1,2,1,3,0,3,true,0,0,0.038281900000000001,5871616,153378385.08537978,2229.492919921875
scalar_q4,896,917440,917440,2867,512,2,C,1,2,1,3,0,3,true,0,67108864,0.045111199999999997,5871616,130158718.89907607,2135.982177734375
scalar_q4,896,917440,917440,2867,512,4,A,1,2,1,3,0,3,true,0,0,0.073531799999999994,11743232,159702768.05409363,4271.9521484375
scalar_q4,896,917440,3669760,2867,512,4,B,1,2,1,3,0,3,true,0,0,0.074791999999999997,11743232,157011872.92758584,4472.24609375
scalar_q4,896,917440,917440,2867,512,4,C,1,2,1,3,0,3,true,0,67108864,0.086967000000000003,11743232,135030896.77693838,4271.9521484375
scalar_q4,896,917440,917440,2867,512,8,A,1,2,1,3,0,3,true,0,0,0.14837439999999999,23486464,158291888.62768781,8543.8857421875
scalar_q4,896,917440,7339520,2867,512,8,B,1,2,1,3,0,3,true,0,0,0.14716589999999999,23486464,159591753.25262171,9375.6142578125
scalar_q4,896,917440,917440,2867,512,8,C,1,2,1,3,0,3,true,0,67108864,0.17709839999999999,23486464,132618160.29958487,8543.8857421875
scalar_q4,896,917440,917440,2867,512,16,A,1,2,1,3,0,3,true,0,0,0.30108499999999999,46972928,156012182.60624078,17087.732421875
scalar_q4,896,917440,14679040,2867,512,16,B,1,2,1,3,0,3,true,0,0,0.33712609999999998,46972928,139333406.69856176,18069.42578125
scalar_q4,896,917440,917440,2867,512,16,C,1,2,1,3,0,3,true,0,67108864,0.35366510000000001,46972928,132817538.40002872,17087.732421875
scalar_q4,1024,1048320,1048320,3276,512,1,A,1,2,1,3,0,3,true,0,0,0.020591999999999999,3354624,162909090.90909091,1271.6666259765625
scalar_q4,1024,1048320,1048320,3276,512,1,B,1,2,1,3,0,3,true,0,0,0.0203307,3354624,165002877.42183003,1271.6666259765625
scalar_q4,1024,1048320,1048320,3276,512,1,C,1,2,1,3,0,3,true,0,67108864,0.021548999999999999,3354624,155674230.82277602,1271.6666259765625
scalar_q4,1024,1048320,1048320,3276,512,2,A,1,2,1,3,0,3,true,0,0,0.041927600000000002,6709248,160019843.73062134,2543.335205078125
scalar_q4,1024,1048320,2096640,3276,512,2,B,1,2,1,3,0,3,true,0,0,0.045681300000000001,6709248,146870776.44462833,2627.178955078125
scalar_q4,1024,1048320,1048320,3276,512,2,C,1,2,1,3,0,3,true,0,67108864,0.045170299999999997,6709248,148532287.80858219,2543.33544921875
scalar_q4,1024,1048320,1048320,3276,512,4,A,1,2,1,3,0,3,true,0,0,0.087162000000000003,13418496,153948922.69567013,5086.66650390625
scalar_q4,1024,1048320,4193280,3276,512,4,B,1,2,1,3,0,3,true,0,0,0.086342799999999997,13418496,155409553.54702419,4776.06005859375
scalar_q4,1024,1048320,1048320,3276,512,4,C,1,2,1,3,0,3,true,0,67108864,0.10015540000000001,13418496,133976760.11478162,5086.66650390625
scalar_q4,1024,1048320,1048320,3276,512,8,A,1,2,1,3,0,3,true,0,0,0.17285120000000001,26836992,155260663.50710899,10173.341796875
scalar_q4,1024,1048320,8386560,3276,512,8,B,1,2,1,3,0,3,true,0,0,0.1684601,26836992,159307705.50415203,10697.712890625
scalar_q4,1024,1048320,1048320,3276,512,8,C,1,2,1,3,0,3,true,0,67108864,0.20250770000000001,26836992,132523316.3973518,10173.341796875
scalar_q4,1024,1048320,1048320,3276,512,16,A,1,2,1,3,0,3,true,0,0,0.34372659999999999,53673984,156153128.67843223,20346.6015625
scalar_q4,1024,1048320,16773120,3276,512,16,B,1,2,1,3,0,3,true,0,0,0.33936640000000001,53673984,158159393.50507298,20986.685546875
scalar_q4,1024,1048320,1048320,3276,512,16,C,1,2,1,3,0,3,true,0,67108864,0.39663959999999998,53673984,135321798.42859867,20346.6015625
scalar_q4,1280,1310720,1310720,4096,512,1,A,1,2,1,3,0,3,true,0,0,0.027111699999999999,4194304,154704574.03999013,1821.859375
scalar_q4,1280,1310720,1310720,4096,512,1,B,1,2,1,3,0,3,true,0,0,0.027941899999999999,4194304,150108045.62323967,1821.859375
scalar_q4,1280,1310720,1310720,4096,512,1,C,1,2,1,3,0,3,true,0,67108864,0.028043100000000001,4194304,149566346.08869916,1821.859375
scalar_q4,1280,1310720,1310720,4096,512,2,A,1,2,1,3,0,3,true,0,0,0.053838900000000002,8388608,155809424.0409815,3643.71337890625
scalar_q4,1280,1310720,2621440,4096,512,2,B,1,2,1,3,0,3,true,0,0,0.054615200000000003,8388608,153594750.17943722,3653.72900390625
scalar_q4,1280,1310720,1310720,4096,512,2,C,1,2,1,3,0,3,true,0,67108864,0.059504500000000002,8388608,140974346.47799745,3643.713623046875
scalar_q4,1280,1310720,1310720,4096,512,4,A,1,2,1,3,0,3,true,0,0,0.1102713,16777216,152144900.80374494,7287.4404296875
scalar_q4,1280,1310720,5242880,4096,512,4,B,1,2,1,3,0,3,true,0,0,0.1072221,16777216,156471622.92102095,6311.69873046875
scalar_q4,1280,1310720,1310720,4096,512,4,C,1,2,1,3,0,3,true,0,67108864,0.1175609,16777216,142710850.29121077,7287.4404296875
scalar_q4,1280,1310720,1310720,4096,512,8,A,1,2,1,3,0,3,true,0,0,0.21460889999999999,33554432,156351539.94079465,14574.83984375
scalar_q4,1280,1310720,10485760,4096,512,8,B,1,2,1,3,0,3,true,0,0,0.21114810000000001,33554432,158914202.87466475,13369.3076171875
scalar_q4,1280,1310720,1310720,4096,512,8,C,1,2,1,3,0,3,true,0,67108864,0.2464037,33554432,136176656.43819472,14574.83984375
scalar_q4,1280,1310720,1310720,4096,512,16,A,1,2,1,3,0,3,true,0,0,0.42454360000000002,67108864,158072961.17524797,29149.37890625
scalar_q4,1280,1310720,20971520,4096,512,16,B,1,2,1,3,0,3,true,0,0,0.4266993,67108864,157274370.96803299,25772.818359375
scalar_q4,1280,1310720,1310720,4096,512,16,C,1,2,1,3,0,3,true,0,67108864,0.48828339999999998,67108864,137438348.30346477,29149.37890625
scalar_q4,256,262080,262080,819,512,1,A,1,2,1,4,0,4,true,0,0,0.0051327999999999999,838656,163391521.19700748,507.36077880859375
scalar_q4,256,262080,262080,819,512,1,B,1,2,1,4,0,4,true,0,0,0.0051215999999999996,838656,163748828.49109656,507.36077880859375
scalar_q4,256,262080,262080,819,512,1,C,1,2,1,4,0,4,true,0,67108864,0.0052855000000000003,838656,158671081.26005107,507.36077880859375
scalar_q4,256,262080,262080,819,512,2,A,1,2,1,4,0,4,true,0,0,0.011753899999999999,1677312,142702592.33105609,1014.7217407226562
scalar_q4,256,262080,524160,819,512,2,B,1,2,1,4,0,4,true,0,0,0.011592099999999999,1677312,144694403.94751599,860.4334716796875
scalar_q4,256,262080,262080,819,512,2,C,1,2,1,4,0,4,true,0,67108864,0.0144479,1677312,116093826.7845154,1014.7220458984375
scalar_q4,256,262080,262080,819,512,4,A,1,2,1,4,0,4,true,0,0,0.022454999999999999,3354624,149393186.37274548,2029.4434814453125
scalar_q4,256,262080,1048320,819,512,4,B,1,2,1,4,0,4,true,0,0,0.021299200000000001,3354624,157500000,1557.123291015625
scalar_q4,256,262080,262080,819,512,4,C,1,2,1,4,0,4,true,0,67108864,0.0327876,3354624,102313801.559126,2029.443603515625
scalar_q4,256,262080,262080,819,512,8,A,1,2,1,4,0,4,true,0,0,0.044544,6709248,150620689.65517241,4058.888671875
scalar_q4,256,262080,2096640,819,512,8,B,1,2,1,4,0,4,true,0,0,0.042475600000000002,6709248,157955343.77383721,2863.470458984375
scalar_q4,256,262080,262080,819,512,8,C,1,2,1,4,0,4,true,0,67108864,0.069369799999999995,6709248,96717130.509241775,4058.88916015625
scalar_q4,256,262080,262080,819,512,16,A,1,2,1,4,0,4,true,0,0,0.089031899999999997,13418496,150715597.44316363,8117.76318359375
scalar_q4,256,262080,4193280,819,512,16,B,1,2,1,4,0,4,true,0,0,0.0892569,13418496,150335671.52791548,5270.2470703125
scalar_q4,256,262080,262080,819,512,16,C,1,2,1,4,0,4,true,0,67108864,0.14825279999999999,13418496,90510911.092404336,8117.763671875
scalar_q4,384,392960,392960,1228,512,1,A,1,2,1,4,0,4,true,0,0,0.0084458999999999992,1257472,148885494.73709139,774.013916015625
scalar_q4,384,392960,392960,1228,512,1,B,1,2,1,4,0,4,true,0,0,0.0077004999999999999,1257472,163297448.21764821,774.013916015625
scalar_q4,384,392960,392960,1228,512,1,C,1,2,1,4,0,4,true,0,67108864,0.0076163000000000003,1257472,165102740.17567584,774.013916015625
scalar_q4,384,392960,392960,1228,512,2,A,1,2,1,4,0,4,true,0,0,0.0155797,2514944,161424417.67171383,1548.027099609375
scalar_q4,384,392960,785920,1228,512,2,B,1,2,1,4,0,4,true,0,0,0.016749900000000002,2514944,150146806.84660801,1208.54931640625
scalar_q4,384,392960,392960,1228,512,2,C,1,2,1,4,0,4,true,0,67108864,0.0195842,2514944,128416989.20558409,1548.02734375
scalar_q4,384,392960,392960,1228,512,4,A,1,2,1,4,0,4,true,0,0,0.038376,5029888,131068584.53199917,3096.044189453125
scalar_q4,384,392960,1571840,1228,512,4,B,1,2,1,4,0,4,true,0,0,0.032032400000000003,5029888,157025012.17517263,2313.489013671875
scalar_q4,384,392960,392960,1228,512,4,C,1,2,1,4,0,4,true,0,67108864,0.0447199,5029888,112475385.67841162,3096.044189453125
scalar_q4,384,392960,392960,1228,512,8,A,1,2,1,4,0,4,true,0,0,0.067877800000000002,10059776,148204214.04347223,6192.09130859375
scalar_q4,384,392960,3143680,1228,512,8,B,1,2,1,4,0,4,true,0,0,0.068527199999999996,10059776,146799752.50703371,4248.7490234375
scalar_q4,384,392960,392960,1228,512,8,C,1,2,1,4,0,4,true,0,67108864,0.093923199999999998,10059776,107106401.82617287,6192.091796875
scalar_q4,384,392960,392960,1228,512,16,A,1,2,1,4,0,4,true,0,0,0.12916169999999999,20119552,155770263.1662482,12384.248046875
scalar_q4,384,392960,6287360,1228,512,16,B,1,2,1,4,0,4,true,0,0,0.1298096,20119552,154992789.43930188,8054.60595703125
scalar_q4,384,392960,392960,1228,512,16,C,1,2,1,4,0,4,true,0,67108864,0.2046306,20119552,98321326.331447989,12384.248046875
scalar_q4,512,524160,524160,1638,512,1,A,1,2,1,4,0,4,true,0,0,0.012804100000000001,1677312,130998039.69041166,992.19049072265625
scalar_q4,512,524160,524160,1638,512,1,B,1,2,1,4,0,4,true,0,0,0.0109867,1677312,152667497.9748241,992.19049072265625
scalar_q4,512,524160,524160,1638,512,1,C,1,2,1,4,0,4,true,0,67108864,0.010755799999999999,1677312,155944885.55012181,992.19049072265625
scalar_q4,512,524160,524160,1638,512,2,A,1,2,1,4,0,4,true,0,0,0.0284628,3354624,117859943.50520679,1984.3802490234375
scalar_q4,512,524160,1048320,1638,512,2,B,1,2,1,4,0,4,true,0,0,0.024514899999999999,3354624,136840207.38408071,1352.0919189453125
scalar_q4,512,524160,524160,1638,512,2,C,1,2,1,4,0,4,true,0,67108864,0.025836600000000001,3354624,129839994.42651123,1984.3804931640625
scalar_q4,512,524160,524160,1638,512,4,A,1,2,1,4,0,4,true,0,0,0.055147700000000001,6709248,121659615.90419908,3968.751953125
scalar_q4,512,524160,2096640,1638,512,4,B,1,2,1,4,0,4,true,0,0,0.044023699999999999,6709248,152400820.46715745,2610.9716796875
scalar_q4,512,524160,524160,1638,512,4,C,1,2,1,4,0,4,true,0,67108864,0.055558099999999999,6709248,120760933.14926177,3968.751953125
scalar_q4,512,524160,524160,1638,512,8,A,1,2,1,4,0,4,true,0,0,0.096053600000000003,13418496,139698001.94891185,7937.49169921875
scalar_q4,512,524160,4193280,1638,512,8,B,1,2,1,4,0,4,true,0,0,0.087677199999999997,13418496,153044303.42209834,4906.61328125
scalar_q4,512,524160,524160,1638,512,8,C,1,2,1,4,0,4,true,0,67108864,0.1166561,13418496,115026098.07802592,7937.4921875
scalar_q4,512,524160,524160,1638,512,16,A,1,2,1,4,0,4,true,0,0,0.16892409999999999,26836992,158870119.77568623,15874.96484375
scalar_q4,512,524160,8386560,1638,512,16,B,1,2,1,4,0,4,true,0,0,0.1991716,26836992,134743065.77845436,9914.1044921875
scalar_q4,512,524160,524160,1638,512,16,C,1,2,1,4,0,4,true,0,67108864,0.23103660000000001,26836992,116159050.12452573,15874.96484375
scalar_q4,640,655360,655360,2048,512,1,A,1,2,1,4,0,4,true,0,0,0.014527999999999999,2097152,144352422.907489,869.2900390625
scalar_q4,640,655360,655360,2048,512,1,B,1,2,1,4,0,4,true,0,0,0.0128188,2097152,163599712.92164633,869.2900390625
scalar_q4,640,655360,655360,2048,512,1,C,1,2,1,4,0,4,true,0,67108864,0.0131708,2097152,159227381.78394631,869.2900390625
scalar_q4,640,655360,655360,2048,512,2,A,1,2,1,4,0,4,true,0,0,0.026075600000000001,4194304,160851677.43024129,1738.579345703125
scalar_q4,640,655360,1310720,2048,512,2,B,1,2,1,4,0,4,true,0,0,0.027543700000000001,4194304,152278161.61227432,1626.59521484375
scalar_q4,640,655360,655360,2048,512,2,C,1,2,1,4,0,4,true,0,67108864,0.031819399999999998,4194304,131815936.18987159,1738.57958984375
scalar_q4,640,655360,655360,2048,512,4,A,1,2,1,4,0,4,true,0,0,0.052451900000000003,8388608,159929535.44104216,3477.15625
scalar_q4,640,655360,2621440,2048,512,4,B,1,2,1,4,0,4,true,0,0,0.052936400000000002,8388608,158465781.57940471,3340.714599609375
scalar_q4,640,655360,655360,2048,512,4,C,1,2,1,4,0,4,true,0,67108864,0.063913399999999995,8388608,131249597.11109096,3477.15625
scalar_q4,640,655360,655360,2048,512,8,A,1,2,1,4,0,4,true,0,0,0.1081365,16777216,155148502.12462953,6954.33056640625
scalar_q4,640,655360,5242880,2048,512,8,B,1,2,1,4,0,4,true,0,0,0.11758589999999999,16777216,142680508.46232414,6495.939453125
scalar_q4,640,655360,655360,2048,512,8,C,1,2,1,4,0,4,true,0,67108864,0.13183049999999999,16777216,127263539.16582279,6954.3310546875
scalar_q4,640,655360,655360,2048,512,16,A,1,2,1,4,0,4,true,0,0,0.21237429999999999,33554432,157996669.08849141,13908.6025390625
scalar_q4,640,655360,10485760,2048,512,16,B,1,2,1,4,0,4,true,0,0,0.2142754,33554432,156594886.76721638,12403.3486328125
scalar_q4,640,655360,655360,2048,512,16,C,1,2,1,4,0,4,true,0,67108864,0.27165139999999999,33554432,123520188.00565726,13908.6025390625
scalar_q4,768,786240,786240,2457,512,1,A,1,2,1,4,0,4,true,0,0,0.015633399999999999,2515968,160935433.11115944,1198.9371337890625
scalar_q4,768,786240,786240,2457,512,1,B,1,2,1,4,0,4,true,0,0,0.015264099999999999,2515968,164829108.82397261,1198.9371337890625
scalar_q4,768,786240,786240,2457,512,1,C,1,2,1,4,0,4,true,0,67108864,0.0155213,2515968,162097762.4296934,1198.9371337890625
scalar_q4,768,786240,786240,2457,512,2,A,1,2,1,4,0,4,true,0,0,0.031852600000000002,5031936,157975675.45506489,2397.87744140625
scalar_q4,768,786240,1572480,2457,512,2,B,1,2,1,4,0,4,true,0,0,0.034309199999999998,5031936,146664334.93057257,2464.06640625
scalar_q4,768,786240,786240,2457,512,2,C,1,2,1,4,0,4,true,0,67108864,0.036942799999999998,5031936,136208841.77701744,2397.877685546875
scalar_q4,768,786240,786240,2457,512,4,A,1,2,1,4,0,4,true,0,0,0.063217099999999998,10063872,159195407.57168552,4795.7568359375
scalar_q4,768,786240,3144960,2457,512,4,B,1,2,1,4,0,4,true,0,0,0.064294299999999999,10063872,156528214.78731397,4780.0966796875
scalar_q4,768,786240,786240,2457,512,4,C,1,2,1,4,0,4,true,0,67108864,0.078788499999999997,10063872,127732752.87637156,4795.7568359375
scalar_q4,768,786240,786240,2457,512,8,A,1,2,1,4,0,4,true,0,0,0.1247263,20127744,161375299.35546875,9591.5400390625
scalar_q4,768,786240,6289920,2457,512,8,B,1,2,1,4,0,4,true,0,0,0.13132340000000001,20127744,153268526.4012354,8950.044921875
scalar_q4,768,786240,786240,2457,512,8,C,1,2,1,4,0,4,true,0,67108864,0.1647525,20127744,122169581.64519507,9591.5400390625
scalar_q4,768,786240,786240,2457,512,16,A,1,2,1,4,0,4,true,0,0,0.26447320000000002,40255488,152210084.04632303,19183.171875
scalar_q4,768,786240,12579840,2457,512,16,B,1,2,1,4,0,4,true,0,0,0.26634750000000001,40255488,151138974.46005687,16256.8076171875
scalar_q4,768,786240,786240,2457,512,16,C,1,2,1,4,0,4,true,0,67108864,0.32033790000000001,40255488,125665704.86976407,19183.171875
scalar_q4,896,917440,917440,2867,512,1,A,1,2,1,4,0,4,true,0,0,0.018486300000000001,2935808,158809929.51537085,1067.9910888671875
scalar_q4,896,917440,917440,2867,512,1,B,1,2,1,4,0,4,true,0,0,0.0185992,2935808,157845928.85715514,1067.9910888671875
scalar_q4,896,917440,917440,2867,512,1,C,1,2,1,4,0,4,true,0,67108864,0.0186044,2935808,157801810.32443938,1067.9910888671875
scalar_q4,896,917440,917440,2867,512,2,A,1,2,1,4,0,4,true,0,0,0.039005900000000003,5871616,150531483.69861993,2135.98193359375
scalar_q4,896,917440,1834880,2867,512,2,B,1,2,1,4,0,4,true,0,0,0.0375184,5871616,156499637.5111945,2229.492919921875
scalar_q4,896,917440,917440,2867,512,2,C,1,2,1,4,0,4,true,0,67108864,0.040500099999999997,5871616,144977814.86959293,2135.982177734375
scalar_q4,896,917440,917440,2867,512,4,A,1,2,1,4,0,4,true,0,0,0.074651200000000001,11743232,157308013.80285916,4271.9521484375
scalar_q4,896,917440,3669760,2867,512,4,B,1,2,1,4,0,4,true,0,0,0.077549699999999999,11743232,151428464.584647,4472.24609375
scalar_q4,896,917440,917440,2867,512,4,C,1,2,1,4,0,4,true,0,67108864,0.087217100000000006,11743232,134643687.99237764,4271.9521484375
scalar_q4,896,917440,917440,2867,512,8,A,1,2,1,4,0,4,true,0,0,0.14956340000000001,23486464,157033498.83728236,8543.8857421875
scalar_q4,896,917440,7339520,2867,512,8,B,1,2,1,4,0,4,true,0,0,0.14677989999999999,23486464,160011445.70884708,9375.6142578125
scalar_q4,896,917440,917440,2867,512,8,C,1,2,1,4,0,4,true,0,67108864,0.189142,23486464,124173710.75699739,8543.8857421875
scalar_q4,896,917440,917440,2867,512,16,A,1,2,1,4,0,4,true,0,0,0.31192259999999999,46972928,150591614.71467602,17087.732421875
scalar_q4,896,917440,14679040,2867,512,16,B,1,2,1,4,0,4,true,0,0,0.29419869999999998,46972928,159663955.0072791,18069.42578125
scalar_q4,896,917440,917440,2867,512,16,C,1,2,1,4,0,4,true,0,67108864,0.35785220000000001,46972928,131263488.11045453,17087.732421875
scalar_q4,1024,1048320,1048320,3276,512,1,A,1,2,1,4,0,4,true,0,0,0.020526800000000001,3354624,163426544.80971217,1271.6666259765625
scalar_q4,1024,1048320,1048320,3276,512,1,B,1,2,1,4,0,4,true,0,0,0.021152899999999999,3354624,158589318.72225559,1271.6666259765625
scalar_q4,1024,1048320,1048320,3276,512,1,C,1,2,1,4,0,4,true,0,67108864,0.020585200000000001,3354624,162962905.38833725,1271.6666259765625
scalar_q4,1024,1048320,1048320,3276,512,2,A,1,2,1,4,0,4,true,0,0,0.0418153,6709248,160449596.20043382,2543.335205078125
scalar_q4,1024,1048320,2096640,3276,512,2,B,1,2,1,4,0,4,true,0,0,0.043083200000000002,6709248,155727708.24822667,2627.178955078125
scalar_q4,1024,1048320,1048320,3276,512,2,C,1,2,1,4,0,4,true,0,67108864,0.057840000000000003,6709248,115996680.49792531,2543.33544921875
scalar_q4,1024,1048320,1048320,3276,512,4,A,1,2,1,4,0,4,true,0,0,0.0850191,13418496,157829193.67530355,5086.66650390625
scalar_q4,1024,1048320,4193280,3276,512,4,B,1,2,1,4,0,4,true,0,0,0.085360199999999997,13418496,157198507.03255147,4776.06005859375
scalar_q4,1024,1048320,1048320,3276,512,4,C,1,2,1,4,0,4,true,0,67108864,0.096396700000000002,13418496,139200781.7695004,5086.66650390625
scalar_q4,1024,1048320,1048320,3276,512,8,A,1,2,1,4,0,4,true,0,0,0.17033619999999999,26836992,157553074.44923627,10173.341796875
scalar_q4,1024,1048320,8386560,3276,512,8,B,1,2,1,4,0,4,true,0,0,0.17090720000000001,26836992,157026690.50806519,10697.712890625
scalar_q4,1024,1048320,1048320,3276,512,8,C,1,2,1,4,0,4,true,0,67108864,0.2027012,26836992,132396808.70167518,10173.341796875
scalar_q4,1024,1048320,1048320,3276,512,16,A,1,2,1,4,0,4,true,0,0,0.34029799999999999,53673984,157726416.25869092,20346.6015625
scalar_q4,1024,1048320,16773120,3276,512,16,B,1,2,1,4,0,4,true,0,0,0.34187859999999998,53673984,156997203.10074982,20986.685546875
scalar_q4,1024,1048320,1048320,3276,512,16,C,1,2,1,4,0,4,true,0,67108864,0.42436489999999999,53673984,126480733.91555239,20346.6015625
scalar_q4,1280,1310720,1310720,4096,512,1,A,1,2,1,4,0,4,true,0,0,0.0269994,4194304,155348044.77136528,1821.859375
scalar_q4,1280,1310720,1310720,4096,512,1,B,1,2,1,4,0,4,true,0,0,0.028254600000000001,4194304,148446766.19028404,1821.859375
scalar_q4,1280,1310720,1310720,4096,512,1,C,1,2,1,4,0,4,true,0,67108864,0.026332700000000001,4194304,159281197.90222803,1821.859375
scalar_q4,1280,1310720,1310720,4096,512,2,A,1,2,1,4,0,4,true,0,0,0.052439699999999999,8388608,159966742.75405848,3643.71337890625
scalar_q4,1280,1310720,2621440,4096,512,2,B,1,2,1,4,0,4,true,0,0,0.052261200000000001,8388608,160513114.89211881,3653.72900390625
scalar_q4,1280,1310720,1310720,4096,512,2,C,1,2,1,4,0,4,true,0,67108864,0.0579217,8388608,144826688.44319141,3643.713623046875
scalar_q4,1280,1310720,1310720,4096,512,4,A,1,2,1,4,0,4,true,0,0,0.10469249999999999,16777216,160252319.88919932,7287.4404296875
scalar_q4,1280,1310720,5242880,4096,512,4,B,1,2,1,4,0,4,true,0,0,0.10682270000000001,16777216,157056655.56103712,6311.69873046875
scalar_q4,1280,1310720,1310720,4096,512,4,C,1,2,1,4,0,4,true,0,67108864,0.11676499999999999,16777216,143683603.81963775,7287.4404296875
scalar_q4,1280,1310720,1310720,4096,512,8,A,1,2,1,4,0,4,true,0,0,0.21830649999999999,33554432,153703311.62837571,14574.83984375
scalar_q4,1280,1310720,10485760,4096,512,8,B,1,2,1,4,0,4,true,0,0,0.2118254,33554432,158406083.50084552,13369.3076171875
scalar_q4,1280,1310720,1310720,4096,512,8,C,1,2,1,4,0,4,true,0,67108864,0.2426673,33554432,138273397.36338601,14574.83984375
scalar_q4,1280,1310720,1310720,4096,512,16,A,1,2,1,4,0,4,true,0,0,0.47193220000000002,67108864,142200222.82861817,29149.37890625
scalar_q4,1280,1310720,20971520,4096,512,16,B,1,2,1,4,0,4,true,0,0,0.42375200000000002,67108864,158368253.12918878,25772.818359375
scalar_q4,1280,1310720,1310720,4096,512,16,C,1,2,1,4,0,4,true,0,67108864,0.49398180000000003,67108864,135852907.94114277,29149.37890625
scalar_q4,256,262080,262080,819,512,1,A,1,2,1,5,0,5,true,0,0,0.0051209999999999997,838656,163768014.05975395,507.36077880859375
scalar_q4,256,262080,262080,819,512,1,B,1,2,1,5,0,5,true,0,0,0.0051602999999999996,838656,162520783.67536771,507.36077880859375
scalar_q4,256,262080,262080,819,512,1,C,1,2,1,5,0,5,true,0,67108864,0.0051971999999999999,838656,161366889.86377281,507.36077880859375
scalar_q4,256,262080,262080,819,512,2,A,1,2,1,5,0,5,true,0,0,0.0100789,1677312,166418160.71198246,1014.7217407226562
scalar_q4,256,262080,524160,819,512,2,B,1,2,1,5,0,5,true,0,0,0.010085500000000001,1677312,166309255.86237666,860.4334716796875
scalar_q4,256,262080,262080,819,512,2,C,1,2,1,5,0,5,true,0,67108864,0.0142434,1677312,117760647.03652218,1014.7220458984375
scalar_q4,256,262080,262080,819,512,4,A,1,2,1,5,0,5,true,0,0,0.020602599999999999,3354624,162825274.47992003,2029.4434814453125
scalar_q4,256,262080,1048320,819,512,4,B,1,2,1,5,0,5,true,0,0,0.0224665,3354624,149316715.99937683,1557.123291015625
scalar_q4,256,262080,262080,819,512,4,C,1,2,1,5,0,5,true,0,67108864,0.032545900000000003,3354624,103073628.32184698,2029.443603515625
scalar_q4,256,262080,262080,819,512,8,A,1,2,1,5,0,5,true,0,0,0.042080600000000003,6709248,159438030.82655665,4058.888671875
scalar_q4,256,262080,2096640,819,512,8,B,1,2,1,5,0,5,true,0,0,0.0452848,6709248,148156732.50185493,2863.470458984375
scalar_q4,256,262080,262080,819,512,8,C,1,2,1,5,0,5,true,0,67108864,0.071531200000000003,6709248,93794707.763884842,4058.88916015625
scalar_q4,256,262080,262080,819,512,16,A,1,2,1,5,0,5,true,0,0,0.088555800000000004,13418496,151525885.37396759,8117.76318359375
scalar_q4,256,262080,4193280,819,512,16,B,1,2,1,5,0,5,true,0,0,0.086080199999999996,13418496,155883652.68668056,5270.2470703125
scalar_q4,256,262080,262080,819,512,16,C,1,2,1,5,0,5,true,0,67108864,0.1461114,13418496,91837433.629408792,8117.763671875
scalar_q4,384,392960,392960,1228,512,1,A,1,2,1,5,0,5,true,0,0,0.0077092000000000003,1257472,163113163.49296942,774.013916015625
scalar_q4,384,392960,392960,1228,512,1,B,1,2,1,5,0,5,true,0,0,0.0077619999999999998,1257472,162003607.31770164,774.013916015625
scalar_q4,384,392960,392960,1228,512,1,C,1,2,1,5,0,5,true,0,67108864,0.0078685000000000005,1257472,159810891.52951643,774.013916015625
scalar_q4,384,392960,392960,1228,512,2,A,1,2,1,5,0,5,true,0,0,0.019145100000000002,2514944,131362280.68800893,1548.027099609375
scalar_q4,384,392960,785920,1228,512,2,B,1,2,1,5,0,5,true,0,0,0.016912,2514944,148707663.19772941,1208.54931640625
scalar_q4,384,392960,392960,1228,512,2,C,1,2,1,5,0,5,true,0,67108864,0.019065599999999999,2514944,131910036.92514268,1548.02734375
scalar_q4,384,392960,392960,1228,512,4,A,1,2,1,5,0,5,true,0,0,0.036386599999999998,5029888,138234624.83441707,3096.044189453125
scalar_q4,384,392960,1571840,1228,512,4,B,1,2,1,5,0,5,true,0,0,0.030859600000000001,5029888,162992650.58523118,2313.489013671875
scalar_q4,384,392960,392960,1228,512,4,C,1,2,1,5,0,5,true,0,67108864,0.0439791,5029888,114369962.09563179,3096.044189453125
scalar_q4,384,392960,392960,1228,512,8,A,1,2,1,5,0,5,true,0,0,0.064191499999999999,10059776,156715079.09925771,6192.09130859375
scalar_q4,384,392960,3143680,1228,512,8,B,1,2,1,5,0,5,true,0,0,0.065866099999999997,10059776,152730706.69130251,4248.7490234375
scalar_q4,384,392960,392960,1228,512,8,C,1,2,1,5,0,5,true,0,67108864,0.097285300000000005,10059776,103404892.61995389,6192.091796875
scalar_q4,384,392960,392960,1228,512,16,A,1,2,1,5,0,5,true,0,0,0.1289671,20119552,156005306.77979112,12384.248046875
scalar_q4,384,392960,6287360,1228,512,16,B,1,2,1,5,0,5,true,0,0,0.13465260000000001,20119552,149418221.40827581,8054.60595703125
scalar_q4,384,392960,392960,1228,512,16,C,1,2,1,5,0,5,true,0,67108864,0.1876129,20119552,107239704.7324571,12384.248046875
scalar_q4,512,524160,524160,1638,512,1,A,1,2,1,5,0,5,true,0,0,0.010219900000000001,1677312,164122153.8371217,992.19049072265625
scalar_q4,512,524160,524160,1638,512,1,B,1,2,1,5,0,5,true,0,0,0.0101983,1677312,164469764.56860456,992.19049072265625
scalar_q4,512,524160,524160,1638,512,1,C,1,2,1,5,0,5,true,0,67108864,0.0111474,1677312,150466655.90182465,992.19049072265625
scalar_q4,512,524160,524160,1638,512,2,A,1,2,1,5,0,5,true,0,0,0.021518800000000001,3354624,155892707.77180883,1984.3802490234375
scalar_q4,512,524160,1048320,1638,512,2,B,1,2,1,5,0,5,true,0,0,0.022056800000000001,3354624,152090239.74465925,1352.0919189453125
scalar_q4,512,524160,524160,1638,512,2,C,1,2,1,5,0,5,true,0,67108864,0.025920100000000001,3354624,129421722.91001964,1984.3804931640625
scalar_q4,512,524160,524160,1638,512,4,A,1,2,1,5,0,5,true,0,0,0.043308600000000003,6709248,154917221.98362449,3968.751953125
scalar_q4,512,524160,2096640,1638,512,4,B,1,2,1,5,0,5,true,0,0,0.041998500000000001,6709248,159749705.34661952,2610.9716796875
scalar_q4,512,524160,524160,1638,512,4,C,1,2,1,5,0,5,true,0,67108864,0.055896399999999999,6709248,120030055.60286531,3968.751953125
scalar_q4,512,524160,524160,1638,512,8,A,1,2,1,5,0,5,true,0,0,0.084106899999999998,13418496,159540965.12890145,7937.49169921875
scalar_q4,512,524160,4193280,1638,512,8,B,1,2,1,5,0,5,true,0,0,0.083416699999999996,13418496,160861026.6289604,4906.61328125
scalar_q4,512,524160,524160,1638,512,8,C,1,2,1,5,0,5,true,0,67108864,0.113594,13418496,118126802.47196154,7937.4921875
scalar_q4,512,524160,524160,1638,512,16,A,1,2,1,5,0,5,true,0,0,0.1705961,26836992,157313045.25718936,15874.96484375
scalar_q4,512,524160,8386560,1638,512,16,B,1,2,1,5,0,5,true,0,0,0.17876929999999999,26836992,150120809.33359364,9914.1044921875
scalar_q4,512,524160,524160,1638,512,16,C,1,2,1,5,0,5,true,0,67108864,0.25179079999999998,26836992,106584482.03826351,15874.96484375
scalar_q4,640,655360,655360,2048,512,1,A,1,2,1,5,0,5,true,0,0,0.013154300000000001,2097152,159427107.4857651,869.2900390625
scalar_q4,640,655360,655360,2048,512,1,B,1,2,1,5,0,5,true,0,0,0.013035100000000001,2097152,160884995.12853757,869.2900390625
scalar_q4,640,655360,655360,2048,512,1,C,1,2,1,5,0,5,true,0,67108864,0.0134412,2097152,156024164.50912121,869.2900390625
scalar_q4,640,655360,655360,2048,512,2,A,1,2,1,5,0,5,true,0,0,0.026819699999999998,4194304,156388923.067745,1738.579345703125
scalar_q4,640,655360,1310720,2048,512,2,B,1,2,1,5,0,5,true,0,0,0.026162899999999999,4194304,160314949.79532087,1626.59521484375
scalar_q4,640,655360,655360,2048,512,2,C,1,2,1,5,0,5,true,0,67108864,0.030392200000000001,4194304,138005935.73351055,1738.57958984375
scalar_q4,640,655360,655360,2048,512,4,A,1,2,1,5,0,5,true,0,0,0.053575699999999997,8388608,156574865.0974229,3477.15625
scalar_q4,640,655360,2621440,2048,512,4,B,1,2,1,5,0,5,true,0,0,0.052320999999999999,8388608,160329657.30777317,3340.714599609375
scalar_q4,640,655360,655360,2048,512,4,C,1,2,1,5,0,5,true,0,67108864,0.068390599999999996,8388608,122657324.25216332,3477.15625
scalar_q4,640,655360,655360,2048,512,8,A,1,2,1,5,0,5,true,0,0,0.1069934,16777216,156806083.36588985,6954.33056640625
scalar_q4,640,655360,5242880,2048,512,8,B,1,2,1,5,0,5,true,0,0,0.1069957,16777216,156802712.63237682,6495.939453125
scalar_q4,640,655360,655360,2048,512,8,C,1,2,1,5,0,5,true,0,67108864,0.1342478,16777216,124971999.54114704,6954.3310546875
scalar_q4,640,655360,655360,2048,512,16,A,1,2,1,5,0,5,true,0,0,0.2163852,33554432,155068054.56195709,13908.6025390625
scalar_q4,640,655360,10485760,2048,512,16,B,1,2,1,5,0,5,true,0,0,0.2191292,33554432,153126246.981233,12403.3486328125
scalar_q4,640,655360,655360,2048,512,16,C,1,2,1,5,0,5,true,0,67108864,0.28301850000000001,33554432,118559147.19355802,13908.6025390625
scalar_q4,768,786240,786240,2457,512,1,A,1,2,1,5,0,5,true,0,0,0.0152471,2515968,165012887.69667676,1198.9371337890625
scalar_q4,768,786240,786240,2457,512,1,B,1,2,1,5,0,5,true,0,0,0.016165700000000002,2515968,155636192.67956227,1198.9371337890625
scalar_q4,768,786240,786240,2457,512,1,C,1,2,1,5,0,5,true,0,67108864,0.016892999999999998,2515968,148935535.42887589,1198.9371337890625
scalar_q4,768,786240,786240,2457,512,2,A,1,2,1,5,0,5,true,0,0,0.031681500000000001,5031936,158828843.33128166,2397.87744140625
scalar_q4,768,786240,1572480,2457,512,2,B,1,2,1,5,0,5,true,0,0,0.033412900000000002,5031936,150598601.139081,2464.06640625
scalar_q4,768,786240,786240,2457,512,2,C,1,2,1,5,0,5,true,0,67108864,0.035458900000000002,5031936,141908970.66744879,2397.877685546875
scalar_q4,768,786240,786240,2457,512,4,A,1,2,1,5,0,5,true,0,0,0.063438099999999997,10063872,158640816.79621553,4795.7568359375
scalar_q4,768,786240,3144960,2457,512,4,B,1,2,1,5,0,5,true,0,0,0.0640101,10063872,157223188.21560973,4780.0966796875
scalar_q4,768,786240,786240,2457,512,4,C,1,2,1,5,0,5,true,0,67108864,0.075894400000000001,10063872,132603617.65821984,4795.7568359375
scalar_q4,768,786240,786240,2457,512,8,A,1,2,1,5,0,5,true,0,0,0.1285712,20127744,156549398.31004146,9591.5400390625
scalar_q4,768,786240,6289920,2457,512,8,B,1,2,1,5,0,5,true,0,0,0.1408527,20127744,142899241.54808533,8950.044921875
scalar_q4,768,786240,786240,2457,512,8,C,1,2,1,5,0,5,true,0,67108864,0.17688390000000001,20127744,113790706.78563735,9591.5400390625
scalar_q4,768,786240,786240,2457,512,16,A,1,2,1,5,0,5,true,0,0,0.25589129999999999,40255488,157314797.33777586,19183.171875
scalar_q4,768,786240,12579840,2457,512,16,B,1,2,1,5,0,5,true,0,0,0.2618915,40255488,153710555.70722991,16256.8076171875
scalar_q4,768,786240,786240,2457,512,16,C,1,2,1,5,0,5,true,0,67108864,0.31658829999999999,40255488,127154060.96814065,19183.171875
scalar_q4,896,917440,917440,2867,512,1,A,1,2,1,5,0,5,true,0,0,0.018343000000000002,2935808,160050591.50629666,1067.9910888671875
scalar_q4,896,917440,917440,2867,512,1,B,1,2,1,5,0,5,true,0,0,0.018371599999999998,2935808,159801432.64604065,1067.9910888671875
scalar_q4,896,917440,917440,2867,512,1,C,1,2,1,5,0,5,true,0,67108864,0.017822999999999999,2935808,164720193.00903329,1067.9910888671875
scalar_q4,896,917440,917440,2867,512,2,A,1,2,1,5,0,5,true,0,0,0.036102700000000001,5871616,162636478.71211848,2135.98193359375
scalar_q4,896,917440,1834880,2867,512,2,B,1,2,1,5,0,5,true,0,0,0.037525099999999999,5871616,156471694.94551647,2229.492919921875
scalar_q4,896,917440,917440,2867,512,2,C,1,2,1,5,0,5,true,0,67108864,0.040643800000000001,5871616,144465232.08951917,2135.982177734375
scalar_q4,896,917440,917440,2867,512,4,A,1,2,1,5,0,5,true,0,0,0.077882099999999996,11743232,150782169.45870745,4271.9521484375
scalar_q4,896,917440,3669760,2867,512,4,B,1,2,1,5,0,5,true,0,0,0.073528999999999997,11743232,159708849.56955761,4472.24609375
scalar_q4,896,917440,917440,2867,512,4,C,1,2,1,5,0,5,true,0,67108864,0.0874278,11743232,134319198.24129167,4271.9521484375
scalar_q4,896,917440,917440,2867,512,8,A,1,2,1,5,0,5,true,0,0,0.17596110000000001,23486464,133475319.26090482,8543.8857421875
scalar_q4,896,917440,7339520,2867,512,8,B,1,2,1,5,0,5,true,0,0,0.15201020000000001,23486464,154505842.37110403,9375.6142578125
scalar_q4,896,917440,917440,2867,512,8,C,1,2,1,5,0,5,true,0,67108864,0.1763933,23486464,133148277.17379288,8543.8857421875
scalar_q4,896,917440,917440,2867,512,16,A,1,2,1,5,0,5,true,0,0,0.2951376,46972928,159156027.56138155,17087.732421875
scalar_q4,896,917440,14679040,2867,512,16,B,1,2,1,5,0,5,true,0,0,0.30227670000000001,46972928,155397117.9386304,18069.42578125
scalar_q4,896,917440,917440,2867,512,16,C,1,2,1,5,0,5,true,0,67108864,0.3599947,46972928,130482276.54462691,17087.732421875
scalar_q4,1024,1048320,1048320,3276,512,1,A,1,2,1,5,0,5,true,0,0,0.021244599999999999,3354624,157904785.21600783,1271.6666259765625
scalar_q4,1024,1048320,1048320,3276,512,1,B,1,2,1,5,0,5,true,0,0,0.0202775,3354624,165435778.5723092,1271.6666259765625
scalar_q4,1024,1048320,1048320,3276,512,1,C,1,2,1,5,0,5,true,0,67108864,0.0219232,3354624,153017077.79886147,1271.6666259765625
scalar_q4,1024,1048320,1048320,3276,512,2,A,1,2,1,5,0,5,true,0,0,0.044213799999999998,6709248,151745563.6023142,2543.335205078125
scalar_q4,1024,1048320,2096640,3276,512,2,B,1,2,1,5,0,5,true,0,0,0.042587899999999998,6709248,157538831.45212609,2627.178955078125
scalar_q4,1024,1048320,1048320,3276,512,2,C,1,2,1,5,0,5,true,0,67108864,0.050297799999999997,6709248,133390486.26381274,2543.33544921875
scalar_q4,1024,1048320,1048320,3276,512,4,A,1,2,1,5,0,5,true,0,0,0.085208400000000004,13418496,157478558.4519836,5086.66650390625
scalar_q4,1024,1048320,4193280,3276,512,4,B,1,2,1,5,0,5,true,0,0,0.083107299999999995,13418496,161459895.82142603,4776.06005859375
scalar_q4,1024,1048320,1048320,3276,512,4,C,1,2,1,5,0,5,true,0,67108864,0.096891400000000003,13418496,138490062.06949222,5086.66650390625
scalar_q4,1024,1048320,1048320,3276,512,8,A,1,2,1,5,0,5,true,0,0,0.17907300000000001,26836992,149866210.98658088,10173.341796875
scalar_q4,1024,1048320,8386560,3276,512,8,B,1,2,1,5,0,5,true,0,0,0.16599179999999999,26836992,161676612.94112119,10697.712890625
scalar_q4,1024,1048320,1048320,3276,512,8,C,1,2,1,5,0,5,true,0,67108864,0.203732,26836992,131726935.38570279,10173.341796875
scalar_q4,1024,1048320,1048320,3276,512,16,A,1,2,1,5,0,5,true,0,0,0.35351500000000002,53673984,151829438.63768157,20346.6015625
scalar_q4,1024,1048320,16773120,3276,512,16,B,1,2,1,5,0,5,true,0,0,0.35873690000000003,53673984,149619356.13537386,20986.685546875
scalar_q4,1024,1048320,1048320,3276,512,16,C,1,2,1,5,0,5,true,0,67108864,0.40973920000000003,53673984,130995482.00416264,20346.6015625
scalar_q4,1280,1310720,1310720,4096,512,1,A,1,2,1,5,0,5,true,0,0,0.027304100000000001,4194304,153614438.85716796,1821.859375
scalar_q4,1280,1310720,1310720,4096,512,1,B,1,2,1,5,0,5,true,0,0,0.028318699999999999,4194304,148110753.67160216,1821.859375
scalar_q4,1280,1310720,1310720,4096,512,1,C,1,2,1,5,0,5,true,0,67108864,0.028074499999999999,4194304,149399063.20682472,1821.859375
scalar_q4,1280,1310720,1310720,4096,512,2,A,1,2,1,5,0,5,true,0,0,0.053187900000000003,8388608,157716473.10760528,3643.71337890625
scalar_q4,1280,1310720,2621440,4096,512,2,B,1,2,1,5,0,5,true,0,0,0.052615700000000001,8388608,159431652.52956817,3653.72900390625
scalar_q4,1280,1310720,1310720,4096,512,2,C,1,2,1,5,0,5,true,0,67108864,0.056832399999999998,8388608,147602564.73420092,3643.713623046875
scalar_q4,1280,1310720,1310720,4096,512,4,A,1,2,1,5,0,5,true,0,0,0.1041029,16777216,161159929.26229721,7287.4404296875
scalar_q4,1280,1310720,5242880,4096,512,4,B,1,2,1,5,0,5,true,0,0,0.1085204,16777216,154599651.30979982,6311.69873046875
scalar_q4,1280,1310720,1310720,4096,512,4,C,1,2,1,5,0,5,true,0,67108864,0.1188699,16777216,141139312.81173787,7287.4404296875
scalar_q4,1280,1310720,1310720,4096,512,8,A,1,2,1,5,0,5,true,0,0,0.212066,33554432,158226363.4906114,14574.83984375
scalar_q4,1280,1310720,10485760,4096,512,8,B,1,2,1,5,0,5,true,0,0,0.2358992,33554432,142240550.20110285,13369.3076171875
scalar_q4,1280,1310720,1310720,4096,512,8,C,1,2,1,5,0,5,true,0,67108864,0.241068,33554432,139190734.56452122,14574.83984375
scalar_q4,1280,1310720,1310720,4096,512,16,A,1,2,1,5,0,5,true,0,0,0.43051489999999998,67108864,155880467.78404185,29149.37890625
scalar_q4,1280,1310720,20971520,4096,512,16,B,1,2,1,5,0,5,true,0,0,0.4267436,67108864,157258044.40886754,25772.818359375
scalar_q4,1280,1310720,1310720,4096,512,16,C,1,2,1,5,0,5,true,0,67108864,0.518706,67108864,129377458.52178305,29149.37890625
scalar_q4,256,262080,262080,819,512,1,A,1,2,1,6,0,6,true,0,0,0.0050815000000000001,838656,165041031.19157729,507.36077880859375
scalar_q4,256,262080,262080,819,512,1,B,1,2,1,6,0,6,true,0,0,0.0050685000000000001,838656,165464338.56170464,507.36077880859375
scalar_q4,256,262080,262080,819,512,1,C,1,2,1,6,0,6,true,0,67108864,0.0051248999999999999,838656,163643388.16367149,507.36077880859375
scalar_q4,256,262080,262080,819,512,2,A,1,2,1,6,0,6,true,0,0,0.010419100000000001,1677312,160984346.05676115,1014.7217407226562
scalar_q4,256,262080,524160,819,512,2,B,1,2,1,6,0,6,true,0,0,0.011138500000000001,1677312,150586883.33258516,860.4334716796875
scalar_q4,256,262080,262080,819,512,2,C,1,2,1,6,0,6,true,0,67108864,0.0152882,1677312,109712850.43366779,1014.7220458984375
scalar_q4,256,262080,262080,819,512,4,A,1,2,1,6,0,6,true,0,0,0.021042399999999999,3354624,159422119.14990687,2029.4434814453125
scalar_q4,256,262080,1048320,819,512,4,B,1,2,1,6,0,6,true,0,0,0.020491800000000001,3354624,163705677.39290836,1557.123291015625
scalar_q4,256,262080,262080,819,512,4,C,1,2,1,6,0,6,true,0,67108864,0.032398999999999997,3354624,103540973.48683602,2029.443603515625
scalar_q4,256,262080,262080,819,512,8,A,1,2,1,6,0,6,true,0,0,0.044207499999999997,6709248,151767188.82542557,4058.888671875
scalar_q4,256,262080,2096640,819,512,8,B,1,2,1,6,0,6,true,0,0,0.042610599999999998,6709248,157454905.58687276,2863.470458984375
scalar_q4,256,262080,262080,819,512,8,C,1,2,1,6,0,6,true,0,67108864,0.0716831,6709248,93595952.183987573,4058.88916015625
scalar_q4,256,262080,262080,819,512,16,A,1,2,1,6,0,6,true,0,0,0.087001599999999998,13418496,154232749.74253348,8117.76318359375
scalar_q4,256,262080,4193280,819,512,16,B,1,2,1,6,0,6,true,0,0,0.085720500000000005,13418496,156537771.01160166,5270.2470703125
scalar_q4,256,262080,262080,819,512,16,C,1,2,1,6,0,6,true,0,67108864,0.14398920000000001,13418496,93190989.324199304,8117.763671875
scalar_q4,384,392960,392960,1228,512,1,A,1,2,1,6,0,6,true,0,0,0.0081124999999999999,1257472,155004252.69645607,774.013916015625
scalar_q4,384,392960,392960,1228,512,1,B,1,2,1,6,0,6,true,0,0,0.0085121999999999993,1257472,147725852.30610183,774.013916015625
scalar_q4,384,392960,392960,1228,512,1,C,1,2,1,6,0,6,true,0,67108864,0.0093567000000000008,1257472,134392681.18033066,774.013916015625
scalar_q4,384,392960,392960,1228,512,2,A,1,2,1,6,0,6,true,0,0,0.018742999999999999,2514944,134180440.69786054,1548.027099609375
scalar_q4,384,392960,785920,1228,512,2,B,1,2,1,6,0,6,true,0,0,0.016616300000000001,2514944,151354031.8843545,1208.54931640625
scalar_q4,384,392960,392960,1228,512,2,C,1,2,1,6,0,6,true,0,67108864,0.025407200000000001,2514944,98985484.429610506,1548.02734375
scalar_q4,384,392960,392960,1228,512,4,A,1,2,1,6,0,6,true,0,0,0.032568,5029888,154442643.08523706,3096.044189453125
scalar_q4,384,392960,1571840,1228,512,4,B,1,2,1,6,0,6,true,0,0,0.033087499999999999,5029888,152017771.06157914,2313.489013671875
scalar_q4,384,392960,392960,1228,512,4,C,1,2,1,6,0,6,true,0,67108864,0.048280499999999997,5029888,104180528.37066725,3096.044189453125
scalar_q4,384,392960,392960,1228,512,8,A,1,2,1,6,0,6,true,0,0,0.064587400000000003,10059776,155754466.0413641,6192.09130859375
scalar_q4,384,392960,3143680,1228,512,8,B,1,2,1,6,0,6,true,0,0,0.0659661,10059776,152499177.60789254,4248.7490234375
scalar_q4,384,392960,392960,1228,512,8,C,1,2,1,6,0,6,true,0,67108864,0.089721599999999999,10059776,112122119.98002711,6192.091796875
scalar_q4,384,392960,392960,1228,512,16,A,1,2,1,6,0,6,true,0,0,0.12832779999999999,20119552,156782489.84241918,12384.248046875
scalar_q4,384,392960,6287360,1228,512,16,B,1,2,1,6,0,6,true,0,0,0.13026070000000001,20119552,154456040.84731618,8054.60595703125
scalar_q4,384,392960,392960,1228,512,16,C,1,2,1,6,0,6,true,0,67108864,0.18245520000000001,20119552,110271189.85920927,12384.248046875
scalar_q4,512,524160,524160,1638,512,1,A,1,2,1,6,0,6,true,0,0,0.0101131,1677312,165855375.70082369,992.19049072265625
scalar_q4,512,524160,524160,1638,512,1,B,1,2,1,6,0,6,true,0,0,0.0111655,1677312,150222739.68922126,992.19049072265625
scalar_q4,512,524160,524160,1638,512,1,C,1,2,1,6,0,6,true,0,67108864,0.0100932,1677312,166182380.21638331,992.19049072265625
scalar_q4,512,524160,524160,1638,512,2,A,1,2,1,6,0,6,true,0,0,0.020103300000000001,3354624,166869319.96239424,1984.3802490234375
scalar_q4,512,524160,1048320,1638,512,2,B,1,2,1,6,0,6,true,0,0,0.022603700000000001,3354624,148410392.98875847,1352.0919189453125
scalar_q4,512,524160,524160,1638,512,2,C,1,2,1,6,0,6,true,0,67108864,0.024902400000000002,3354624,134710871.24132612,1984.3804931640625
scalar_q4,512,524160,524160,1638,512,4,A,1,2,1,6,0,6,true,0,0,0.0419063,6709248,160101178.10448548,3968.751953125
scalar_q4,512,524160,2096640,1638,512,4,B,1,2,1,6,0,6,true,0,0,0.044129799999999997,6709248,152034407.58852297,2610.9716796875
scalar_q4,512,524160,524160,1638,512,4,C,1,2,1,6,0,6,true,0,67108864,0.056758200000000002,6709248,118207554.15076588,3968.751953125
scalar_q4,512,524160,524160,1638,512,8,A,1,2,1,6,0,6,true,0,0,0.097837400000000005,13418496,137150987.25027442,7937.49169921875
scalar_q4,512,524160,4193280,1638,512,8,B,1,2,1,6,0,6,true,0,0,0.083784600000000001,13418496,160154682.36406213,4906.61328125
scalar_q4,512,524160,524160,1638,512,8,C,1,2,1,6,0,6,true,0,67108864,0.11133560000000001,13418496,120522959.41280237,7937.4921875
scalar_q4,512,524160,524160,1638,512,16,A,1,2,1,6,0,6,true,0,0,0.17640410000000001,26836992,152133606.87194911,15874.96484375
scalar_q4,512,524160,8386560,1638,512,16,B,1,2,1,6,0,6,true,0,0,0.16782849999999999,26836992,159907238.63944444,9914.1044921875
scalar_q4,512,524160,524160,1638,512,16,C,1,2,1,6,0,6,true,0,67108864,0.22794229999999999,26836992,117735900.70820555,15874.96484375
scalar_q4,640,655360,655360,2048,512,1,A,1,2,1,6,0,6,true,0,0,0.012763999999999999,2097152,164302099.65528047,869.2900390625
scalar_q4,640,655360,655360,2048,512,1,B,1,2,1,6,0,6,true,0,0,0.0126531,2097152,165742150.14502373,869.2900390625
scalar_q4,640,655360,655360,2048,512,1,C,1,2,1,6,0,6,true,0,67108864,0.012609,2097152,166321833.61091283,869.2900390625
scalar_q4,640,655360,655360,2048,512,2,A,1,2,1,6,0,6,true,0,0,0.026746200000000001,4194304,156818688.26225781,1738.579345703125
scalar_q4,640,655360,1310720,2048,512,2,B,1,2,1,6,0,6,true,0,0,0.0268147,4194304,156418084.11058113,1626.59521484375
scalar_q4,640,655360,655360,2048,512,2,C,1,2,1,6,0,6,true,0,67108864,0.029993700000000002,4194304,139839499.62825525,1738.57958984375
scalar_q4,640,655360,655360,2048,512,4,A,1,2,1,6,0,6,true,0,0,0.052429099999999999,8388608,159999084.4778949,3477.15625
scalar_q4,640,655360,2621440,2048,512,4,B,1,2,1,6,0,6,true,0,0,0.053567299999999998,8388608,156599417.92847502,3340.714599609375
scalar_q4,640,655360,655360,2048,512,4,C,1,2,1,6,0,6,true,0,67108864,0.063509399999999994,8388608,132084510.32445592,3477.15625
scalar_q4,640,655360,655360,2048,512,8,A,1,2,1,6,0,6,true,0,0,0.1048953,16777216,159942495.04029256,6954.33056640625
scalar_q4,640,655360,5242880,2048,512,8,B,1,2,1,6,0,6,true,0,0,0.1088706,16777216,154102356.37536672,6495.939453125
scalar_q4,640,655360,655360,2048,512,8,C,1,2,1,6,0,6,true,0,67108864,0.1375845,16777216,121941177.96699484,6954.3310546875
scalar_q4,640,655360,655360,2048,512,16,A,1,2,1,6,0,6,true,0,0,0.2090361,33554432,160519795.38462496,13908.6025390625
scalar_q4,640,655360,10485760,2048,512,16,B,1,2,1,6,0,6,true,0,0,0.21201629999999999,33554432,158263454.27214795,12403.3486328125
scalar_q4,640,655360,655360,2048,512,16,C,1,2,1,6,0,6,true,0,67108864,0.27530349999999998,33554432,121881603.39407237,13908.6025390625
scalar_q4,768,786240,786240,2457,512,1,A,1,2,1,6,0,6,true,0,0,0.016599099999999999,2515968,151572555.13853163,1198.9371337890625
scalar_q4,768,786240,786240,2457,512,1,B,1,2,1,6,0,6,true,0,0,0.0151959,2515968,165568870.55060905,1198.9371337890625
scalar_q4,768,786240,786240,2457,512,1,C,1,2,1,6,0,6,true,0,67108864,0.015169,2515968,165862482.69497001,1198.9371337890625
scalar_q4,768,786240,786240,2457,512,2,A,1,2,1,6,0,6,true,0,0,0.031421999999999999,5031936,160140538.47622687,2397.87744140625
scalar_q4,768,786240,1572480,2457,512,2,B,1,2,1,6,0,6,true,0,0,0.0326269,5031936,154226604.42763487,2464.06640625
scalar_q4,768,786240,786240,2457,512,2,C,1,2,1,6,0,6,true,0,67108864,0.038703099999999997,5031936,130013771.50667518,2397.877685546875
scalar_q4,768,786240,786240,2457,512,4,A,1,2,1,6,0,6,true,0,0,0.066570099999999993,10063872,151177059.97136855,4795.7568359375
scalar_q4,768,786240,3144960,2457,512,4,B,1,2,1,6,0,6,true,0,0,0.0740093,10063872,135981180.74350116,4780.0966796875
scalar_q4,768,786240,786240,2457,512,4,C,1,2,1,6,0,6,true,0,67108864,0.079159099999999996,10063872,127134745.08932012,4795.7568359375
scalar_q4,768,786240,786240,2457,512,8,A,1,2,1,6,0,6,true,0,0,0.1339207,20127744,150295988.59623644,9591.5400390625
scalar_q4,768,786240,6289920,2457,512,8,B,1,2,1,6,0,6,true,0,0,0.12500230000000001,20127744,161018989.25059777,8950.044921875
scalar_q4,768,786240,786240,2457,512,8,C,1,2,1,6,0,6,true,0,67108864,0.15258189999999999,20127744,131914362.05736068,9591.5400390625
scalar_q4,768,786240,786240,2457,512,16,A,1,2,1,6,0,6,true,0,0,0.26874900000000002,40255488,149788419.67784065,19183.171875
scalar_q4,768,786240,12579840,2457,512,16,B,1,2,1,6,0,6,true,0,0,0.25448169999999998,40255488,158186179.98858073,16256.8076171875
scalar_q4,768,786240,786240,2457,512,16,C,1,2,1,6,0,6,true,0,67108864,0.31389280000000003,40255488,128245974.42184082,19183.171875
scalar_q4,896,917440,917440,2867,512,1,A,1,2,1,6,0,6,true,0,0,0.017794899999999999,2935808,164980303.34534052,1067.9910888671875
scalar_q4,896,917440,917440,2867,512,1,B,1,2,1,6,0,6,true,0,0,0.018853100000000001,2935808,155720173.34019339,1067.9910888671875
scalar_q4,896,917440,917440,2867,512,1,C,1,2,1,6,0,6,true,0,67108864,0.018657,2935808,157356916.97486198,1067.9910888671875
scalar_q4,896,917440,917440,2867,512,2,A,1,2,1,6,0,6,true,0,0,0.035391499999999999,5871616,165904694.63006654,2135.98193359375
scalar_q4,896,917440,1834880,2867,512,2,B,1,2,1,6,0,6,true,0,0,0.041054599999999997,5871616,143019685.97915947,2229.492919921875
scalar_q4,896,917440,917440,2867,512,2,C,1,2,1,6,0,6,true,0,67108864,0.043188499999999998,5871616,135953228.2899383,2135.982177734375
scalar_q4,896,917440,917440,2867,512,4,A,1,2,1,6,0,6,true,0,0,0.071400199999999997,11743232,164470575.71267307,4271.9521484375
scalar_q4,896,917440,3669760,2867,512,4,B,1,2,1,6,0,6,true,0,0,0.072698799999999994,11743232,161532680.04423735,4472.24609375
scalar_q4,896,917440,917440,2867,512,4,C,1,2,1,6,0,6,true,0,67108864,0.085571499999999995,11743232,137232980.60686094,4271.9521484375
scalar_q4,896,917440,917440,2867,512,8,A,1,2,1,6,0,6,true,0,0,0.14912149999999999,23486464,157498844.90164062,8543.8857421875
scalar_q4,896,917440,7339520,2867,512,8,B,1,2,1,6,0,6,true,0,0,0.14721110000000001,23486464,159542751.87129229,9375.6142578125
scalar_q4,896,917440,917440,2867,512,8,C,1,2,1,6,0,6,true,0,67108864,0.17553050000000001,23486464,133802752.22824523,8543.8857421875
scalar_q4,896,917440,917440,2867,512,16,A,1,2,1,6,0,6,true,0,0,0.29384189999999999,46972928,159857828.30835223,17087.732421875
scalar_q4,896,917440,14679040,2867,512,16,B,1,2,1,6,0,6,true,0,0,0.29417729999999997,46972928,159675569.80093297,18069.42578125
scalar_q4,896,917440,917440,2867,512,16,C,1,2,1,6,0,6,true,0,67108864,0.35749540000000002,46972928,131394496.26484704,17087.732421875
scalar_q4,1024,1048320,1048320,3276,512,1,A,1,2,1,6,0,6,true,0,0,0.0217393,3354624,154311500.3702971,1271.6666259765625
scalar_q4,1024,1048320,1048320,3276,512,1,B,1,2,1,6,0,6,true,0,0,0.0212905,3354624,157564359.69094196,1271.6666259765625
scalar_q4,1024,1048320,1048320,3276,512,1,C,1,2,1,6,0,6,true,0,67108864,0.020260899999999998,3354624,165571322.10316423,1271.6666259765625
scalar_q4,1024,1048320,1048320,3276,512,2,A,1,2,1,6,0,6,true,0,0,0.047144400000000003,6709248,142312724.31084073,2543.335205078125
scalar_q4,1024,1048320,2096640,3276,512,2,B,1,2,1,6,0,6,true,0,0,0.041549299999999997,6709248,161476799.84981698,2627.178955078125
scalar_q4,1024,1048320,1048320,3276,512,2,C,1,2,1,6,0,6,true,0,67108864,0.047335799999999997,6709248,141737289.74687237,2543.33544921875
scalar_q4,1024,1048320,1048320,3276,512,4,A,1,2,1,6,0,6,true,0,0,0.084206000000000003,13418496,159353205.23478135,5086.66650390625
scalar_q4,1024,1048320,4193280,3276,512,4,B,1,2,1,6,0,6,true,0,0,0.085678299999999999,13418496,156614872.14382172,4776.06005859375
scalar_q4,1024,1048320,1048320,3276,512,4,C,1,2,1,6,0,6,true,0,67108864,0.1017026,13418496,131938573.84177002,5086.66650390625
scalar_q4,1024,1048320,1048320,3276,512,8,A,1,2,1,6,0,6,true,0,0,0.16779820000000001,26836992,159936113.73661932,10173.341796875
scalar_q4,1024,1048320,8386560,3276,512,8,B,1,2,1,6,0,6,true,0,0,0.17040420000000001,26836992,157490202.70627132,10697.712890625
scalar_q4,1024,1048320,1048320,3276,512,8,C,1,2,1,6,0,6,true,0,67108864,0.22187090000000001,26836992,120957692.06326742,10173.341796875
scalar_q4,1024,1048320,1048320,3276,512,16,A,1,2,1,6,0,6,true,0,0,0.3492883,53673984,153666710.27915907,20346.6015625
scalar_q4,1024,1048320,16773120,3276,512,16,B,1,2,1,6,0,6,true,0,0,0.3329609,53673984,161202063.06506258,20986.685546875
scalar_q4,1024,1048320,1048320,3276,512,16,C,1,2,1,6,0,6,true,0,67108864,0.39887080000000003,53673984,134564836.53353417,20346.6015625
scalar_q4,1280,1310720,1310720,4096,512,1,A,1,2,1,6,0,6,true,0,0,0.028081700000000001,4194304,149360758.07376334,1821.859375
scalar_q4,1280,1310720,1310720,4096,512,1,B,1,2,1,6,0,6,true,0,0,0.026231500000000001,4194304,159895697.92043915,1821.859375
scalar_q4,1280,1310720,1310720,4096,512,1,C,1,2,1,6,0,6,true,0,67108864,0.025547,4194304,164179903.70689318,1821.859375
scalar_q4,1280,1310720,1310720,4096,512,2,A,1,2,1,6,0,6,true,0,0,0.0531282,8388608,157893698.63838789,3643.71337890625
scalar_q4,1280,1310720,2621440,4096,512,2,B,1,2,1,6,0,6,true,0,0,0.054123299999999999,8388608,154990697.16739371,3653.72900390625
scalar_q4,1280,1310720,1310720,4096,512,2,C,1,2,1,6,0,6,true,0,67108864,0.057398600000000001,8388608,146146561.06594935,3643.713623046875
scalar_q4,1280,1310720,1310720,4096,512,4,A,1,2,1,6,0,6,true,0,0,0.1059901,16777216,158290406.36814192,7287.4404296875
scalar_q4,1280,1310720,5242880,4096,512,4,B,1,2,1,6,0,6,true,0,0,0.1052592,16777216,159389545.04689378,6311.69873046875
scalar_q4,1280,1310720,1310720,4096,512,4,C,1,2,1,6,0,6,true,0,67108864,0.11812880000000001,16777216,142024772.95968467,7287.4404296875
scalar_q4,1280,1310720,1310720,4096,512,8,A,1,2,1,6,0,6,true,0,0,0.21004529999999999,33554432,159748549.47956467,14574.83984375
scalar_q4,1280,1310720,10485760,4096,512,8,B,1,2,1,6,0,6,true,0,0,0.2091982,33554432,160395414.4920941,13369.3076171875
scalar_q4,1280,1310720,1310720,4096,512,8,C,1,2,1,6,0,6,true,0,67108864,0.2424307,33554432,138408345.14770612,14574.83984375
scalar_q4,1280,1310720,1310720,4096,512,16,A,1,2,1,6,0,6,true,0,0,0.42020619999999997,67108864,159704602.16912556,29149.37890625
scalar_q4,1280,1310720,20971520,4096,512,16,B,1,2,1,6,0,6,true,0,0,0.41605720000000002,67108864,161297206.24952531,25772.818359375
scalar_q4,1280,1310720,1310720,4096,512,16,C,1,2,1,6,0,6,true,0,67108864,0.47964459999999998,67108864,139913727.78928399,29149.37890625
scalar_q4,256,262080,262080,819,512,1,A,1,2,1,7,0,7,true,0,0,0.0051178999999999999,838656,163867211.1608277,507.36077880859375
scalar_q4,256,262080,262080,819,512,1,B,1,2,1,7,0,7,true,0,0,0.0057644999999999997,838656,145486338.79781422,507.36077880859375
scalar_q4,256,262080,262080,819,512,1,C,1,2,1,7,0,7,true,0,67108864,0.0051539999999999997,838656,162719441.21071014,507.36077880859375
scalar_q4,256,262080,262080,819,512,2,A,1,2,1,7,0,7,true,0,0,0.010792299999999999,1677312,155417473.56911874,1014.7217407226562
scalar_q4,256,262080,524160,819,512,2,B,1,2,1,7,0,7,true,0,0,0.010118200000000001,1677312,165771777.5888992,860.4334716796875
scalar_q4,256,262080,262080,819,512,2,C,1,2,1,7,0,7,true,0,67108864,0.013858499999999999,1677312,121031280.44160624,1014.7220458984375
scalar_q4,256,262080,262080,819,512,4,A,1,2,1,7,0,7,true,0,0,0.020938100000000001,3354624,160216256.48936626,2029.4434814453125
scalar_q4,256,262080,1048320,819,512,4,B,1,2,1,7,0,7,true,0,0,0.021000600000000001,3354624,159739436.01611382,1557.123291015625
scalar_q4,256,262080,262080,819,512,4,C,1,2,1,7,0,7,true,0,67108864,0.033288999999999999,3354624,100772747.7545135,2029.443603515625
scalar_q4,256,262080,262080,819,512,8,A,1,2,1,7,0,7,true,0,0,0.0417475,6709248,160710174.26193187,4058.888671875
scalar_q4,256,262080,2096640,819,512,8,B,1,2,1,7,0,7,true,0,0,0.043846499999999997,6709248,153016728.81529883,2863.470458984375
scalar_q4,256,262080,262080,819,512,8,C,1,2,1,7,0,7,true,0,67108864,0.0697271,6709248,96221526.494003043,4058.88916015625
scalar_q4,256,262080,262080,819,512,16,A,1,2,1,7,0,7,true,0,0,0.083112699999999998,13418496,161449405.44585845,8117.76318359375
scalar_q4,256,262080,4193280,819,512,16,B,1,2,1,7,0,7,true,0,0,0.086139800000000002,13418496,155775797.01833531,5270.2470703125
scalar_q4,256,262080,262080,819,512,16,C,1,2,1,7,0,7,true,0,67108864,0.16201860000000001,13418496,82820713.177375928,8117.763671875
scalar_q4,384,392960,392960,1228,512,1,A,1,2,1,7,0,7,true,0,0,0.0076379999999999998,1257472,164633673.73658025,774.013916015625
scalar_q4,384,392960,392960,1228,512,1,B,1,2,1,7,0,7,true,0,0,0.0076854000000000002,1257472,163618289.2237229,774.013916015625
scalar_q4,384,392960,392960,1228,512,1,C,1,2,1,7,0,7,true,0,67108864,0.0077646,1257472,161949359.91551399,774.013916015625
scalar_q4,384,392960,392960,1228,512,2,A,1,2,1,7,0,7,true,0,0,0.0179916,2514944,139784343.80488673,1548.027099609375
scalar_q4,384,392960,785920,1228,512,2,B,1,2,1,7,0,7,true,0,0,0.020351000000000001,2514944,123578399.09586751,1208.54931640625
scalar_q4,384,392960,392960,1228,512,2,C,1,2,1,7,0,7,true,0,67108864,0.020129399999999999,2514944,124938845.66852465,1548.02734375
scalar_q4,384,392960,392960,1228,512,4,A,1,2,1,7,0,7,true,0,0,0.030396599999999999,5029888,165475349.21668872,3096.044189453125
scalar_q4,384,392960,1571840,1228,512,4,B,1,2,1,7,0,7,true,0,0,0.033124599999999997,5029888,151847509.10199672,2313.489013671875
scalar_q4,384,392960,392960,1228,512,4,C,1,2,1,7,0,7,true,0,67108864,0.047264300000000002,5029888,106420448.4145539,3096.044189453125
scalar_q4,384,392960,392960,1228,512,8,A,1,2,1,7,0,7,true,0,0,0.066325499999999996,10059776,151672825.68544528,6192.09130859375
scalar_q4,384,392960,3143680,1228,512,8,B,1,2,1,7,0,7,true,0,0,0.064991800000000002,10059776,154785311.37774304,4248.7490234375
scalar_q4,384,392960,392960,1228,512,8,C,1,2,1,7,0,7,true,0,67108864,0.090146400000000002,10059776,111593763.034353,6192.091796875
scalar_q4,384,392960,392960,1228,512,16,A,1,2,1,7,0,7,true,0,0,0.12953809999999999,20119552,155317640.13830683,12384.248046875
scalar_q4,384,392960,6287360,1228,512,16,B,1,2,1,7,0,7,true,0,0,0.1301747,20119552,154558082.3308984,8054.60595703125
scalar_q4,384,392960,392960,1228,512,16,C,1,2,1,7,0,7,true,0,67108864,0.18797,20119552,107035973.82561047,12384.248046875
scalar_q4,512,524160,524160,1638,512,1,A,1,2,1,7,0,7,true,0,0,0.010071999999999999,1677312,166532168.38760921,992.19049072265625
scalar_q4,512,524160,524160,1638,512,1,B,1,2,1,7,0,7,true,0,0,0.0100797,1677312,166404952.52834904,992.19049072265625
scalar_q4,512,524160,524160,1638,512,1,C,1,2,1,7,0,7,true,0,67108864,0.0100874,1677312,166277930.8840732,992.19049072265625
scalar_q4,512,524160,524160,1638,512,2,A,1,2,1,7,0,7,true,0,0,0.021464199999999999,3354624,156289263.05196559,1984.3802490234375
scalar_q4,512,524160,1048320,1638,512,2,B,1,2,1,7,0,7,true,0,0,0.020719999999999999,3354624,161902702.7027027,1352.0919189453125
scalar_q4,512,524160,524160,1638,512,2,C,1,2,1,7,0,7,true,0,67108864,0.037030100000000003,3354624,90591815.847108155,1984.3804931640625
scalar_q4,512,524160,524160,1638,512,4,A,1,2,1,7,0,7,true,0,0,0.041560399999999997,6709248,161433672.43818635,3968.751953125
scalar_q4,512,524160,2096640,1638,512,4,B,1,2,1,7,0,7,true,0,0,0.041488499999999998,6709248,161713438.66372609,2610.9716796875
scalar_q4,512,524160,524160,1638,512,4,C,1,2,1,7,0,7,true,0,67108864,0.055560900000000003,6709248,120754847.38368168,3968.751953125
scalar_q4,512,524160,524160,1638,512,8,A,1,2,1,7,0,7,true,0,0,0.0847189,13418496,158388458.77366209,7937.49169921875
scalar_q4,512,524160,4193280,1638,512,8,B,1,2,1,7,0,7,true,0,0,0.084738499999999994,13418496,158351823.55127835,4906.61328125
scalar_q4,512,524160,524160,1638,512,8,C,1,2,1,7,0,7,true,0,67108864,0.1129366,13418496,118814414.4590859,7937.4921875
scalar_q4,512,524160,524160,1638,512,16,A,1,2,1,7,0,7,true,0,0,0.17489360000000001,26836992,153447536.10194999,15874.96484375
scalar_q4,512,524160,8386560,1638,512,16,B,1,2,1,7,0,7,true,0,0,0.16977059999999999,26836992,158077971.09746918,9914.1044921875
scalar_q4,512,524160,524160,1638,512,16,C,1,2,1,7,0,7,true,0,67108864,0.22631200000000001,26836992,118584043.26770122,15874.96484375
scalar_q4,640,655360,655360,2048,512,1,A,1,2,1,7,0,7,true,0,0,0.0125825,2097152,166672123.98172066,869.2900390625
scalar_q4,640,655360,655360,2048,512,1,B,1,2,1,7,0,7,true,0,0,0.0141882,2097152,147809588.24939033,869.2900390625
scalar_q4,640,655360,655360,2048,512,1,C,1,2,1,7,0,7,true,0,67108864,0.013667,2097152,153446403.74625009,869.2900390625
scalar_q4,640,655360,655360,2048,512,2,A,1,2,1,7,0,7,true,0,0,0.029377,4194304,142775096.16366544,1738.579345703125
scalar_q4,640,655360,1310720,2048,512,2,B,1,2,1,7,0,7,true,0,0,0.025698100000000001,4194304,163214556.71820095,1626.59521484375
scalar_q4,640,655360,655360,2048,512,2,C,1,2,1,7,0,7,true,0,67108864,0.0303082,4194304,138388422.93504727,1738.57958984375
scalar_q4,640,655360,655360,2048,512,4,A,1,2,1,7,0,7,true,0,0,0.051576900000000002,8388608,162642733.4717674,3477.15625
scalar_q4,640,655360,2621440,2048,512,4,B,1,2,1,7,0,7,true,0,0,0.057194399999999999,8388608,146668345.15267229,3340.714599609375
scalar_q4,640,655360,655360,2048,512,4,C,1,2,1,7,0,7,true,0,67108864,0.063068100000000002,8388608,133008731.8311476,3477.15625
scalar_q4,640,655360,655360,2048,512,8,A,1,2,1,7,0,7,true,0,0,0.1049464,16777216,159864616.60428563,6954.33056640625
scalar_q4,640,655360,5242880,2048,512,8,B,1,2,1,7,0,7,true,0,0,0.10348880000000001,16777216,162116248.32832152,6495.939453125
scalar_q4,640,655360,655360,2048,512,8,C,1,2,1,7,0,7,true,0,67108864,0.13103619999999999,16777216,128034970.48907097,6954.3310546875
scalar_q4,640,655360,655360,2048,512,16,A,1,2,1,7,0,7,true,0,0,0.20725440000000001,33554432,161899732.88866243,13908.6025390625
scalar_q4,640,655360,10485760,2048,512,16,B,1,2,1,7,0,7,true,0,0,0.21291160000000001,33554432,157597951.45027325,12403.3486328125
scalar_q4,640,655360,655360,2048,512,16,C,1,2,1,7,0,7,true,0,67108864,0.29971379999999997,33554432,111954911.65238304,13908.6025390625
scalar_q4,768,786240,786240,2457,512,1,A,1,2,1,7,0,7,true,0,0,0.0173425,2515968,145075277.49747729,1198.9371337890625
scalar_q4,768,786240,786240,2457,512,1,B,1,2,1,7,0,7,true,0,0,0.0184396,2515968,136443740.64513329,1198.9371337890625
scalar_q4,768,786240,786240,2457,512,1,C,1,2,1,7,0,7,true,0,67108864,0.017090399999999999,2515968,147215278.75298414,1198.9371337890625
scalar_q4,768,786240,786240,2457,512,2,A,1,2,1,7,0,7,true,0,0,0.060357300000000003,5031936,83369136.790413082,2397.87744140625
scalar_q4,768,786240,1572480,2457,512,2,B,1,2,1,7,0,7,true,0,0,0.042232600000000002,5031936,119148146.21879779,2464.06640625
scalar_q4,768,786240,786240,2457,512,2,C,1,2,1,7,0,7,true,0,67108864,0.049195999999999997,5031936,102283437.67785999,2397.877685546875
scalar_q4,768,786240,786240,2457,512,4,A,1,2,1,7,0,7,true,0,0,0.063546800000000001,10063872,158369453.69397041,4795.7568359375
scalar_q4,768,786240,3144960,2457,512,4,B,1,2,1,7,0,7,true,0,0,0.07424,10063872,135558620.68965518,4780.0966796875
scalar_q4,768,786240,786240,2457,512,4,C,1,2,1,7,0,7,true,0,67108864,0.0778118,10063872,129336064.70997971,4795.7568359375
scalar_q4,768,786240,786240,2457,512,8,A,1,2,1,7,0,7,true,0,0,0.1319737,20127744,152513296.20977512,9591.5400390625
scalar_q4,768,786240,6289920,2457,512,8,B,1,2,1,7,0,7,true,0,0,0.1268455,20127744,158679212.11237293,8950.044921875
scalar_q4,768,786240,786240,2457,512,8,C,1,2,1,7,0,7,true,0,67108864,0.15214250000000001,20127744,132295341.5383604,9591.5400390625
scalar_q4,768,786240,786240,2457,512,16,A,1,2,1,7,0,7,true,0,0,0.25687179999999998,40255488,156714314.29997379,19183.171875
scalar_q4,768,786240,12579840,2457,512,16,B,1,2,1,7,0,7,true,0,0,0.26109179999999999,40255488,154181356.90205514,16256.8076171875
scalar_q4,768,786240,786240,2457,512,16,C,1,2,1,7,0,7,true,0,67108864,0.32015690000000002,40255488,125736749.69991276,19183.171875
scalar_q4,896,917440,917440,2867,512,1,A,1,2,1,7,0,7,true,0,0,0.017858300000000001,2935808,164394595.23022908,1067.9910888671875
scalar_q4,896,917440,917440,2867,512,1,B,1,2,1,7,0,7,true,0,0,0.0194422,2935808,151001841.35540217,1067.9910888671875
scalar_q4,896,917440,917440,2867,512,1,C,1,2,1,7,0,7,true,0,67108864,0.019085399999999999,2935808,153824808.49235544,1067.9910888671875
scalar_q4,896,917440,917440,2867,512,2,A,1,2,1,7,0,7,true,0,0,0.036966499999999999,5871616,158836135.41990721,2135.98193359375
scalar_q4,896,917440,1834880,2867,512,2,B,1,2,1,7,0,7,true,0,0,0.0354615,5871616,165577203.44599071,2229.492919921875
scalar_q4,896,917440,917440,2867,512,2,C,1,2,1,7,0,7,true,0,67108864,0.0403583,5871616,145487198.4201515,2135.982177734375
scalar_q4,896,917440,917440,2867,512,4,A,1,2,1,7,0,7,true,0,0,0.078287899999999994,11743232,150000600.34820196,4271.9521484375
scalar_q4,896,917440,3669760,2867,512,4,B,1,2,1,7,0,7,true,0,0,0.077368699999999999,11743232,151782723.50446627,4472.24609375
scalar_q4,896,917440,917440,2867,512,4,C,1,2,1,7,0,7,true,0,67108864,0.086739200000000002,11743232,135385523.50033203,4271.9521484375
scalar_q4,896,917440,917440,2867,512,8,A,1,2,1,7,0,7,true,0,0,0.14803359999999999,23486464,158656305.05506858,8543.8857421875
scalar_q4,896,917440,7339520,2867,512,8,B,1,2,1,7,0,7,true,0,0,0.15245619999999999,23486464,154053846.28503138,9375.6142578125
scalar_q4,896,917440,917440,2867,512,8,C,1,2,1,7,0,7,true,0,67108864,0.17974399999999999,23486464,130666191.91739364,8543.8857421875
scalar_q4,896,917440,917440,2867,512,16,A,1,2,1,7,0,7,true,0,0,0.29617900000000003,46972928,158596416.35632506,17087.732421875
scalar_q4,896,917440,14679040,2867,512,16,B,1,2,1,7,0,7,true,0,0,0.2943732,46972928,159569308.61912701,18069.42578125
scalar_q4,896,917440,917440,2867,512,16,C,1,2,1,7,0,7,true,0,67108864,0.35498400000000002,46972928,132324070.94404253,17087.732421875
scalar_q4,1024,1048320,1048320,3276,512,1,A,1,2,1,7,0,7,true,0,0,0.021027299999999999,3354624,159536602.41685811,1271.6666259765625
scalar_q4,1024,1048320,1048320,3276,512,1,B,1,2,1,7,0,7,true,0,0,0.020288899999999999,3354624,165342822.92287901,1271.6666259765625
scalar_q4,1024,1048320,1048320,3276,512,1,C,1,2,1,7,0,7,true,0,67108864,0.020746899999999999,3354624,161692783.01818585,1271.6666259765625
scalar_q4,1024,1048320,1048320,3276,512,2,A,1,2,1,7,0,7,true,0,0,0.042264200000000002,6709248,158745415.74192816,2543.335205078125
scalar_q4,1024,1048320,2096640,3276,512,2,B,1,2,1,7,0,7,true,0,0,0.042543499999999998,6709248,157703244.91402918,2627.178955078125
scalar_q4,1024,1048320,1048320,3276,512,2,C,1,2,1,7,0,7,true,0,67108864,0.046074499999999997,6709248,145617380.54672325,2543.33544921875
scalar_q4,1024,1048320,1048320,3276,512,4,A,1,2,1,7,0,7,true,0,0,0.084718299999999996,13418496,158389580.52746573,5086.66650390625
scalar_q4,1024,1048320,4193280,3276,512,4,B,1,2,1,7,0,7,true,0,0,0.087843400000000002,13418496,152754743.09965232,4776.06005859375
scalar_q4,1024,1048320,1048320,3276,512,4,C,1,2,1,7,0,7,true,0,67108864,0.1042662,13418496,128694591.3440789,5086.66650390625
scalar_q4,1024,1048320,1048320,3276,512,8,A,1,2,1,7,0,7,true,0,0,0.18132799999999999,26836992,148002470.66090181,10173.341796875
scalar_q4,1024,1048320,8386560,3276,512,8,B,1,2,1,7,0,7,true,0,0,0.17069309999999999,26836992,157223648.7590887,10697.712890625
scalar_q4,1024,1048320,1048320,3276,512,8,C,1,2,1,7,0,7,true,0,67108864,0.20195399999999999,26836992,132886657.3576161,10173.341796875
scalar_q4,1024,1048320,1048320,3276,512,16,A,1,2,1,7,0,7,true,0,0,0.34723389999999998,53673984,154575875.22416446,20346.6015625
scalar_q4,1024,1048320,16773120,3276,512,16,B,1,2,1,7,0,7,true,0,0,0.34983809999999999,53673984,153425210.11862344,20986.685546875
scalar_q4,1024,1048320,1048320,3276,512,16,C,1,2,1,7,0,7,true,0,67108864,0.41969260000000003,53673984,127888802.42348804,20346.6015625
scalar_q4,1280,1310720,1310720,4096,512,1,A,1,2,1,7,0,7,true,0,0,0.025836999999999999,4194304,162337113.44196308,1821.859375
scalar_q4,1280,1310720,1310720,4096,512,1,B,1,2,1,7,0,7,true,0,0,0.0253186,4194304,165660976.51528916,1821.859375
scalar_q4,1280,1310720,1310720,4096,512,1,C,1,2,1,7,0,7,true,0,67108864,0.0267405,4194304,156852115.70464277,1821.859375
scalar_q4,1280,1310720,1310720,4096,512,2,A,1,2,1,7,0,7,true,0,0,0.053983999999999997,8388608,155390634.26200357,3643.71337890625
scalar_q4,1280,1310720,2621440,4096,512,2,B,1,2,1,7,0,7,true,0,0,0.052346499999999997,8388608,160251554.54519406,3653.72900390625
scalar_q4,1280,1310720,1310720,4096,512,2,C,1,2,1,7,0,7,true,0,67108864,0.058617500000000003,8388608,143107570.26485264,3643.713623046875
scalar_q4,1280,1310720,1310720,4096,512,4,A,1,2,1,7,0,7,true,0,0,0.1059404,16777216,158364665.41564879,7287.4404296875
scalar_q4,1280,1310720,5242880,4096,512,4,B,1,2,1,7,0,7,true,0,0,0.10674599999999999,16777216,157169505.18052199,6311.69873046875
scalar_q4,1280,1310720,1310720,4096,512,4,C,1,2,1,7,0,7,true,0,67108864,0.1179336,16777216,142259847.91441965,7287.4404296875
scalar_q4,1280,1310720,1310720,4096,512,8,A,1,2,1,7,0,7,true,0,0,0.2139645,33554432,156822426.15013239,14574.83984375
scalar_q4,1280,1310720,10485760,4096,512,8,B,1,2,1,7,0,7,true,0,0,0.21470049999999999,33554432,156284833.989674,13369.3076171875
scalar_q4,1280,1310720,1310720,4096,512,8,C,1,2,1,7,0,7,true,0,67108864,0.24178479999999999,33554432,138778086.95997432,14574.83984375
scalar_q4,1280,1310720,1310720,4096,512,16,A,1,2,1,7,0,7,true,0,0,0.43124430000000002,67108864,155616813.94977278,29149.37890625
scalar_q4,1280,1310720,20971520,4096,512,16,B,1,2,1,7,0,7,true,0,0,0.4291064,67108864,156392130.250213,25772.818359375
scalar_q4,1280,1310720,1310720,4096,512,16,C,1,2,1,7,0,7,true,0,67108864,0.48658289999999998,67108864,137918665.04145542,29149.37890625
