H0 sweep stderr and command log
executable=D:\Install\Dev\Projects\IA\Ejercise\cpu-native-arch\build\cpu_native_q4_probe.exe
K=512; iterations=1; repetitions=2; warmup=1
cpus=0,1,2,3,4,5,6,7; target_kib=256,384,512,640,768,896,1024,1280; depths=1,2,4,8,16; variants=A,B,C
command[1/960]="D:\Install\Dev\Projects\IA\Ejercise\cpu-native-arch\build\cpu_native_q4_probe.exe" --cpu 0 --K 512 --target-kib 256 --depth 1 --variant A --iterations 1 --repetitions 2 --warmup 1
T0 scalar Q4 throughput probe; not an exact model-kernel equivalence claim
shape m=819 K=512, target_kib=256, actual_weight_bytes_per_block=262080, allocated_weight_bytes=262080, variant=A, eviction_bytes=0, active_logical_cpus=8
command[2/960]="D:\Install\Dev\Projects\IA\Ejercise\cpu-native-arch\build\cpu_native_q4_probe.exe" --cpu 0 --K 512 --target-kib 256 --depth 1 --variant B --iterations 1 --repetitions 2 --warmup 1
T0 scalar Q4 throughput probe; not an exact model-kernel equivalence claim
shape m=819 K=512, target_kib=256, actual_weight_bytes_per_block=262080, allocated_weight_bytes=262080, variant=B, eviction_bytes=0, active_logical_cpus=8
command[3/960]="D:\Install\Dev\Projects\IA\Ejercise\cpu-native-arch\build\cpu_native_q4_probe.exe" --cpu 0 --K 512 --target-kib 256 --depth 1 --variant C --iterations 1 --repetitions 2 --warmup 1
T0 scalar Q4 throughput probe; not an exact model-kernel equivalence claim
shape m=819 K=512, target_kib=256, actual_weight_bytes_per_block=262080, allocated_weight_bytes=262080, variant=C, eviction_bytes=67108864, active_logical_cpus=8
command[4/960]="D:\Install\Dev\Projects\IA\Ejercise\cpu-native-arch\build\cpu_native_q4_probe.exe" --cpu 0 --K 512 --target-kib 256 --depth 2 --variant A --iterations 1 --repetitions 2 --warmup 1
T0 scalar Q4 throughput probe; not an exact model-kernel equivalence claim
shape m=819 K=512, target_kib=256, actual_weight_bytes_per_block=262080, allocated_weight_bytes=262080, variant=A, eviction_bytes=0, active_logical_cpus=8
command[5/960]="D:\Install\Dev\Projects\IA\Ejercise\cpu-native-arch\build\cpu_native_q4_probe.exe" --cpu 0 --K 512 --target-kib 256 --depth 2 --variant B --iterations 1 --repetitions 2 --warmup 1
T0 scalar Q4 throughput probe; not an exact model-kernel equivalence claim
shape m=819 K=512, target_kib=256, actual_weight_bytes_per_block=262080, allocated_weight_bytes=524160, variant=B, eviction_bytes=0, active_logical_cpus=8
command[6/960]="D:\Install\Dev\Projects\IA\Ejercise\cpu-native-arch\build\cpu_native_q4_probe.exe" --cpu 0 --K 512 --target-kib 256 --depth 2 --variant C --iterations 1 --repetitions 2 --warmup 1
T0 scalar Q4 throughput probe; not an exact model-kernel equivalence claim
shape m=819 K=512, target_kib=256, actual_weight_bytes_per_block=262080, allocated_weight_bytes=262080, variant=C, eviction_bytes=67108864, active_logical_cpus=8
command[7/960]="D:\Install\Dev\Projects\IA\Ejercise\cpu-native-arch\build\cpu_native_q4_probe.exe" --cpu 0 --K 512 --target-kib 256 --depth 4 --variant A --iterations 1 --repetitions 2 --warmup 1
T0 scalar Q4 throughput probe; not an exact model-kernel equivalence claim
shape m=819 K=512, target_kib=256, actual_weight_bytes_per_block=262080, allocated_weight_bytes=262080, variant=A, eviction_bytes=0, active_logical_cpus=8
command[8/960]="D:\Install\Dev\Projects\IA\Ejercise\cpu-native-arch\build\cpu_native_q4_probe.exe" --cpu 0 --K 512 --target-kib 256 --depth 4 --variant B --iterations 1 --repetitions 2 --warmup 1
T0 scalar Q4 throughput probe; not an exact model-kernel equivalence claim
shape m=819 K=512, target_kib=256, actual_weight_bytes_per_block=262080, allocated_weight_bytes=1048320, variant=B, eviction_bytes=0, active_logical_cpus=8
command[9/960]="D:\Install\Dev\Projects\IA\Ejercise\cpu-native-arch\build\cpu_native_q4_probe.exe" --cpu 0 --K 512 --target-kib 256 --depth 4 --variant C --iterations 1 --repetitions 2 --warmup 1
T0 scalar Q4 throughput probe; not an exact model-kernel equivalence claim
shape m=819 K=512, target_kib=256, actual_weight_bytes_per_block=262080, allocated_weight_bytes=262080, variant=C, eviction_bytes=67108864, active_logical_cpus=8
command[10/960]="D:\Install\Dev\Projects\IA\Ejercise\cpu-native-arch\build\cpu_native_q4_probe.exe" --cpu 0 --K 512 --target-kib 256 --depth 8 --variant A --iterations 1 --repetitions 2 --warmup 1
T0 scalar Q4 throughput probe; not an exact model-kernel equivalence claim
shape m=819 K=512, target_kib=256, actual_weight_bytes_per_block=262080, allocated_weight_bytes=262080, variant=A, eviction_bytes=0, active_logical_cpus=8
command[11/960]="D:\Install\Dev\Projects\IA\Ejercise\cpu-native-arch\build\cpu_native_q4_probe.exe" --cpu 0 --K 512 --target-kib 256 --depth 8 --variant B --iterations 1 --repetitions 2 --warmup 1
T0 scalar Q4 throughput probe; not an exact model-kernel equivalence claim
shape m=819 K=512, target_kib=256, actual_weight_bytes_per_block=262080, allocated_weight_bytes=2096640, variant=B, eviction_bytes=0, active_logical_cpus=8
command[12/960]="D:\Install\Dev\Projects\IA\Ejercise\cpu-native-arch\build\cpu_native_q4_probe.exe" --cpu 0 --K 512 --target-kib 256 --depth 8 --variant C --iterations 1 --repetitions 2 --warmup 1
T0 scalar Q4 throughput probe; not an exact model-kernel equivalence claim
shape m=819 K=512, target_kib=256, actual_weight_bytes_per_block=262080, allocated_weight_bytes=262080, variant=C, eviction_bytes=67108864, active_logical_cpus=8
command[13/960]="D:\Install\Dev\Projects\IA\Ejercise\cpu-native-arch\build\cpu_native_q4_probe.exe" --cpu 0 --K 512 --target-kib 256 --depth 16 --variant A --iterations 1 --repetitions 2 --warmup 1
T0 scalar Q4 throughput probe; not an exact model-kernel equivalence claim
shape m=819 K=512, target_kib=256, actual_weight_bytes_per_block=262080, allocated_weight_bytes=262080, variant=A, eviction_bytes=0, active_logical_cpus=8
command[14/960]="D:\Install\Dev\Projects\IA\Ejercise\cpu-native-arch\build\cpu_native_q4_probe.exe" --cpu 0 --K 512 --target-kib 256 --depth 16 --variant B --iterations 1 --repetitions 2 --warmup 1
T0 scalar Q4 throughput probe; not an exact model-kernel equivalence claim
shape m=819 K=512, target_kib=256, actual_weight_bytes_per_block=262080, allocated_weight_bytes=4193280, variant=B, eviction_bytes=0, active_logical_cpus=8
command[15/960]="D:\Install\Dev\Projects\IA\Ejercise\cpu-native-arch\build\cpu_native_q4_probe.exe" --cpu 0 --K 512 --target-kib 256 --depth 16 --variant C --iterations 1 --repetitions 2 --warmup 1
T0 scalar Q4 throughput probe; not an exact model-kernel equivalence claim
shape m=819 K=512, target_kib=256, actual_weight_bytes_per_block=262080, allocated_weight_bytes=262080, variant=C, eviction_bytes=67108864, active_logical_cpus=8
command[16/960]="D:\Install\Dev\Projects\IA\Ejercise\cpu-native-arch\build\cpu_native_q4_probe.exe" --cpu 0 --K 512 --target-kib 384 --depth 1 --variant A --iterations 1 --repetitions 2 --warmup 1
T0 scalar Q4 throughput probe; not an exact model-kernel equivalence claim
shape m=1228 K=512, target_kib=384, actual_weight_bytes_per_block=392960, allocated_weight_bytes=392960, variant=A, eviction_bytes=0, active_logical_cpus=8
command[17/960]="D:\Install\Dev\Projects\IA\Ejercise\cpu-native-arch\build\cpu_native_q4_probe.exe" --cpu 0 --K 512 --target-kib 384 --depth 1 --variant B --iterations 1 --repetitions 2 --warmup 1
T0 scalar Q4 throughput probe; not an exact model-kernel equivalence claim
shape m=1228 K=512, target_kib=384, actual_weight_bytes_per_block=392960, allocated_weight_bytes=392960, variant=B, eviction_bytes=0, active_logical_cpus=8
command[18/960]="D:\Install\Dev\Projects\IA\Ejercise\cpu-native-arch\build\cpu_native_q4_probe.exe" --cpu 0 --K 512 --target-kib 384 --depth 1 --variant C --iterations 1 --repetitions 2 --warmup 1
T0 scalar Q4 throughput probe; not an exact model-kernel equivalence claim
shape m=1228 K=512, target_kib=384, actual_weight_bytes_per_block=392960, allocated_weight_bytes=392960, variant=C, eviction_bytes=67108864, active_logical_cpus=8
command[19/960]="D:\Install\Dev\Projects\IA\Ejercise\cpu-native-arch\build\cpu_native_q4_probe.exe" --cpu 0 --K 512 --target-kib 384 --depth 2 --variant A --iterations 1 --repetitions 2 --warmup 1
T0 scalar Q4 throughput probe; not an exact model-kernel equivalence claim
shape m=1228 K=512, target_kib=384, actual_weight_bytes_per_block=392960, allocated_weight_bytes=392960, variant=A, eviction_bytes=0, active_logical_cpus=8
command[20/960]="D:\Install\Dev\Projects\IA\Ejercise\cpu-native-arch\build\cpu_native_q4_probe.exe" --cpu 0 --K 512 --target-kib 384 --depth 2 --variant B --iterations 1 --repetitions 2 --warmup 1
T0 scalar Q4 throughput probe; not an exact model-kernel equivalence claim
shape m=1228 K=512, target_kib=384, actual_weight_bytes_per_block=392960, allocated_weight_bytes=785920, variant=B, eviction_bytes=0, active_logical_cpus=8
command[21/960]="D:\Install\Dev\Projects\IA\Ejercise\cpu-native-arch\build\cpu_native_q4_probe.exe" --cpu 0 --K 512 --target-kib 384 --depth 2 --variant C --iterations 1 --repetitions 2 --warmup 1
T0 scalar Q4 throughput probe; not an exact model-kernel equivalence claim
shape m=1228 K=512, target_kib=384, actual_weight_bytes_per_block=392960, allocated_weight_bytes=392960, variant=C, eviction_bytes=67108864, active_logical_cpus=8
command[22/960]="D:\Install\Dev\Projects\IA\Ejercise\cpu-native-arch\build\cpu_native_q4_probe.exe" --cpu 0 --K 512 --target-kib 384 --depth 4 --variant A --iterations 1 --repetitions 2 --warmup 1
T0 scalar Q4 throughput probe; not an exact model-kernel equivalence claim
shape m=1228 K=512, target_kib=384, actual_weight_bytes_per_block=392960, allocated_weight_bytes=392960, variant=A, eviction_bytes=0, active_logical_cpus=8
command[23/960]="D:\Install\Dev\Projects\IA\Ejercise\cpu-native-arch\build\cpu_native_q4_probe.exe" --cpu 0 --K 512 --target-kib 384 --depth 4 --variant B --iterations 1 --repetitions 2 --warmup 1
T0 scalar Q4 throughput probe; not an exact model-kernel equivalence claim
shape m=1228 K=512, target_kib=384, actual_weight_bytes_per_block=392960, allocated_weight_bytes=1571840, variant=B, eviction_bytes=0, active_logical_cpus=8
command[24/960]="D:\Install\Dev\Projects\IA\Ejercise\cpu-native-arch\build\cpu_native_q4_probe.exe" --cpu 0 --K 512 --target-kib 384 --depth 4 --variant C --iterations 1 --repetitions 2 --warmup 1
T0 scalar Q4 throughput probe; not an exact model-kernel equivalence claim
shape m=1228 K=512, target_kib=384, actual_weight_bytes_per_block=392960, allocated_weight_bytes=392960, variant=C, eviction_bytes=67108864, active_logical_cpus=8
command[25/960]="D:\Install\Dev\Projects\IA\Ejercise\cpu-native-arch\build\cpu_native_q4_probe.exe" --cpu 0 --K 512 --target-kib 384 --depth 8 --variant A --iterations 1 --repetitions 2 --warmup 1
T0 scalar Q4 throughput probe; not an exact model-kernel equivalence claim
shape m=1228 K=512, target_kib=384, actual_weight_bytes_per_block=392960, allocated_weight_bytes=392960, variant=A, eviction_bytes=0, active_logical_cpus=8
command[26/960]="D:\Install\Dev\Projects\IA\Ejercise\cpu-native-arch\build\cpu_native_q4_probe.exe" --cpu 0 --K 512 --target-kib 384 --depth 8 --variant B --iterations 1 --repetitions 2 --warmup 1
T0 scalar Q4 throughput probe; not an exact model-kernel equivalence claim
shape m=1228 K=512, target_kib=384, actual_weight_bytes_per_block=392960, allocated_weight_bytes=3143680, variant=B, eviction_bytes=0, active_logical_cpus=8
command[27/960]="D:\Install\Dev\Projects\IA\Ejercise\cpu-native-arch\build\cpu_native_q4_probe.exe" --cpu 0 --K 512 --target-kib 384 --depth 8 --variant C --iterations 1 --repetitions 2 --warmup 1
T0 scalar Q4 throughput probe; not an exact model-kernel equivalence claim
shape m=1228 K=512, target_kib=384, actual_weight_bytes_per_block=392960, allocated_weight_bytes=392960, variant=C, eviction_bytes=67108864, active_logical_cpus=8
command[28/960]="D:\Install\Dev\Projects\IA\Ejercise\cpu-native-arch\build\cpu_native_q4_probe.exe" --cpu 0 --K 512 --target-kib 384 --depth 16 --variant A --iterations 1 --repetitions 2 --warmup 1
T0 scalar Q4 throughput probe; not an exact model-kernel equivalence claim
shape m=1228 K=512, target_kib=384, actual_weight_bytes_per_block=392960, allocated_weight_bytes=392960, variant=A, eviction_bytes=0, active_logical_cpus=8
command[29/960]="D:\Install\Dev\Projects\IA\Ejercise\cpu-native-arch\build\cpu_native_q4_probe.exe" --cpu 0 --K 512 --target-kib 384 --depth 16 --variant B --iterations 1 --repetitions 2 --warmup 1
T0 scalar Q4 throughput probe; not an exact model-kernel equivalence claim
shape m=1228 K=512, target_kib=384, actual_weight_bytes_per_block=392960, allocated_weight_bytes=6287360, variant=B, eviction_bytes=0, active_logical_cpus=8
command[30/960]="D:\Install\Dev\Projects\IA\Ejercise\cpu-native-arch\build\cpu_native_q4_probe.exe" --cpu 0 --K 512 --target-kib 384 --depth 16 --variant C --iterations 1 --repetitions 2 --warmup 1
T0 scalar Q4 throughput probe; not an exact model-kernel equivalence claim
shape m=1228 K=512, target_kib=384, actual_weight_bytes_per_block=392960, allocated_weight_bytes=392960, variant=C, eviction_bytes=67108864, active_logical_cpus=8
command[31/960]="D:\Install\Dev\Projects\IA\Ejercise\cpu-native-arch\build\cpu_native_q4_probe.exe" --cpu 0 --K 512 --target-kib 512 --depth 1 --variant A --iterations 1 --repetitions 2 --warmup 1
T0 scalar Q4 throughput probe; not an exact model-kernel equivalence claim
shape m=1638 K=512, target_kib=512, actual_weight_bytes_per_block=524160, allocated_weight_bytes=524160, variant=A, eviction_bytes=0, active_logical_cpus=8
command[32/960]="D:\Install\Dev\Projects\IA\Ejercise\cpu-native-arch\build\cpu_native_q4_probe.exe" --cpu 0 --K 512 --target-kib 512 --depth 1 --variant B --iterations 1 --repetitions 2 --warmup 1
T0 scalar Q4 throughput probe; not an exact model-kernel equivalence claim
shape m=1638 K=512, target_kib=512, actual_weight_bytes_per_block=524160, allocated_weight_bytes=524160, variant=B, eviction_bytes=0, active_logical_cpus=8
command[33/960]="D:\Install\Dev\Projects\IA\Ejercise\cpu-native-arch\build\cpu_native_q4_probe.exe" --cpu 0 --K 512 --target-kib 512 --depth 1 --variant C --iterations 1 --repetitions 2 --warmup 1
T0 scalar Q4 throughput probe; not an exact model-kernel equivalence claim
shape m=1638 K=512, target_kib=512, actual_weight_bytes_per_block=524160, allocated_weight_bytes=524160, variant=C, eviction_bytes=67108864, active_logical_cpus=8
command[34/960]="D:\Install\Dev\Projects\IA\Ejercise\cpu-native-arch\build\cpu_native_q4_probe.exe" --cpu 0 --K 512 --target-kib 512 --depth 2 --variant A --iterations 1 --repetitions 2 --warmup 1
T0 scalar Q4 throughput probe; not an exact model-kernel equivalence claim
shape m=1638 K=512, target_kib=512, actual_weight_bytes_per_block=524160, allocated_weight_bytes=524160, variant=A, eviction_bytes=0, active_logical_cpus=8
command[35/960]="D:\Install\Dev\Projects\IA\Ejercise\cpu-native-arch\build\cpu_native_q4_probe.exe" --cpu 0 --K 512 --target-kib 512 --depth 2 --variant B --iterations 1 --repetitions 2 --warmup 1
T0 scalar Q4 throughput probe; not an exact model-kernel equivalence claim
shape m=1638 K=512, target_kib=512, actual_weight_bytes_per_block=524160, allocated_weight_bytes=1048320, variant=B, eviction_bytes=0, active_logical_cpus=8
command[36/960]="D:\Install\Dev\Projects\IA\Ejercise\cpu-native-arch\build\cpu_native_q4_probe.exe" --cpu 0 --K 512 --target-kib 512 --depth 2 --variant C --iterations 1 --repetitions 2 --warmup 1
T0 scalar Q4 throughput probe; not an exact model-kernel equivalence claim
shape m=1638 K=512, target_kib=512, actual_weight_bytes_per_block=524160, allocated_weight_bytes=524160, variant=C, eviction_bytes=67108864, active_logical_cpus=8
command[37/960]="D:\Install\Dev\Projects\IA\Ejercise\cpu-native-arch\build\cpu_native_q4_probe.exe" --cpu 0 --K 512 --target-kib 512 --depth 4 --variant A --iterations 1 --repetitions 2 --warmup 1
T0 scalar Q4 throughput probe; not an exact model-kernel equivalence claim
shape m=1638 K=512, target_kib=512, actual_weight_bytes_per_block=524160, allocated_weight_bytes=524160, variant=A, eviction_bytes=0, active_logical_cpus=8
command[38/960]="D:\Install\Dev\Projects\IA\Ejercise\cpu-native-arch\build\cpu_native_q4_probe.exe" --cpu 0 --K 512 --target-kib 512 --depth 4 --variant B --iterations 1 --repetitions 2 --warmup 1
T0 scalar Q4 throughput probe; not an exact model-kernel equivalence claim
shape m=1638 K=512, target_kib=512, actual_weight_bytes_per_block=524160, allocated_weight_bytes=2096640, variant=B, eviction_bytes=0, active_logical_cpus=8
command[39/960]="D:\Install\Dev\Projects\IA\Ejercise\cpu-native-arch\build\cpu_native_q4_probe.exe" --cpu 0 --K 512 --target-kib 512 --depth 4 --variant C --iterations 1 --repetitions 2 --warmup 1
T0 scalar Q4 throughput probe; not an exact model-kernel equivalence claim
shape m=1638 K=512, target_kib=512, actual_weight_bytes_per_block=524160, allocated_weight_bytes=524160, variant=C, eviction_bytes=67108864, active_logical_cpus=8
command[40/960]="D:\Install\Dev\Projects\IA\Ejercise\cpu-native-arch\build\cpu_native_q4_probe.exe" --cpu 0 --K 512 --target-kib 512 --depth 8 --variant A --iterations 1 --repetitions 2 --warmup 1
T0 scalar Q4 throughput probe; not an exact model-kernel equivalence claim
shape m=1638 K=512, target_kib=512, actual_weight_bytes_per_block=524160, allocated_weight_bytes=524160, variant=A, eviction_bytes=0, active_logical_cpus=8
command[41/960]="D:\Install\Dev\Projects\IA\Ejercise\cpu-native-arch\build\cpu_native_q4_probe.exe" --cpu 0 --K 512 --target-kib 512 --depth 8 --variant B --iterations 1 --repetitions 2 --warmup 1
T0 scalar Q4 throughput probe; not an exact model-kernel equivalence claim
shape m=1638 K=512, target_kib=512, actual_weight_bytes_per_block=524160, allocated_weight_bytes=4193280, variant=B, eviction_bytes=0, active_logical_cpus=8
command[42/960]="D:\Install\Dev\Projects\IA\Ejercise\cpu-native-arch\build\cpu_native_q4_probe.exe" --cpu 0 --K 512 --target-kib 512 --depth 8 --variant C --iterations 1 --repetitions 2 --warmup 1
T0 scalar Q4 throughput probe; not an exact model-kernel equivalence claim
shape m=1638 K=512, target_kib=512, actual_weight_bytes_per_block=524160, allocated_weight_bytes=524160, variant=C, eviction_bytes=67108864, active_logical_cpus=8
command[43/960]="D:\Install\Dev\Projects\IA\Ejercise\cpu-native-arch\build\cpu_native_q4_probe.exe" --cpu 0 --K 512 --target-kib 512 --depth 16 --variant A --iterations 1 --repetitions 2 --warmup 1
T0 scalar Q4 throughput probe; not an exact model-kernel equivalence claim
shape m=1638 K=512, target_kib=512, actual_weight_bytes_per_block=524160, allocated_weight_bytes=524160, variant=A, eviction_bytes=0, active_logical_cpus=8
command[44/960]="D:\Install\Dev\Projects\IA\Ejercise\cpu-native-arch\build\cpu_native_q4_probe.exe" --cpu 0 --K 512 --target-kib 512 --depth 16 --variant B --iterations 1 --repetitions 2 --warmup 1
T0 scalar Q4 throughput probe; not an exact model-kernel equivalence claim
shape m=1638 K=512, target_kib=512, actual_weight_bytes_per_block=524160, allocated_weight_bytes=8386560, variant=B, eviction_bytes=0, active_logical_cpus=8
command[45/960]="D:\Install\Dev\Projects\IA\Ejercise\cpu-native-arch\build\cpu_native_q4_probe.exe" --cpu 0 --K 512 --target-kib 512 --depth 16 --variant C --iterations 1 --repetitions 2 --warmup 1
T0 scalar Q4 throughput probe; not an exact model-kernel equivalence claim
shape m=1638 K=512, target_kib=512, actual_weight_bytes_per_block=524160, allocated_weight_bytes=524160, variant=C, eviction_bytes=67108864, active_logical_cpus=8
command[46/960]="D:\Install\Dev\Projects\IA\Ejercise\cpu-native-arch\build\cpu_native_q4_probe.exe" --cpu 0 --K 512 --target-kib 640 --depth 1 --variant A --iterations 1 --repetitions 2 --warmup 1
T0 scalar Q4 throughput probe; not an exact model-kernel equivalence claim
shape m=2048 K=512, target_kib=640, actual_weight_bytes_per_block=655360, allocated_weight_bytes=655360, variant=A, eviction_bytes=0, active_logical_cpus=8
command[47/960]="D:\Install\Dev\Projects\IA\Ejercise\cpu-native-arch\build\cpu_native_q4_probe.exe" --cpu 0 --K 512 --target-kib 640 --depth 1 --variant B --iterations 1 --repetitions 2 --warmup 1
T0 scalar Q4 throughput probe; not an exact model-kernel equivalence claim
shape m=2048 K=512, target_kib=640, actual_weight_bytes_per_block=655360, allocated_weight_bytes=655360, variant=B, eviction_bytes=0, active_logical_cpus=8
command[48/960]="D:\Install\Dev\Projects\IA\Ejercise\cpu-native-arch\build\cpu_native_q4_probe.exe" --cpu 0 --K 512 --target-kib 640 --depth 1 --variant C --iterations 1 --repetitions 2 --warmup 1
T0 scalar Q4 throughput probe; not an exact model-kernel equivalence claim
shape m=2048 K=512, target_kib=640, actual_weight_bytes_per_block=655360, allocated_weight_bytes=655360, variant=C, eviction_bytes=67108864, active_logical_cpus=8
command[49/960]="D:\Install\Dev\Projects\IA\Ejercise\cpu-native-arch\build\cpu_native_q4_probe.exe" --cpu 0 --K 512 --target-kib 640 --depth 2 --variant A --iterations 1 --repetitions 2 --warmup 1
T0 scalar Q4 throughput probe; not an exact model-kernel equivalence claim
shape m=2048 K=512, target_kib=640, actual_weight_bytes_per_block=655360, allocated_weight_bytes=655360, variant=A, eviction_bytes=0, active_logical_cpus=8
command[50/960]="D:\Install\Dev\Projects\IA\Ejercise\cpu-native-arch\build\cpu_native_q4_probe.exe" --cpu 0 --K 512 --target-kib 640 --depth 2 --variant B --iterations 1 --repetitions 2 --warmup 1
T0 scalar Q4 throughput probe; not an exact model-kernel equivalence claim
shape m=2048 K=512, target_kib=640, actual_weight_bytes_per_block=655360, allocated_weight_bytes=1310720, variant=B, eviction_bytes=0, active_logical_cpus=8
command[51/960]="D:\Install\Dev\Projects\IA\Ejercise\cpu-native-arch\build\cpu_native_q4_probe.exe" --cpu 0 --K 512 --target-kib 640 --depth 2 --variant C --iterations 1 --repetitions 2 --warmup 1
T0 scalar Q4 throughput probe; not an exact model-kernel equivalence claim
shape m=2048 K=512, target_kib=640, actual_weight_bytes_per_block=655360, allocated_weight_bytes=655360, variant=C, eviction_bytes=67108864, active_logical_cpus=8
command[52/960]="D:\Install\Dev\Projects\IA\Ejercise\cpu-native-arch\build\cpu_native_q4_probe.exe" --cpu 0 --K 512 --target-kib 640 --depth 4 --variant A --iterations 1 --repetitions 2 --warmup 1
T0 scalar Q4 throughput probe; not an exact model-kernel equivalence claim
shape m=2048 K=512, target_kib=640, actual_weight_bytes_per_block=655360, allocated_weight_bytes=655360, variant=A, eviction_bytes=0, active_logical_cpus=8
command[53/960]="D:\Install\Dev\Projects\IA\Ejercise\cpu-native-arch\build\cpu_native_q4_probe.exe" --cpu 0 --K 512 --target-kib 640 --depth 4 --variant B --iterations 1 --repetitions 2 --warmup 1
T0 scalar Q4 throughput probe; not an exact model-kernel equivalence claim
shape m=2048 K=512, target_kib=640, actual_weight_bytes_per_block=655360, allocated_weight_bytes=2621440, variant=B, eviction_bytes=0, active_logical_cpus=8
command[54/960]="D:\Install\Dev\Projects\IA\Ejercise\cpu-native-arch\build\cpu_native_q4_probe.exe" --cpu 0 --K 512 --target-kib 640 --depth 4 --variant C --iterations 1 --repetitions 2 --warmup 1
T0 scalar Q4 throughput probe; not an exact model-kernel equivalence claim
shape m=2048 K=512, target_kib=640, actual_weight_bytes_per_block=655360, allocated_weight_bytes=655360, variant=C, eviction_bytes=67108864, active_logical_cpus=8
command[55/960]="D:\Install\Dev\Projects\IA\Ejercise\cpu-native-arch\build\cpu_native_q4_probe.exe" --cpu 0 --K 512 --target-kib 640 --depth 8 --variant A --iterations 1 --repetitions 2 --warmup 1
T0 scalar Q4 throughput probe; not an exact model-kernel equivalence claim
shape m=2048 K=512, target_kib=640, actual_weight_bytes_per_block=655360, allocated_weight_bytes=655360, variant=A, eviction_bytes=0, active_logical_cpus=8
command[56/960]="D:\Install\Dev\Projects\IA\Ejercise\cpu-native-arch\build\cpu_native_q4_probe.exe" --cpu 0 --K 512 --target-kib 640 --depth 8 --variant B --iterations 1 --repetitions 2 --warmup 1
T0 scalar Q4 throughput probe; not an exact model-kernel equivalence claim
shape m=2048 K=512, target_kib=640, actual_weight_bytes_per_block=655360, allocated_weight_bytes=5242880, variant=B, eviction_bytes=0, active_logical_cpus=8
command[57/960]="D:\Install\Dev\Projects\IA\Ejercise\cpu-native-arch\build\cpu_native_q4_probe.exe" --cpu 0 --K 512 --target-kib 640 --depth 8 --variant C --iterations 1 --repetitions 2 --warmup 1
T0 scalar Q4 throughput probe; not an exact model-kernel equivalence claim
shape m=2048 K=512, target_kib=640, actual_weight_bytes_per_block=655360, allocated_weight_bytes=655360, variant=C, eviction_bytes=67108864, active_logical_cpus=8
command[58/960]="D:\Install\Dev\Projects\IA\Ejercise\cpu-native-arch\build\cpu_native_q4_probe.exe" --cpu 0 --K 512 --target-kib 640 --depth 16 --variant A --iterations 1 --repetitions 2 --warmup 1
T0 scalar Q4 throughput probe; not an exact model-kernel equivalence claim
shape m=2048 K=512, target_kib=640, actual_weight_bytes_per_block=655360, allocated_weight_bytes=655360, variant=A, eviction_bytes=0, active_logical_cpus=8
command[59/960]="D:\Install\Dev\Projects\IA\Ejercise\cpu-native-arch\build\cpu_native_q4_probe.exe" --cpu 0 --K 512 --target-kib 640 --depth 16 --variant B --iterations 1 --repetitions 2 --warmup 1
T0 scalar Q4 throughput probe; not an exact model-kernel equivalence claim
shape m=2048 K=512, target_kib=640, actual_weight_bytes_per_block=655360, allocated_weight_bytes=10485760, variant=B, eviction_bytes=0, active_logical_cpus=8
command[60/960]="D:\Install\Dev\Projects\IA\Ejercise\cpu-native-arch\build\cpu_native_q4_probe.exe" --cpu 0 --K 512 --target-kib 640 --depth 16 --variant C --iterations 1 --repetitions 2 --warmup 1
T0 scalar Q4 throughput probe; not an exact model-kernel equivalence claim
shape m=2048 K=512, target_kib=640, actual_weight_bytes_per_block=655360, allocated_weight_bytes=655360, variant=C, eviction_bytes=67108864, active_logical_cpus=8
command[61/960]="D:\Install\Dev\Projects\IA\Ejercise\cpu-native-arch\build\cpu_native_q4_probe.exe" --cpu 0 --K 512 --target-kib 768 --depth 1 --variant A --iterations 1 --repetitions 2 --warmup 1
T0 scalar Q4 throughput probe; not an exact model-kernel equivalence claim
shape m=2457 K=512, target_kib=768, actual_weight_bytes_per_block=786240, allocated_weight_bytes=786240, variant=A, eviction_bytes=0, active_logical_cpus=8
command[62/960]="D:\Install\Dev\Projects\IA\Ejercise\cpu-native-arch\build\cpu_native_q4_probe.exe" --cpu 0 --K 512 --target-kib 768 --depth 1 --variant B --iterations 1 --repetitions 2 --warmup 1
T0 scalar Q4 throughput probe; not an exact model-kernel equivalence claim
shape m=2457 K=512, target_kib=768, actual_weight_bytes_per_block=786240, allocated_weight_bytes=786240, variant=B, eviction_bytes=0, active_logical_cpus=8
command[63/960]="D:\Install\Dev\Projects\IA\Ejercise\cpu-native-arch\build\cpu_native_q4_probe.exe" --cpu 0 --K 512 --target-kib 768 --depth 1 --variant C --iterations 1 --repetitions 2 --warmup 1
T0 scalar Q4 throughput probe; not an exact model-kernel equivalence claim
shape m=2457 K=512, target_kib=768, actual_weight_bytes_per_block=786240, allocated_weight_bytes=786240, variant=C, eviction_bytes=67108864, active_logical_cpus=8
command[64/960]="D:\Install\Dev\Projects\IA\Ejercise\cpu-native-arch\build\cpu_native_q4_probe.exe" --cpu 0 --K 512 --target-kib 768 --depth 2 --variant A --iterations 1 --repetitions 2 --warmup 1
T0 scalar Q4 throughput probe; not an exact model-kernel equivalence claim
shape m=2457 K=512, target_kib=768, actual_weight_bytes_per_block=786240, allocated_weight_bytes=786240, variant=A, eviction_bytes=0, active_logical_cpus=8
command[65/960]="D:\Install\Dev\Projects\IA\Ejercise\cpu-native-arch\build\cpu_native_q4_probe.exe" --cpu 0 --K 512 --target-kib 768 --depth 2 --variant B --iterations 1 --repetitions 2 --warmup 1
T0 scalar Q4 throughput probe; not an exact model-kernel equivalence claim
shape m=2457 K=512, target_kib=768, actual_weight_bytes_per_block=786240, allocated_weight_bytes=1572480, variant=B, eviction_bytes=0, active_logical_cpus=8
command[66/960]="D:\Install\Dev\Projects\IA\Ejercise\cpu-native-arch\build\cpu_native_q4_probe.exe" --cpu 0 --K 512 --target-kib 768 --depth 2 --variant C --iterations 1 --repetitions 2 --warmup 1
T0 scalar Q4 throughput probe; not an exact model-kernel equivalence claim
shape m=2457 K=512, target_kib=768, actual_weight_bytes_per_block=786240, allocated_weight_bytes=786240, variant=C, eviction_bytes=67108864, active_logical_cpus=8
command[67/960]="D:\Install\Dev\Projects\IA\Ejercise\cpu-native-arch\build\cpu_native_q4_probe.exe" --cpu 0 --K 512 --target-kib 768 --depth 4 --variant A --iterations 1 --repetitions 2 --warmup 1
T0 scalar Q4 throughput probe; not an exact model-kernel equivalence claim
shape m=2457 K=512, target_kib=768, actual_weight_bytes_per_block=786240, allocated_weight_bytes=786240, variant=A, eviction_bytes=0, active_logical_cpus=8
command[68/960]="D:\Install\Dev\Projects\IA\Ejercise\cpu-native-arch\build\cpu_native_q4_probe.exe" --cpu 0 --K 512 --target-kib 768 --depth 4 --variant B --iterations 1 --repetitions 2 --warmup 1
T0 scalar Q4 throughput probe; not an exact model-kernel equivalence claim
shape m=2457 K=512, target_kib=768, actual_weight_bytes_per_block=786240, allocated_weight_bytes=3144960, variant=B, eviction_bytes=0, active_logical_cpus=8
command[69/960]="D:\Install\Dev\Projects\IA\Ejercise\cpu-native-arch\build\cpu_native_q4_probe.exe" --cpu 0 --K 512 --target-kib 768 --depth 4 --variant C --iterations 1 --repetitions 2 --warmup 1
T0 scalar Q4 throughput probe; not an exact model-kernel equivalence claim
shape m=2457 K=512, target_kib=768, actual_weight_bytes_per_block=786240, allocated_weight_bytes=786240, variant=C, eviction_bytes=67108864, active_logical_cpus=8
command[70/960]="D:\Install\Dev\Projects\IA\Ejercise\cpu-native-arch\build\cpu_native_q4_probe.exe" --cpu 0 --K 512 --target-kib 768 --depth 8 --variant A --iterations 1 --repetitions 2 --warmup 1
T0 scalar Q4 throughput probe; not an exact model-kernel equivalence claim
shape m=2457 K=512, target_kib=768, actual_weight_bytes_per_block=786240, allocated_weight_bytes=786240, variant=A, eviction_bytes=0, active_logical_cpus=8
command[71/960]="D:\Install\Dev\Projects\IA\Ejercise\cpu-native-arch\build\cpu_native_q4_probe.exe" --cpu 0 --K 512 --target-kib 768 --depth 8 --variant B --iterations 1 --repetitions 2 --warmup 1
T0 scalar Q4 throughput probe; not an exact model-kernel equivalence claim
shape m=2457 K=512, target_kib=768, actual_weight_bytes_per_block=786240, allocated_weight_bytes=6289920, variant=B, eviction_bytes=0, active_logical_cpus=8
command[72/960]="D:\Install\Dev\Projects\IA\Ejercise\cpu-native-arch\build\cpu_native_q4_probe.exe" --cpu 0 --K 512 --target-kib 768 --depth 8 --variant C --iterations 1 --repetitions 2 --warmup 1
T0 scalar Q4 throughput probe; not an exact model-kernel equivalence claim
shape m=2457 K=512, target_kib=768, actual_weight_bytes_per_block=786240, allocated_weight_bytes=786240, variant=C, eviction_bytes=67108864, active_logical_cpus=8
command[73/960]="D:\Install\Dev\Projects\IA\Ejercise\cpu-native-arch\build\cpu_native_q4_probe.exe" --cpu 0 --K 512 --target-kib 768 --depth 16 --variant A --iterations 1 --repetitions 2 --warmup 1
T0 scalar Q4 throughput probe; not an exact model-kernel equivalence claim
shape m=2457 K=512, target_kib=768, actual_weight_bytes_per_block=786240, allocated_weight_bytes=786240, variant=A, eviction_bytes=0, active_logical_cpus=8
command[74/960]="D:\Install\Dev\Projects\IA\Ejercise\cpu-native-arch\build\cpu_native_q4_probe.exe" --cpu 0 --K 512 --target-kib 768 --depth 16 --variant B --iterations 1 --repetitions 2 --warmup 1
T0 scalar Q4 throughput probe; not an exact model-kernel equivalence claim
shape m=2457 K=512, target_kib=768, actual_weight_bytes_per_block=786240, allocated_weight_bytes=12579840, variant=B, eviction_bytes=0, active_logical_cpus=8
command[75/960]="D:\Install\Dev\Projects\IA\Ejercise\cpu-native-arch\build\cpu_native_q4_probe.exe" --cpu 0 --K 512 --target-kib 768 --depth 16 --variant C --iterations 1 --repetitions 2 --warmup 1
T0 scalar Q4 throughput probe; not an exact model-kernel equivalence claim
shape m=2457 K=512, target_kib=768, actual_weight_bytes_per_block=786240, allocated_weight_bytes=786240, variant=C, eviction_bytes=67108864, active_logical_cpus=8
command[76/960]="D:\Install\Dev\Projects\IA\Ejercise\cpu-native-arch\build\cpu_native_q4_probe.exe" --cpu 0 --K 512 --target-kib 896 --depth 1 --variant A --iterations 1 --repetitions 2 --warmup 1
T0 scalar Q4 throughput probe; not an exact model-kernel equivalence claim
shape m=2867 K=512, target_kib=896, actual_weight_bytes_per_block=917440, allocated_weight_bytes=917440, variant=A, eviction_bytes=0, active_logical_cpus=8
command[77/960]="D:\Install\Dev\Projects\IA\Ejercise\cpu-native-arch\build\cpu_native_q4_probe.exe" --cpu 0 --K 512 --target-kib 896 --depth 1 --variant B --iterations 1 --repetitions 2 --warmup 1
T0 scalar Q4 throughput probe; not an exact model-kernel equivalence claim
shape m=2867 K=512, target_kib=896, actual_weight_bytes_per_block=917440, allocated_weight_bytes=917440, variant=B, eviction_bytes=0, active_logical_cpus=8
command[78/960]="D:\Install\Dev\Projects\IA\Ejercise\cpu-native-arch\build\cpu_native_q4_probe.exe" --cpu 0 --K 512 --target-kib 896 --depth 1 --variant C --iterations 1 --repetitions 2 --warmup 1
T0 scalar Q4 throughput probe; not an exact model-kernel equivalence claim
shape m=2867 K=512, target_kib=896, actual_weight_bytes_per_block=917440, allocated_weight_bytes=917440, variant=C, eviction_bytes=67108864, active_logical_cpus=8
command[79/960]="D:\Install\Dev\Projects\IA\Ejercise\cpu-native-arch\build\cpu_native_q4_probe.exe" --cpu 0 --K 512 --target-kib 896 --depth 2 --variant A --iterations 1 --repetitions 2 --warmup 1
T0 scalar Q4 throughput probe; not an exact model-kernel equivalence claim
shape m=2867 K=512, target_kib=896, actual_weight_bytes_per_block=917440, allocated_weight_bytes=917440, variant=A, eviction_bytes=0, active_logical_cpus=8
command[80/960]="D:\Install\Dev\Projects\IA\Ejercise\cpu-native-arch\build\cpu_native_q4_probe.exe" --cpu 0 --K 512 --target-kib 896 --depth 2 --variant B --iterations 1 --repetitions 2 --warmup 1
T0 scalar Q4 throughput probe; not an exact model-kernel equivalence claim
shape m=2867 K=512, target_kib=896, actual_weight_bytes_per_block=917440, allocated_weight_bytes=1834880, variant=B, eviction_bytes=0, active_logical_cpus=8
command[81/960]="D:\Install\Dev\Projects\IA\Ejercise\cpu-native-arch\build\cpu_native_q4_probe.exe" --cpu 0 --K 512 --target-kib 896 --depth 2 --variant C --iterations 1 --repetitions 2 --warmup 1
T0 scalar Q4 throughput probe; not an exact model-kernel equivalence claim
shape m=2867 K=512, target_kib=896, actual_weight_bytes_per_block=917440, allocated_weight_bytes=917440, variant=C, eviction_bytes=67108864, active_logical_cpus=8
command[82/960]="D:\Install\Dev\Projects\IA\Ejercise\cpu-native-arch\build\cpu_native_q4_probe.exe" --cpu 0 --K 512 --target-kib 896 --depth 4 --variant A --iterations 1 --repetitions 2 --warmup 1
T0 scalar Q4 throughput probe; not an exact model-kernel equivalence claim
shape m=2867 K=512, target_kib=896, actual_weight_bytes_per_block=917440, allocated_weight_bytes=917440, variant=A, eviction_bytes=0, active_logical_cpus=8
command[83/960]="D:\Install\Dev\Projects\IA\Ejercise\cpu-native-arch\build\cpu_native_q4_probe.exe" --cpu 0 --K 512 --target-kib 896 --depth 4 --variant B --iterations 1 --repetitions 2 --warmup 1
T0 scalar Q4 throughput probe; not an exact model-kernel equivalence claim
shape m=2867 K=512, target_kib=896, actual_weight_bytes_per_block=917440, allocated_weight_bytes=3669760, variant=B, eviction_bytes=0, active_logical_cpus=8
command[84/960]="D:\Install\Dev\Projects\IA\Ejercise\cpu-native-arch\build\cpu_native_q4_probe.exe" --cpu 0 --K 512 --target-kib 896 --depth 4 --variant C --iterations 1 --repetitions 2 --warmup 1
T0 scalar Q4 throughput probe; not an exact model-kernel equivalence claim
shape m=2867 K=512, target_kib=896, actual_weight_bytes_per_block=917440, allocated_weight_bytes=917440, variant=C, eviction_bytes=67108864, active_logical_cpus=8
command[85/960]="D:\Install\Dev\Projects\IA\Ejercise\cpu-native-arch\build\cpu_native_q4_probe.exe" --cpu 0 --K 512 --target-kib 896 --depth 8 --variant A --iterations 1 --repetitions 2 --warmup 1
T0 scalar Q4 throughput probe; not an exact model-kernel equivalence claim
shape m=2867 K=512, target_kib=896, actual_weight_bytes_per_block=917440, allocated_weight_bytes=917440, variant=A, eviction_bytes=0, active_logical_cpus=8
command[86/960]="D:\Install\Dev\Projects\IA\Ejercise\cpu-native-arch\build\cpu_native_q4_probe.exe" --cpu 0 --K 512 --target-kib 896 --depth 8 --variant B --iterations 1 --repetitions 2 --warmup 1
T0 scalar Q4 throughput probe; not an exact model-kernel equivalence claim
shape m=2867 K=512, target_kib=896, actual_weight_bytes_per_block=917440, allocated_weight_bytes=7339520, variant=B, eviction_bytes=0, active_logical_cpus=8
command[87/960]="D:\Install\Dev\Projects\IA\Ejercise\cpu-native-arch\build\cpu_native_q4_probe.exe" --cpu 0 --K 512 --target-kib 896 --depth 8 --variant C --iterations 1 --repetitions 2 --warmup 1
T0 scalar Q4 throughput probe; not an exact model-kernel equivalence claim
shape m=2867 K=512, target_kib=896, actual_weight_bytes_per_block=917440, allocated_weight_bytes=917440, variant=C, eviction_bytes=67108864, active_logical_cpus=8
command[88/960]="D:\Install\Dev\Projects\IA\Ejercise\cpu-native-arch\build\cpu_native_q4_probe.exe" --cpu 0 --K 512 --target-kib 896 --depth 16 --variant A --iterations 1 --repetitions 2 --warmup 1
T0 scalar Q4 throughput probe; not an exact model-kernel equivalence claim
shape m=2867 K=512, target_kib=896, actual_weight_bytes_per_block=917440, allocated_weight_bytes=917440, variant=A, eviction_bytes=0, active_logical_cpus=8
command[89/960]="D:\Install\Dev\Projects\IA\Ejercise\cpu-native-arch\build\cpu_native_q4_probe.exe" --cpu 0 --K 512 --target-kib 896 --depth 16 --variant B --iterations 1 --repetitions 2 --warmup 1
T0 scalar Q4 throughput probe; not an exact model-kernel equivalence claim
shape m=2867 K=512, target_kib=896, actual_weight_bytes_per_block=917440, allocated_weight_bytes=14679040, variant=B, eviction_bytes=0, active_logical_cpus=8
command[90/960]="D:\Install\Dev\Projects\IA\Ejercise\cpu-native-arch\build\cpu_native_q4_probe.exe" --cpu 0 --K 512 --target-kib 896 --depth 16 --variant C --iterations 1 --repetitions 2 --warmup 1
T0 scalar Q4 throughput probe; not an exact model-kernel equivalence claim
shape m=2867 K=512, target_kib=896, actual_weight_bytes_per_block=917440, allocated_weight_bytes=917440, variant=C, eviction_bytes=67108864, active_logical_cpus=8
command[91/960]="D:\Install\Dev\Projects\IA\Ejercise\cpu-native-arch\build\cpu_native_q4_probe.exe" --cpu 0 --K 512 --target-kib 1024 --depth 1 --variant A --iterations 1 --repetitions 2 --warmup 1
T0 scalar Q4 throughput probe; not an exact model-kernel equivalence claim
shape m=3276 K=512, target_kib=1024, actual_weight_bytes_per_block=1048320, allocated_weight_bytes=1048320, variant=A, eviction_bytes=0, active_logical_cpus=8
command[92/960]="D:\Install\Dev\Projects\IA\Ejercise\cpu-native-arch\build\cpu_native_q4_probe.exe" --cpu 0 --K 512 --target-kib 1024 --depth 1 --variant B --iterations 1 --repetitions 2 --warmup 1
T0 scalar Q4 throughput probe; not an exact model-kernel equivalence claim
shape m=3276 K=512, target_kib=1024, actual_weight_bytes_per_block=1048320, allocated_weight_bytes=1048320, variant=B, eviction_bytes=0, active_logical_cpus=8
command[93/960]="D:\Install\Dev\Projects\IA\Ejercise\cpu-native-arch\build\cpu_native_q4_probe.exe" --cpu 0 --K 512 --target-kib 1024 --depth 1 --variant C --iterations 1 --repetitions 2 --warmup 1
T0 scalar Q4 throughput probe; not an exact model-kernel equivalence claim
shape m=3276 K=512, target_kib=1024, actual_weight_bytes_per_block=1048320, allocated_weight_bytes=1048320, variant=C, eviction_bytes=67108864, active_logical_cpus=8
command[94/960]="D:\Install\Dev\Projects\IA\Ejercise\cpu-native-arch\build\cpu_native_q4_probe.exe" --cpu 0 --K 512 --target-kib 1024 --depth 2 --variant A --iterations 1 --repetitions 2 --warmup 1
T0 scalar Q4 throughput probe; not an exact model-kernel equivalence claim
shape m=3276 K=512, target_kib=1024, actual_weight_bytes_per_block=1048320, allocated_weight_bytes=1048320, variant=A, eviction_bytes=0, active_logical_cpus=8
command[95/960]="D:\Install\Dev\Projects\IA\Ejercise\cpu-native-arch\build\cpu_native_q4_probe.exe" --cpu 0 --K 512 --target-kib 1024 --depth 2 --variant B --iterations 1 --repetitions 2 --warmup 1
T0 scalar Q4 throughput probe; not an exact model-kernel equivalence claim
shape m=3276 K=512, target_kib=1024, actual_weight_bytes_per_block=1048320, allocated_weight_bytes=2096640, variant=B, eviction_bytes=0, active_logical_cpus=8
command[96/960]="D:\Install\Dev\Projects\IA\Ejercise\cpu-native-arch\build\cpu_native_q4_probe.exe" --cpu 0 --K 512 --target-kib 1024 --depth 2 --variant C --iterations 1 --repetitions 2 --warmup 1
T0 scalar Q4 throughput probe; not an exact model-kernel equivalence claim
shape m=3276 K=512, target_kib=1024, actual_weight_bytes_per_block=1048320, allocated_weight_bytes=1048320, variant=C, eviction_bytes=67108864, active_logical_cpus=8
command[97/960]="D:\Install\Dev\Projects\IA\Ejercise\cpu-native-arch\build\cpu_native_q4_probe.exe" --cpu 0 --K 512 --target-kib 1024 --depth 4 --variant A --iterations 1 --repetitions 2 --warmup 1
T0 scalar Q4 throughput probe; not an exact model-kernel equivalence claim
shape m=3276 K=512, target_kib=1024, actual_weight_bytes_per_block=1048320, allocated_weight_bytes=1048320, variant=A, eviction_bytes=0, active_logical_cpus=8
command[98/960]="D:\Install\Dev\Projects\IA\Ejercise\cpu-native-arch\build\cpu_native_q4_probe.exe" --cpu 0 --K 512 --target-kib 1024 --depth 4 --variant B --iterations 1 --repetitions 2 --warmup 1
T0 scalar Q4 throughput probe; not an exact model-kernel equivalence claim
shape m=3276 K=512, target_kib=1024, actual_weight_bytes_per_block=1048320, allocated_weight_bytes=4193280, variant=B, eviction_bytes=0, active_logical_cpus=8
command[99/960]="D:\Install\Dev\Projects\IA\Ejercise\cpu-native-arch\build\cpu_native_q4_probe.exe" --cpu 0 --K 512 --target-kib 1024 --depth 4 --variant C --iterations 1 --repetitions 2 --warmup 1
T0 scalar Q4 throughput probe; not an exact model-kernel equivalence claim
shape m=3276 K=512, target_kib=1024, actual_weight_bytes_per_block=1048320, allocated_weight_bytes=1048320, variant=C, eviction_bytes=67108864, active_logical_cpus=8
command[100/960]="D:\Install\Dev\Projects\IA\Ejercise\cpu-native-arch\build\cpu_native_q4_probe.exe" --cpu 0 --K 512 --target-kib 1024 --depth 8 --variant A --iterations 1 --repetitions 2 --warmup 1
T0 scalar Q4 throughput probe; not an exact model-kernel equivalence claim
shape m=3276 K=512, target_kib=1024, actual_weight_bytes_per_block=1048320, allocated_weight_bytes=1048320, variant=A, eviction_bytes=0, active_logical_cpus=8
command[101/960]="D:\Install\Dev\Projects\IA\Ejercise\cpu-native-arch\build\cpu_native_q4_probe.exe" --cpu 0 --K 512 --target-kib 1024 --depth 8 --variant B --iterations 1 --repetitions 2 --warmup 1
T0 scalar Q4 throughput probe; not an exact model-kernel equivalence claim
shape m=3276 K=512, target_kib=1024, actual_weight_bytes_per_block=1048320, allocated_weight_bytes=8386560, variant=B, eviction_bytes=0, active_logical_cpus=8
command[102/960]="D:\Install\Dev\Projects\IA\Ejercise\cpu-native-arch\build\cpu_native_q4_probe.exe" --cpu 0 --K 512 --target-kib 1024 --depth 8 --variant C --iterations 1 --repetitions 2 --warmup 1
T0 scalar Q4 throughput probe; not an exact model-kernel equivalence claim
shape m=3276 K=512, target_kib=1024, actual_weight_bytes_per_block=1048320, allocated_weight_bytes=1048320, variant=C, eviction_bytes=67108864, active_logical_cpus=8
command[103/960]="D:\Install\Dev\Projects\IA\Ejercise\cpu-native-arch\build\cpu_native_q4_probe.exe" --cpu 0 --K 512 --target-kib 1024 --depth 16 --variant A --iterations 1 --repetitions 2 --warmup 1
T0 scalar Q4 throughput probe; not an exact model-kernel equivalence claim
shape m=3276 K=512, target_kib=1024, actual_weight_bytes_per_block=1048320, allocated_weight_bytes=1048320, variant=A, eviction_bytes=0, active_logical_cpus=8
command[104/960]="D:\Install\Dev\Projects\IA\Ejercise\cpu-native-arch\build\cpu_native_q4_probe.exe" --cpu 0 --K 512 --target-kib 1024 --depth 16 --variant B --iterations 1 --repetitions 2 --warmup 1
T0 scalar Q4 throughput probe; not an exact model-kernel equivalence claim
shape m=3276 K=512, target_kib=1024, actual_weight_bytes_per_block=1048320, allocated_weight_bytes=16773120, variant=B, eviction_bytes=0, active_logical_cpus=8
command[105/960]="D:\Install\Dev\Projects\IA\Ejercise\cpu-native-arch\build\cpu_native_q4_probe.exe" --cpu 0 --K 512 --target-kib 1024 --depth 16 --variant C --iterations 1 --repetitions 2 --warmup 1
T0 scalar Q4 throughput probe; not an exact model-kernel equivalence claim
shape m=3276 K=512, target_kib=1024, actual_weight_bytes_per_block=1048320, allocated_weight_bytes=1048320, variant=C, eviction_bytes=67108864, active_logical_cpus=8
command[106/960]="D:\Install\Dev\Projects\IA\Ejercise\cpu-native-arch\build\cpu_native_q4_probe.exe" --cpu 0 --K 512 --target-kib 1280 --depth 1 --variant A --iterations 1 --repetitions 2 --warmup 1
T0 scalar Q4 throughput probe; not an exact model-kernel equivalence claim
shape m=4096 K=512, target_kib=1280, actual_weight_bytes_per_block=1310720, allocated_weight_bytes=1310720, variant=A, eviction_bytes=0, active_logical_cpus=8
command[107/960]="D:\Install\Dev\Projects\IA\Ejercise\cpu-native-arch\build\cpu_native_q4_probe.exe" --cpu 0 --K 512 --target-kib 1280 --depth 1 --variant B --iterations 1 --repetitions 2 --warmup 1
T0 scalar Q4 throughput probe; not an exact model-kernel equivalence claim
shape m=4096 K=512, target_kib=1280, actual_weight_bytes_per_block=1310720, allocated_weight_bytes=1310720, variant=B, eviction_bytes=0, active_logical_cpus=8
command[108/960]="D:\Install\Dev\Projects\IA\Ejercise\cpu-native-arch\build\cpu_native_q4_probe.exe" --cpu 0 --K 512 --target-kib 1280 --depth 1 --variant C --iterations 1 --repetitions 2 --warmup 1
T0 scalar Q4 throughput probe; not an exact model-kernel equivalence claim
shape m=4096 K=512, target_kib=1280, actual_weight_bytes_per_block=1310720, allocated_weight_bytes=1310720, variant=C, eviction_bytes=67108864, active_logical_cpus=8
command[109/960]="D:\Install\Dev\Projects\IA\Ejercise\cpu-native-arch\build\cpu_native_q4_probe.exe" --cpu 0 --K 512 --target-kib 1280 --depth 2 --variant A --iterations 1 --repetitions 2 --warmup 1
T0 scalar Q4 throughput probe; not an exact model-kernel equivalence claim
shape m=4096 K=512, target_kib=1280, actual_weight_bytes_per_block=1310720, allocated_weight_bytes=1310720, variant=A, eviction_bytes=0, active_logical_cpus=8
command[110/960]="D:\Install\Dev\Projects\IA\Ejercise\cpu-native-arch\build\cpu_native_q4_probe.exe" --cpu 0 --K 512 --target-kib 1280 --depth 2 --variant B --iterations 1 --repetitions 2 --warmup 1
T0 scalar Q4 throughput probe; not an exact model-kernel equivalence claim
shape m=4096 K=512, target_kib=1280, actual_weight_bytes_per_block=1310720, allocated_weight_bytes=2621440, variant=B, eviction_bytes=0, active_logical_cpus=8
command[111/960]="D:\Install\Dev\Projects\IA\Ejercise\cpu-native-arch\build\cpu_native_q4_probe.exe" --cpu 0 --K 512 --target-kib 1280 --depth 2 --variant C --iterations 1 --repetitions 2 --warmup 1
T0 scalar Q4 throughput probe; not an exact model-kernel equivalence claim
shape m=4096 K=512, target_kib=1280, actual_weight_bytes_per_block=1310720, allocated_weight_bytes=1310720, variant=C, eviction_bytes=67108864, active_logical_cpus=8
command[112/960]="D:\Install\Dev\Projects\IA\Ejercise\cpu-native-arch\build\cpu_native_q4_probe.exe" --cpu 0 --K 512 --target-kib 1280 --depth 4 --variant A --iterations 1 --repetitions 2 --warmup 1
T0 scalar Q4 throughput probe; not an exact model-kernel equivalence claim
shape m=4096 K=512, target_kib=1280, actual_weight_bytes_per_block=1310720, allocated_weight_bytes=1310720, variant=A, eviction_bytes=0, active_logical_cpus=8
command[113/960]="D:\Install\Dev\Projects\IA\Ejercise\cpu-native-arch\build\cpu_native_q4_probe.exe" --cpu 0 --K 512 --target-kib 1280 --depth 4 --variant B --iterations 1 --repetitions 2 --warmup 1
T0 scalar Q4 throughput probe; not an exact model-kernel equivalence claim
shape m=4096 K=512, target_kib=1280, actual_weight_bytes_per_block=1310720, allocated_weight_bytes=5242880, variant=B, eviction_bytes=0, active_logical_cpus=8
command[114/960]="D:\Install\Dev\Projects\IA\Ejercise\cpu-native-arch\build\cpu_native_q4_probe.exe" --cpu 0 --K 512 --target-kib 1280 --depth 4 --variant C --iterations 1 --repetitions 2 --warmup 1
T0 scalar Q4 throughput probe; not an exact model-kernel equivalence claim
shape m=4096 K=512, target_kib=1280, actual_weight_bytes_per_block=1310720, allocated_weight_bytes=1310720, variant=C, eviction_bytes=67108864, active_logical_cpus=8
command[115/960]="D:\Install\Dev\Projects\IA\Ejercise\cpu-native-arch\build\cpu_native_q4_probe.exe" --cpu 0 --K 512 --target-kib 1280 --depth 8 --variant A --iterations 1 --repetitions 2 --warmup 1
T0 scalar Q4 throughput probe; not an exact model-kernel equivalence claim
shape m=4096 K=512, target_kib=1280, actual_weight_bytes_per_block=1310720, allocated_weight_bytes=1310720, variant=A, eviction_bytes=0, active_logical_cpus=8
command[116/960]="D:\Install\Dev\Projects\IA\Ejercise\cpu-native-arch\build\cpu_native_q4_probe.exe" --cpu 0 --K 512 --target-kib 1280 --depth 8 --variant B --iterations 1 --repetitions 2 --warmup 1
T0 scalar Q4 throughput probe; not an exact model-kernel equivalence claim
shape m=4096 K=512, target_kib=1280, actual_weight_bytes_per_block=1310720, allocated_weight_bytes=10485760, variant=B, eviction_bytes=0, active_logical_cpus=8
command[117/960]="D:\Install\Dev\Projects\IA\Ejercise\cpu-native-arch\build\cpu_native_q4_probe.exe" --cpu 0 --K 512 --target-kib 1280 --depth 8 --variant C --iterations 1 --repetitions 2 --warmup 1
T0 scalar Q4 throughput probe; not an exact model-kernel equivalence claim
shape m=4096 K=512, target_kib=1280, actual_weight_bytes_per_block=1310720, allocated_weight_bytes=1310720, variant=C, eviction_bytes=67108864, active_logical_cpus=8
command[118/960]="D:\Install\Dev\Projects\IA\Ejercise\cpu-native-arch\build\cpu_native_q4_probe.exe" --cpu 0 --K 512 --target-kib 1280 --depth 16 --variant A --iterations 1 --repetitions 2 --warmup 1
T0 scalar Q4 throughput probe; not an exact model-kernel equivalence claim
shape m=4096 K=512, target_kib=1280, actual_weight_bytes_per_block=1310720, allocated_weight_bytes=1310720, variant=A, eviction_bytes=0, active_logical_cpus=8
command[119/960]="D:\Install\Dev\Projects\IA\Ejercise\cpu-native-arch\build\cpu_native_q4_probe.exe" --cpu 0 --K 512 --target-kib 1280 --depth 16 --variant B --iterations 1 --repetitions 2 --warmup 1
T0 scalar Q4 throughput probe; not an exact model-kernel equivalence claim
shape m=4096 K=512, target_kib=1280, actual_weight_bytes_per_block=1310720, allocated_weight_bytes=20971520, variant=B, eviction_bytes=0, active_logical_cpus=8
command[120/960]="D:\Install\Dev\Projects\IA\Ejercise\cpu-native-arch\build\cpu_native_q4_probe.exe" --cpu 0 --K 512 --target-kib 1280 --depth 16 --variant C --iterations 1 --repetitions 2 --warmup 1
T0 scalar Q4 throughput probe; not an exact model-kernel equivalence claim
shape m=4096 K=512, target_kib=1280, actual_weight_bytes_per_block=1310720, allocated_weight_bytes=1310720, variant=C, eviction_bytes=67108864, active_logical_cpus=8
command[121/960]="D:\Install\Dev\Projects\IA\Ejercise\cpu-native-arch\build\cpu_native_q4_probe.exe" --cpu 1 --K 512 --target-kib 256 --depth 1 --variant A --iterations 1 --repetitions 2 --warmup 1
T0 scalar Q4 throughput probe; not an exact model-kernel equivalence claim
shape m=819 K=512, target_kib=256, actual_weight_bytes_per_block=262080, allocated_weight_bytes=262080, variant=A, eviction_bytes=0, active_logical_cpus=8
command[122/960]="D:\Install\Dev\Projects\IA\Ejercise\cpu-native-arch\build\cpu_native_q4_probe.exe" --cpu 1 --K 512 --target-kib 256 --depth 1 --variant B --iterations 1 --repetitions 2 --warmup 1
T0 scalar Q4 throughput probe; not an exact model-kernel equivalence claim
shape m=819 K=512, target_kib=256, actual_weight_bytes_per_block=262080, allocated_weight_bytes=262080, variant=B, eviction_bytes=0, active_logical_cpus=8
command[123/960]="D:\Install\Dev\Projects\IA\Ejercise\cpu-native-arch\build\cpu_native_q4_probe.exe" --cpu 1 --K 512 --target-kib 256 --depth 1 --variant C --iterations 1 --repetitions 2 --warmup 1
T0 scalar Q4 throughput probe; not an exact model-kernel equivalence claim
shape m=819 K=512, target_kib=256, actual_weight_bytes_per_block=262080, allocated_weight_bytes=262080, variant=C, eviction_bytes=67108864, active_logical_cpus=8
command[124/960]="D:\Install\Dev\Projects\IA\Ejercise\cpu-native-arch\build\cpu_native_q4_probe.exe" --cpu 1 --K 512 --target-kib 256 --depth 2 --variant A --iterations 1 --repetitions 2 --warmup 1
T0 scalar Q4 throughput probe; not an exact model-kernel equivalence claim
shape m=819 K=512, target_kib=256, actual_weight_bytes_per_block=262080, allocated_weight_bytes=262080, variant=A, eviction_bytes=0, active_logical_cpus=8
command[125/960]="D:\Install\Dev\Projects\IA\Ejercise\cpu-native-arch\build\cpu_native_q4_probe.exe" --cpu 1 --K 512 --target-kib 256 --depth 2 --variant B --iterations 1 --repetitions 2 --warmup 1
T0 scalar Q4 throughput probe; not an exact model-kernel equivalence claim
shape m=819 K=512, target_kib=256, actual_weight_bytes_per_block=262080, allocated_weight_bytes=524160, variant=B, eviction_bytes=0, active_logical_cpus=8
command[126/960]="D:\Install\Dev\Projects\IA\Ejercise\cpu-native-arch\build\cpu_native_q4_probe.exe" --cpu 1 --K 512 --target-kib 256 --depth 2 --variant C --iterations 1 --repetitions 2 --warmup 1
T0 scalar Q4 throughput probe; not an exact model-kernel equivalence claim
shape m=819 K=512, target_kib=256, actual_weight_bytes_per_block=262080, allocated_weight_bytes=262080, variant=C, eviction_bytes=67108864, active_logical_cpus=8
command[127/960]="D:\Install\Dev\Projects\IA\Ejercise\cpu-native-arch\build\cpu_native_q4_probe.exe" --cpu 1 --K 512 --target-kib 256 --depth 4 --variant A --iterations 1 --repetitions 2 --warmup 1
T0 scalar Q4 throughput probe; not an exact model-kernel equivalence claim
shape m=819 K=512, target_kib=256, actual_weight_bytes_per_block=262080, allocated_weight_bytes=262080, variant=A, eviction_bytes=0, active_logical_cpus=8
command[128/960]="D:\Install\Dev\Projects\IA\Ejercise\cpu-native-arch\build\cpu_native_q4_probe.exe" --cpu 1 --K 512 --target-kib 256 --depth 4 --variant B --iterations 1 --repetitions 2 --warmup 1
T0 scalar Q4 throughput probe; not an exact model-kernel equivalence claim
shape m=819 K=512, target_kib=256, actual_weight_bytes_per_block=262080, allocated_weight_bytes=1048320, variant=B, eviction_bytes=0, active_logical_cpus=8
command[129/960]="D:\Install\Dev\Projects\IA\Ejercise\cpu-native-arch\build\cpu_native_q4_probe.exe" --cpu 1 --K 512 --target-kib 256 --depth 4 --variant C --iterations 1 --repetitions 2 --warmup 1
T0 scalar Q4 throughput probe; not an exact model-kernel equivalence claim
shape m=819 K=512, target_kib=256, actual_weight_bytes_per_block=262080, allocated_weight_bytes=262080, variant=C, eviction_bytes=67108864, active_logical_cpus=8
command[130/960]="D:\Install\Dev\Projects\IA\Ejercise\cpu-native-arch\build\cpu_native_q4_probe.exe" --cpu 1 --K 512 --target-kib 256 --depth 8 --variant A --iterations 1 --repetitions 2 --warmup 1
T0 scalar Q4 throughput probe; not an exact model-kernel equivalence claim
shape m=819 K=512, target_kib=256, actual_weight_bytes_per_block=262080, allocated_weight_bytes=262080, variant=A, eviction_bytes=0, active_logical_cpus=8
command[131/960]="D:\Install\Dev\Projects\IA\Ejercise\cpu-native-arch\build\cpu_native_q4_probe.exe" --cpu 1 --K 512 --target-kib 256 --depth 8 --variant B --iterations 1 --repetitions 2 --warmup 1
T0 scalar Q4 throughput probe; not an exact model-kernel equivalence claim
shape m=819 K=512, target_kib=256, actual_weight_bytes_per_block=262080, allocated_weight_bytes=2096640, variant=B, eviction_bytes=0, active_logical_cpus=8
command[132/960]="D:\Install\Dev\Projects\IA\Ejercise\cpu-native-arch\build\cpu_native_q4_probe.exe" --cpu 1 --K 512 --target-kib 256 --depth 8 --variant C --iterations 1 --repetitions 2 --warmup 1
T0 scalar Q4 throughput probe; not an exact model-kernel equivalence claim
shape m=819 K=512, target_kib=256, actual_weight_bytes_per_block=262080, allocated_weight_bytes=262080, variant=C, eviction_bytes=67108864, active_logical_cpus=8
command[133/960]="D:\Install\Dev\Projects\IA\Ejercise\cpu-native-arch\build\cpu_native_q4_probe.exe" --cpu 1 --K 512 --target-kib 256 --depth 16 --variant A --iterations 1 --repetitions 2 --warmup 1
T0 scalar Q4 throughput probe; not an exact model-kernel equivalence claim
shape m=819 K=512, target_kib=256, actual_weight_bytes_per_block=262080, allocated_weight_bytes=262080, variant=A, eviction_bytes=0, active_logical_cpus=8
command[134/960]="D:\Install\Dev\Projects\IA\Ejercise\cpu-native-arch\build\cpu_native_q4_probe.exe" --cpu 1 --K 512 --target-kib 256 --depth 16 --variant B --iterations 1 --repetitions 2 --warmup 1
T0 scalar Q4 throughput probe; not an exact model-kernel equivalence claim
shape m=819 K=512, target_kib=256, actual_weight_bytes_per_block=262080, allocated_weight_bytes=4193280, variant=B, eviction_bytes=0, active_logical_cpus=8
command[135/960]="D:\Install\Dev\Projects\IA\Ejercise\cpu-native-arch\build\cpu_native_q4_probe.exe" --cpu 1 --K 512 --target-kib 256 --depth 16 --variant C --iterations 1 --repetitions 2 --warmup 1
T0 scalar Q4 throughput probe; not an exact model-kernel equivalence claim
shape m=819 K=512, target_kib=256, actual_weight_bytes_per_block=262080, allocated_weight_bytes=262080, variant=C, eviction_bytes=67108864, active_logical_cpus=8
command[136/960]="D:\Install\Dev\Projects\IA\Ejercise\cpu-native-arch\build\cpu_native_q4_probe.exe" --cpu 1 --K 512 --target-kib 384 --depth 1 --variant A --iterations 1 --repetitions 2 --warmup 1
T0 scalar Q4 throughput probe; not an exact model-kernel equivalence claim
shape m=1228 K=512, target_kib=384, actual_weight_bytes_per_block=392960, allocated_weight_bytes=392960, variant=A, eviction_bytes=0, active_logical_cpus=8
command[137/960]="D:\Install\Dev\Projects\IA\Ejercise\cpu-native-arch\build\cpu_native_q4_probe.exe" --cpu 1 --K 512 --target-kib 384 --depth 1 --variant B --iterations 1 --repetitions 2 --warmup 1
T0 scalar Q4 throughput probe; not an exact model-kernel equivalence claim
shape m=1228 K=512, target_kib=384, actual_weight_bytes_per_block=392960, allocated_weight_bytes=392960, variant=B, eviction_bytes=0, active_logical_cpus=8
command[138/960]="D:\Install\Dev\Projects\IA\Ejercise\cpu-native-arch\build\cpu_native_q4_probe.exe" --cpu 1 --K 512 --target-kib 384 --depth 1 --variant C --iterations 1 --repetitions 2 --warmup 1
T0 scalar Q4 throughput probe; not an exact model-kernel equivalence claim
shape m=1228 K=512, target_kib=384, actual_weight_bytes_per_block=392960, allocated_weight_bytes=392960, variant=C, eviction_bytes=67108864, active_logical_cpus=8
command[139/960]="D:\Install\Dev\Projects\IA\Ejercise\cpu-native-arch\build\cpu_native_q4_probe.exe" --cpu 1 --K 512 --target-kib 384 --depth 2 --variant A --iterations 1 --repetitions 2 --warmup 1
T0 scalar Q4 throughput probe; not an exact model-kernel equivalence claim
shape m=1228 K=512, target_kib=384, actual_weight_bytes_per_block=392960, allocated_weight_bytes=392960, variant=A, eviction_bytes=0, active_logical_cpus=8
command[140/960]="D:\Install\Dev\Projects\IA\Ejercise\cpu-native-arch\build\cpu_native_q4_probe.exe" --cpu 1 --K 512 --target-kib 384 --depth 2 --variant B --iterations 1 --repetitions 2 --warmup 1
T0 scalar Q4 throughput probe; not an exact model-kernel equivalence claim
shape m=1228 K=512, target_kib=384, actual_weight_bytes_per_block=392960, allocated_weight_bytes=785920, variant=B, eviction_bytes=0, active_logical_cpus=8
command[141/960]="D:\Install\Dev\Projects\IA\Ejercise\cpu-native-arch\build\cpu_native_q4_probe.exe" --cpu 1 --K 512 --target-kib 384 --depth 2 --variant C --iterations 1 --repetitions 2 --warmup 1
T0 scalar Q4 throughput probe; not an exact model-kernel equivalence claim
shape m=1228 K=512, target_kib=384, actual_weight_bytes_per_block=392960, allocated_weight_bytes=392960, variant=C, eviction_bytes=67108864, active_logical_cpus=8
command[142/960]="D:\Install\Dev\Projects\IA\Ejercise\cpu-native-arch\build\cpu_native_q4_probe.exe" --cpu 1 --K 512 --target-kib 384 --depth 4 --variant A --iterations 1 --repetitions 2 --warmup 1
T0 scalar Q4 throughput probe; not an exact model-kernel equivalence claim
shape m=1228 K=512, target_kib=384, actual_weight_bytes_per_block=392960, allocated_weight_bytes=392960, variant=A, eviction_bytes=0, active_logical_cpus=8
command[143/960]="D:\Install\Dev\Projects\IA\Ejercise\cpu-native-arch\build\cpu_native_q4_probe.exe" --cpu 1 --K 512 --target-kib 384 --depth 4 --variant B --iterations 1 --repetitions 2 --warmup 1
T0 scalar Q4 throughput probe; not an exact model-kernel equivalence claim
shape m=1228 K=512, target_kib=384, actual_weight_bytes_per_block=392960, allocated_weight_bytes=1571840, variant=B, eviction_bytes=0, active_logical_cpus=8
command[144/960]="D:\Install\Dev\Projects\IA\Ejercise\cpu-native-arch\build\cpu_native_q4_probe.exe" --cpu 1 --K 512 --target-kib 384 --depth 4 --variant C --iterations 1 --repetitions 2 --warmup 1
T0 scalar Q4 throughput probe; not an exact model-kernel equivalence claim
shape m=1228 K=512, target_kib=384, actual_weight_bytes_per_block=392960, allocated_weight_bytes=392960, variant=C, eviction_bytes=67108864, active_logical_cpus=8
command[145/960]="D:\Install\Dev\Projects\IA\Ejercise\cpu-native-arch\build\cpu_native_q4_probe.exe" --cpu 1 --K 512 --target-kib 384 --depth 8 --variant A --iterations 1 --repetitions 2 --warmup 1
T0 scalar Q4 throughput probe; not an exact model-kernel equivalence claim
shape m=1228 K=512, target_kib=384, actual_weight_bytes_per_block=392960, allocated_weight_bytes=392960, variant=A, eviction_bytes=0, active_logical_cpus=8
command[146/960]="D:\Install\Dev\Projects\IA\Ejercise\cpu-native-arch\build\cpu_native_q4_probe.exe" --cpu 1 --K 512 --target-kib 384 --depth 8 --variant B --iterations 1 --repetitions 2 --warmup 1
T0 scalar Q4 throughput probe; not an exact model-kernel equivalence claim
shape m=1228 K=512, target_kib=384, actual_weight_bytes_per_block=392960, allocated_weight_bytes=3143680, variant=B, eviction_bytes=0, active_logical_cpus=8
command[147/960]="D:\Install\Dev\Projects\IA\Ejercise\cpu-native-arch\build\cpu_native_q4_probe.exe" --cpu 1 --K 512 --target-kib 384 --depth 8 --variant C --iterations 1 --repetitions 2 --warmup 1
T0 scalar Q4 throughput probe; not an exact model-kernel equivalence claim
shape m=1228 K=512, target_kib=384, actual_weight_bytes_per_block=392960, allocated_weight_bytes=392960, variant=C, eviction_bytes=67108864, active_logical_cpus=8
command[148/960]="D:\Install\Dev\Projects\IA\Ejercise\cpu-native-arch\build\cpu_native_q4_probe.exe" --cpu 1 --K 512 --target-kib 384 --depth 16 --variant A --iterations 1 --repetitions 2 --warmup 1
T0 scalar Q4 throughput probe; not an exact model-kernel equivalence claim
shape m=1228 K=512, target_kib=384, actual_weight_bytes_per_block=392960, allocated_weight_bytes=392960, variant=A, eviction_bytes=0, active_logical_cpus=8
command[149/960]="D:\Install\Dev\Projects\IA\Ejercise\cpu-native-arch\build\cpu_native_q4_probe.exe" --cpu 1 --K 512 --target-kib 384 --depth 16 --variant B --iterations 1 --repetitions 2 --warmup 1
T0 scalar Q4 throughput probe; not an exact model-kernel equivalence claim
shape m=1228 K=512, target_kib=384, actual_weight_bytes_per_block=392960, allocated_weight_bytes=6287360, variant=B, eviction_bytes=0, active_logical_cpus=8
command[150/960]="D:\Install\Dev\Projects\IA\Ejercise\cpu-native-arch\build\cpu_native_q4_probe.exe" --cpu 1 --K 512 --target-kib 384 --depth 16 --variant C --iterations 1 --repetitions 2 --warmup 1
T0 scalar Q4 throughput probe; not an exact model-kernel equivalence claim
shape m=1228 K=512, target_kib=384, actual_weight_bytes_per_block=392960, allocated_weight_bytes=392960, variant=C, eviction_bytes=67108864, active_logical_cpus=8
command[151/960]="D:\Install\Dev\Projects\IA\Ejercise\cpu-native-arch\build\cpu_native_q4_probe.exe" --cpu 1 --K 512 --target-kib 512 --depth 1 --variant A --iterations 1 --repetitions 2 --warmup 1
T0 scalar Q4 throughput probe; not an exact model-kernel equivalence claim
shape m=1638 K=512, target_kib=512, actual_weight_bytes_per_block=524160, allocated_weight_bytes=524160, variant=A, eviction_bytes=0, active_logical_cpus=8
command[152/960]="D:\Install\Dev\Projects\IA\Ejercise\cpu-native-arch\build\cpu_native_q4_probe.exe" --cpu 1 --K 512 --target-kib 512 --depth 1 --variant B --iterations 1 --repetitions 2 --warmup 1
T0 scalar Q4 throughput probe; not an exact model-kernel equivalence claim
shape m=1638 K=512, target_kib=512, actual_weight_bytes_per_block=524160, allocated_weight_bytes=524160, variant=B, eviction_bytes=0, active_logical_cpus=8
command[153/960]="D:\Install\Dev\Projects\IA\Ejercise\cpu-native-arch\build\cpu_native_q4_probe.exe" --cpu 1 --K 512 --target-kib 512 --depth 1 --variant C --iterations 1 --repetitions 2 --warmup 1
T0 scalar Q4 throughput probe; not an exact model-kernel equivalence claim
shape m=1638 K=512, target_kib=512, actual_weight_bytes_per_block=524160, allocated_weight_bytes=524160, variant=C, eviction_bytes=67108864, active_logical_cpus=8
command[154/960]="D:\Install\Dev\Projects\IA\Ejercise\cpu-native-arch\build\cpu_native_q4_probe.exe" --cpu 1 --K 512 --target-kib 512 --depth 2 --variant A --iterations 1 --repetitions 2 --warmup 1
T0 scalar Q4 throughput probe; not an exact model-kernel equivalence claim
shape m=1638 K=512, target_kib=512, actual_weight_bytes_per_block=524160, allocated_weight_bytes=524160, variant=A, eviction_bytes=0, active_logical_cpus=8
command[155/960]="D:\Install\Dev\Projects\IA\Ejercise\cpu-native-arch\build\cpu_native_q4_probe.exe" --cpu 1 --K 512 --target-kib 512 --depth 2 --variant B --iterations 1 --repetitions 2 --warmup 1
T0 scalar Q4 throughput probe; not an exact model-kernel equivalence claim
shape m=1638 K=512, target_kib=512, actual_weight_bytes_per_block=524160, allocated_weight_bytes=1048320, variant=B, eviction_bytes=0, active_logical_cpus=8
command[156/960]="D:\Install\Dev\Projects\IA\Ejercise\cpu-native-arch\build\cpu_native_q4_probe.exe" --cpu 1 --K 512 --target-kib 512 --depth 2 --variant C --iterations 1 --repetitions 2 --warmup 1
T0 scalar Q4 throughput probe; not an exact model-kernel equivalence claim
shape m=1638 K=512, target_kib=512, actual_weight_bytes_per_block=524160, allocated_weight_bytes=524160, variant=C, eviction_bytes=67108864, active_logical_cpus=8
command[157/960]="D:\Install\Dev\Projects\IA\Ejercise\cpu-native-arch\build\cpu_native_q4_probe.exe" --cpu 1 --K 512 --target-kib 512 --depth 4 --variant A --iterations 1 --repetitions 2 --warmup 1
T0 scalar Q4 throughput probe; not an exact model-kernel equivalence claim
shape m=1638 K=512, target_kib=512, actual_weight_bytes_per_block=524160, allocated_weight_bytes=524160, variant=A, eviction_bytes=0, active_logical_cpus=8
command[158/960]="D:\Install\Dev\Projects\IA\Ejercise\cpu-native-arch\build\cpu_native_q4_probe.exe" --cpu 1 --K 512 --target-kib 512 --depth 4 --variant B --iterations 1 --repetitions 2 --warmup 1
T0 scalar Q4 throughput probe; not an exact model-kernel equivalence claim
shape m=1638 K=512, target_kib=512, actual_weight_bytes_per_block=524160, allocated_weight_bytes=2096640, variant=B, eviction_bytes=0, active_logical_cpus=8
command[159/960]="D:\Install\Dev\Projects\IA\Ejercise\cpu-native-arch\build\cpu_native_q4_probe.exe" --cpu 1 --K 512 --target-kib 512 --depth 4 --variant C --iterations 1 --repetitions 2 --warmup 1
T0 scalar Q4 throughput probe; not an exact model-kernel equivalence claim
shape m=1638 K=512, target_kib=512, actual_weight_bytes_per_block=524160, allocated_weight_bytes=524160, variant=C, eviction_bytes=67108864, active_logical_cpus=8
command[160/960]="D:\Install\Dev\Projects\IA\Ejercise\cpu-native-arch\build\cpu_native_q4_probe.exe" --cpu 1 --K 512 --target-kib 512 --depth 8 --variant A --iterations 1 --repetitions 2 --warmup 1
T0 scalar Q4 throughput probe; not an exact model-kernel equivalence claim
shape m=1638 K=512, target_kib=512, actual_weight_bytes_per_block=524160, allocated_weight_bytes=524160, variant=A, eviction_bytes=0, active_logical_cpus=8
command[161/960]="D:\Install\Dev\Projects\IA\Ejercise\cpu-native-arch\build\cpu_native_q4_probe.exe" --cpu 1 --K 512 --target-kib 512 --depth 8 --variant B --iterations 1 --repetitions 2 --warmup 1
T0 scalar Q4 throughput probe; not an exact model-kernel equivalence claim
shape m=1638 K=512, target_kib=512, actual_weight_bytes_per_block=524160, allocated_weight_bytes=4193280, variant=B, eviction_bytes=0, active_logical_cpus=8
command[162/960]="D:\Install\Dev\Projects\IA\Ejercise\cpu-native-arch\build\cpu_native_q4_probe.exe" --cpu 1 --K 512 --target-kib 512 --depth 8 --variant C --iterations 1 --repetitions 2 --warmup 1
T0 scalar Q4 throughput probe; not an exact model-kernel equivalence claim
shape m=1638 K=512, target_kib=512, actual_weight_bytes_per_block=524160, allocated_weight_bytes=524160, variant=C, eviction_bytes=67108864, active_logical_cpus=8
command[163/960]="D:\Install\Dev\Projects\IA\Ejercise\cpu-native-arch\build\cpu_native_q4_probe.exe" --cpu 1 --K 512 --target-kib 512 --depth 16 --variant A --iterations 1 --repetitions 2 --warmup 1
T0 scalar Q4 throughput probe; not an exact model-kernel equivalence claim
shape m=1638 K=512, target_kib=512, actual_weight_bytes_per_block=524160, allocated_weight_bytes=524160, variant=A, eviction_bytes=0, active_logical_cpus=8
command[164/960]="D:\Install\Dev\Projects\IA\Ejercise\cpu-native-arch\build\cpu_native_q4_probe.exe" --cpu 1 --K 512 --target-kib 512 --depth 16 --variant B --iterations 1 --repetitions 2 --warmup 1
T0 scalar Q4 throughput probe; not an exact model-kernel equivalence claim
shape m=1638 K=512, target_kib=512, actual_weight_bytes_per_block=524160, allocated_weight_bytes=8386560, variant=B, eviction_bytes=0, active_logical_cpus=8
command[165/960]="D:\Install\Dev\Projects\IA\Ejercise\cpu-native-arch\build\cpu_native_q4_probe.exe" --cpu 1 --K 512 --target-kib 512 --depth 16 --variant C --iterations 1 --repetitions 2 --warmup 1
T0 scalar Q4 throughput probe; not an exact model-kernel equivalence claim
shape m=1638 K=512, target_kib=512, actual_weight_bytes_per_block=524160, allocated_weight_bytes=524160, variant=C, eviction_bytes=67108864, active_logical_cpus=8
command[166/960]="D:\Install\Dev\Projects\IA\Ejercise\cpu-native-arch\build\cpu_native_q4_probe.exe" --cpu 1 --K 512 --target-kib 640 --depth 1 --variant A --iterations 1 --repetitions 2 --warmup 1
T0 scalar Q4 throughput probe; not an exact model-kernel equivalence claim
shape m=2048 K=512, target_kib=640, actual_weight_bytes_per_block=655360, allocated_weight_bytes=655360, variant=A, eviction_bytes=0, active_logical_cpus=8
command[167/960]="D:\Install\Dev\Projects\IA\Ejercise\cpu-native-arch\build\cpu_native_q4_probe.exe" --cpu 1 --K 512 --target-kib 640 --depth 1 --variant B --iterations 1 --repetitions 2 --warmup 1
T0 scalar Q4 throughput probe; not an exact model-kernel equivalence claim
shape m=2048 K=512, target_kib=640, actual_weight_bytes_per_block=655360, allocated_weight_bytes=655360, variant=B, eviction_bytes=0, active_logical_cpus=8
command[168/960]="D:\Install\Dev\Projects\IA\Ejercise\cpu-native-arch\build\cpu_native_q4_probe.exe" --cpu 1 --K 512 --target-kib 640 --depth 1 --variant C --iterations 1 --repetitions 2 --warmup 1
T0 scalar Q4 throughput probe; not an exact model-kernel equivalence claim
shape m=2048 K=512, target_kib=640, actual_weight_bytes_per_block=655360, allocated_weight_bytes=655360, variant=C, eviction_bytes=67108864, active_logical_cpus=8
command[169/960]="D:\Install\Dev\Projects\IA\Ejercise\cpu-native-arch\build\cpu_native_q4_probe.exe" --cpu 1 --K 512 --target-kib 640 --depth 2 --variant A --iterations 1 --repetitions 2 --warmup 1
T0 scalar Q4 throughput probe; not an exact model-kernel equivalence claim
shape m=2048 K=512, target_kib=640, actual_weight_bytes_per_block=655360, allocated_weight_bytes=655360, variant=A, eviction_bytes=0, active_logical_cpus=8
command[170/960]="D:\Install\Dev\Projects\IA\Ejercise\cpu-native-arch\build\cpu_native_q4_probe.exe" --cpu 1 --K 512 --target-kib 640 --depth 2 --variant B --iterations 1 --repetitions 2 --warmup 1
T0 scalar Q4 throughput probe; not an exact model-kernel equivalence claim
shape m=2048 K=512, target_kib=640, actual_weight_bytes_per_block=655360, allocated_weight_bytes=1310720, variant=B, eviction_bytes=0, active_logical_cpus=8
command[171/960]="D:\Install\Dev\Projects\IA\Ejercise\cpu-native-arch\build\cpu_native_q4_probe.exe" --cpu 1 --K 512 --target-kib 640 --depth 2 --variant C --iterations 1 --repetitions 2 --warmup 1
T0 scalar Q4 throughput probe; not an exact model-kernel equivalence claim
shape m=2048 K=512, target_kib=640, actual_weight_bytes_per_block=655360, allocated_weight_bytes=655360, variant=C, eviction_bytes=67108864, active_logical_cpus=8
command[172/960]="D:\Install\Dev\Projects\IA\Ejercise\cpu-native-arch\build\cpu_native_q4_probe.exe" --cpu 1 --K 512 --target-kib 640 --depth 4 --variant A --iterations 1 --repetitions 2 --warmup 1
T0 scalar Q4 throughput probe; not an exact model-kernel equivalence claim
shape m=2048 K=512, target_kib=640, actual_weight_bytes_per_block=655360, allocated_weight_bytes=655360, variant=A, eviction_bytes=0, active_logical_cpus=8
command[173/960]="D:\Install\Dev\Projects\IA\Ejercise\cpu-native-arch\build\cpu_native_q4_probe.exe" --cpu 1 --K 512 --target-kib 640 --depth 4 --variant B --iterations 1 --repetitions 2 --warmup 1
T0 scalar Q4 throughput probe; not an exact model-kernel equivalence claim
shape m=2048 K=512, target_kib=640, actual_weight_bytes_per_block=655360, allocated_weight_bytes=2621440, variant=B, eviction_bytes=0, active_logical_cpus=8
command[174/960]="D:\Install\Dev\Projects\IA\Ejercise\cpu-native-arch\build\cpu_native_q4_probe.exe" --cpu 1 --K 512 --target-kib 640 --depth 4 --variant C --iterations 1 --repetitions 2 --warmup 1
T0 scalar Q4 throughput probe; not an exact model-kernel equivalence claim
shape m=2048 K=512, target_kib=640, actual_weight_bytes_per_block=655360, allocated_weight_bytes=655360, variant=C, eviction_bytes=67108864, active_logical_cpus=8
command[175/960]="D:\Install\Dev\Projects\IA\Ejercise\cpu-native-arch\build\cpu_native_q4_probe.exe" --cpu 1 --K 512 --target-kib 640 --depth 8 --variant A --iterations 1 --repetitions 2 --warmup 1
T0 scalar Q4 throughput probe; not an exact model-kernel equivalence claim
shape m=2048 K=512, target_kib=640, actual_weight_bytes_per_block=655360, allocated_weight_bytes=655360, variant=A, eviction_bytes=0, active_logical_cpus=8
command[176/960]="D:\Install\Dev\Projects\IA\Ejercise\cpu-native-arch\build\cpu_native_q4_probe.exe" --cpu 1 --K 512 --target-kib 640 --depth 8 --variant B --iterations 1 --repetitions 2 --warmup 1
T0 scalar Q4 throughput probe; not an exact model-kernel equivalence claim
shape m=2048 K=512, target_kib=640, actual_weight_bytes_per_block=655360, allocated_weight_bytes=5242880, variant=B, eviction_bytes=0, active_logical_cpus=8
command[177/960]="D:\Install\Dev\Projects\IA\Ejercise\cpu-native-arch\build\cpu_native_q4_probe.exe" --cpu 1 --K 512 --target-kib 640 --depth 8 --variant C --iterations 1 --repetitions 2 --warmup 1
T0 scalar Q4 throughput probe; not an exact model-kernel equivalence claim
shape m=2048 K=512, target_kib=640, actual_weight_bytes_per_block=655360, allocated_weight_bytes=655360, variant=C, eviction_bytes=67108864, active_logical_cpus=8
command[178/960]="D:\Install\Dev\Projects\IA\Ejercise\cpu-native-arch\build\cpu_native_q4_probe.exe" --cpu 1 --K 512 --target-kib 640 --depth 16 --variant A --iterations 1 --repetitions 2 --warmup 1
T0 scalar Q4 throughput probe; not an exact model-kernel equivalence claim
shape m=2048 K=512, target_kib=640, actual_weight_bytes_per_block=655360, allocated_weight_bytes=655360, variant=A, eviction_bytes=0, active_logical_cpus=8
command[179/960]="D:\Install\Dev\Projects\IA\Ejercise\cpu-native-arch\build\cpu_native_q4_probe.exe" --cpu 1 --K 512 --target-kib 640 --depth 16 --variant B --iterations 1 --repetitions 2 --warmup 1
T0 scalar Q4 throughput probe; not an exact model-kernel equivalence claim
shape m=2048 K=512, target_kib=640, actual_weight_bytes_per_block=655360, allocated_weight_bytes=10485760, variant=B, eviction_bytes=0, active_logical_cpus=8
command[180/960]="D:\Install\Dev\Projects\IA\Ejercise\cpu-native-arch\build\cpu_native_q4_probe.exe" --cpu 1 --K 512 --target-kib 640 --depth 16 --variant C --iterations 1 --repetitions 2 --warmup 1
T0 scalar Q4 throughput probe; not an exact model-kernel equivalence claim
shape m=2048 K=512, target_kib=640, actual_weight_bytes_per_block=655360, allocated_weight_bytes=655360, variant=C, eviction_bytes=67108864, active_logical_cpus=8
command[181/960]="D:\Install\Dev\Projects\IA\Ejercise\cpu-native-arch\build\cpu_native_q4_probe.exe" --cpu 1 --K 512 --target-kib 768 --depth 1 --variant A --iterations 1 --repetitions 2 --warmup 1
T0 scalar Q4 throughput probe; not an exact model-kernel equivalence claim
shape m=2457 K=512, target_kib=768, actual_weight_bytes_per_block=786240, allocated_weight_bytes=786240, variant=A, eviction_bytes=0, active_logical_cpus=8
command[182/960]="D:\Install\Dev\Projects\IA\Ejercise\cpu-native-arch\build\cpu_native_q4_probe.exe" --cpu 1 --K 512 --target-kib 768 --depth 1 --variant B --iterations 1 --repetitions 2 --warmup 1
T0 scalar Q4 throughput probe; not an exact model-kernel equivalence claim
shape m=2457 K=512, target_kib=768, actual_weight_bytes_per_block=786240, allocated_weight_bytes=786240, variant=B, eviction_bytes=0, active_logical_cpus=8
command[183/960]="D:\Install\Dev\Projects\IA\Ejercise\cpu-native-arch\build\cpu_native_q4_probe.exe" --cpu 1 --K 512 --target-kib 768 --depth 1 --variant C --iterations 1 --repetitions 2 --warmup 1
T0 scalar Q4 throughput probe; not an exact model-kernel equivalence claim
shape m=2457 K=512, target_kib=768, actual_weight_bytes_per_block=786240, allocated_weight_bytes=786240, variant=C, eviction_bytes=67108864, active_logical_cpus=8
command[184/960]="D:\Install\Dev\Projects\IA\Ejercise\cpu-native-arch\build\cpu_native_q4_probe.exe" --cpu 1 --K 512 --target-kib 768 --depth 2 --variant A --iterations 1 --repetitions 2 --warmup 1
T0 scalar Q4 throughput probe; not an exact model-kernel equivalence claim
shape m=2457 K=512, target_kib=768, actual_weight_bytes_per_block=786240, allocated_weight_bytes=786240, variant=A, eviction_bytes=0, active_logical_cpus=8
command[185/960]="D:\Install\Dev\Projects\IA\Ejercise\cpu-native-arch\build\cpu_native_q4_probe.exe" --cpu 1 --K 512 --target-kib 768 --depth 2 --variant B --iterations 1 --repetitions 2 --warmup 1
T0 scalar Q4 throughput probe; not an exact model-kernel equivalence claim
shape m=2457 K=512, target_kib=768, actual_weight_bytes_per_block=786240, allocated_weight_bytes=1572480, variant=B, eviction_bytes=0, active_logical_cpus=8
command[186/960]="D:\Install\Dev\Projects\IA\Ejercise\cpu-native-arch\build\cpu_native_q4_probe.exe" --cpu 1 --K 512 --target-kib 768 --depth 2 --variant C --iterations 1 --repetitions 2 --warmup 1
T0 scalar Q4 throughput probe; not an exact model-kernel equivalence claim
shape m=2457 K=512, target_kib=768, actual_weight_bytes_per_block=786240, allocated_weight_bytes=786240, variant=C, eviction_bytes=67108864, active_logical_cpus=8
command[187/960]="D:\Install\Dev\Projects\IA\Ejercise\cpu-native-arch\build\cpu_native_q4_probe.exe" --cpu 1 --K 512 --target-kib 768 --depth 4 --variant A --iterations 1 --repetitions 2 --warmup 1
T0 scalar Q4 throughput probe; not an exact model-kernel equivalence claim
shape m=2457 K=512, target_kib=768, actual_weight_bytes_per_block=786240, allocated_weight_bytes=786240, variant=A, eviction_bytes=0, active_logical_cpus=8
command[188/960]="D:\Install\Dev\Projects\IA\Ejercise\cpu-native-arch\build\cpu_native_q4_probe.exe" --cpu 1 --K 512 --target-kib 768 --depth 4 --variant B --iterations 1 --repetitions 2 --warmup 1
T0 scalar Q4 throughput probe; not an exact model-kernel equivalence claim
shape m=2457 K=512, target_kib=768, actual_weight_bytes_per_block=786240, allocated_weight_bytes=3144960, variant=B, eviction_bytes=0, active_logical_cpus=8
command[189/960]="D:\Install\Dev\Projects\IA\Ejercise\cpu-native-arch\build\cpu_native_q4_probe.exe" --cpu 1 --K 512 --target-kib 768 --depth 4 --variant C --iterations 1 --repetitions 2 --warmup 1
T0 scalar Q4 throughput probe; not an exact model-kernel equivalence claim
shape m=2457 K=512, target_kib=768, actual_weight_bytes_per_block=786240, allocated_weight_bytes=786240, variant=C, eviction_bytes=67108864, active_logical_cpus=8
command[190/960]="D:\Install\Dev\Projects\IA\Ejercise\cpu-native-arch\build\cpu_native_q4_probe.exe" --cpu 1 --K 512 --target-kib 768 --depth 8 --variant A --iterations 1 --repetitions 2 --warmup 1
T0 scalar Q4 throughput probe; not an exact model-kernel equivalence claim
shape m=2457 K=512, target_kib=768, actual_weight_bytes_per_block=786240, allocated_weight_bytes=786240, variant=A, eviction_bytes=0, active_logical_cpus=8
command[191/960]="D:\Install\Dev\Projects\IA\Ejercise\cpu-native-arch\build\cpu_native_q4_probe.exe" --cpu 1 --K 512 --target-kib 768 --depth 8 --variant B --iterations 1 --repetitions 2 --warmup 1
T0 scalar Q4 throughput probe; not an exact model-kernel equivalence claim
shape m=2457 K=512, target_kib=768, actual_weight_bytes_per_block=786240, allocated_weight_bytes=6289920, variant=B, eviction_bytes=0, active_logical_cpus=8
command[192/960]="D:\Install\Dev\Projects\IA\Ejercise\cpu-native-arch\build\cpu_native_q4_probe.exe" --cpu 1 --K 512 --target-kib 768 --depth 8 --variant C --iterations 1 --repetitions 2 --warmup 1
T0 scalar Q4 throughput probe; not an exact model-kernel equivalence claim
shape m=2457 K=512, target_kib=768, actual_weight_bytes_per_block=786240, allocated_weight_bytes=786240, variant=C, eviction_bytes=67108864, active_logical_cpus=8
command[193/960]="D:\Install\Dev\Projects\IA\Ejercise\cpu-native-arch\build\cpu_native_q4_probe.exe" --cpu 1 --K 512 --target-kib 768 --depth 16 --variant A --iterations 1 --repetitions 2 --warmup 1
T0 scalar Q4 throughput probe; not an exact model-kernel equivalence claim
shape m=2457 K=512, target_kib=768, actual_weight_bytes_per_block=786240, allocated_weight_bytes=786240, variant=A, eviction_bytes=0, active_logical_cpus=8
command[194/960]="D:\Install\Dev\Projects\IA\Ejercise\cpu-native-arch\build\cpu_native_q4_probe.exe" --cpu 1 --K 512 --target-kib 768 --depth 16 --variant B --iterations 1 --repetitions 2 --warmup 1
T0 scalar Q4 throughput probe; not an exact model-kernel equivalence claim
shape m=2457 K=512, target_kib=768, actual_weight_bytes_per_block=786240, allocated_weight_bytes=12579840, variant=B, eviction_bytes=0, active_logical_cpus=8
command[195/960]="D:\Install\Dev\Projects\IA\Ejercise\cpu-native-arch\build\cpu_native_q4_probe.exe" --cpu 1 --K 512 --target-kib 768 --depth 16 --variant C --iterations 1 --repetitions 2 --warmup 1
T0 scalar Q4 throughput probe; not an exact model-kernel equivalence claim
shape m=2457 K=512, target_kib=768, actual_weight_bytes_per_block=786240, allocated_weight_bytes=786240, variant=C, eviction_bytes=67108864, active_logical_cpus=8
command[196/960]="D:\Install\Dev\Projects\IA\Ejercise\cpu-native-arch\build\cpu_native_q4_probe.exe" --cpu 1 --K 512 --target-kib 896 --depth 1 --variant A --iterations 1 --repetitions 2 --warmup 1
T0 scalar Q4 throughput probe; not an exact model-kernel equivalence claim
shape m=2867 K=512, target_kib=896, actual_weight_bytes_per_block=917440, allocated_weight_bytes=917440, variant=A, eviction_bytes=0, active_logical_cpus=8
command[197/960]="D:\Install\Dev\Projects\IA\Ejercise\cpu-native-arch\build\cpu_native_q4_probe.exe" --cpu 1 --K 512 --target-kib 896 --depth 1 --variant B --iterations 1 --repetitions 2 --warmup 1
T0 scalar Q4 throughput probe; not an exact model-kernel equivalence claim
shape m=2867 K=512, target_kib=896, actual_weight_bytes_per_block=917440, allocated_weight_bytes=917440, variant=B, eviction_bytes=0, active_logical_cpus=8
command[198/960]="D:\Install\Dev\Projects\IA\Ejercise\cpu-native-arch\build\cpu_native_q4_probe.exe" --cpu 1 --K 512 --target-kib 896 --depth 1 --variant C --iterations 1 --repetitions 2 --warmup 1
T0 scalar Q4 throughput probe; not an exact model-kernel equivalence claim
shape m=2867 K=512, target_kib=896, actual_weight_bytes_per_block=917440, allocated_weight_bytes=917440, variant=C, eviction_bytes=67108864, active_logical_cpus=8
command[199/960]="D:\Install\Dev\Projects\IA\Ejercise\cpu-native-arch\build\cpu_native_q4_probe.exe" --cpu 1 --K 512 --target-kib 896 --depth 2 --variant A --iterations 1 --repetitions 2 --warmup 1
T0 scalar Q4 throughput probe; not an exact model-kernel equivalence claim
shape m=2867 K=512, target_kib=896, actual_weight_bytes_per_block=917440, allocated_weight_bytes=917440, variant=A, eviction_bytes=0, active_logical_cpus=8
command[200/960]="D:\Install\Dev\Projects\IA\Ejercise\cpu-native-arch\build\cpu_native_q4_probe.exe" --cpu 1 --K 512 --target-kib 896 --depth 2 --variant B --iterations 1 --repetitions 2 --warmup 1
T0 scalar Q4 throughput probe; not an exact model-kernel equivalence claim
shape m=2867 K=512, target_kib=896, actual_weight_bytes_per_block=917440, allocated_weight_bytes=1834880, variant=B, eviction_bytes=0, active_logical_cpus=8
command[201/960]="D:\Install\Dev\Projects\IA\Ejercise\cpu-native-arch\build\cpu_native_q4_probe.exe" --cpu 1 --K 512 --target-kib 896 --depth 2 --variant C --iterations 1 --repetitions 2 --warmup 1
T0 scalar Q4 throughput probe; not an exact model-kernel equivalence claim
shape m=2867 K=512, target_kib=896, actual_weight_bytes_per_block=917440, allocated_weight_bytes=917440, variant=C, eviction_bytes=67108864, active_logical_cpus=8
command[202/960]="D:\Install\Dev\Projects\IA\Ejercise\cpu-native-arch\build\cpu_native_q4_probe.exe" --cpu 1 --K 512 --target-kib 896 --depth 4 --variant A --iterations 1 --repetitions 2 --warmup 1
T0 scalar Q4 throughput probe; not an exact model-kernel equivalence claim
shape m=2867 K=512, target_kib=896, actual_weight_bytes_per_block=917440, allocated_weight_bytes=917440, variant=A, eviction_bytes=0, active_logical_cpus=8
command[203/960]="D:\Install\Dev\Projects\IA\Ejercise\cpu-native-arch\build\cpu_native_q4_probe.exe" --cpu 1 --K 512 --target-kib 896 --depth 4 --variant B --iterations 1 --repetitions 2 --warmup 1
T0 scalar Q4 throughput probe; not an exact model-kernel equivalence claim
shape m=2867 K=512, target_kib=896, actual_weight_bytes_per_block=917440, allocated_weight_bytes=3669760, variant=B, eviction_bytes=0, active_logical_cpus=8
command[204/960]="D:\Install\Dev\Projects\IA\Ejercise\cpu-native-arch\build\cpu_native_q4_probe.exe" --cpu 1 --K 512 --target-kib 896 --depth 4 --variant C --iterations 1 --repetitions 2 --warmup 1
T0 scalar Q4 throughput probe; not an exact model-kernel equivalence claim
shape m=2867 K=512, target_kib=896, actual_weight_bytes_per_block=917440, allocated_weight_bytes=917440, variant=C, eviction_bytes=67108864, active_logical_cpus=8
command[205/960]="D:\Install\Dev\Projects\IA\Ejercise\cpu-native-arch\build\cpu_native_q4_probe.exe" --cpu 1 --K 512 --target-kib 896 --depth 8 --variant A --iterations 1 --repetitions 2 --warmup 1
T0 scalar Q4 throughput probe; not an exact model-kernel equivalence claim
shape m=2867 K=512, target_kib=896, actual_weight_bytes_per_block=917440, allocated_weight_bytes=917440, variant=A, eviction_bytes=0, active_logical_cpus=8
command[206/960]="D:\Install\Dev\Projects\IA\Ejercise\cpu-native-arch\build\cpu_native_q4_probe.exe" --cpu 1 --K 512 --target-kib 896 --depth 8 --variant B --iterations 1 --repetitions 2 --warmup 1
T0 scalar Q4 throughput probe; not an exact model-kernel equivalence claim
shape m=2867 K=512, target_kib=896, actual_weight_bytes_per_block=917440, allocated_weight_bytes=7339520, variant=B, eviction_bytes=0, active_logical_cpus=8
command[207/960]="D:\Install\Dev\Projects\IA\Ejercise\cpu-native-arch\build\cpu_native_q4_probe.exe" --cpu 1 --K 512 --target-kib 896 --depth 8 --variant C --iterations 1 --repetitions 2 --warmup 1
T0 scalar Q4 throughput probe; not an exact model-kernel equivalence claim
shape m=2867 K=512, target_kib=896, actual_weight_bytes_per_block=917440, allocated_weight_bytes=917440, variant=C, eviction_bytes=67108864, active_logical_cpus=8
command[208/960]="D:\Install\Dev\Projects\IA\Ejercise\cpu-native-arch\build\cpu_native_q4_probe.exe" --cpu 1 --K 512 --target-kib 896 --depth 16 --variant A --iterations 1 --repetitions 2 --warmup 1
T0 scalar Q4 throughput probe; not an exact model-kernel equivalence claim
shape m=2867 K=512, target_kib=896, actual_weight_bytes_per_block=917440, allocated_weight_bytes=917440, variant=A, eviction_bytes=0, active_logical_cpus=8
command[209/960]="D:\Install\Dev\Projects\IA\Ejercise\cpu-native-arch\build\cpu_native_q4_probe.exe" --cpu 1 --K 512 --target-kib 896 --depth 16 --variant B --iterations 1 --repetitions 2 --warmup 1
T0 scalar Q4 throughput probe; not an exact model-kernel equivalence claim
shape m=2867 K=512, target_kib=896, actual_weight_bytes_per_block=917440, allocated_weight_bytes=14679040, variant=B, eviction_bytes=0, active_logical_cpus=8
command[210/960]="D:\Install\Dev\Projects\IA\Ejercise\cpu-native-arch\build\cpu_native_q4_probe.exe" --cpu 1 --K 512 --target-kib 896 --depth 16 --variant C --iterations 1 --repetitions 2 --warmup 1
T0 scalar Q4 throughput probe; not an exact model-kernel equivalence claim
shape m=2867 K=512, target_kib=896, actual_weight_bytes_per_block=917440, allocated_weight_bytes=917440, variant=C, eviction_bytes=67108864, active_logical_cpus=8
command[211/960]="D:\Install\Dev\Projects\IA\Ejercise\cpu-native-arch\build\cpu_native_q4_probe.exe" --cpu 1 --K 512 --target-kib 1024 --depth 1 --variant A --iterations 1 --repetitions 2 --warmup 1
T0 scalar Q4 throughput probe; not an exact model-kernel equivalence claim
shape m=3276 K=512, target_kib=1024, actual_weight_bytes_per_block=1048320, allocated_weight_bytes=1048320, variant=A, eviction_bytes=0, active_logical_cpus=8
command[212/960]="D:\Install\Dev\Projects\IA\Ejercise\cpu-native-arch\build\cpu_native_q4_probe.exe" --cpu 1 --K 512 --target-kib 1024 --depth 1 --variant B --iterations 1 --repetitions 2 --warmup 1
T0 scalar Q4 throughput probe; not an exact model-kernel equivalence claim
shape m=3276 K=512, target_kib=1024, actual_weight_bytes_per_block=1048320, allocated_weight_bytes=1048320, variant=B, eviction_bytes=0, active_logical_cpus=8
command[213/960]="D:\Install\Dev\Projects\IA\Ejercise\cpu-native-arch\build\cpu_native_q4_probe.exe" --cpu 1 --K 512 --target-kib 1024 --depth 1 --variant C --iterations 1 --repetitions 2 --warmup 1
T0 scalar Q4 throughput probe; not an exact model-kernel equivalence claim
shape m=3276 K=512, target_kib=1024, actual_weight_bytes_per_block=1048320, allocated_weight_bytes=1048320, variant=C, eviction_bytes=67108864, active_logical_cpus=8
command[214/960]="D:\Install\Dev\Projects\IA\Ejercise\cpu-native-arch\build\cpu_native_q4_probe.exe" --cpu 1 --K 512 --target-kib 1024 --depth 2 --variant A --iterations 1 --repetitions 2 --warmup 1
T0 scalar Q4 throughput probe; not an exact model-kernel equivalence claim
shape m=3276 K=512, target_kib=1024, actual_weight_bytes_per_block=1048320, allocated_weight_bytes=1048320, variant=A, eviction_bytes=0, active_logical_cpus=8
command[215/960]="D:\Install\Dev\Projects\IA\Ejercise\cpu-native-arch\build\cpu_native_q4_probe.exe" --cpu 1 --K 512 --target-kib 1024 --depth 2 --variant B --iterations 1 --repetitions 2 --warmup 1
T0 scalar Q4 throughput probe; not an exact model-kernel equivalence claim
shape m=3276 K=512, target_kib=1024, actual_weight_bytes_per_block=1048320, allocated_weight_bytes=2096640, variant=B, eviction_bytes=0, active_logical_cpus=8
command[216/960]="D:\Install\Dev\Projects\IA\Ejercise\cpu-native-arch\build\cpu_native_q4_probe.exe" --cpu 1 --K 512 --target-kib 1024 --depth 2 --variant C --iterations 1 --repetitions 2 --warmup 1
T0 scalar Q4 throughput probe; not an exact model-kernel equivalence claim
shape m=3276 K=512, target_kib=1024, actual_weight_bytes_per_block=1048320, allocated_weight_bytes=1048320, variant=C, eviction_bytes=67108864, active_logical_cpus=8
command[217/960]="D:\Install\Dev\Projects\IA\Ejercise\cpu-native-arch\build\cpu_native_q4_probe.exe" --cpu 1 --K 512 --target-kib 1024 --depth 4 --variant A --iterations 1 --repetitions 2 --warmup 1
T0 scalar Q4 throughput probe; not an exact model-kernel equivalence claim
shape m=3276 K=512, target_kib=1024, actual_weight_bytes_per_block=1048320, allocated_weight_bytes=1048320, variant=A, eviction_bytes=0, active_logical_cpus=8
command[218/960]="D:\Install\Dev\Projects\IA\Ejercise\cpu-native-arch\build\cpu_native_q4_probe.exe" --cpu 1 --K 512 --target-kib 1024 --depth 4 --variant B --iterations 1 --repetitions 2 --warmup 1
T0 scalar Q4 throughput probe; not an exact model-kernel equivalence claim
shape m=3276 K=512, target_kib=1024, actual_weight_bytes_per_block=1048320, allocated_weight_bytes=4193280, variant=B, eviction_bytes=0, active_logical_cpus=8
command[219/960]="D:\Install\Dev\Projects\IA\Ejercise\cpu-native-arch\build\cpu_native_q4_probe.exe" --cpu 1 --K 512 --target-kib 1024 --depth 4 --variant C --iterations 1 --repetitions 2 --warmup 1
T0 scalar Q4 throughput probe; not an exact model-kernel equivalence claim
shape m=3276 K=512, target_kib=1024, actual_weight_bytes_per_block=1048320, allocated_weight_bytes=1048320, variant=C, eviction_bytes=67108864, active_logical_cpus=8
command[220/960]="D:\Install\Dev\Projects\IA\Ejercise\cpu-native-arch\build\cpu_native_q4_probe.exe" --cpu 1 --K 512 --target-kib 1024 --depth 8 --variant A --iterations 1 --repetitions 2 --warmup 1
T0 scalar Q4 throughput probe; not an exact model-kernel equivalence claim
shape m=3276 K=512, target_kib=1024, actual_weight_bytes_per_block=1048320, allocated_weight_bytes=1048320, variant=A, eviction_bytes=0, active_logical_cpus=8
command[221/960]="D:\Install\Dev\Projects\IA\Ejercise\cpu-native-arch\build\cpu_native_q4_probe.exe" --cpu 1 --K 512 --target-kib 1024 --depth 8 --variant B --iterations 1 --repetitions 2 --warmup 1
T0 scalar Q4 throughput probe; not an exact model-kernel equivalence claim
shape m=3276 K=512, target_kib=1024, actual_weight_bytes_per_block=1048320, allocated_weight_bytes=8386560, variant=B, eviction_bytes=0, active_logical_cpus=8
command[222/960]="D:\Install\Dev\Projects\IA\Ejercise\cpu-native-arch\build\cpu_native_q4_probe.exe" --cpu 1 --K 512 --target-kib 1024 --depth 8 --variant C --iterations 1 --repetitions 2 --warmup 1
T0 scalar Q4 throughput probe; not an exact model-kernel equivalence claim
shape m=3276 K=512, target_kib=1024, actual_weight_bytes_per_block=1048320, allocated_weight_bytes=1048320, variant=C, eviction_bytes=67108864, active_logical_cpus=8
command[223/960]="D:\Install\Dev\Projects\IA\Ejercise\cpu-native-arch\build\cpu_native_q4_probe.exe" --cpu 1 --K 512 --target-kib 1024 --depth 16 --variant A --iterations 1 --repetitions 2 --warmup 1
T0 scalar Q4 throughput probe; not an exact model-kernel equivalence claim
shape m=3276 K=512, target_kib=1024, actual_weight_bytes_per_block=1048320, allocated_weight_bytes=1048320, variant=A, eviction_bytes=0, active_logical_cpus=8
command[224/960]="D:\Install\Dev\Projects\IA\Ejercise\cpu-native-arch\build\cpu_native_q4_probe.exe" --cpu 1 --K 512 --target-kib 1024 --depth 16 --variant B --iterations 1 --repetitions 2 --warmup 1
T0 scalar Q4 throughput probe; not an exact model-kernel equivalence claim
shape m=3276 K=512, target_kib=1024, actual_weight_bytes_per_block=1048320, allocated_weight_bytes=16773120, variant=B, eviction_bytes=0, active_logical_cpus=8
command[225/960]="D:\Install\Dev\Projects\IA\Ejercise\cpu-native-arch\build\cpu_native_q4_probe.exe" --cpu 1 --K 512 --target-kib 1024 --depth 16 --variant C --iterations 1 --repetitions 2 --warmup 1
T0 scalar Q4 throughput probe; not an exact model-kernel equivalence claim
shape m=3276 K=512, target_kib=1024, actual_weight_bytes_per_block=1048320, allocated_weight_bytes=1048320, variant=C, eviction_bytes=67108864, active_logical_cpus=8
command[226/960]="D:\Install\Dev\Projects\IA\Ejercise\cpu-native-arch\build\cpu_native_q4_probe.exe" --cpu 1 --K 512 --target-kib 1280 --depth 1 --variant A --iterations 1 --repetitions 2 --warmup 1
T0 scalar Q4 throughput probe; not an exact model-kernel equivalence claim
shape m=4096 K=512, target_kib=1280, actual_weight_bytes_per_block=1310720, allocated_weight_bytes=1310720, variant=A, eviction_bytes=0, active_logical_cpus=8
command[227/960]="D:\Install\Dev\Projects\IA\Ejercise\cpu-native-arch\build\cpu_native_q4_probe.exe" --cpu 1 --K 512 --target-kib 1280 --depth 1 --variant B --iterations 1 --repetitions 2 --warmup 1
T0 scalar Q4 throughput probe; not an exact model-kernel equivalence claim
shape m=4096 K=512, target_kib=1280, actual_weight_bytes_per_block=1310720, allocated_weight_bytes=1310720, variant=B, eviction_bytes=0, active_logical_cpus=8
command[228/960]="D:\Install\Dev\Projects\IA\Ejercise\cpu-native-arch\build\cpu_native_q4_probe.exe" --cpu 1 --K 512 --target-kib 1280 --depth 1 --variant C --iterations 1 --repetitions 2 --warmup 1
T0 scalar Q4 throughput probe; not an exact model-kernel equivalence claim
shape m=4096 K=512, target_kib=1280, actual_weight_bytes_per_block=1310720, allocated_weight_bytes=1310720, variant=C, eviction_bytes=67108864, active_logical_cpus=8
command[229/960]="D:\Install\Dev\Projects\IA\Ejercise\cpu-native-arch\build\cpu_native_q4_probe.exe" --cpu 1 --K 512 --target-kib 1280 --depth 2 --variant A --iterations 1 --repetitions 2 --warmup 1
T0 scalar Q4 throughput probe; not an exact model-kernel equivalence claim
shape m=4096 K=512, target_kib=1280, actual_weight_bytes_per_block=1310720, allocated_weight_bytes=1310720, variant=A, eviction_bytes=0, active_logical_cpus=8
command[230/960]="D:\Install\Dev\Projects\IA\Ejercise\cpu-native-arch\build\cpu_native_q4_probe.exe" --cpu 1 --K 512 --target-kib 1280 --depth 2 --variant B --iterations 1 --repetitions 2 --warmup 1
T0 scalar Q4 throughput probe; not an exact model-kernel equivalence claim
shape m=4096 K=512, target_kib=1280, actual_weight_bytes_per_block=1310720, allocated_weight_bytes=2621440, variant=B, eviction_bytes=0, active_logical_cpus=8
command[231/960]="D:\Install\Dev\Projects\IA\Ejercise\cpu-native-arch\build\cpu_native_q4_probe.exe" --cpu 1 --K 512 --target-kib 1280 --depth 2 --variant C --iterations 1 --repetitions 2 --warmup 1
T0 scalar Q4 throughput probe; not an exact model-kernel equivalence claim
shape m=4096 K=512, target_kib=1280, actual_weight_bytes_per_block=1310720, allocated_weight_bytes=1310720, variant=C, eviction_bytes=67108864, active_logical_cpus=8
command[232/960]="D:\Install\Dev\Projects\IA\Ejercise\cpu-native-arch\build\cpu_native_q4_probe.exe" --cpu 1 --K 512 --target-kib 1280 --depth 4 --variant A --iterations 1 --repetitions 2 --warmup 1
T0 scalar Q4 throughput probe; not an exact model-kernel equivalence claim
shape m=4096 K=512, target_kib=1280, actual_weight_bytes_per_block=1310720, allocated_weight_bytes=1310720, variant=A, eviction_bytes=0, active_logical_cpus=8
command[233/960]="D:\Install\Dev\Projects\IA\Ejercise\cpu-native-arch\build\cpu_native_q4_probe.exe" --cpu 1 --K 512 --target-kib 1280 --depth 4 --variant B --iterations 1 --repetitions 2 --warmup 1
T0 scalar Q4 throughput probe; not an exact model-kernel equivalence claim
shape m=4096 K=512, target_kib=1280, actual_weight_bytes_per_block=1310720, allocated_weight_bytes=5242880, variant=B, eviction_bytes=0, active_logical_cpus=8
command[234/960]="D:\Install\Dev\Projects\IA\Ejercise\cpu-native-arch\build\cpu_native_q4_probe.exe" --cpu 1 --K 512 --target-kib 1280 --depth 4 --variant C --iterations 1 --repetitions 2 --warmup 1
T0 scalar Q4 throughput probe; not an exact model-kernel equivalence claim
shape m=4096 K=512, target_kib=1280, actual_weight_bytes_per_block=1310720, allocated_weight_bytes=1310720, variant=C, eviction_bytes=67108864, active_logical_cpus=8
command[235/960]="D:\Install\Dev\Projects\IA\Ejercise\cpu-native-arch\build\cpu_native_q4_probe.exe" --cpu 1 --K 512 --target-kib 1280 --depth 8 --variant A --iterations 1 --repetitions 2 --warmup 1
T0 scalar Q4 throughput probe; not an exact model-kernel equivalence claim
shape m=4096 K=512, target_kib=1280, actual_weight_bytes_per_block=1310720, allocated_weight_bytes=1310720, variant=A, eviction_bytes=0, active_logical_cpus=8
command[236/960]="D:\Install\Dev\Projects\IA\Ejercise\cpu-native-arch\build\cpu_native_q4_probe.exe" --cpu 1 --K 512 --target-kib 1280 --depth 8 --variant B --iterations 1 --repetitions 2 --warmup 1
T0 scalar Q4 throughput probe; not an exact model-kernel equivalence claim
shape m=4096 K=512, target_kib=1280, actual_weight_bytes_per_block=1310720, allocated_weight_bytes=10485760, variant=B, eviction_bytes=0, active_logical_cpus=8
command[237/960]="D:\Install\Dev\Projects\IA\Ejercise\cpu-native-arch\build\cpu_native_q4_probe.exe" --cpu 1 --K 512 --target-kib 1280 --depth 8 --variant C --iterations 1 --repetitions 2 --warmup 1
T0 scalar Q4 throughput probe; not an exact model-kernel equivalence claim
shape m=4096 K=512, target_kib=1280, actual_weight_bytes_per_block=1310720, allocated_weight_bytes=1310720, variant=C, eviction_bytes=67108864, active_logical_cpus=8
command[238/960]="D:\Install\Dev\Projects\IA\Ejercise\cpu-native-arch\build\cpu_native_q4_probe.exe" --cpu 1 --K 512 --target-kib 1280 --depth 16 --variant A --iterations 1 --repetitions 2 --warmup 1
T0 scalar Q4 throughput probe; not an exact model-kernel equivalence claim
shape m=4096 K=512, target_kib=1280, actual_weight_bytes_per_block=1310720, allocated_weight_bytes=1310720, variant=A, eviction_bytes=0, active_logical_cpus=8
command[239/960]="D:\Install\Dev\Projects\IA\Ejercise\cpu-native-arch\build\cpu_native_q4_probe.exe" --cpu 1 --K 512 --target-kib 1280 --depth 16 --variant B --iterations 1 --repetitions 2 --warmup 1
T0 scalar Q4 throughput probe; not an exact model-kernel equivalence claim
shape m=4096 K=512, target_kib=1280, actual_weight_bytes_per_block=1310720, allocated_weight_bytes=20971520, variant=B, eviction_bytes=0, active_logical_cpus=8
command[240/960]="D:\Install\Dev\Projects\IA\Ejercise\cpu-native-arch\build\cpu_native_q4_probe.exe" --cpu 1 --K 512 --target-kib 1280 --depth 16 --variant C --iterations 1 --repetitions 2 --warmup 1
T0 scalar Q4 throughput probe; not an exact model-kernel equivalence claim
shape m=4096 K=512, target_kib=1280, actual_weight_bytes_per_block=1310720, allocated_weight_bytes=1310720, variant=C, eviction_bytes=67108864, active_logical_cpus=8
command[241/960]="D:\Install\Dev\Projects\IA\Ejercise\cpu-native-arch\build\cpu_native_q4_probe.exe" --cpu 2 --K 512 --target-kib 256 --depth 1 --variant A --iterations 1 --repetitions 2 --warmup 1
T0 scalar Q4 throughput probe; not an exact model-kernel equivalence claim
shape m=819 K=512, target_kib=256, actual_weight_bytes_per_block=262080, allocated_weight_bytes=262080, variant=A, eviction_bytes=0, active_logical_cpus=8
command[242/960]="D:\Install\Dev\Projects\IA\Ejercise\cpu-native-arch\build\cpu_native_q4_probe.exe" --cpu 2 --K 512 --target-kib 256 --depth 1 --variant B --iterations 1 --repetitions 2 --warmup 1
T0 scalar Q4 throughput probe; not an exact model-kernel equivalence claim
shape m=819 K=512, target_kib=256, actual_weight_bytes_per_block=262080, allocated_weight_bytes=262080, variant=B, eviction_bytes=0, active_logical_cpus=8
command[243/960]="D:\Install\Dev\Projects\IA\Ejercise\cpu-native-arch\build\cpu_native_q4_probe.exe" --cpu 2 --K 512 --target-kib 256 --depth 1 --variant C --iterations 1 --repetitions 2 --warmup 1
T0 scalar Q4 throughput probe; not an exact model-kernel equivalence claim
shape m=819 K=512, target_kib=256, actual_weight_bytes_per_block=262080, allocated_weight_bytes=262080, variant=C, eviction_bytes=67108864, active_logical_cpus=8
command[244/960]="D:\Install\Dev\Projects\IA\Ejercise\cpu-native-arch\build\cpu_native_q4_probe.exe" --cpu 2 --K 512 --target-kib 256 --depth 2 --variant A --iterations 1 --repetitions 2 --warmup 1
T0 scalar Q4 throughput probe; not an exact model-kernel equivalence claim
shape m=819 K=512, target_kib=256, actual_weight_bytes_per_block=262080, allocated_weight_bytes=262080, variant=A, eviction_bytes=0, active_logical_cpus=8
command[245/960]="D:\Install\Dev\Projects\IA\Ejercise\cpu-native-arch\build\cpu_native_q4_probe.exe" --cpu 2 --K 512 --target-kib 256 --depth 2 --variant B --iterations 1 --repetitions 2 --warmup 1
T0 scalar Q4 throughput probe; not an exact model-kernel equivalence claim
shape m=819 K=512, target_kib=256, actual_weight_bytes_per_block=262080, allocated_weight_bytes=524160, variant=B, eviction_bytes=0, active_logical_cpus=8
command[246/960]="D:\Install\Dev\Projects\IA\Ejercise\cpu-native-arch\build\cpu_native_q4_probe.exe" --cpu 2 --K 512 --target-kib 256 --depth 2 --variant C --iterations 1 --repetitions 2 --warmup 1
T0 scalar Q4 throughput probe; not an exact model-kernel equivalence claim
shape m=819 K=512, target_kib=256, actual_weight_bytes_per_block=262080, allocated_weight_bytes=262080, variant=C, eviction_bytes=67108864, active_logical_cpus=8
command[247/960]="D:\Install\Dev\Projects\IA\Ejercise\cpu-native-arch\build\cpu_native_q4_probe.exe" --cpu 2 --K 512 --target-kib 256 --depth 4 --variant A --iterations 1 --repetitions 2 --warmup 1
T0 scalar Q4 throughput probe; not an exact model-kernel equivalence claim
shape m=819 K=512, target_kib=256, actual_weight_bytes_per_block=262080, allocated_weight_bytes=262080, variant=A, eviction_bytes=0, active_logical_cpus=8
command[248/960]="D:\Install\Dev\Projects\IA\Ejercise\cpu-native-arch\build\cpu_native_q4_probe.exe" --cpu 2 --K 512 --target-kib 256 --depth 4 --variant B --iterations 1 --repetitions 2 --warmup 1
T0 scalar Q4 throughput probe; not an exact model-kernel equivalence claim
shape m=819 K=512, target_kib=256, actual_weight_bytes_per_block=262080, allocated_weight_bytes=1048320, variant=B, eviction_bytes=0, active_logical_cpus=8
command[249/960]="D:\Install\Dev\Projects\IA\Ejercise\cpu-native-arch\build\cpu_native_q4_probe.exe" --cpu 2 --K 512 --target-kib 256 --depth 4 --variant C --iterations 1 --repetitions 2 --warmup 1
T0 scalar Q4 throughput probe; not an exact model-kernel equivalence claim
shape m=819 K=512, target_kib=256, actual_weight_bytes_per_block=262080, allocated_weight_bytes=262080, variant=C, eviction_bytes=67108864, active_logical_cpus=8
command[250/960]="D:\Install\Dev\Projects\IA\Ejercise\cpu-native-arch\build\cpu_native_q4_probe.exe" --cpu 2 --K 512 --target-kib 256 --depth 8 --variant A --iterations 1 --repetitions 2 --warmup 1
T0 scalar Q4 throughput probe; not an exact model-kernel equivalence claim
shape m=819 K=512, target_kib=256, actual_weight_bytes_per_block=262080, allocated_weight_bytes=262080, variant=A, eviction_bytes=0, active_logical_cpus=8
command[251/960]="D:\Install\Dev\Projects\IA\Ejercise\cpu-native-arch\build\cpu_native_q4_probe.exe" --cpu 2 --K 512 --target-kib 256 --depth 8 --variant B --iterations 1 --repetitions 2 --warmup 1
T0 scalar Q4 throughput probe; not an exact model-kernel equivalence claim
shape m=819 K=512, target_kib=256, actual_weight_bytes_per_block=262080, allocated_weight_bytes=2096640, variant=B, eviction_bytes=0, active_logical_cpus=8
command[252/960]="D:\Install\Dev\Projects\IA\Ejercise\cpu-native-arch\build\cpu_native_q4_probe.exe" --cpu 2 --K 512 --target-kib 256 --depth 8 --variant C --iterations 1 --repetitions 2 --warmup 1
T0 scalar Q4 throughput probe; not an exact model-kernel equivalence claim
shape m=819 K=512, target_kib=256, actual_weight_bytes_per_block=262080, allocated_weight_bytes=262080, variant=C, eviction_bytes=67108864, active_logical_cpus=8
command[253/960]="D:\Install\Dev\Projects\IA\Ejercise\cpu-native-arch\build\cpu_native_q4_probe.exe" --cpu 2 --K 512 --target-kib 256 --depth 16 --variant A --iterations 1 --repetitions 2 --warmup 1
T0 scalar Q4 throughput probe; not an exact model-kernel equivalence claim
shape m=819 K=512, target_kib=256, actual_weight_bytes_per_block=262080, allocated_weight_bytes=262080, variant=A, eviction_bytes=0, active_logical_cpus=8
command[254/960]="D:\Install\Dev\Projects\IA\Ejercise\cpu-native-arch\build\cpu_native_q4_probe.exe" --cpu 2 --K 512 --target-kib 256 --depth 16 --variant B --iterations 1 --repetitions 2 --warmup 1
T0 scalar Q4 throughput probe; not an exact model-kernel equivalence claim
shape m=819 K=512, target_kib=256, actual_weight_bytes_per_block=262080, allocated_weight_bytes=4193280, variant=B, eviction_bytes=0, active_logical_cpus=8
command[255/960]="D:\Install\Dev\Projects\IA\Ejercise\cpu-native-arch\build\cpu_native_q4_probe.exe" --cpu 2 --K 512 --target-kib 256 --depth 16 --variant C --iterations 1 --repetitions 2 --warmup 1
T0 scalar Q4 throughput probe; not an exact model-kernel equivalence claim
shape m=819 K=512, target_kib=256, actual_weight_bytes_per_block=262080, allocated_weight_bytes=262080, variant=C, eviction_bytes=67108864, active_logical_cpus=8
command[256/960]="D:\Install\Dev\Projects\IA\Ejercise\cpu-native-arch\build\cpu_native_q4_probe.exe" --cpu 2 --K 512 --target-kib 384 --depth 1 --variant A --iterations 1 --repetitions 2 --warmup 1
T0 scalar Q4 throughput probe; not an exact model-kernel equivalence claim
shape m=1228 K=512, target_kib=384, actual_weight_bytes_per_block=392960, allocated_weight_bytes=392960, variant=A, eviction_bytes=0, active_logical_cpus=8
command[257/960]="D:\Install\Dev\Projects\IA\Ejercise\cpu-native-arch\build\cpu_native_q4_probe.exe" --cpu 2 --K 512 --target-kib 384 --depth 1 --variant B --iterations 1 --repetitions 2 --warmup 1
T0 scalar Q4 throughput probe; not an exact model-kernel equivalence claim
shape m=1228 K=512, target_kib=384, actual_weight_bytes_per_block=392960, allocated_weight_bytes=392960, variant=B, eviction_bytes=0, active_logical_cpus=8
command[258/960]="D:\Install\Dev\Projects\IA\Ejercise\cpu-native-arch\build\cpu_native_q4_probe.exe" --cpu 2 --K 512 --target-kib 384 --depth 1 --variant C --iterations 1 --repetitions 2 --warmup 1
T0 scalar Q4 throughput probe; not an exact model-kernel equivalence claim
shape m=1228 K=512, target_kib=384, actual_weight_bytes_per_block=392960, allocated_weight_bytes=392960, variant=C, eviction_bytes=67108864, active_logical_cpus=8
command[259/960]="D:\Install\Dev\Projects\IA\Ejercise\cpu-native-arch\build\cpu_native_q4_probe.exe" --cpu 2 --K 512 --target-kib 384 --depth 2 --variant A --iterations 1 --repetitions 2 --warmup 1
T0 scalar Q4 throughput probe; not an exact model-kernel equivalence claim
shape m=1228 K=512, target_kib=384, actual_weight_bytes_per_block=392960, allocated_weight_bytes=392960, variant=A, eviction_bytes=0, active_logical_cpus=8
command[260/960]="D:\Install\Dev\Projects\IA\Ejercise\cpu-native-arch\build\cpu_native_q4_probe.exe" --cpu 2 --K 512 --target-kib 384 --depth 2 --variant B --iterations 1 --repetitions 2 --warmup 1
T0 scalar Q4 throughput probe; not an exact model-kernel equivalence claim
shape m=1228 K=512, target_kib=384, actual_weight_bytes_per_block=392960, allocated_weight_bytes=785920, variant=B, eviction_bytes=0, active_logical_cpus=8
command[261/960]="D:\Install\Dev\Projects\IA\Ejercise\cpu-native-arch\build\cpu_native_q4_probe.exe" --cpu 2 --K 512 --target-kib 384 --depth 2 --variant C --iterations 1 --repetitions 2 --warmup 1
T0 scalar Q4 throughput probe; not an exact model-kernel equivalence claim
shape m=1228 K=512, target_kib=384, actual_weight_bytes_per_block=392960, allocated_weight_bytes=392960, variant=C, eviction_bytes=67108864, active_logical_cpus=8
command[262/960]="D:\Install\Dev\Projects\IA\Ejercise\cpu-native-arch\build\cpu_native_q4_probe.exe" --cpu 2 --K 512 --target-kib 384 --depth 4 --variant A --iterations 1 --repetitions 2 --warmup 1
T0 scalar Q4 throughput probe; not an exact model-kernel equivalence claim
shape m=1228 K=512, target_kib=384, actual_weight_bytes_per_block=392960, allocated_weight_bytes=392960, variant=A, eviction_bytes=0, active_logical_cpus=8
command[263/960]="D:\Install\Dev\Projects\IA\Ejercise\cpu-native-arch\build\cpu_native_q4_probe.exe" --cpu 2 --K 512 --target-kib 384 --depth 4 --variant B --iterations 1 --repetitions 2 --warmup 1
T0 scalar Q4 throughput probe; not an exact model-kernel equivalence claim
shape m=1228 K=512, target_kib=384, actual_weight_bytes_per_block=392960, allocated_weight_bytes=1571840, variant=B, eviction_bytes=0, active_logical_cpus=8
command[264/960]="D:\Install\Dev\Projects\IA\Ejercise\cpu-native-arch\build\cpu_native_q4_probe.exe" --cpu 2 --K 512 --target-kib 384 --depth 4 --variant C --iterations 1 --repetitions 2 --warmup 1
T0 scalar Q4 throughput probe; not an exact model-kernel equivalence claim
shape m=1228 K=512, target_kib=384, actual_weight_bytes_per_block=392960, allocated_weight_bytes=392960, variant=C, eviction_bytes=67108864, active_logical_cpus=8
command[265/960]="D:\Install\Dev\Projects\IA\Ejercise\cpu-native-arch\build\cpu_native_q4_probe.exe" --cpu 2 --K 512 --target-kib 384 --depth 8 --variant A --iterations 1 --repetitions 2 --warmup 1
T0 scalar Q4 throughput probe; not an exact model-kernel equivalence claim
shape m=1228 K=512, target_kib=384, actual_weight_bytes_per_block=392960, allocated_weight_bytes=392960, variant=A, eviction_bytes=0, active_logical_cpus=8
command[266/960]="D:\Install\Dev\Projects\IA\Ejercise\cpu-native-arch\build\cpu_native_q4_probe.exe" --cpu 2 --K 512 --target-kib 384 --depth 8 --variant B --iterations 1 --repetitions 2 --warmup 1
T0 scalar Q4 throughput probe; not an exact model-kernel equivalence claim
shape m=1228 K=512, target_kib=384, actual_weight_bytes_per_block=392960, allocated_weight_bytes=3143680, variant=B, eviction_bytes=0, active_logical_cpus=8
command[267/960]="D:\Install\Dev\Projects\IA\Ejercise\cpu-native-arch\build\cpu_native_q4_probe.exe" --cpu 2 --K 512 --target-kib 384 --depth 8 --variant C --iterations 1 --repetitions 2 --warmup 1
T0 scalar Q4 throughput probe; not an exact model-kernel equivalence claim
shape m=1228 K=512, target_kib=384, actual_weight_bytes_per_block=392960, allocated_weight_bytes=392960, variant=C, eviction_bytes=67108864, active_logical_cpus=8
command[268/960]="D:\Install\Dev\Projects\IA\Ejercise\cpu-native-arch\build\cpu_native_q4_probe.exe" --cpu 2 --K 512 --target-kib 384 --depth 16 --variant A --iterations 1 --repetitions 2 --warmup 1
T0 scalar Q4 throughput probe; not an exact model-kernel equivalence claim
shape m=1228 K=512, target_kib=384, actual_weight_bytes_per_block=392960, allocated_weight_bytes=392960, variant=A, eviction_bytes=0, active_logical_cpus=8
command[269/960]="D:\Install\Dev\Projects\IA\Ejercise\cpu-native-arch\build\cpu_native_q4_probe.exe" --cpu 2 --K 512 --target-kib 384 --depth 16 --variant B --iterations 1 --repetitions 2 --warmup 1
T0 scalar Q4 throughput probe; not an exact model-kernel equivalence claim
shape m=1228 K=512, target_kib=384, actual_weight_bytes_per_block=392960, allocated_weight_bytes=6287360, variant=B, eviction_bytes=0, active_logical_cpus=8
command[270/960]="D:\Install\Dev\Projects\IA\Ejercise\cpu-native-arch\build\cpu_native_q4_probe.exe" --cpu 2 --K 512 --target-kib 384 --depth 16 --variant C --iterations 1 --repetitions 2 --warmup 1
T0 scalar Q4 throughput probe; not an exact model-kernel equivalence claim
shape m=1228 K=512, target_kib=384, actual_weight_bytes_per_block=392960, allocated_weight_bytes=392960, variant=C, eviction_bytes=67108864, active_logical_cpus=8
command[271/960]="D:\Install\Dev\Projects\IA\Ejercise\cpu-native-arch\build\cpu_native_q4_probe.exe" --cpu 2 --K 512 --target-kib 512 --depth 1 --variant A --iterations 1 --repetitions 2 --warmup 1
T0 scalar Q4 throughput probe; not an exact model-kernel equivalence claim
shape m=1638 K=512, target_kib=512, actual_weight_bytes_per_block=524160, allocated_weight_bytes=524160, variant=A, eviction_bytes=0, active_logical_cpus=8
command[272/960]="D:\Install\Dev\Projects\IA\Ejercise\cpu-native-arch\build\cpu_native_q4_probe.exe" --cpu 2 --K 512 --target-kib 512 --depth 1 --variant B --iterations 1 --repetitions 2 --warmup 1
T0 scalar Q4 throughput probe; not an exact model-kernel equivalence claim
shape m=1638 K=512, target_kib=512, actual_weight_bytes_per_block=524160, allocated_weight_bytes=524160, variant=B, eviction_bytes=0, active_logical_cpus=8
command[273/960]="D:\Install\Dev\Projects\IA\Ejercise\cpu-native-arch\build\cpu_native_q4_probe.exe" --cpu 2 --K 512 --target-kib 512 --depth 1 --variant C --iterations 1 --repetitions 2 --warmup 1
T0 scalar Q4 throughput probe; not an exact model-kernel equivalence claim
shape m=1638 K=512, target_kib=512, actual_weight_bytes_per_block=524160, allocated_weight_bytes=524160, variant=C, eviction_bytes=67108864, active_logical_cpus=8
command[274/960]="D:\Install\Dev\Projects\IA\Ejercise\cpu-native-arch\build\cpu_native_q4_probe.exe" --cpu 2 --K 512 --target-kib 512 --depth 2 --variant A --iterations 1 --repetitions 2 --warmup 1
T0 scalar Q4 throughput probe; not an exact model-kernel equivalence claim
shape m=1638 K=512, target_kib=512, actual_weight_bytes_per_block=524160, allocated_weight_bytes=524160, variant=A, eviction_bytes=0, active_logical_cpus=8
command[275/960]="D:\Install\Dev\Projects\IA\Ejercise\cpu-native-arch\build\cpu_native_q4_probe.exe" --cpu 2 --K 512 --target-kib 512 --depth 2 --variant B --iterations 1 --repetitions 2 --warmup 1
T0 scalar Q4 throughput probe; not an exact model-kernel equivalence claim
shape m=1638 K=512, target_kib=512, actual_weight_bytes_per_block=524160, allocated_weight_bytes=1048320, variant=B, eviction_bytes=0, active_logical_cpus=8
command[276/960]="D:\Install\Dev\Projects\IA\Ejercise\cpu-native-arch\build\cpu_native_q4_probe.exe" --cpu 2 --K 512 --target-kib 512 --depth 2 --variant C --iterations 1 --repetitions 2 --warmup 1
T0 scalar Q4 throughput probe; not an exact model-kernel equivalence claim
shape m=1638 K=512, target_kib=512, actual_weight_bytes_per_block=524160, allocated_weight_bytes=524160, variant=C, eviction_bytes=67108864, active_logical_cpus=8
command[277/960]="D:\Install\Dev\Projects\IA\Ejercise\cpu-native-arch\build\cpu_native_q4_probe.exe" --cpu 2 --K 512 --target-kib 512 --depth 4 --variant A --iterations 1 --repetitions 2 --warmup 1
T0 scalar Q4 throughput probe; not an exact model-kernel equivalence claim
shape m=1638 K=512, target_kib=512, actual_weight_bytes_per_block=524160, allocated_weight_bytes=524160, variant=A, eviction_bytes=0, active_logical_cpus=8
command[278/960]="D:\Install\Dev\Projects\IA\Ejercise\cpu-native-arch\build\cpu_native_q4_probe.exe" --cpu 2 --K 512 --target-kib 512 --depth 4 --variant B --iterations 1 --repetitions 2 --warmup 1
T0 scalar Q4 throughput probe; not an exact model-kernel equivalence claim
shape m=1638 K=512, target_kib=512, actual_weight_bytes_per_block=524160, allocated_weight_bytes=2096640, variant=B, eviction_bytes=0, active_logical_cpus=8
command[279/960]="D:\Install\Dev\Projects\IA\Ejercise\cpu-native-arch\build\cpu_native_q4_probe.exe" --cpu 2 --K 512 --target-kib 512 --depth 4 --variant C --iterations 1 --repetitions 2 --warmup 1
T0 scalar Q4 throughput probe; not an exact model-kernel equivalence claim
shape m=1638 K=512, target_kib=512, actual_weight_bytes_per_block=524160, allocated_weight_bytes=524160, variant=C, eviction_bytes=67108864, active_logical_cpus=8
command[280/960]="D:\Install\Dev\Projects\IA\Ejercise\cpu-native-arch\build\cpu_native_q4_probe.exe" --cpu 2 --K 512 --target-kib 512 --depth 8 --variant A --iterations 1 --repetitions 2 --warmup 1
T0 scalar Q4 throughput probe; not an exact model-kernel equivalence claim
shape m=1638 K=512, target_kib=512, actual_weight_bytes_per_block=524160, allocated_weight_bytes=524160, variant=A, eviction_bytes=0, active_logical_cpus=8
command[281/960]="D:\Install\Dev\Projects\IA\Ejercise\cpu-native-arch\build\cpu_native_q4_probe.exe" --cpu 2 --K 512 --target-kib 512 --depth 8 --variant B --iterations 1 --repetitions 2 --warmup 1
T0 scalar Q4 throughput probe; not an exact model-kernel equivalence claim
shape m=1638 K=512, target_kib=512, actual_weight_bytes_per_block=524160, allocated_weight_bytes=4193280, variant=B, eviction_bytes=0, active_logical_cpus=8
command[282/960]="D:\Install\Dev\Projects\IA\Ejercise\cpu-native-arch\build\cpu_native_q4_probe.exe" --cpu 2 --K 512 --target-kib 512 --depth 8 --variant C --iterations 1 --repetitions 2 --warmup 1
T0 scalar Q4 throughput probe; not an exact model-kernel equivalence claim
shape m=1638 K=512, target_kib=512, actual_weight_bytes_per_block=524160, allocated_weight_bytes=524160, variant=C, eviction_bytes=67108864, active_logical_cpus=8
command[283/960]="D:\Install\Dev\Projects\IA\Ejercise\cpu-native-arch\build\cpu_native_q4_probe.exe" --cpu 2 --K 512 --target-kib 512 --depth 16 --variant A --iterations 1 --repetitions 2 --warmup 1
T0 scalar Q4 throughput probe; not an exact model-kernel equivalence claim
shape m=1638 K=512, target_kib=512, actual_weight_bytes_per_block=524160, allocated_weight_bytes=524160, variant=A, eviction_bytes=0, active_logical_cpus=8
command[284/960]="D:\Install\Dev\Projects\IA\Ejercise\cpu-native-arch\build\cpu_native_q4_probe.exe" --cpu 2 --K 512 --target-kib 512 --depth 16 --variant B --iterations 1 --repetitions 2 --warmup 1
T0 scalar Q4 throughput probe; not an exact model-kernel equivalence claim
shape m=1638 K=512, target_kib=512, actual_weight_bytes_per_block=524160, allocated_weight_bytes=8386560, variant=B, eviction_bytes=0, active_logical_cpus=8
command[285/960]="D:\Install\Dev\Projects\IA\Ejercise\cpu-native-arch\build\cpu_native_q4_probe.exe" --cpu 2 --K 512 --target-kib 512 --depth 16 --variant C --iterations 1 --repetitions 2 --warmup 1
T0 scalar Q4 throughput probe; not an exact model-kernel equivalence claim
shape m=1638 K=512, target_kib=512, actual_weight_bytes_per_block=524160, allocated_weight_bytes=524160, variant=C, eviction_bytes=67108864, active_logical_cpus=8
command[286/960]="D:\Install\Dev\Projects\IA\Ejercise\cpu-native-arch\build\cpu_native_q4_probe.exe" --cpu 2 --K 512 --target-kib 640 --depth 1 --variant A --iterations 1 --repetitions 2 --warmup 1
T0 scalar Q4 throughput probe; not an exact model-kernel equivalence claim
shape m=2048 K=512, target_kib=640, actual_weight_bytes_per_block=655360, allocated_weight_bytes=655360, variant=A, eviction_bytes=0, active_logical_cpus=8
command[287/960]="D:\Install\Dev\Projects\IA\Ejercise\cpu-native-arch\build\cpu_native_q4_probe.exe" --cpu 2 --K 512 --target-kib 640 --depth 1 --variant B --iterations 1 --repetitions 2 --warmup 1
T0 scalar Q4 throughput probe; not an exact model-kernel equivalence claim
shape m=2048 K=512, target_kib=640, actual_weight_bytes_per_block=655360, allocated_weight_bytes=655360, variant=B, eviction_bytes=0, active_logical_cpus=8
command[288/960]="D:\Install\Dev\Projects\IA\Ejercise\cpu-native-arch\build\cpu_native_q4_probe.exe" --cpu 2 --K 512 --target-kib 640 --depth 1 --variant C --iterations 1 --repetitions 2 --warmup 1
T0 scalar Q4 throughput probe; not an exact model-kernel equivalence claim
shape m=2048 K=512, target_kib=640, actual_weight_bytes_per_block=655360, allocated_weight_bytes=655360, variant=C, eviction_bytes=67108864, active_logical_cpus=8
command[289/960]="D:\Install\Dev\Projects\IA\Ejercise\cpu-native-arch\build\cpu_native_q4_probe.exe" --cpu 2 --K 512 --target-kib 640 --depth 2 --variant A --iterations 1 --repetitions 2 --warmup 1
T0 scalar Q4 throughput probe; not an exact model-kernel equivalence claim
shape m=2048 K=512, target_kib=640, actual_weight_bytes_per_block=655360, allocated_weight_bytes=655360, variant=A, eviction_bytes=0, active_logical_cpus=8
command[290/960]="D:\Install\Dev\Projects\IA\Ejercise\cpu-native-arch\build\cpu_native_q4_probe.exe" --cpu 2 --K 512 --target-kib 640 --depth 2 --variant B --iterations 1 --repetitions 2 --warmup 1
T0 scalar Q4 throughput probe; not an exact model-kernel equivalence claim
shape m=2048 K=512, target_kib=640, actual_weight_bytes_per_block=655360, allocated_weight_bytes=1310720, variant=B, eviction_bytes=0, active_logical_cpus=8
command[291/960]="D:\Install\Dev\Projects\IA\Ejercise\cpu-native-arch\build\cpu_native_q4_probe.exe" --cpu 2 --K 512 --target-kib 640 --depth 2 --variant C --iterations 1 --repetitions 2 --warmup 1
T0 scalar Q4 throughput probe; not an exact model-kernel equivalence claim
shape m=2048 K=512, target_kib=640, actual_weight_bytes_per_block=655360, allocated_weight_bytes=655360, variant=C, eviction_bytes=67108864, active_logical_cpus=8
command[292/960]="D:\Install\Dev\Projects\IA\Ejercise\cpu-native-arch\build\cpu_native_q4_probe.exe" --cpu 2 --K 512 --target-kib 640 --depth 4 --variant A --iterations 1 --repetitions 2 --warmup 1
T0 scalar Q4 throughput probe; not an exact model-kernel equivalence claim
shape m=2048 K=512, target_kib=640, actual_weight_bytes_per_block=655360, allocated_weight_bytes=655360, variant=A, eviction_bytes=0, active_logical_cpus=8
command[293/960]="D:\Install\Dev\Projects\IA\Ejercise\cpu-native-arch\build\cpu_native_q4_probe.exe" --cpu 2 --K 512 --target-kib 640 --depth 4 --variant B --iterations 1 --repetitions 2 --warmup 1
T0 scalar Q4 throughput probe; not an exact model-kernel equivalence claim
shape m=2048 K=512, target_kib=640, actual_weight_bytes_per_block=655360, allocated_weight_bytes=2621440, variant=B, eviction_bytes=0, active_logical_cpus=8
command[294/960]="D:\Install\Dev\Projects\IA\Ejercise\cpu-native-arch\build\cpu_native_q4_probe.exe" --cpu 2 --K 512 --target-kib 640 --depth 4 --variant C --iterations 1 --repetitions 2 --warmup 1
T0 scalar Q4 throughput probe; not an exact model-kernel equivalence claim
shape m=2048 K=512, target_kib=640, actual_weight_bytes_per_block=655360, allocated_weight_bytes=655360, variant=C, eviction_bytes=67108864, active_logical_cpus=8
command[295/960]="D:\Install\Dev\Projects\IA\Ejercise\cpu-native-arch\build\cpu_native_q4_probe.exe" --cpu 2 --K 512 --target-kib 640 --depth 8 --variant A --iterations 1 --repetitions 2 --warmup 1
T0 scalar Q4 throughput probe; not an exact model-kernel equivalence claim
shape m=2048 K=512, target_kib=640, actual_weight_bytes_per_block=655360, allocated_weight_bytes=655360, variant=A, eviction_bytes=0, active_logical_cpus=8
command[296/960]="D:\Install\Dev\Projects\IA\Ejercise\cpu-native-arch\build\cpu_native_q4_probe.exe" --cpu 2 --K 512 --target-kib 640 --depth 8 --variant B --iterations 1 --repetitions 2 --warmup 1
T0 scalar Q4 throughput probe; not an exact model-kernel equivalence claim
shape m=2048 K=512, target_kib=640, actual_weight_bytes_per_block=655360, allocated_weight_bytes=5242880, variant=B, eviction_bytes=0, active_logical_cpus=8
command[297/960]="D:\Install\Dev\Projects\IA\Ejercise\cpu-native-arch\build\cpu_native_q4_probe.exe" --cpu 2 --K 512 --target-kib 640 --depth 8 --variant C --iterations 1 --repetitions 2 --warmup 1
T0 scalar Q4 throughput probe; not an exact model-kernel equivalence claim
shape m=2048 K=512, target_kib=640, actual_weight_bytes_per_block=655360, allocated_weight_bytes=655360, variant=C, eviction_bytes=67108864, active_logical_cpus=8
command[298/960]="D:\Install\Dev\Projects\IA\Ejercise\cpu-native-arch\build\cpu_native_q4_probe.exe" --cpu 2 --K 512 --target-kib 640 --depth 16 --variant A --iterations 1 --repetitions 2 --warmup 1
T0 scalar Q4 throughput probe; not an exact model-kernel equivalence claim
shape m=2048 K=512, target_kib=640, actual_weight_bytes_per_block=655360, allocated_weight_bytes=655360, variant=A, eviction_bytes=0, active_logical_cpus=8
command[299/960]="D:\Install\Dev\Projects\IA\Ejercise\cpu-native-arch\build\cpu_native_q4_probe.exe" --cpu 2 --K 512 --target-kib 640 --depth 16 --variant B --iterations 1 --repetitions 2 --warmup 1
T0 scalar Q4 throughput probe; not an exact model-kernel equivalence claim
shape m=2048 K=512, target_kib=640, actual_weight_bytes_per_block=655360, allocated_weight_bytes=10485760, variant=B, eviction_bytes=0, active_logical_cpus=8
command[300/960]="D:\Install\Dev\Projects\IA\Ejercise\cpu-native-arch\build\cpu_native_q4_probe.exe" --cpu 2 --K 512 --target-kib 640 --depth 16 --variant C --iterations 1 --repetitions 2 --warmup 1
T0 scalar Q4 throughput probe; not an exact model-kernel equivalence claim
shape m=2048 K=512, target_kib=640, actual_weight_bytes_per_block=655360, allocated_weight_bytes=655360, variant=C, eviction_bytes=67108864, active_logical_cpus=8
command[301/960]="D:\Install\Dev\Projects\IA\Ejercise\cpu-native-arch\build\cpu_native_q4_probe.exe" --cpu 2 --K 512 --target-kib 768 --depth 1 --variant A --iterations 1 --repetitions 2 --warmup 1
T0 scalar Q4 throughput probe; not an exact model-kernel equivalence claim
shape m=2457 K=512, target_kib=768, actual_weight_bytes_per_block=786240, allocated_weight_bytes=786240, variant=A, eviction_bytes=0, active_logical_cpus=8
command[302/960]="D:\Install\Dev\Projects\IA\Ejercise\cpu-native-arch\build\cpu_native_q4_probe.exe" --cpu 2 --K 512 --target-kib 768 --depth 1 --variant B --iterations 1 --repetitions 2 --warmup 1
T0 scalar Q4 throughput probe; not an exact model-kernel equivalence claim
shape m=2457 K=512, target_kib=768, actual_weight_bytes_per_block=786240, allocated_weight_bytes=786240, variant=B, eviction_bytes=0, active_logical_cpus=8
command[303/960]="D:\Install\Dev\Projects\IA\Ejercise\cpu-native-arch\build\cpu_native_q4_probe.exe" --cpu 2 --K 512 --target-kib 768 --depth 1 --variant C --iterations 1 --repetitions 2 --warmup 1
T0 scalar Q4 throughput probe; not an exact model-kernel equivalence claim
shape m=2457 K=512, target_kib=768, actual_weight_bytes_per_block=786240, allocated_weight_bytes=786240, variant=C, eviction_bytes=67108864, active_logical_cpus=8
command[304/960]="D:\Install\Dev\Projects\IA\Ejercise\cpu-native-arch\build\cpu_native_q4_probe.exe" --cpu 2 --K 512 --target-kib 768 --depth 2 --variant A --iterations 1 --repetitions 2 --warmup 1
T0 scalar Q4 throughput probe; not an exact model-kernel equivalence claim
shape m=2457 K=512, target_kib=768, actual_weight_bytes_per_block=786240, allocated_weight_bytes=786240, variant=A, eviction_bytes=0, active_logical_cpus=8
command[305/960]="D:\Install\Dev\Projects\IA\Ejercise\cpu-native-arch\build\cpu_native_q4_probe.exe" --cpu 2 --K 512 --target-kib 768 --depth 2 --variant B --iterations 1 --repetitions 2 --warmup 1
T0 scalar Q4 throughput probe; not an exact model-kernel equivalence claim
shape m=2457 K=512, target_kib=768, actual_weight_bytes_per_block=786240, allocated_weight_bytes=1572480, variant=B, eviction_bytes=0, active_logical_cpus=8
command[306/960]="D:\Install\Dev\Projects\IA\Ejercise\cpu-native-arch\build\cpu_native_q4_probe.exe" --cpu 2 --K 512 --target-kib 768 --depth 2 --variant C --iterations 1 --repetitions 2 --warmup 1
T0 scalar Q4 throughput probe; not an exact model-kernel equivalence claim
shape m=2457 K=512, target_kib=768, actual_weight_bytes_per_block=786240, allocated_weight_bytes=786240, variant=C, eviction_bytes=67108864, active_logical_cpus=8
command[307/960]="D:\Install\Dev\Projects\IA\Ejercise\cpu-native-arch\build\cpu_native_q4_probe.exe" --cpu 2 --K 512 --target-kib 768 --depth 4 --variant A --iterations 1 --repetitions 2 --warmup 1
T0 scalar Q4 throughput probe; not an exact model-kernel equivalence claim
shape m=2457 K=512, target_kib=768, actual_weight_bytes_per_block=786240, allocated_weight_bytes=786240, variant=A, eviction_bytes=0, active_logical_cpus=8
command[308/960]="D:\Install\Dev\Projects\IA\Ejercise\cpu-native-arch\build\cpu_native_q4_probe.exe" --cpu 2 --K 512 --target-kib 768 --depth 4 --variant B --iterations 1 --repetitions 2 --warmup 1
T0 scalar Q4 throughput probe; not an exact model-kernel equivalence claim
shape m=2457 K=512, target_kib=768, actual_weight_bytes_per_block=786240, allocated_weight_bytes=3144960, variant=B, eviction_bytes=0, active_logical_cpus=8
command[309/960]="D:\Install\Dev\Projects\IA\Ejercise\cpu-native-arch\build\cpu_native_q4_probe.exe" --cpu 2 --K 512 --target-kib 768 --depth 4 --variant C --iterations 1 --repetitions 2 --warmup 1
T0 scalar Q4 throughput probe; not an exact model-kernel equivalence claim
shape m=2457 K=512, target_kib=768, actual_weight_bytes_per_block=786240, allocated_weight_bytes=786240, variant=C, eviction_bytes=67108864, active_logical_cpus=8
command[310/960]="D:\Install\Dev\Projects\IA\Ejercise\cpu-native-arch\build\cpu_native_q4_probe.exe" --cpu 2 --K 512 --target-kib 768 --depth 8 --variant A --iterations 1 --repetitions 2 --warmup 1
T0 scalar Q4 throughput probe; not an exact model-kernel equivalence claim
shape m=2457 K=512, target_kib=768, actual_weight_bytes_per_block=786240, allocated_weight_bytes=786240, variant=A, eviction_bytes=0, active_logical_cpus=8
command[311/960]="D:\Install\Dev\Projects\IA\Ejercise\cpu-native-arch\build\cpu_native_q4_probe.exe" --cpu 2 --K 512 --target-kib 768 --depth 8 --variant B --iterations 1 --repetitions 2 --warmup 1
T0 scalar Q4 throughput probe; not an exact model-kernel equivalence claim
shape m=2457 K=512, target_kib=768, actual_weight_bytes_per_block=786240, allocated_weight_bytes=6289920, variant=B, eviction_bytes=0, active_logical_cpus=8
command[312/960]="D:\Install\Dev\Projects\IA\Ejercise\cpu-native-arch\build\cpu_native_q4_probe.exe" --cpu 2 --K 512 --target-kib 768 --depth 8 --variant C --iterations 1 --repetitions 2 --warmup 1
T0 scalar Q4 throughput probe; not an exact model-kernel equivalence claim
shape m=2457 K=512, target_kib=768, actual_weight_bytes_per_block=786240, allocated_weight_bytes=786240, variant=C, eviction_bytes=67108864, active_logical_cpus=8
command[313/960]="D:\Install\Dev\Projects\IA\Ejercise\cpu-native-arch\build\cpu_native_q4_probe.exe" --cpu 2 --K 512 --target-kib 768 --depth 16 --variant A --iterations 1 --repetitions 2 --warmup 1
T0 scalar Q4 throughput probe; not an exact model-kernel equivalence claim
shape m=2457 K=512, target_kib=768, actual_weight_bytes_per_block=786240, allocated_weight_bytes=786240, variant=A, eviction_bytes=0, active_logical_cpus=8
command[314/960]="D:\Install\Dev\Projects\IA\Ejercise\cpu-native-arch\build\cpu_native_q4_probe.exe" --cpu 2 --K 512 --target-kib 768 --depth 16 --variant B --iterations 1 --repetitions 2 --warmup 1
T0 scalar Q4 throughput probe; not an exact model-kernel equivalence claim
shape m=2457 K=512, target_kib=768, actual_weight_bytes_per_block=786240, allocated_weight_bytes=12579840, variant=B, eviction_bytes=0, active_logical_cpus=8
command[315/960]="D:\Install\Dev\Projects\IA\Ejercise\cpu-native-arch\build\cpu_native_q4_probe.exe" --cpu 2 --K 512 --target-kib 768 --depth 16 --variant C --iterations 1 --repetitions 2 --warmup 1
T0 scalar Q4 throughput probe; not an exact model-kernel equivalence claim
shape m=2457 K=512, target_kib=768, actual_weight_bytes_per_block=786240, allocated_weight_bytes=786240, variant=C, eviction_bytes=67108864, active_logical_cpus=8
command[316/960]="D:\Install\Dev\Projects\IA\Ejercise\cpu-native-arch\build\cpu_native_q4_probe.exe" --cpu 2 --K 512 --target-kib 896 --depth 1 --variant A --iterations 1 --repetitions 2 --warmup 1
T0 scalar Q4 throughput probe; not an exact model-kernel equivalence claim
shape m=2867 K=512, target_kib=896, actual_weight_bytes_per_block=917440, allocated_weight_bytes=917440, variant=A, eviction_bytes=0, active_logical_cpus=8
command[317/960]="D:\Install\Dev\Projects\IA\Ejercise\cpu-native-arch\build\cpu_native_q4_probe.exe" --cpu 2 --K 512 --target-kib 896 --depth 1 --variant B --iterations 1 --repetitions 2 --warmup 1
T0 scalar Q4 throughput probe; not an exact model-kernel equivalence claim
shape m=2867 K=512, target_kib=896, actual_weight_bytes_per_block=917440, allocated_weight_bytes=917440, variant=B, eviction_bytes=0, active_logical_cpus=8
command[318/960]="D:\Install\Dev\Projects\IA\Ejercise\cpu-native-arch\build\cpu_native_q4_probe.exe" --cpu 2 --K 512 --target-kib 896 --depth 1 --variant C --iterations 1 --repetitions 2 --warmup 1
T0 scalar Q4 throughput probe; not an exact model-kernel equivalence claim
shape m=2867 K=512, target_kib=896, actual_weight_bytes_per_block=917440, allocated_weight_bytes=917440, variant=C, eviction_bytes=67108864, active_logical_cpus=8
command[319/960]="D:\Install\Dev\Projects\IA\Ejercise\cpu-native-arch\build\cpu_native_q4_probe.exe" --cpu 2 --K 512 --target-kib 896 --depth 2 --variant A --iterations 1 --repetitions 2 --warmup 1
T0 scalar Q4 throughput probe; not an exact model-kernel equivalence claim
shape m=2867 K=512, target_kib=896, actual_weight_bytes_per_block=917440, allocated_weight_bytes=917440, variant=A, eviction_bytes=0, active_logical_cpus=8
command[320/960]="D:\Install\Dev\Projects\IA\Ejercise\cpu-native-arch\build\cpu_native_q4_probe.exe" --cpu 2 --K 512 --target-kib 896 --depth 2 --variant B --iterations 1 --repetitions 2 --warmup 1
T0 scalar Q4 throughput probe; not an exact model-kernel equivalence claim
shape m=2867 K=512, target_kib=896, actual_weight_bytes_per_block=917440, allocated_weight_bytes=1834880, variant=B, eviction_bytes=0, active_logical_cpus=8
command[321/960]="D:\Install\Dev\Projects\IA\Ejercise\cpu-native-arch\build\cpu_native_q4_probe.exe" --cpu 2 --K 512 --target-kib 896 --depth 2 --variant C --iterations 1 --repetitions 2 --warmup 1
T0 scalar Q4 throughput probe; not an exact model-kernel equivalence claim
shape m=2867 K=512, target_kib=896, actual_weight_bytes_per_block=917440, allocated_weight_bytes=917440, variant=C, eviction_bytes=67108864, active_logical_cpus=8
command[322/960]="D:\Install\Dev\Projects\IA\Ejercise\cpu-native-arch\build\cpu_native_q4_probe.exe" --cpu 2 --K 512 --target-kib 896 --depth 4 --variant A --iterations 1 --repetitions 2 --warmup 1
T0 scalar Q4 throughput probe; not an exact model-kernel equivalence claim
shape m=2867 K=512, target_kib=896, actual_weight_bytes_per_block=917440, allocated_weight_bytes=917440, variant=A, eviction_bytes=0, active_logical_cpus=8
command[323/960]="D:\Install\Dev\Projects\IA\Ejercise\cpu-native-arch\build\cpu_native_q4_probe.exe" --cpu 2 --K 512 --target-kib 896 --depth 4 --variant B --iterations 1 --repetitions 2 --warmup 1
T0 scalar Q4 throughput probe; not an exact model-kernel equivalence claim
shape m=2867 K=512, target_kib=896, actual_weight_bytes_per_block=917440, allocated_weight_bytes=3669760, variant=B, eviction_bytes=0, active_logical_cpus=8
command[324/960]="D:\Install\Dev\Projects\IA\Ejercise\cpu-native-arch\build\cpu_native_q4_probe.exe" --cpu 2 --K 512 --target-kib 896 --depth 4 --variant C --iterations 1 --repetitions 2 --warmup 1
T0 scalar Q4 throughput probe; not an exact model-kernel equivalence claim
shape m=2867 K=512, target_kib=896, actual_weight_bytes_per_block=917440, allocated_weight_bytes=917440, variant=C, eviction_bytes=67108864, active_logical_cpus=8
command[325/960]="D:\Install\Dev\Projects\IA\Ejercise\cpu-native-arch\build\cpu_native_q4_probe.exe" --cpu 2 --K 512 --target-kib 896 --depth 8 --variant A --iterations 1 --repetitions 2 --warmup 1
T0 scalar Q4 throughput probe; not an exact model-kernel equivalence claim
shape m=2867 K=512, target_kib=896, actual_weight_bytes_per_block=917440, allocated_weight_bytes=917440, variant=A, eviction_bytes=0, active_logical_cpus=8
command[326/960]="D:\Install\Dev\Projects\IA\Ejercise\cpu-native-arch\build\cpu_native_q4_probe.exe" --cpu 2 --K 512 --target-kib 896 --depth 8 --variant B --iterations 1 --repetitions 2 --warmup 1
T0 scalar Q4 throughput probe; not an exact model-kernel equivalence claim
shape m=2867 K=512, target_kib=896, actual_weight_bytes_per_block=917440, allocated_weight_bytes=7339520, variant=B, eviction_bytes=0, active_logical_cpus=8
command[327/960]="D:\Install\Dev\Projects\IA\Ejercise\cpu-native-arch\build\cpu_native_q4_probe.exe" --cpu 2 --K 512 --target-kib 896 --depth 8 --variant C --iterations 1 --repetitions 2 --warmup 1
T0 scalar Q4 throughput probe; not an exact model-kernel equivalence claim
shape m=2867 K=512, target_kib=896, actual_weight_bytes_per_block=917440, allocated_weight_bytes=917440, variant=C, eviction_bytes=67108864, active_logical_cpus=8
command[328/960]="D:\Install\Dev\Projects\IA\Ejercise\cpu-native-arch\build\cpu_native_q4_probe.exe" --cpu 2 --K 512 --target-kib 896 --depth 16 --variant A --iterations 1 --repetitions 2 --warmup 1
T0 scalar Q4 throughput probe; not an exact model-kernel equivalence claim
shape m=2867 K=512, target_kib=896, actual_weight_bytes_per_block=917440, allocated_weight_bytes=917440, variant=A, eviction_bytes=0, active_logical_cpus=8
command[329/960]="D:\Install\Dev\Projects\IA\Ejercise\cpu-native-arch\build\cpu_native_q4_probe.exe" --cpu 2 --K 512 --target-kib 896 --depth 16 --variant B --iterations 1 --repetitions 2 --warmup 1
T0 scalar Q4 throughput probe; not an exact model-kernel equivalence claim
shape m=2867 K=512, target_kib=896, actual_weight_bytes_per_block=917440, allocated_weight_bytes=14679040, variant=B, eviction_bytes=0, active_logical_cpus=8
command[330/960]="D:\Install\Dev\Projects\IA\Ejercise\cpu-native-arch\build\cpu_native_q4_probe.exe" --cpu 2 --K 512 --target-kib 896 --depth 16 --variant C --iterations 1 --repetitions 2 --warmup 1
T0 scalar Q4 throughput probe; not an exact model-kernel equivalence claim
shape m=2867 K=512, target_kib=896, actual_weight_bytes_per_block=917440, allocated_weight_bytes=917440, variant=C, eviction_bytes=67108864, active_logical_cpus=8
command[331/960]="D:\Install\Dev\Projects\IA\Ejercise\cpu-native-arch\build\cpu_native_q4_probe.exe" --cpu 2 --K 512 --target-kib 1024 --depth 1 --variant A --iterations 1 --repetitions 2 --warmup 1
T0 scalar Q4 throughput probe; not an exact model-kernel equivalence claim
shape m=3276 K=512, target_kib=1024, actual_weight_bytes_per_block=1048320, allocated_weight_bytes=1048320, variant=A, eviction_bytes=0, active_logical_cpus=8
command[332/960]="D:\Install\Dev\Projects\IA\Ejercise\cpu-native-arch\build\cpu_native_q4_probe.exe" --cpu 2 --K 512 --target-kib 1024 --depth 1 --variant B --iterations 1 --repetitions 2 --warmup 1
T0 scalar Q4 throughput probe; not an exact model-kernel equivalence claim
shape m=3276 K=512, target_kib=1024, actual_weight_bytes_per_block=1048320, allocated_weight_bytes=1048320, variant=B, eviction_bytes=0, active_logical_cpus=8
command[333/960]="D:\Install\Dev\Projects\IA\Ejercise\cpu-native-arch\build\cpu_native_q4_probe.exe" --cpu 2 --K 512 --target-kib 1024 --depth 1 --variant C --iterations 1 --repetitions 2 --warmup 1
T0 scalar Q4 throughput probe; not an exact model-kernel equivalence claim
shape m=3276 K=512, target_kib=1024, actual_weight_bytes_per_block=1048320, allocated_weight_bytes=1048320, variant=C, eviction_bytes=67108864, active_logical_cpus=8
command[334/960]="D:\Install\Dev\Projects\IA\Ejercise\cpu-native-arch\build\cpu_native_q4_probe.exe" --cpu 2 --K 512 --target-kib 1024 --depth 2 --variant A --iterations 1 --repetitions 2 --warmup 1
T0 scalar Q4 throughput probe; not an exact model-kernel equivalence claim
shape m=3276 K=512, target_kib=1024, actual_weight_bytes_per_block=1048320, allocated_weight_bytes=1048320, variant=A, eviction_bytes=0, active_logical_cpus=8
command[335/960]="D:\Install\Dev\Projects\IA\Ejercise\cpu-native-arch\build\cpu_native_q4_probe.exe" --cpu 2 --K 512 --target-kib 1024 --depth 2 --variant B --iterations 1 --repetitions 2 --warmup 1
T0 scalar Q4 throughput probe; not an exact model-kernel equivalence claim
shape m=3276 K=512, target_kib=1024, actual_weight_bytes_per_block=1048320, allocated_weight_bytes=2096640, variant=B, eviction_bytes=0, active_logical_cpus=8
command[336/960]="D:\Install\Dev\Projects\IA\Ejercise\cpu-native-arch\build\cpu_native_q4_probe.exe" --cpu 2 --K 512 --target-kib 1024 --depth 2 --variant C --iterations 1 --repetitions 2 --warmup 1
T0 scalar Q4 throughput probe; not an exact model-kernel equivalence claim
shape m=3276 K=512, target_kib=1024, actual_weight_bytes_per_block=1048320, allocated_weight_bytes=1048320, variant=C, eviction_bytes=67108864, active_logical_cpus=8
command[337/960]="D:\Install\Dev\Projects\IA\Ejercise\cpu-native-arch\build\cpu_native_q4_probe.exe" --cpu 2 --K 512 --target-kib 1024 --depth 4 --variant A --iterations 1 --repetitions 2 --warmup 1
T0 scalar Q4 throughput probe; not an exact model-kernel equivalence claim
shape m=3276 K=512, target_kib=1024, actual_weight_bytes_per_block=1048320, allocated_weight_bytes=1048320, variant=A, eviction_bytes=0, active_logical_cpus=8
command[338/960]="D:\Install\Dev\Projects\IA\Ejercise\cpu-native-arch\build\cpu_native_q4_probe.exe" --cpu 2 --K 512 --target-kib 1024 --depth 4 --variant B --iterations 1 --repetitions 2 --warmup 1
T0 scalar Q4 throughput probe; not an exact model-kernel equivalence claim
shape m=3276 K=512, target_kib=1024, actual_weight_bytes_per_block=1048320, allocated_weight_bytes=4193280, variant=B, eviction_bytes=0, active_logical_cpus=8
command[339/960]="D:\Install\Dev\Projects\IA\Ejercise\cpu-native-arch\build\cpu_native_q4_probe.exe" --cpu 2 --K 512 --target-kib 1024 --depth 4 --variant C --iterations 1 --repetitions 2 --warmup 1
T0 scalar Q4 throughput probe; not an exact model-kernel equivalence claim
shape m=3276 K=512, target_kib=1024, actual_weight_bytes_per_block=1048320, allocated_weight_bytes=1048320, variant=C, eviction_bytes=67108864, active_logical_cpus=8
command[340/960]="D:\Install\Dev\Projects\IA\Ejercise\cpu-native-arch\build\cpu_native_q4_probe.exe" --cpu 2 --K 512 --target-kib 1024 --depth 8 --variant A --iterations 1 --repetitions 2 --warmup 1
T0 scalar Q4 throughput probe; not an exact model-kernel equivalence claim
shape m=3276 K=512, target_kib=1024, actual_weight_bytes_per_block=1048320, allocated_weight_bytes=1048320, variant=A, eviction_bytes=0, active_logical_cpus=8
command[341/960]="D:\Install\Dev\Projects\IA\Ejercise\cpu-native-arch\build\cpu_native_q4_probe.exe" --cpu 2 --K 512 --target-kib 1024 --depth 8 --variant B --iterations 1 --repetitions 2 --warmup 1
T0 scalar Q4 throughput probe; not an exact model-kernel equivalence claim
shape m=3276 K=512, target_kib=1024, actual_weight_bytes_per_block=1048320, allocated_weight_bytes=8386560, variant=B, eviction_bytes=0, active_logical_cpus=8
command[342/960]="D:\Install\Dev\Projects\IA\Ejercise\cpu-native-arch\build\cpu_native_q4_probe.exe" --cpu 2 --K 512 --target-kib 1024 --depth 8 --variant C --iterations 1 --repetitions 2 --warmup 1
T0 scalar Q4 throughput probe; not an exact model-kernel equivalence claim
shape m=3276 K=512, target_kib=1024, actual_weight_bytes_per_block=1048320, allocated_weight_bytes=1048320, variant=C, eviction_bytes=67108864, active_logical_cpus=8
command[343/960]="D:\Install\Dev\Projects\IA\Ejercise\cpu-native-arch\build\cpu_native_q4_probe.exe" --cpu 2 --K 512 --target-kib 1024 --depth 16 --variant A --iterations 1 --repetitions 2 --warmup 1
T0 scalar Q4 throughput probe; not an exact model-kernel equivalence claim
shape m=3276 K=512, target_kib=1024, actual_weight_bytes_per_block=1048320, allocated_weight_bytes=1048320, variant=A, eviction_bytes=0, active_logical_cpus=8
command[344/960]="D:\Install\Dev\Projects\IA\Ejercise\cpu-native-arch\build\cpu_native_q4_probe.exe" --cpu 2 --K 512 --target-kib 1024 --depth 16 --variant B --iterations 1 --repetitions 2 --warmup 1
T0 scalar Q4 throughput probe; not an exact model-kernel equivalence claim
shape m=3276 K=512, target_kib=1024, actual_weight_bytes_per_block=1048320, allocated_weight_bytes=16773120, variant=B, eviction_bytes=0, active_logical_cpus=8
command[345/960]="D:\Install\Dev\Projects\IA\Ejercise\cpu-native-arch\build\cpu_native_q4_probe.exe" --cpu 2 --K 512 --target-kib 1024 --depth 16 --variant C --iterations 1 --repetitions 2 --warmup 1
T0 scalar Q4 throughput probe; not an exact model-kernel equivalence claim
shape m=3276 K=512, target_kib=1024, actual_weight_bytes_per_block=1048320, allocated_weight_bytes=1048320, variant=C, eviction_bytes=67108864, active_logical_cpus=8
command[346/960]="D:\Install\Dev\Projects\IA\Ejercise\cpu-native-arch\build\cpu_native_q4_probe.exe" --cpu 2 --K 512 --target-kib 1280 --depth 1 --variant A --iterations 1 --repetitions 2 --warmup 1
T0 scalar Q4 throughput probe; not an exact model-kernel equivalence claim
shape m=4096 K=512, target_kib=1280, actual_weight_bytes_per_block=1310720, allocated_weight_bytes=1310720, variant=A, eviction_bytes=0, active_logical_cpus=8
command[347/960]="D:\Install\Dev\Projects\IA\Ejercise\cpu-native-arch\build\cpu_native_q4_probe.exe" --cpu 2 --K 512 --target-kib 1280 --depth 1 --variant B --iterations 1 --repetitions 2 --warmup 1
T0 scalar Q4 throughput probe; not an exact model-kernel equivalence claim
shape m=4096 K=512, target_kib=1280, actual_weight_bytes_per_block=1310720, allocated_weight_bytes=1310720, variant=B, eviction_bytes=0, active_logical_cpus=8
command[348/960]="D:\Install\Dev\Projects\IA\Ejercise\cpu-native-arch\build\cpu_native_q4_probe.exe" --cpu 2 --K 512 --target-kib 1280 --depth 1 --variant C --iterations 1 --repetitions 2 --warmup 1
T0 scalar Q4 throughput probe; not an exact model-kernel equivalence claim
shape m=4096 K=512, target_kib=1280, actual_weight_bytes_per_block=1310720, allocated_weight_bytes=1310720, variant=C, eviction_bytes=67108864, active_logical_cpus=8
command[349/960]="D:\Install\Dev\Projects\IA\Ejercise\cpu-native-arch\build\cpu_native_q4_probe.exe" --cpu 2 --K 512 --target-kib 1280 --depth 2 --variant A --iterations 1 --repetitions 2 --warmup 1
T0 scalar Q4 throughput probe; not an exact model-kernel equivalence claim
shape m=4096 K=512, target_kib=1280, actual_weight_bytes_per_block=1310720, allocated_weight_bytes=1310720, variant=A, eviction_bytes=0, active_logical_cpus=8
command[350/960]="D:\Install\Dev\Projects\IA\Ejercise\cpu-native-arch\build\cpu_native_q4_probe.exe" --cpu 2 --K 512 --target-kib 1280 --depth 2 --variant B --iterations 1 --repetitions 2 --warmup 1
T0 scalar Q4 throughput probe; not an exact model-kernel equivalence claim
shape m=4096 K=512, target_kib=1280, actual_weight_bytes_per_block=1310720, allocated_weight_bytes=2621440, variant=B, eviction_bytes=0, active_logical_cpus=8
command[351/960]="D:\Install\Dev\Projects\IA\Ejercise\cpu-native-arch\build\cpu_native_q4_probe.exe" --cpu 2 --K 512 --target-kib 1280 --depth 2 --variant C --iterations 1 --repetitions 2 --warmup 1
T0 scalar Q4 throughput probe; not an exact model-kernel equivalence claim
shape m=4096 K=512, target_kib=1280, actual_weight_bytes_per_block=1310720, allocated_weight_bytes=1310720, variant=C, eviction_bytes=67108864, active_logical_cpus=8
command[352/960]="D:\Install\Dev\Projects\IA\Ejercise\cpu-native-arch\build\cpu_native_q4_probe.exe" --cpu 2 --K 512 --target-kib 1280 --depth 4 --variant A --iterations 1 --repetitions 2 --warmup 1
T0 scalar Q4 throughput probe; not an exact model-kernel equivalence claim
shape m=4096 K=512, target_kib=1280, actual_weight_bytes_per_block=1310720, allocated_weight_bytes=1310720, variant=A, eviction_bytes=0, active_logical_cpus=8
command[353/960]="D:\Install\Dev\Projects\IA\Ejercise\cpu-native-arch\build\cpu_native_q4_probe.exe" --cpu 2 --K 512 --target-kib 1280 --depth 4 --variant B --iterations 1 --repetitions 2 --warmup 1
T0 scalar Q4 throughput probe; not an exact model-kernel equivalence claim
shape m=4096 K=512, target_kib=1280, actual_weight_bytes_per_block=1310720, allocated_weight_bytes=5242880, variant=B, eviction_bytes=0, active_logical_cpus=8
command[354/960]="D:\Install\Dev\Projects\IA\Ejercise\cpu-native-arch\build\cpu_native_q4_probe.exe" --cpu 2 --K 512 --target-kib 1280 --depth 4 --variant C --iterations 1 --repetitions 2 --warmup 1
T0 scalar Q4 throughput probe; not an exact model-kernel equivalence claim
shape m=4096 K=512, target_kib=1280, actual_weight_bytes_per_block=1310720, allocated_weight_bytes=1310720, variant=C, eviction_bytes=67108864, active_logical_cpus=8
command[355/960]="D:\Install\Dev\Projects\IA\Ejercise\cpu-native-arch\build\cpu_native_q4_probe.exe" --cpu 2 --K 512 --target-kib 1280 --depth 8 --variant A --iterations 1 --repetitions 2 --warmup 1
T0 scalar Q4 throughput probe; not an exact model-kernel equivalence claim
shape m=4096 K=512, target_kib=1280, actual_weight_bytes_per_block=1310720, allocated_weight_bytes=1310720, variant=A, eviction_bytes=0, active_logical_cpus=8
command[356/960]="D:\Install\Dev\Projects\IA\Ejercise\cpu-native-arch\build\cpu_native_q4_probe.exe" --cpu 2 --K 512 --target-kib 1280 --depth 8 --variant B --iterations 1 --repetitions 2 --warmup 1
T0 scalar Q4 throughput probe; not an exact model-kernel equivalence claim
shape m=4096 K=512, target_kib=1280, actual_weight_bytes_per_block=1310720, allocated_weight_bytes=10485760, variant=B, eviction_bytes=0, active_logical_cpus=8
command[357/960]="D:\Install\Dev\Projects\IA\Ejercise\cpu-native-arch\build\cpu_native_q4_probe.exe" --cpu 2 --K 512 --target-kib 1280 --depth 8 --variant C --iterations 1 --repetitions 2 --warmup 1
T0 scalar Q4 throughput probe; not an exact model-kernel equivalence claim
shape m=4096 K=512, target_kib=1280, actual_weight_bytes_per_block=1310720, allocated_weight_bytes=1310720, variant=C, eviction_bytes=67108864, active_logical_cpus=8
command[358/960]="D:\Install\Dev\Projects\IA\Ejercise\cpu-native-arch\build\cpu_native_q4_probe.exe" --cpu 2 --K 512 --target-kib 1280 --depth 16 --variant A --iterations 1 --repetitions 2 --warmup 1
T0 scalar Q4 throughput probe; not an exact model-kernel equivalence claim
shape m=4096 K=512, target_kib=1280, actual_weight_bytes_per_block=1310720, allocated_weight_bytes=1310720, variant=A, eviction_bytes=0, active_logical_cpus=8
command[359/960]="D:\Install\Dev\Projects\IA\Ejercise\cpu-native-arch\build\cpu_native_q4_probe.exe" --cpu 2 --K 512 --target-kib 1280 --depth 16 --variant B --iterations 1 --repetitions 2 --warmup 1
T0 scalar Q4 throughput probe; not an exact model-kernel equivalence claim
shape m=4096 K=512, target_kib=1280, actual_weight_bytes_per_block=1310720, allocated_weight_bytes=20971520, variant=B, eviction_bytes=0, active_logical_cpus=8
command[360/960]="D:\Install\Dev\Projects\IA\Ejercise\cpu-native-arch\build\cpu_native_q4_probe.exe" --cpu 2 --K 512 --target-kib 1280 --depth 16 --variant C --iterations 1 --repetitions 2 --warmup 1
T0 scalar Q4 throughput probe; not an exact model-kernel equivalence claim
shape m=4096 K=512, target_kib=1280, actual_weight_bytes_per_block=1310720, allocated_weight_bytes=1310720, variant=C, eviction_bytes=67108864, active_logical_cpus=8
command[361/960]="D:\Install\Dev\Projects\IA\Ejercise\cpu-native-arch\build\cpu_native_q4_probe.exe" --cpu 3 --K 512 --target-kib 256 --depth 1 --variant A --iterations 1 --repetitions 2 --warmup 1
T0 scalar Q4 throughput probe; not an exact model-kernel equivalence claim
shape m=819 K=512, target_kib=256, actual_weight_bytes_per_block=262080, allocated_weight_bytes=262080, variant=A, eviction_bytes=0, active_logical_cpus=8
command[362/960]="D:\Install\Dev\Projects\IA\Ejercise\cpu-native-arch\build\cpu_native_q4_probe.exe" --cpu 3 --K 512 --target-kib 256 --depth 1 --variant B --iterations 1 --repetitions 2 --warmup 1
T0 scalar Q4 throughput probe; not an exact model-kernel equivalence claim
shape m=819 K=512, target_kib=256, actual_weight_bytes_per_block=262080, allocated_weight_bytes=262080, variant=B, eviction_bytes=0, active_logical_cpus=8
command[363/960]="D:\Install\Dev\Projects\IA\Ejercise\cpu-native-arch\build\cpu_native_q4_probe.exe" --cpu 3 --K 512 --target-kib 256 --depth 1 --variant C --iterations 1 --repetitions 2 --warmup 1
T0 scalar Q4 throughput probe; not an exact model-kernel equivalence claim
shape m=819 K=512, target_kib=256, actual_weight_bytes_per_block=262080, allocated_weight_bytes=262080, variant=C, eviction_bytes=67108864, active_logical_cpus=8
command[364/960]="D:\Install\Dev\Projects\IA\Ejercise\cpu-native-arch\build\cpu_native_q4_probe.exe" --cpu 3 --K 512 --target-kib 256 --depth 2 --variant A --iterations 1 --repetitions 2 --warmup 1
T0 scalar Q4 throughput probe; not an exact model-kernel equivalence claim
shape m=819 K=512, target_kib=256, actual_weight_bytes_per_block=262080, allocated_weight_bytes=262080, variant=A, eviction_bytes=0, active_logical_cpus=8
command[365/960]="D:\Install\Dev\Projects\IA\Ejercise\cpu-native-arch\build\cpu_native_q4_probe.exe" --cpu 3 --K 512 --target-kib 256 --depth 2 --variant B --iterations 1 --repetitions 2 --warmup 1
T0 scalar Q4 throughput probe; not an exact model-kernel equivalence claim
shape m=819 K=512, target_kib=256, actual_weight_bytes_per_block=262080, allocated_weight_bytes=524160, variant=B, eviction_bytes=0, active_logical_cpus=8
command[366/960]="D:\Install\Dev\Projects\IA\Ejercise\cpu-native-arch\build\cpu_native_q4_probe.exe" --cpu 3 --K 512 --target-kib 256 --depth 2 --variant C --iterations 1 --repetitions 2 --warmup 1
T0 scalar Q4 throughput probe; not an exact model-kernel equivalence claim
shape m=819 K=512, target_kib=256, actual_weight_bytes_per_block=262080, allocated_weight_bytes=262080, variant=C, eviction_bytes=67108864, active_logical_cpus=8
command[367/960]="D:\Install\Dev\Projects\IA\Ejercise\cpu-native-arch\build\cpu_native_q4_probe.exe" --cpu 3 --K 512 --target-kib 256 --depth 4 --variant A --iterations 1 --repetitions 2 --warmup 1
T0 scalar Q4 throughput probe; not an exact model-kernel equivalence claim
shape m=819 K=512, target_kib=256, actual_weight_bytes_per_block=262080, allocated_weight_bytes=262080, variant=A, eviction_bytes=0, active_logical_cpus=8
command[368/960]="D:\Install\Dev\Projects\IA\Ejercise\cpu-native-arch\build\cpu_native_q4_probe.exe" --cpu 3 --K 512 --target-kib 256 --depth 4 --variant B --iterations 1 --repetitions 2 --warmup 1
T0 scalar Q4 throughput probe; not an exact model-kernel equivalence claim
shape m=819 K=512, target_kib=256, actual_weight_bytes_per_block=262080, allocated_weight_bytes=1048320, variant=B, eviction_bytes=0, active_logical_cpus=8
command[369/960]="D:\Install\Dev\Projects\IA\Ejercise\cpu-native-arch\build\cpu_native_q4_probe.exe" --cpu 3 --K 512 --target-kib 256 --depth 4 --variant C --iterations 1 --repetitions 2 --warmup 1
T0 scalar Q4 throughput probe; not an exact model-kernel equivalence claim
shape m=819 K=512, target_kib=256, actual_weight_bytes_per_block=262080, allocated_weight_bytes=262080, variant=C, eviction_bytes=67108864, active_logical_cpus=8
command[370/960]="D:\Install\Dev\Projects\IA\Ejercise\cpu-native-arch\build\cpu_native_q4_probe.exe" --cpu 3 --K 512 --target-kib 256 --depth 8 --variant A --iterations 1 --repetitions 2 --warmup 1
T0 scalar Q4 throughput probe; not an exact model-kernel equivalence claim
shape m=819 K=512, target_kib=256, actual_weight_bytes_per_block=262080, allocated_weight_bytes=262080, variant=A, eviction_bytes=0, active_logical_cpus=8
command[371/960]="D:\Install\Dev\Projects\IA\Ejercise\cpu-native-arch\build\cpu_native_q4_probe.exe" --cpu 3 --K 512 --target-kib 256 --depth 8 --variant B --iterations 1 --repetitions 2 --warmup 1
T0 scalar Q4 throughput probe; not an exact model-kernel equivalence claim
shape m=819 K=512, target_kib=256, actual_weight_bytes_per_block=262080, allocated_weight_bytes=2096640, variant=B, eviction_bytes=0, active_logical_cpus=8
command[372/960]="D:\Install\Dev\Projects\IA\Ejercise\cpu-native-arch\build\cpu_native_q4_probe.exe" --cpu 3 --K 512 --target-kib 256 --depth 8 --variant C --iterations 1 --repetitions 2 --warmup 1
T0 scalar Q4 throughput probe; not an exact model-kernel equivalence claim
shape m=819 K=512, target_kib=256, actual_weight_bytes_per_block=262080, allocated_weight_bytes=262080, variant=C, eviction_bytes=67108864, active_logical_cpus=8
command[373/960]="D:\Install\Dev\Projects\IA\Ejercise\cpu-native-arch\build\cpu_native_q4_probe.exe" --cpu 3 --K 512 --target-kib 256 --depth 16 --variant A --iterations 1 --repetitions 2 --warmup 1
T0 scalar Q4 throughput probe; not an exact model-kernel equivalence claim
shape m=819 K=512, target_kib=256, actual_weight_bytes_per_block=262080, allocated_weight_bytes=262080, variant=A, eviction_bytes=0, active_logical_cpus=8
command[374/960]="D:\Install\Dev\Projects\IA\Ejercise\cpu-native-arch\build\cpu_native_q4_probe.exe" --cpu 3 --K 512 --target-kib 256 --depth 16 --variant B --iterations 1 --repetitions 2 --warmup 1
T0 scalar Q4 throughput probe; not an exact model-kernel equivalence claim
shape m=819 K=512, target_kib=256, actual_weight_bytes_per_block=262080, allocated_weight_bytes=4193280, variant=B, eviction_bytes=0, active_logical_cpus=8
command[375/960]="D:\Install\Dev\Projects\IA\Ejercise\cpu-native-arch\build\cpu_native_q4_probe.exe" --cpu 3 --K 512 --target-kib 256 --depth 16 --variant C --iterations 1 --repetitions 2 --warmup 1
T0 scalar Q4 throughput probe; not an exact model-kernel equivalence claim
shape m=819 K=512, target_kib=256, actual_weight_bytes_per_block=262080, allocated_weight_bytes=262080, variant=C, eviction_bytes=67108864, active_logical_cpus=8
command[376/960]="D:\Install\Dev\Projects\IA\Ejercise\cpu-native-arch\build\cpu_native_q4_probe.exe" --cpu 3 --K 512 --target-kib 384 --depth 1 --variant A --iterations 1 --repetitions 2 --warmup 1
T0 scalar Q4 throughput probe; not an exact model-kernel equivalence claim
shape m=1228 K=512, target_kib=384, actual_weight_bytes_per_block=392960, allocated_weight_bytes=392960, variant=A, eviction_bytes=0, active_logical_cpus=8
command[377/960]="D:\Install\Dev\Projects\IA\Ejercise\cpu-native-arch\build\cpu_native_q4_probe.exe" --cpu 3 --K 512 --target-kib 384 --depth 1 --variant B --iterations 1 --repetitions 2 --warmup 1
T0 scalar Q4 throughput probe; not an exact model-kernel equivalence claim
shape m=1228 K=512, target_kib=384, actual_weight_bytes_per_block=392960, allocated_weight_bytes=392960, variant=B, eviction_bytes=0, active_logical_cpus=8
command[378/960]="D:\Install\Dev\Projects\IA\Ejercise\cpu-native-arch\build\cpu_native_q4_probe.exe" --cpu 3 --K 512 --target-kib 384 --depth 1 --variant C --iterations 1 --repetitions 2 --warmup 1
T0 scalar Q4 throughput probe; not an exact model-kernel equivalence claim
shape m=1228 K=512, target_kib=384, actual_weight_bytes_per_block=392960, allocated_weight_bytes=392960, variant=C, eviction_bytes=67108864, active_logical_cpus=8
command[379/960]="D:\Install\Dev\Projects\IA\Ejercise\cpu-native-arch\build\cpu_native_q4_probe.exe" --cpu 3 --K 512 --target-kib 384 --depth 2 --variant A --iterations 1 --repetitions 2 --warmup 1
T0 scalar Q4 throughput probe; not an exact model-kernel equivalence claim
shape m=1228 K=512, target_kib=384, actual_weight_bytes_per_block=392960, allocated_weight_bytes=392960, variant=A, eviction_bytes=0, active_logical_cpus=8
command[380/960]="D:\Install\Dev\Projects\IA\Ejercise\cpu-native-arch\build\cpu_native_q4_probe.exe" --cpu 3 --K 512 --target-kib 384 --depth 2 --variant B --iterations 1 --repetitions 2 --warmup 1
T0 scalar Q4 throughput probe; not an exact model-kernel equivalence claim
shape m=1228 K=512, target_kib=384, actual_weight_bytes_per_block=392960, allocated_weight_bytes=785920, variant=B, eviction_bytes=0, active_logical_cpus=8
command[381/960]="D:\Install\Dev\Projects\IA\Ejercise\cpu-native-arch\build\cpu_native_q4_probe.exe" --cpu 3 --K 512 --target-kib 384 --depth 2 --variant C --iterations 1 --repetitions 2 --warmup 1
T0 scalar Q4 throughput probe; not an exact model-kernel equivalence claim
shape m=1228 K=512, target_kib=384, actual_weight_bytes_per_block=392960, allocated_weight_bytes=392960, variant=C, eviction_bytes=67108864, active_logical_cpus=8
command[382/960]="D:\Install\Dev\Projects\IA\Ejercise\cpu-native-arch\build\cpu_native_q4_probe.exe" --cpu 3 --K 512 --target-kib 384 --depth 4 --variant A --iterations 1 --repetitions 2 --warmup 1
T0 scalar Q4 throughput probe; not an exact model-kernel equivalence claim
shape m=1228 K=512, target_kib=384, actual_weight_bytes_per_block=392960, allocated_weight_bytes=392960, variant=A, eviction_bytes=0, active_logical_cpus=8
command[383/960]="D:\Install\Dev\Projects\IA\Ejercise\cpu-native-arch\build\cpu_native_q4_probe.exe" --cpu 3 --K 512 --target-kib 384 --depth 4 --variant B --iterations 1 --repetitions 2 --warmup 1
T0 scalar Q4 throughput probe; not an exact model-kernel equivalence claim
shape m=1228 K=512, target_kib=384, actual_weight_bytes_per_block=392960, allocated_weight_bytes=1571840, variant=B, eviction_bytes=0, active_logical_cpus=8
command[384/960]="D:\Install\Dev\Projects\IA\Ejercise\cpu-native-arch\build\cpu_native_q4_probe.exe" --cpu 3 --K 512 --target-kib 384 --depth 4 --variant C --iterations 1 --repetitions 2 --warmup 1
T0 scalar Q4 throughput probe; not an exact model-kernel equivalence claim
shape m=1228 K=512, target_kib=384, actual_weight_bytes_per_block=392960, allocated_weight_bytes=392960, variant=C, eviction_bytes=67108864, active_logical_cpus=8
command[385/960]="D:\Install\Dev\Projects\IA\Ejercise\cpu-native-arch\build\cpu_native_q4_probe.exe" --cpu 3 --K 512 --target-kib 384 --depth 8 --variant A --iterations 1 --repetitions 2 --warmup 1
T0 scalar Q4 throughput probe; not an exact model-kernel equivalence claim
shape m=1228 K=512, target_kib=384, actual_weight_bytes_per_block=392960, allocated_weight_bytes=392960, variant=A, eviction_bytes=0, active_logical_cpus=8
command[386/960]="D:\Install\Dev\Projects\IA\Ejercise\cpu-native-arch\build\cpu_native_q4_probe.exe" --cpu 3 --K 512 --target-kib 384 --depth 8 --variant B --iterations 1 --repetitions 2 --warmup 1
T0 scalar Q4 throughput probe; not an exact model-kernel equivalence claim
shape m=1228 K=512, target_kib=384, actual_weight_bytes_per_block=392960, allocated_weight_bytes=3143680, variant=B, eviction_bytes=0, active_logical_cpus=8
command[387/960]="D:\Install\Dev\Projects\IA\Ejercise\cpu-native-arch\build\cpu_native_q4_probe.exe" --cpu 3 --K 512 --target-kib 384 --depth 8 --variant C --iterations 1 --repetitions 2 --warmup 1
T0 scalar Q4 throughput probe; not an exact model-kernel equivalence claim
shape m=1228 K=512, target_kib=384, actual_weight_bytes_per_block=392960, allocated_weight_bytes=392960, variant=C, eviction_bytes=67108864, active_logical_cpus=8
command[388/960]="D:\Install\Dev\Projects\IA\Ejercise\cpu-native-arch\build\cpu_native_q4_probe.exe" --cpu 3 --K 512 --target-kib 384 --depth 16 --variant A --iterations 1 --repetitions 2 --warmup 1
T0 scalar Q4 throughput probe; not an exact model-kernel equivalence claim
shape m=1228 K=512, target_kib=384, actual_weight_bytes_per_block=392960, allocated_weight_bytes=392960, variant=A, eviction_bytes=0, active_logical_cpus=8
command[389/960]="D:\Install\Dev\Projects\IA\Ejercise\cpu-native-arch\build\cpu_native_q4_probe.exe" --cpu 3 --K 512 --target-kib 384 --depth 16 --variant B --iterations 1 --repetitions 2 --warmup 1
T0 scalar Q4 throughput probe; not an exact model-kernel equivalence claim
shape m=1228 K=512, target_kib=384, actual_weight_bytes_per_block=392960, allocated_weight_bytes=6287360, variant=B, eviction_bytes=0, active_logical_cpus=8
command[390/960]="D:\Install\Dev\Projects\IA\Ejercise\cpu-native-arch\build\cpu_native_q4_probe.exe" --cpu 3 --K 512 --target-kib 384 --depth 16 --variant C --iterations 1 --repetitions 2 --warmup 1
T0 scalar Q4 throughput probe; not an exact model-kernel equivalence claim
shape m=1228 K=512, target_kib=384, actual_weight_bytes_per_block=392960, allocated_weight_bytes=392960, variant=C, eviction_bytes=67108864, active_logical_cpus=8
command[391/960]="D:\Install\Dev\Projects\IA\Ejercise\cpu-native-arch\build\cpu_native_q4_probe.exe" --cpu 3 --K 512 --target-kib 512 --depth 1 --variant A --iterations 1 --repetitions 2 --warmup 1
T0 scalar Q4 throughput probe; not an exact model-kernel equivalence claim
shape m=1638 K=512, target_kib=512, actual_weight_bytes_per_block=524160, allocated_weight_bytes=524160, variant=A, eviction_bytes=0, active_logical_cpus=8
command[392/960]="D:\Install\Dev\Projects\IA\Ejercise\cpu-native-arch\build\cpu_native_q4_probe.exe" --cpu 3 --K 512 --target-kib 512 --depth 1 --variant B --iterations 1 --repetitions 2 --warmup 1
T0 scalar Q4 throughput probe; not an exact model-kernel equivalence claim
shape m=1638 K=512, target_kib=512, actual_weight_bytes_per_block=524160, allocated_weight_bytes=524160, variant=B, eviction_bytes=0, active_logical_cpus=8
command[393/960]="D:\Install\Dev\Projects\IA\Ejercise\cpu-native-arch\build\cpu_native_q4_probe.exe" --cpu 3 --K 512 --target-kib 512 --depth 1 --variant C --iterations 1 --repetitions 2 --warmup 1
T0 scalar Q4 throughput probe; not an exact model-kernel equivalence claim
shape m=1638 K=512, target_kib=512, actual_weight_bytes_per_block=524160, allocated_weight_bytes=524160, variant=C, eviction_bytes=67108864, active_logical_cpus=8
command[394/960]="D:\Install\Dev\Projects\IA\Ejercise\cpu-native-arch\build\cpu_native_q4_probe.exe" --cpu 3 --K 512 --target-kib 512 --depth 2 --variant A --iterations 1 --repetitions 2 --warmup 1
T0 scalar Q4 throughput probe; not an exact model-kernel equivalence claim
shape m=1638 K=512, target_kib=512, actual_weight_bytes_per_block=524160, allocated_weight_bytes=524160, variant=A, eviction_bytes=0, active_logical_cpus=8
command[395/960]="D:\Install\Dev\Projects\IA\Ejercise\cpu-native-arch\build\cpu_native_q4_probe.exe" --cpu 3 --K 512 --target-kib 512 --depth 2 --variant B --iterations 1 --repetitions 2 --warmup 1
T0 scalar Q4 throughput probe; not an exact model-kernel equivalence claim
shape m=1638 K=512, target_kib=512, actual_weight_bytes_per_block=524160, allocated_weight_bytes=1048320, variant=B, eviction_bytes=0, active_logical_cpus=8
command[396/960]="D:\Install\Dev\Projects\IA\Ejercise\cpu-native-arch\build\cpu_native_q4_probe.exe" --cpu 3 --K 512 --target-kib 512 --depth 2 --variant C --iterations 1 --repetitions 2 --warmup 1
T0 scalar Q4 throughput probe; not an exact model-kernel equivalence claim
shape m=1638 K=512, target_kib=512, actual_weight_bytes_per_block=524160, allocated_weight_bytes=524160, variant=C, eviction_bytes=67108864, active_logical_cpus=8
command[397/960]="D:\Install\Dev\Projects\IA\Ejercise\cpu-native-arch\build\cpu_native_q4_probe.exe" --cpu 3 --K 512 --target-kib 512 --depth 4 --variant A --iterations 1 --repetitions 2 --warmup 1
T0 scalar Q4 throughput probe; not an exact model-kernel equivalence claim
shape m=1638 K=512, target_kib=512, actual_weight_bytes_per_block=524160, allocated_weight_bytes=524160, variant=A, eviction_bytes=0, active_logical_cpus=8
command[398/960]="D:\Install\Dev\Projects\IA\Ejercise\cpu-native-arch\build\cpu_native_q4_probe.exe" --cpu 3 --K 512 --target-kib 512 --depth 4 --variant B --iterations 1 --repetitions 2 --warmup 1
T0 scalar Q4 throughput probe; not an exact model-kernel equivalence claim
shape m=1638 K=512, target_kib=512, actual_weight_bytes_per_block=524160, allocated_weight_bytes=2096640, variant=B, eviction_bytes=0, active_logical_cpus=8
command[399/960]="D:\Install\Dev\Projects\IA\Ejercise\cpu-native-arch\build\cpu_native_q4_probe.exe" --cpu 3 --K 512 --target-kib 512 --depth 4 --variant C --iterations 1 --repetitions 2 --warmup 1
T0 scalar Q4 throughput probe; not an exact model-kernel equivalence claim
shape m=1638 K=512, target_kib=512, actual_weight_bytes_per_block=524160, allocated_weight_bytes=524160, variant=C, eviction_bytes=67108864, active_logical_cpus=8
command[400/960]="D:\Install\Dev\Projects\IA\Ejercise\cpu-native-arch\build\cpu_native_q4_probe.exe" --cpu 3 --K 512 --target-kib 512 --depth 8 --variant A --iterations 1 --repetitions 2 --warmup 1
T0 scalar Q4 throughput probe; not an exact model-kernel equivalence claim
shape m=1638 K=512, target_kib=512, actual_weight_bytes_per_block=524160, allocated_weight_bytes=524160, variant=A, eviction_bytes=0, active_logical_cpus=8
command[401/960]="D:\Install\Dev\Projects\IA\Ejercise\cpu-native-arch\build\cpu_native_q4_probe.exe" --cpu 3 --K 512 --target-kib 512 --depth 8 --variant B --iterations 1 --repetitions 2 --warmup 1
T0 scalar Q4 throughput probe; not an exact model-kernel equivalence claim
shape m=1638 K=512, target_kib=512, actual_weight_bytes_per_block=524160, allocated_weight_bytes=4193280, variant=B, eviction_bytes=0, active_logical_cpus=8
command[402/960]="D:\Install\Dev\Projects\IA\Ejercise\cpu-native-arch\build\cpu_native_q4_probe.exe" --cpu 3 --K 512 --target-kib 512 --depth 8 --variant C --iterations 1 --repetitions 2 --warmup 1
T0 scalar Q4 throughput probe; not an exact model-kernel equivalence claim
shape m=1638 K=512, target_kib=512, actual_weight_bytes_per_block=524160, allocated_weight_bytes=524160, variant=C, eviction_bytes=67108864, active_logical_cpus=8
command[403/960]="D:\Install\Dev\Projects\IA\Ejercise\cpu-native-arch\build\cpu_native_q4_probe.exe" --cpu 3 --K 512 --target-kib 512 --depth 16 --variant A --iterations 1 --repetitions 2 --warmup 1
T0 scalar Q4 throughput probe; not an exact model-kernel equivalence claim
shape m=1638 K=512, target_kib=512, actual_weight_bytes_per_block=524160, allocated_weight_bytes=524160, variant=A, eviction_bytes=0, active_logical_cpus=8
command[404/960]="D:\Install\Dev\Projects\IA\Ejercise\cpu-native-arch\build\cpu_native_q4_probe.exe" --cpu 3 --K 512 --target-kib 512 --depth 16 --variant B --iterations 1 --repetitions 2 --warmup 1
T0 scalar Q4 throughput probe; not an exact model-kernel equivalence claim
shape m=1638 K=512, target_kib=512, actual_weight_bytes_per_block=524160, allocated_weight_bytes=8386560, variant=B, eviction_bytes=0, active_logical_cpus=8
command[405/960]="D:\Install\Dev\Projects\IA\Ejercise\cpu-native-arch\build\cpu_native_q4_probe.exe" --cpu 3 --K 512 --target-kib 512 --depth 16 --variant C --iterations 1 --repetitions 2 --warmup 1
T0 scalar Q4 throughput probe; not an exact model-kernel equivalence claim
shape m=1638 K=512, target_kib=512, actual_weight_bytes_per_block=524160, allocated_weight_bytes=524160, variant=C, eviction_bytes=67108864, active_logical_cpus=8
command[406/960]="D:\Install\Dev\Projects\IA\Ejercise\cpu-native-arch\build\cpu_native_q4_probe.exe" --cpu 3 --K 512 --target-kib 640 --depth 1 --variant A --iterations 1 --repetitions 2 --warmup 1
T0 scalar Q4 throughput probe; not an exact model-kernel equivalence claim
shape m=2048 K=512, target_kib=640, actual_weight_bytes_per_block=655360, allocated_weight_bytes=655360, variant=A, eviction_bytes=0, active_logical_cpus=8
command[407/960]="D:\Install\Dev\Projects\IA\Ejercise\cpu-native-arch\build\cpu_native_q4_probe.exe" --cpu 3 --K 512 --target-kib 640 --depth 1 --variant B --iterations 1 --repetitions 2 --warmup 1
T0 scalar Q4 throughput probe; not an exact model-kernel equivalence claim
shape m=2048 K=512, target_kib=640, actual_weight_bytes_per_block=655360, allocated_weight_bytes=655360, variant=B, eviction_bytes=0, active_logical_cpus=8
command[408/960]="D:\Install\Dev\Projects\IA\Ejercise\cpu-native-arch\build\cpu_native_q4_probe.exe" --cpu 3 --K 512 --target-kib 640 --depth 1 --variant C --iterations 1 --repetitions 2 --warmup 1
T0 scalar Q4 throughput probe; not an exact model-kernel equivalence claim
shape m=2048 K=512, target_kib=640, actual_weight_bytes_per_block=655360, allocated_weight_bytes=655360, variant=C, eviction_bytes=67108864, active_logical_cpus=8
command[409/960]="D:\Install\Dev\Projects\IA\Ejercise\cpu-native-arch\build\cpu_native_q4_probe.exe" --cpu 3 --K 512 --target-kib 640 --depth 2 --variant A --iterations 1 --repetitions 2 --warmup 1
T0 scalar Q4 throughput probe; not an exact model-kernel equivalence claim
shape m=2048 K=512, target_kib=640, actual_weight_bytes_per_block=655360, allocated_weight_bytes=655360, variant=A, eviction_bytes=0, active_logical_cpus=8
command[410/960]="D:\Install\Dev\Projects\IA\Ejercise\cpu-native-arch\build\cpu_native_q4_probe.exe" --cpu 3 --K 512 --target-kib 640 --depth 2 --variant B --iterations 1 --repetitions 2 --warmup 1
T0 scalar Q4 throughput probe; not an exact model-kernel equivalence claim
shape m=2048 K=512, target_kib=640, actual_weight_bytes_per_block=655360, allocated_weight_bytes=1310720, variant=B, eviction_bytes=0, active_logical_cpus=8
command[411/960]="D:\Install\Dev\Projects\IA\Ejercise\cpu-native-arch\build\cpu_native_q4_probe.exe" --cpu 3 --K 512 --target-kib 640 --depth 2 --variant C --iterations 1 --repetitions 2 --warmup 1
T0 scalar Q4 throughput probe; not an exact model-kernel equivalence claim
shape m=2048 K=512, target_kib=640, actual_weight_bytes_per_block=655360, allocated_weight_bytes=655360, variant=C, eviction_bytes=67108864, active_logical_cpus=8
command[412/960]="D:\Install\Dev\Projects\IA\Ejercise\cpu-native-arch\build\cpu_native_q4_probe.exe" --cpu 3 --K 512 --target-kib 640 --depth 4 --variant A --iterations 1 --repetitions 2 --warmup 1
T0 scalar Q4 throughput probe; not an exact model-kernel equivalence claim
shape m=2048 K=512, target_kib=640, actual_weight_bytes_per_block=655360, allocated_weight_bytes=655360, variant=A, eviction_bytes=0, active_logical_cpus=8
command[413/960]="D:\Install\Dev\Projects\IA\Ejercise\cpu-native-arch\build\cpu_native_q4_probe.exe" --cpu 3 --K 512 --target-kib 640 --depth 4 --variant B --iterations 1 --repetitions 2 --warmup 1
T0 scalar Q4 throughput probe; not an exact model-kernel equivalence claim
shape m=2048 K=512, target_kib=640, actual_weight_bytes_per_block=655360, allocated_weight_bytes=2621440, variant=B, eviction_bytes=0, active_logical_cpus=8
command[414/960]="D:\Install\Dev\Projects\IA\Ejercise\cpu-native-arch\build\cpu_native_q4_probe.exe" --cpu 3 --K 512 --target-kib 640 --depth 4 --variant C --iterations 1 --repetitions 2 --warmup 1
T0 scalar Q4 throughput probe; not an exact model-kernel equivalence claim
shape m=2048 K=512, target_kib=640, actual_weight_bytes_per_block=655360, allocated_weight_bytes=655360, variant=C, eviction_bytes=67108864, active_logical_cpus=8
command[415/960]="D:\Install\Dev\Projects\IA\Ejercise\cpu-native-arch\build\cpu_native_q4_probe.exe" --cpu 3 --K 512 --target-kib 640 --depth 8 --variant A --iterations 1 --repetitions 2 --warmup 1
T0 scalar Q4 throughput probe; not an exact model-kernel equivalence claim
shape m=2048 K=512, target_kib=640, actual_weight_bytes_per_block=655360, allocated_weight_bytes=655360, variant=A, eviction_bytes=0, active_logical_cpus=8
command[416/960]="D:\Install\Dev\Projects\IA\Ejercise\cpu-native-arch\build\cpu_native_q4_probe.exe" --cpu 3 --K 512 --target-kib 640 --depth 8 --variant B --iterations 1 --repetitions 2 --warmup 1
T0 scalar Q4 throughput probe; not an exact model-kernel equivalence claim
shape m=2048 K=512, target_kib=640, actual_weight_bytes_per_block=655360, allocated_weight_bytes=5242880, variant=B, eviction_bytes=0, active_logical_cpus=8
command[417/960]="D:\Install\Dev\Projects\IA\Ejercise\cpu-native-arch\build\cpu_native_q4_probe.exe" --cpu 3 --K 512 --target-kib 640 --depth 8 --variant C --iterations 1 --repetitions 2 --warmup 1
T0 scalar Q4 throughput probe; not an exact model-kernel equivalence claim
shape m=2048 K=512, target_kib=640, actual_weight_bytes_per_block=655360, allocated_weight_bytes=655360, variant=C, eviction_bytes=67108864, active_logical_cpus=8
command[418/960]="D:\Install\Dev\Projects\IA\Ejercise\cpu-native-arch\build\cpu_native_q4_probe.exe" --cpu 3 --K 512 --target-kib 640 --depth 16 --variant A --iterations 1 --repetitions 2 --warmup 1
T0 scalar Q4 throughput probe; not an exact model-kernel equivalence claim
shape m=2048 K=512, target_kib=640, actual_weight_bytes_per_block=655360, allocated_weight_bytes=655360, variant=A, eviction_bytes=0, active_logical_cpus=8
command[419/960]="D:\Install\Dev\Projects\IA\Ejercise\cpu-native-arch\build\cpu_native_q4_probe.exe" --cpu 3 --K 512 --target-kib 640 --depth 16 --variant B --iterations 1 --repetitions 2 --warmup 1
T0 scalar Q4 throughput probe; not an exact model-kernel equivalence claim
shape m=2048 K=512, target_kib=640, actual_weight_bytes_per_block=655360, allocated_weight_bytes=10485760, variant=B, eviction_bytes=0, active_logical_cpus=8
command[420/960]="D:\Install\Dev\Projects\IA\Ejercise\cpu-native-arch\build\cpu_native_q4_probe.exe" --cpu 3 --K 512 --target-kib 640 --depth 16 --variant C --iterations 1 --repetitions 2 --warmup 1
T0 scalar Q4 throughput probe; not an exact model-kernel equivalence claim
shape m=2048 K=512, target_kib=640, actual_weight_bytes_per_block=655360, allocated_weight_bytes=655360, variant=C, eviction_bytes=67108864, active_logical_cpus=8
command[421/960]="D:\Install\Dev\Projects\IA\Ejercise\cpu-native-arch\build\cpu_native_q4_probe.exe" --cpu 3 --K 512 --target-kib 768 --depth 1 --variant A --iterations 1 --repetitions 2 --warmup 1
T0 scalar Q4 throughput probe; not an exact model-kernel equivalence claim
shape m=2457 K=512, target_kib=768, actual_weight_bytes_per_block=786240, allocated_weight_bytes=786240, variant=A, eviction_bytes=0, active_logical_cpus=8
command[422/960]="D:\Install\Dev\Projects\IA\Ejercise\cpu-native-arch\build\cpu_native_q4_probe.exe" --cpu 3 --K 512 --target-kib 768 --depth 1 --variant B --iterations 1 --repetitions 2 --warmup 1
T0 scalar Q4 throughput probe; not an exact model-kernel equivalence claim
shape m=2457 K=512, target_kib=768, actual_weight_bytes_per_block=786240, allocated_weight_bytes=786240, variant=B, eviction_bytes=0, active_logical_cpus=8
command[423/960]="D:\Install\Dev\Projects\IA\Ejercise\cpu-native-arch\build\cpu_native_q4_probe.exe" --cpu 3 --K 512 --target-kib 768 --depth 1 --variant C --iterations 1 --repetitions 2 --warmup 1
T0 scalar Q4 throughput probe; not an exact model-kernel equivalence claim
shape m=2457 K=512, target_kib=768, actual_weight_bytes_per_block=786240, allocated_weight_bytes=786240, variant=C, eviction_bytes=67108864, active_logical_cpus=8
command[424/960]="D:\Install\Dev\Projects\IA\Ejercise\cpu-native-arch\build\cpu_native_q4_probe.exe" --cpu 3 --K 512 --target-kib 768 --depth 2 --variant A --iterations 1 --repetitions 2 --warmup 1
T0 scalar Q4 throughput probe; not an exact model-kernel equivalence claim
shape m=2457 K=512, target_kib=768, actual_weight_bytes_per_block=786240, allocated_weight_bytes=786240, variant=A, eviction_bytes=0, active_logical_cpus=8
command[425/960]="D:\Install\Dev\Projects\IA\Ejercise\cpu-native-arch\build\cpu_native_q4_probe.exe" --cpu 3 --K 512 --target-kib 768 --depth 2 --variant B --iterations 1 --repetitions 2 --warmup 1
T0 scalar Q4 throughput probe; not an exact model-kernel equivalence claim
shape m=2457 K=512, target_kib=768, actual_weight_bytes_per_block=786240, allocated_weight_bytes=1572480, variant=B, eviction_bytes=0, active_logical_cpus=8
command[426/960]="D:\Install\Dev\Projects\IA\Ejercise\cpu-native-arch\build\cpu_native_q4_probe.exe" --cpu 3 --K 512 --target-kib 768 --depth 2 --variant C --iterations 1 --repetitions 2 --warmup 1
T0 scalar Q4 throughput probe; not an exact model-kernel equivalence claim
shape m=2457 K=512, target_kib=768, actual_weight_bytes_per_block=786240, allocated_weight_bytes=786240, variant=C, eviction_bytes=67108864, active_logical_cpus=8
command[427/960]="D:\Install\Dev\Projects\IA\Ejercise\cpu-native-arch\build\cpu_native_q4_probe.exe" --cpu 3 --K 512 --target-kib 768 --depth 4 --variant A --iterations 1 --repetitions 2 --warmup 1
T0 scalar Q4 throughput probe; not an exact model-kernel equivalence claim
shape m=2457 K=512, target_kib=768, actual_weight_bytes_per_block=786240, allocated_weight_bytes=786240, variant=A, eviction_bytes=0, active_logical_cpus=8
command[428/960]="D:\Install\Dev\Projects\IA\Ejercise\cpu-native-arch\build\cpu_native_q4_probe.exe" --cpu 3 --K 512 --target-kib 768 --depth 4 --variant B --iterations 1 --repetitions 2 --warmup 1
T0 scalar Q4 throughput probe; not an exact model-kernel equivalence claim
shape m=2457 K=512, target_kib=768, actual_weight_bytes_per_block=786240, allocated_weight_bytes=3144960, variant=B, eviction_bytes=0, active_logical_cpus=8
command[429/960]="D:\Install\Dev\Projects\IA\Ejercise\cpu-native-arch\build\cpu_native_q4_probe.exe" --cpu 3 --K 512 --target-kib 768 --depth 4 --variant C --iterations 1 --repetitions 2 --warmup 1
T0 scalar Q4 throughput probe; not an exact model-kernel equivalence claim
shape m=2457 K=512, target_kib=768, actual_weight_bytes_per_block=786240, allocated_weight_bytes=786240, variant=C, eviction_bytes=67108864, active_logical_cpus=8
command[430/960]="D:\Install\Dev\Projects\IA\Ejercise\cpu-native-arch\build\cpu_native_q4_probe.exe" --cpu 3 --K 512 --target-kib 768 --depth 8 --variant A --iterations 1 --repetitions 2 --warmup 1
T0 scalar Q4 throughput probe; not an exact model-kernel equivalence claim
shape m=2457 K=512, target_kib=768, actual_weight_bytes_per_block=786240, allocated_weight_bytes=786240, variant=A, eviction_bytes=0, active_logical_cpus=8
command[431/960]="D:\Install\Dev\Projects\IA\Ejercise\cpu-native-arch\build\cpu_native_q4_probe.exe" --cpu 3 --K 512 --target-kib 768 --depth 8 --variant B --iterations 1 --repetitions 2 --warmup 1
T0 scalar Q4 throughput probe; not an exact model-kernel equivalence claim
shape m=2457 K=512, target_kib=768, actual_weight_bytes_per_block=786240, allocated_weight_bytes=6289920, variant=B, eviction_bytes=0, active_logical_cpus=8
command[432/960]="D:\Install\Dev\Projects\IA\Ejercise\cpu-native-arch\build\cpu_native_q4_probe.exe" --cpu 3 --K 512 --target-kib 768 --depth 8 --variant C --iterations 1 --repetitions 2 --warmup 1
T0 scalar Q4 throughput probe; not an exact model-kernel equivalence claim
shape m=2457 K=512, target_kib=768, actual_weight_bytes_per_block=786240, allocated_weight_bytes=786240, variant=C, eviction_bytes=67108864, active_logical_cpus=8
command[433/960]="D:\Install\Dev\Projects\IA\Ejercise\cpu-native-arch\build\cpu_native_q4_probe.exe" --cpu 3 --K 512 --target-kib 768 --depth 16 --variant A --iterations 1 --repetitions 2 --warmup 1
T0 scalar Q4 throughput probe; not an exact model-kernel equivalence claim
shape m=2457 K=512, target_kib=768, actual_weight_bytes_per_block=786240, allocated_weight_bytes=786240, variant=A, eviction_bytes=0, active_logical_cpus=8
command[434/960]="D:\Install\Dev\Projects\IA\Ejercise\cpu-native-arch\build\cpu_native_q4_probe.exe" --cpu 3 --K 512 --target-kib 768 --depth 16 --variant B --iterations 1 --repetitions 2 --warmup 1
T0 scalar Q4 throughput probe; not an exact model-kernel equivalence claim
shape m=2457 K=512, target_kib=768, actual_weight_bytes_per_block=786240, allocated_weight_bytes=12579840, variant=B, eviction_bytes=0, active_logical_cpus=8
command[435/960]="D:\Install\Dev\Projects\IA\Ejercise\cpu-native-arch\build\cpu_native_q4_probe.exe" --cpu 3 --K 512 --target-kib 768 --depth 16 --variant C --iterations 1 --repetitions 2 --warmup 1
T0 scalar Q4 throughput probe; not an exact model-kernel equivalence claim
shape m=2457 K=512, target_kib=768, actual_weight_bytes_per_block=786240, allocated_weight_bytes=786240, variant=C, eviction_bytes=67108864, active_logical_cpus=8
command[436/960]="D:\Install\Dev\Projects\IA\Ejercise\cpu-native-arch\build\cpu_native_q4_probe.exe" --cpu 3 --K 512 --target-kib 896 --depth 1 --variant A --iterations 1 --repetitions 2 --warmup 1
T0 scalar Q4 throughput probe; not an exact model-kernel equivalence claim
shape m=2867 K=512, target_kib=896, actual_weight_bytes_per_block=917440, allocated_weight_bytes=917440, variant=A, eviction_bytes=0, active_logical_cpus=8
command[437/960]="D:\Install\Dev\Projects\IA\Ejercise\cpu-native-arch\build\cpu_native_q4_probe.exe" --cpu 3 --K 512 --target-kib 896 --depth 1 --variant B --iterations 1 --repetitions 2 --warmup 1
T0 scalar Q4 throughput probe; not an exact model-kernel equivalence claim
shape m=2867 K=512, target_kib=896, actual_weight_bytes_per_block=917440, allocated_weight_bytes=917440, variant=B, eviction_bytes=0, active_logical_cpus=8
command[438/960]="D:\Install\Dev\Projects\IA\Ejercise\cpu-native-arch\build\cpu_native_q4_probe.exe" --cpu 3 --K 512 --target-kib 896 --depth 1 --variant C --iterations 1 --repetitions 2 --warmup 1
T0 scalar Q4 throughput probe; not an exact model-kernel equivalence claim
shape m=2867 K=512, target_kib=896, actual_weight_bytes_per_block=917440, allocated_weight_bytes=917440, variant=C, eviction_bytes=67108864, active_logical_cpus=8
command[439/960]="D:\Install\Dev\Projects\IA\Ejercise\cpu-native-arch\build\cpu_native_q4_probe.exe" --cpu 3 --K 512 --target-kib 896 --depth 2 --variant A --iterations 1 --repetitions 2 --warmup 1
T0 scalar Q4 throughput probe; not an exact model-kernel equivalence claim
shape m=2867 K=512, target_kib=896, actual_weight_bytes_per_block=917440, allocated_weight_bytes=917440, variant=A, eviction_bytes=0, active_logical_cpus=8
command[440/960]="D:\Install\Dev\Projects\IA\Ejercise\cpu-native-arch\build\cpu_native_q4_probe.exe" --cpu 3 --K 512 --target-kib 896 --depth 2 --variant B --iterations 1 --repetitions 2 --warmup 1
T0 scalar Q4 throughput probe; not an exact model-kernel equivalence claim
shape m=2867 K=512, target_kib=896, actual_weight_bytes_per_block=917440, allocated_weight_bytes=1834880, variant=B, eviction_bytes=0, active_logical_cpus=8
command[441/960]="D:\Install\Dev\Projects\IA\Ejercise\cpu-native-arch\build\cpu_native_q4_probe.exe" --cpu 3 --K 512 --target-kib 896 --depth 2 --variant C --iterations 1 --repetitions 2 --warmup 1
T0 scalar Q4 throughput probe; not an exact model-kernel equivalence claim
shape m=2867 K=512, target_kib=896, actual_weight_bytes_per_block=917440, allocated_weight_bytes=917440, variant=C, eviction_bytes=67108864, active_logical_cpus=8
command[442/960]="D:\Install\Dev\Projects\IA\Ejercise\cpu-native-arch\build\cpu_native_q4_probe.exe" --cpu 3 --K 512 --target-kib 896 --depth 4 --variant A --iterations 1 --repetitions 2 --warmup 1
T0 scalar Q4 throughput probe; not an exact model-kernel equivalence claim
shape m=2867 K=512, target_kib=896, actual_weight_bytes_per_block=917440, allocated_weight_bytes=917440, variant=A, eviction_bytes=0, active_logical_cpus=8
command[443/960]="D:\Install\Dev\Projects\IA\Ejercise\cpu-native-arch\build\cpu_native_q4_probe.exe" --cpu 3 --K 512 --target-kib 896 --depth 4 --variant B --iterations 1 --repetitions 2 --warmup 1
T0 scalar Q4 throughput probe; not an exact model-kernel equivalence claim
shape m=2867 K=512, target_kib=896, actual_weight_bytes_per_block=917440, allocated_weight_bytes=3669760, variant=B, eviction_bytes=0, active_logical_cpus=8
command[444/960]="D:\Install\Dev\Projects\IA\Ejercise\cpu-native-arch\build\cpu_native_q4_probe.exe" --cpu 3 --K 512 --target-kib 896 --depth 4 --variant C --iterations 1 --repetitions 2 --warmup 1
T0 scalar Q4 throughput probe; not an exact model-kernel equivalence claim
shape m=2867 K=512, target_kib=896, actual_weight_bytes_per_block=917440, allocated_weight_bytes=917440, variant=C, eviction_bytes=67108864, active_logical_cpus=8
command[445/960]="D:\Install\Dev\Projects\IA\Ejercise\cpu-native-arch\build\cpu_native_q4_probe.exe" --cpu 3 --K 512 --target-kib 896 --depth 8 --variant A --iterations 1 --repetitions 2 --warmup 1
T0 scalar Q4 throughput probe; not an exact model-kernel equivalence claim
shape m=2867 K=512, target_kib=896, actual_weight_bytes_per_block=917440, allocated_weight_bytes=917440, variant=A, eviction_bytes=0, active_logical_cpus=8
command[446/960]="D:\Install\Dev\Projects\IA\Ejercise\cpu-native-arch\build\cpu_native_q4_probe.exe" --cpu 3 --K 512 --target-kib 896 --depth 8 --variant B --iterations 1 --repetitions 2 --warmup 1
T0 scalar Q4 throughput probe; not an exact model-kernel equivalence claim
shape m=2867 K=512, target_kib=896, actual_weight_bytes_per_block=917440, allocated_weight_bytes=7339520, variant=B, eviction_bytes=0, active_logical_cpus=8
command[447/960]="D:\Install\Dev\Projects\IA\Ejercise\cpu-native-arch\build\cpu_native_q4_probe.exe" --cpu 3 --K 512 --target-kib 896 --depth 8 --variant C --iterations 1 --repetitions 2 --warmup 1
T0 scalar Q4 throughput probe; not an exact model-kernel equivalence claim
shape m=2867 K=512, target_kib=896, actual_weight_bytes_per_block=917440, allocated_weight_bytes=917440, variant=C, eviction_bytes=67108864, active_logical_cpus=8
command[448/960]="D:\Install\Dev\Projects\IA\Ejercise\cpu-native-arch\build\cpu_native_q4_probe.exe" --cpu 3 --K 512 --target-kib 896 --depth 16 --variant A --iterations 1 --repetitions 2 --warmup 1
T0 scalar Q4 throughput probe; not an exact model-kernel equivalence claim
shape m=2867 K=512, target_kib=896, actual_weight_bytes_per_block=917440, allocated_weight_bytes=917440, variant=A, eviction_bytes=0, active_logical_cpus=8
command[449/960]="D:\Install\Dev\Projects\IA\Ejercise\cpu-native-arch\build\cpu_native_q4_probe.exe" --cpu 3 --K 512 --target-kib 896 --depth 16 --variant B --iterations 1 --repetitions 2 --warmup 1
T0 scalar Q4 throughput probe; not an exact model-kernel equivalence claim
shape m=2867 K=512, target_kib=896, actual_weight_bytes_per_block=917440, allocated_weight_bytes=14679040, variant=B, eviction_bytes=0, active_logical_cpus=8
command[450/960]="D:\Install\Dev\Projects\IA\Ejercise\cpu-native-arch\build\cpu_native_q4_probe.exe" --cpu 3 --K 512 --target-kib 896 --depth 16 --variant C --iterations 1 --repetitions 2 --warmup 1
T0 scalar Q4 throughput probe; not an exact model-kernel equivalence claim
shape m=2867 K=512, target_kib=896, actual_weight_bytes_per_block=917440, allocated_weight_bytes=917440, variant=C, eviction_bytes=67108864, active_logical_cpus=8
command[451/960]="D:\Install\Dev\Projects\IA\Ejercise\cpu-native-arch\build\cpu_native_q4_probe.exe" --cpu 3 --K 512 --target-kib 1024 --depth 1 --variant A --iterations 1 --repetitions 2 --warmup 1
T0 scalar Q4 throughput probe; not an exact model-kernel equivalence claim
shape m=3276 K=512, target_kib=1024, actual_weight_bytes_per_block=1048320, allocated_weight_bytes=1048320, variant=A, eviction_bytes=0, active_logical_cpus=8
command[452/960]="D:\Install\Dev\Projects\IA\Ejercise\cpu-native-arch\build\cpu_native_q4_probe.exe" --cpu 3 --K 512 --target-kib 1024 --depth 1 --variant B --iterations 1 --repetitions 2 --warmup 1
T0 scalar Q4 throughput probe; not an exact model-kernel equivalence claim
shape m=3276 K=512, target_kib=1024, actual_weight_bytes_per_block=1048320, allocated_weight_bytes=1048320, variant=B, eviction_bytes=0, active_logical_cpus=8
command[453/960]="D:\Install\Dev\Projects\IA\Ejercise\cpu-native-arch\build\cpu_native_q4_probe.exe" --cpu 3 --K 512 --target-kib 1024 --depth 1 --variant C --iterations 1 --repetitions 2 --warmup 1
T0 scalar Q4 throughput probe; not an exact model-kernel equivalence claim
shape m=3276 K=512, target_kib=1024, actual_weight_bytes_per_block=1048320, allocated_weight_bytes=1048320, variant=C, eviction_bytes=67108864, active_logical_cpus=8
command[454/960]="D:\Install\Dev\Projects\IA\Ejercise\cpu-native-arch\build\cpu_native_q4_probe.exe" --cpu 3 --K 512 --target-kib 1024 --depth 2 --variant A --iterations 1 --repetitions 2 --warmup 1
T0 scalar Q4 throughput probe; not an exact model-kernel equivalence claim
shape m=3276 K=512, target_kib=1024, actual_weight_bytes_per_block=1048320, allocated_weight_bytes=1048320, variant=A, eviction_bytes=0, active_logical_cpus=8
command[455/960]="D:\Install\Dev\Projects\IA\Ejercise\cpu-native-arch\build\cpu_native_q4_probe.exe" --cpu 3 --K 512 --target-kib 1024 --depth 2 --variant B --iterations 1 --repetitions 2 --warmup 1
T0 scalar Q4 throughput probe; not an exact model-kernel equivalence claim
shape m=3276 K=512, target_kib=1024, actual_weight_bytes_per_block=1048320, allocated_weight_bytes=2096640, variant=B, eviction_bytes=0, active_logical_cpus=8
command[456/960]="D:\Install\Dev\Projects\IA\Ejercise\cpu-native-arch\build\cpu_native_q4_probe.exe" --cpu 3 --K 512 --target-kib 1024 --depth 2 --variant C --iterations 1 --repetitions 2 --warmup 1
T0 scalar Q4 throughput probe; not an exact model-kernel equivalence claim
shape m=3276 K=512, target_kib=1024, actual_weight_bytes_per_block=1048320, allocated_weight_bytes=1048320, variant=C, eviction_bytes=67108864, active_logical_cpus=8
command[457/960]="D:\Install\Dev\Projects\IA\Ejercise\cpu-native-arch\build\cpu_native_q4_probe.exe" --cpu 3 --K 512 --target-kib 1024 --depth 4 --variant A --iterations 1 --repetitions 2 --warmup 1
T0 scalar Q4 throughput probe; not an exact model-kernel equivalence claim
shape m=3276 K=512, target_kib=1024, actual_weight_bytes_per_block=1048320, allocated_weight_bytes=1048320, variant=A, eviction_bytes=0, active_logical_cpus=8
command[458/960]="D:\Install\Dev\Projects\IA\Ejercise\cpu-native-arch\build\cpu_native_q4_probe.exe" --cpu 3 --K 512 --target-kib 1024 --depth 4 --variant B --iterations 1 --repetitions 2 --warmup 1
T0 scalar Q4 throughput probe; not an exact model-kernel equivalence claim
shape m=3276 K=512, target_kib=1024, actual_weight_bytes_per_block=1048320, allocated_weight_bytes=4193280, variant=B, eviction_bytes=0, active_logical_cpus=8
command[459/960]="D:\Install\Dev\Projects\IA\Ejercise\cpu-native-arch\build\cpu_native_q4_probe.exe" --cpu 3 --K 512 --target-kib 1024 --depth 4 --variant C --iterations 1 --repetitions 2 --warmup 1
T0 scalar Q4 throughput probe; not an exact model-kernel equivalence claim
shape m=3276 K=512, target_kib=1024, actual_weight_bytes_per_block=1048320, allocated_weight_bytes=1048320, variant=C, eviction_bytes=67108864, active_logical_cpus=8
command[460/960]="D:\Install\Dev\Projects\IA\Ejercise\cpu-native-arch\build\cpu_native_q4_probe.exe" --cpu 3 --K 512 --target-kib 1024 --depth 8 --variant A --iterations 1 --repetitions 2 --warmup 1
T0 scalar Q4 throughput probe; not an exact model-kernel equivalence claim
shape m=3276 K=512, target_kib=1024, actual_weight_bytes_per_block=1048320, allocated_weight_bytes=1048320, variant=A, eviction_bytes=0, active_logical_cpus=8
command[461/960]="D:\Install\Dev\Projects\IA\Ejercise\cpu-native-arch\build\cpu_native_q4_probe.exe" --cpu 3 --K 512 --target-kib 1024 --depth 8 --variant B --iterations 1 --repetitions 2 --warmup 1
T0 scalar Q4 throughput probe; not an exact model-kernel equivalence claim
shape m=3276 K=512, target_kib=1024, actual_weight_bytes_per_block=1048320, allocated_weight_bytes=8386560, variant=B, eviction_bytes=0, active_logical_cpus=8
command[462/960]="D:\Install\Dev\Projects\IA\Ejercise\cpu-native-arch\build\cpu_native_q4_probe.exe" --cpu 3 --K 512 --target-kib 1024 --depth 8 --variant C --iterations 1 --repetitions 2 --warmup 1
T0 scalar Q4 throughput probe; not an exact model-kernel equivalence claim
shape m=3276 K=512, target_kib=1024, actual_weight_bytes_per_block=1048320, allocated_weight_bytes=1048320, variant=C, eviction_bytes=67108864, active_logical_cpus=8
command[463/960]="D:\Install\Dev\Projects\IA\Ejercise\cpu-native-arch\build\cpu_native_q4_probe.exe" --cpu 3 --K 512 --target-kib 1024 --depth 16 --variant A --iterations 1 --repetitions 2 --warmup 1
T0 scalar Q4 throughput probe; not an exact model-kernel equivalence claim
shape m=3276 K=512, target_kib=1024, actual_weight_bytes_per_block=1048320, allocated_weight_bytes=1048320, variant=A, eviction_bytes=0, active_logical_cpus=8
command[464/960]="D:\Install\Dev\Projects\IA\Ejercise\cpu-native-arch\build\cpu_native_q4_probe.exe" --cpu 3 --K 512 --target-kib 1024 --depth 16 --variant B --iterations 1 --repetitions 2 --warmup 1
T0 scalar Q4 throughput probe; not an exact model-kernel equivalence claim
shape m=3276 K=512, target_kib=1024, actual_weight_bytes_per_block=1048320, allocated_weight_bytes=16773120, variant=B, eviction_bytes=0, active_logical_cpus=8
command[465/960]="D:\Install\Dev\Projects\IA\Ejercise\cpu-native-arch\build\cpu_native_q4_probe.exe" --cpu 3 --K 512 --target-kib 1024 --depth 16 --variant C --iterations 1 --repetitions 2 --warmup 1
T0 scalar Q4 throughput probe; not an exact model-kernel equivalence claim
shape m=3276 K=512, target_kib=1024, actual_weight_bytes_per_block=1048320, allocated_weight_bytes=1048320, variant=C, eviction_bytes=67108864, active_logical_cpus=8
command[466/960]="D:\Install\Dev\Projects\IA\Ejercise\cpu-native-arch\build\cpu_native_q4_probe.exe" --cpu 3 --K 512 --target-kib 1280 --depth 1 --variant A --iterations 1 --repetitions 2 --warmup 1
T0 scalar Q4 throughput probe; not an exact model-kernel equivalence claim
shape m=4096 K=512, target_kib=1280, actual_weight_bytes_per_block=1310720, allocated_weight_bytes=1310720, variant=A, eviction_bytes=0, active_logical_cpus=8
command[467/960]="D:\Install\Dev\Projects\IA\Ejercise\cpu-native-arch\build\cpu_native_q4_probe.exe" --cpu 3 --K 512 --target-kib 1280 --depth 1 --variant B --iterations 1 --repetitions 2 --warmup 1
T0 scalar Q4 throughput probe; not an exact model-kernel equivalence claim
shape m=4096 K=512, target_kib=1280, actual_weight_bytes_per_block=1310720, allocated_weight_bytes=1310720, variant=B, eviction_bytes=0, active_logical_cpus=8
command[468/960]="D:\Install\Dev\Projects\IA\Ejercise\cpu-native-arch\build\cpu_native_q4_probe.exe" --cpu 3 --K 512 --target-kib 1280 --depth 1 --variant C --iterations 1 --repetitions 2 --warmup 1
T0 scalar Q4 throughput probe; not an exact model-kernel equivalence claim
shape m=4096 K=512, target_kib=1280, actual_weight_bytes_per_block=1310720, allocated_weight_bytes=1310720, variant=C, eviction_bytes=67108864, active_logical_cpus=8
command[469/960]="D:\Install\Dev\Projects\IA\Ejercise\cpu-native-arch\build\cpu_native_q4_probe.exe" --cpu 3 --K 512 --target-kib 1280 --depth 2 --variant A --iterations 1 --repetitions 2 --warmup 1
T0 scalar Q4 throughput probe; not an exact model-kernel equivalence claim
shape m=4096 K=512, target_kib=1280, actual_weight_bytes_per_block=1310720, allocated_weight_bytes=1310720, variant=A, eviction_bytes=0, active_logical_cpus=8
command[470/960]="D:\Install\Dev\Projects\IA\Ejercise\cpu-native-arch\build\cpu_native_q4_probe.exe" --cpu 3 --K 512 --target-kib 1280 --depth 2 --variant B --iterations 1 --repetitions 2 --warmup 1
T0 scalar Q4 throughput probe; not an exact model-kernel equivalence claim
shape m=4096 K=512, target_kib=1280, actual_weight_bytes_per_block=1310720, allocated_weight_bytes=2621440, variant=B, eviction_bytes=0, active_logical_cpus=8
command[471/960]="D:\Install\Dev\Projects\IA\Ejercise\cpu-native-arch\build\cpu_native_q4_probe.exe" --cpu 3 --K 512 --target-kib 1280 --depth 2 --variant C --iterations 1 --repetitions 2 --warmup 1
T0 scalar Q4 throughput probe; not an exact model-kernel equivalence claim
shape m=4096 K=512, target_kib=1280, actual_weight_bytes_per_block=1310720, allocated_weight_bytes=1310720, variant=C, eviction_bytes=67108864, active_logical_cpus=8
command[472/960]="D:\Install\Dev\Projects\IA\Ejercise\cpu-native-arch\build\cpu_native_q4_probe.exe" --cpu 3 --K 512 --target-kib 1280 --depth 4 --variant A --iterations 1 --repetitions 2 --warmup 1
T0 scalar Q4 throughput probe; not an exact model-kernel equivalence claim
shape m=4096 K=512, target_kib=1280, actual_weight_bytes_per_block=1310720, allocated_weight_bytes=1310720, variant=A, eviction_bytes=0, active_logical_cpus=8
command[473/960]="D:\Install\Dev\Projects\IA\Ejercise\cpu-native-arch\build\cpu_native_q4_probe.exe" --cpu 3 --K 512 --target-kib 1280 --depth 4 --variant B --iterations 1 --repetitions 2 --warmup 1
T0 scalar Q4 throughput probe; not an exact model-kernel equivalence claim
shape m=4096 K=512, target_kib=1280, actual_weight_bytes_per_block=1310720, allocated_weight_bytes=5242880, variant=B, eviction_bytes=0, active_logical_cpus=8
command[474/960]="D:\Install\Dev\Projects\IA\Ejercise\cpu-native-arch\build\cpu_native_q4_probe.exe" --cpu 3 --K 512 --target-kib 1280 --depth 4 --variant C --iterations 1 --repetitions 2 --warmup 1
T0 scalar Q4 throughput probe; not an exact model-kernel equivalence claim
shape m=4096 K=512, target_kib=1280, actual_weight_bytes_per_block=1310720, allocated_weight_bytes=1310720, variant=C, eviction_bytes=67108864, active_logical_cpus=8
command[475/960]="D:\Install\Dev\Projects\IA\Ejercise\cpu-native-arch\build\cpu_native_q4_probe.exe" --cpu 3 --K 512 --target-kib 1280 --depth 8 --variant A --iterations 1 --repetitions 2 --warmup 1
T0 scalar Q4 throughput probe; not an exact model-kernel equivalence claim
shape m=4096 K=512, target_kib=1280, actual_weight_bytes_per_block=1310720, allocated_weight_bytes=1310720, variant=A, eviction_bytes=0, active_logical_cpus=8
command[476/960]="D:\Install\Dev\Projects\IA\Ejercise\cpu-native-arch\build\cpu_native_q4_probe.exe" --cpu 3 --K 512 --target-kib 1280 --depth 8 --variant B --iterations 1 --repetitions 2 --warmup 1
T0 scalar Q4 throughput probe; not an exact model-kernel equivalence claim
shape m=4096 K=512, target_kib=1280, actual_weight_bytes_per_block=1310720, allocated_weight_bytes=10485760, variant=B, eviction_bytes=0, active_logical_cpus=8
command[477/960]="D:\Install\Dev\Projects\IA\Ejercise\cpu-native-arch\build\cpu_native_q4_probe.exe" --cpu 3 --K 512 --target-kib 1280 --depth 8 --variant C --iterations 1 --repetitions 2 --warmup 1
T0 scalar Q4 throughput probe; not an exact model-kernel equivalence claim
shape m=4096 K=512, target_kib=1280, actual_weight_bytes_per_block=1310720, allocated_weight_bytes=1310720, variant=C, eviction_bytes=67108864, active_logical_cpus=8
command[478/960]="D:\Install\Dev\Projects\IA\Ejercise\cpu-native-arch\build\cpu_native_q4_probe.exe" --cpu 3 --K 512 --target-kib 1280 --depth 16 --variant A --iterations 1 --repetitions 2 --warmup 1
T0 scalar Q4 throughput probe; not an exact model-kernel equivalence claim
shape m=4096 K=512, target_kib=1280, actual_weight_bytes_per_block=1310720, allocated_weight_bytes=1310720, variant=A, eviction_bytes=0, active_logical_cpus=8
command[479/960]="D:\Install\Dev\Projects\IA\Ejercise\cpu-native-arch\build\cpu_native_q4_probe.exe" --cpu 3 --K 512 --target-kib 1280 --depth 16 --variant B --iterations 1 --repetitions 2 --warmup 1
T0 scalar Q4 throughput probe; not an exact model-kernel equivalence claim
shape m=4096 K=512, target_kib=1280, actual_weight_bytes_per_block=1310720, allocated_weight_bytes=20971520, variant=B, eviction_bytes=0, active_logical_cpus=8
command[480/960]="D:\Install\Dev\Projects\IA\Ejercise\cpu-native-arch\build\cpu_native_q4_probe.exe" --cpu 3 --K 512 --target-kib 1280 --depth 16 --variant C --iterations 1 --repetitions 2 --warmup 1
T0 scalar Q4 throughput probe; not an exact model-kernel equivalence claim
shape m=4096 K=512, target_kib=1280, actual_weight_bytes_per_block=1310720, allocated_weight_bytes=1310720, variant=C, eviction_bytes=67108864, active_logical_cpus=8
command[481/960]="D:\Install\Dev\Projects\IA\Ejercise\cpu-native-arch\build\cpu_native_q4_probe.exe" --cpu 4 --K 512 --target-kib 256 --depth 1 --variant A --iterations 1 --repetitions 2 --warmup 1
T0 scalar Q4 throughput probe; not an exact model-kernel equivalence claim
shape m=819 K=512, target_kib=256, actual_weight_bytes_per_block=262080, allocated_weight_bytes=262080, variant=A, eviction_bytes=0, active_logical_cpus=8
command[482/960]="D:\Install\Dev\Projects\IA\Ejercise\cpu-native-arch\build\cpu_native_q4_probe.exe" --cpu 4 --K 512 --target-kib 256 --depth 1 --variant B --iterations 1 --repetitions 2 --warmup 1
T0 scalar Q4 throughput probe; not an exact model-kernel equivalence claim
shape m=819 K=512, target_kib=256, actual_weight_bytes_per_block=262080, allocated_weight_bytes=262080, variant=B, eviction_bytes=0, active_logical_cpus=8
command[483/960]="D:\Install\Dev\Projects\IA\Ejercise\cpu-native-arch\build\cpu_native_q4_probe.exe" --cpu 4 --K 512 --target-kib 256 --depth 1 --variant C --iterations 1 --repetitions 2 --warmup 1
T0 scalar Q4 throughput probe; not an exact model-kernel equivalence claim
shape m=819 K=512, target_kib=256, actual_weight_bytes_per_block=262080, allocated_weight_bytes=262080, variant=C, eviction_bytes=67108864, active_logical_cpus=8
command[484/960]="D:\Install\Dev\Projects\IA\Ejercise\cpu-native-arch\build\cpu_native_q4_probe.exe" --cpu 4 --K 512 --target-kib 256 --depth 2 --variant A --iterations 1 --repetitions 2 --warmup 1
T0 scalar Q4 throughput probe; not an exact model-kernel equivalence claim
shape m=819 K=512, target_kib=256, actual_weight_bytes_per_block=262080, allocated_weight_bytes=262080, variant=A, eviction_bytes=0, active_logical_cpus=8
command[485/960]="D:\Install\Dev\Projects\IA\Ejercise\cpu-native-arch\build\cpu_native_q4_probe.exe" --cpu 4 --K 512 --target-kib 256 --depth 2 --variant B --iterations 1 --repetitions 2 --warmup 1
T0 scalar Q4 throughput probe; not an exact model-kernel equivalence claim
shape m=819 K=512, target_kib=256, actual_weight_bytes_per_block=262080, allocated_weight_bytes=524160, variant=B, eviction_bytes=0, active_logical_cpus=8
command[486/960]="D:\Install\Dev\Projects\IA\Ejercise\cpu-native-arch\build\cpu_native_q4_probe.exe" --cpu 4 --K 512 --target-kib 256 --depth 2 --variant C --iterations 1 --repetitions 2 --warmup 1
T0 scalar Q4 throughput probe; not an exact model-kernel equivalence claim
shape m=819 K=512, target_kib=256, actual_weight_bytes_per_block=262080, allocated_weight_bytes=262080, variant=C, eviction_bytes=67108864, active_logical_cpus=8
command[487/960]="D:\Install\Dev\Projects\IA\Ejercise\cpu-native-arch\build\cpu_native_q4_probe.exe" --cpu 4 --K 512 --target-kib 256 --depth 4 --variant A --iterations 1 --repetitions 2 --warmup 1
T0 scalar Q4 throughput probe; not an exact model-kernel equivalence claim
shape m=819 K=512, target_kib=256, actual_weight_bytes_per_block=262080, allocated_weight_bytes=262080, variant=A, eviction_bytes=0, active_logical_cpus=8
command[488/960]="D:\Install\Dev\Projects\IA\Ejercise\cpu-native-arch\build\cpu_native_q4_probe.exe" --cpu 4 --K 512 --target-kib 256 --depth 4 --variant B --iterations 1 --repetitions 2 --warmup 1
T0 scalar Q4 throughput probe; not an exact model-kernel equivalence claim
shape m=819 K=512, target_kib=256, actual_weight_bytes_per_block=262080, allocated_weight_bytes=1048320, variant=B, eviction_bytes=0, active_logical_cpus=8
command[489/960]="D:\Install\Dev\Projects\IA\Ejercise\cpu-native-arch\build\cpu_native_q4_probe.exe" --cpu 4 --K 512 --target-kib 256 --depth 4 --variant C --iterations 1 --repetitions 2 --warmup 1
T0 scalar Q4 throughput probe; not an exact model-kernel equivalence claim
shape m=819 K=512, target_kib=256, actual_weight_bytes_per_block=262080, allocated_weight_bytes=262080, variant=C, eviction_bytes=67108864, active_logical_cpus=8
command[490/960]="D:\Install\Dev\Projects\IA\Ejercise\cpu-native-arch\build\cpu_native_q4_probe.exe" --cpu 4 --K 512 --target-kib 256 --depth 8 --variant A --iterations 1 --repetitions 2 --warmup 1
T0 scalar Q4 throughput probe; not an exact model-kernel equivalence claim
shape m=819 K=512, target_kib=256, actual_weight_bytes_per_block=262080, allocated_weight_bytes=262080, variant=A, eviction_bytes=0, active_logical_cpus=8
command[491/960]="D:\Install\Dev\Projects\IA\Ejercise\cpu-native-arch\build\cpu_native_q4_probe.exe" --cpu 4 --K 512 --target-kib 256 --depth 8 --variant B --iterations 1 --repetitions 2 --warmup 1
T0 scalar Q4 throughput probe; not an exact model-kernel equivalence claim
shape m=819 K=512, target_kib=256, actual_weight_bytes_per_block=262080, allocated_weight_bytes=2096640, variant=B, eviction_bytes=0, active_logical_cpus=8
command[492/960]="D:\Install\Dev\Projects\IA\Ejercise\cpu-native-arch\build\cpu_native_q4_probe.exe" --cpu 4 --K 512 --target-kib 256 --depth 8 --variant C --iterations 1 --repetitions 2 --warmup 1
T0 scalar Q4 throughput probe; not an exact model-kernel equivalence claim
shape m=819 K=512, target_kib=256, actual_weight_bytes_per_block=262080, allocated_weight_bytes=262080, variant=C, eviction_bytes=67108864, active_logical_cpus=8
command[493/960]="D:\Install\Dev\Projects\IA\Ejercise\cpu-native-arch\build\cpu_native_q4_probe.exe" --cpu 4 --K 512 --target-kib 256 --depth 16 --variant A --iterations 1 --repetitions 2 --warmup 1
T0 scalar Q4 throughput probe; not an exact model-kernel equivalence claim
shape m=819 K=512, target_kib=256, actual_weight_bytes_per_block=262080, allocated_weight_bytes=262080, variant=A, eviction_bytes=0, active_logical_cpus=8
command[494/960]="D:\Install\Dev\Projects\IA\Ejercise\cpu-native-arch\build\cpu_native_q4_probe.exe" --cpu 4 --K 512 --target-kib 256 --depth 16 --variant B --iterations 1 --repetitions 2 --warmup 1
T0 scalar Q4 throughput probe; not an exact model-kernel equivalence claim
shape m=819 K=512, target_kib=256, actual_weight_bytes_per_block=262080, allocated_weight_bytes=4193280, variant=B, eviction_bytes=0, active_logical_cpus=8
command[495/960]="D:\Install\Dev\Projects\IA\Ejercise\cpu-native-arch\build\cpu_native_q4_probe.exe" --cpu 4 --K 512 --target-kib 256 --depth 16 --variant C --iterations 1 --repetitions 2 --warmup 1
T0 scalar Q4 throughput probe; not an exact model-kernel equivalence claim
shape m=819 K=512, target_kib=256, actual_weight_bytes_per_block=262080, allocated_weight_bytes=262080, variant=C, eviction_bytes=67108864, active_logical_cpus=8
command[496/960]="D:\Install\Dev\Projects\IA\Ejercise\cpu-native-arch\build\cpu_native_q4_probe.exe" --cpu 4 --K 512 --target-kib 384 --depth 1 --variant A --iterations 1 --repetitions 2 --warmup 1
T0 scalar Q4 throughput probe; not an exact model-kernel equivalence claim
shape m=1228 K=512, target_kib=384, actual_weight_bytes_per_block=392960, allocated_weight_bytes=392960, variant=A, eviction_bytes=0, active_logical_cpus=8
command[497/960]="D:\Install\Dev\Projects\IA\Ejercise\cpu-native-arch\build\cpu_native_q4_probe.exe" --cpu 4 --K 512 --target-kib 384 --depth 1 --variant B --iterations 1 --repetitions 2 --warmup 1
T0 scalar Q4 throughput probe; not an exact model-kernel equivalence claim
shape m=1228 K=512, target_kib=384, actual_weight_bytes_per_block=392960, allocated_weight_bytes=392960, variant=B, eviction_bytes=0, active_logical_cpus=8
command[498/960]="D:\Install\Dev\Projects\IA\Ejercise\cpu-native-arch\build\cpu_native_q4_probe.exe" --cpu 4 --K 512 --target-kib 384 --depth 1 --variant C --iterations 1 --repetitions 2 --warmup 1
T0 scalar Q4 throughput probe; not an exact model-kernel equivalence claim
shape m=1228 K=512, target_kib=384, actual_weight_bytes_per_block=392960, allocated_weight_bytes=392960, variant=C, eviction_bytes=67108864, active_logical_cpus=8
command[499/960]="D:\Install\Dev\Projects\IA\Ejercise\cpu-native-arch\build\cpu_native_q4_probe.exe" --cpu 4 --K 512 --target-kib 384 --depth 2 --variant A --iterations 1 --repetitions 2 --warmup 1
T0 scalar Q4 throughput probe; not an exact model-kernel equivalence claim
shape m=1228 K=512, target_kib=384, actual_weight_bytes_per_block=392960, allocated_weight_bytes=392960, variant=A, eviction_bytes=0, active_logical_cpus=8
command[500/960]="D:\Install\Dev\Projects\IA\Ejercise\cpu-native-arch\build\cpu_native_q4_probe.exe" --cpu 4 --K 512 --target-kib 384 --depth 2 --variant B --iterations 1 --repetitions 2 --warmup 1
T0 scalar Q4 throughput probe; not an exact model-kernel equivalence claim
shape m=1228 K=512, target_kib=384, actual_weight_bytes_per_block=392960, allocated_weight_bytes=785920, variant=B, eviction_bytes=0, active_logical_cpus=8
command[501/960]="D:\Install\Dev\Projects\IA\Ejercise\cpu-native-arch\build\cpu_native_q4_probe.exe" --cpu 4 --K 512 --target-kib 384 --depth 2 --variant C --iterations 1 --repetitions 2 --warmup 1
T0 scalar Q4 throughput probe; not an exact model-kernel equivalence claim
shape m=1228 K=512, target_kib=384, actual_weight_bytes_per_block=392960, allocated_weight_bytes=392960, variant=C, eviction_bytes=67108864, active_logical_cpus=8
command[502/960]="D:\Install\Dev\Projects\IA\Ejercise\cpu-native-arch\build\cpu_native_q4_probe.exe" --cpu 4 --K 512 --target-kib 384 --depth 4 --variant A --iterations 1 --repetitions 2 --warmup 1
T0 scalar Q4 throughput probe; not an exact model-kernel equivalence claim
shape m=1228 K=512, target_kib=384, actual_weight_bytes_per_block=392960, allocated_weight_bytes=392960, variant=A, eviction_bytes=0, active_logical_cpus=8
command[503/960]="D:\Install\Dev\Projects\IA\Ejercise\cpu-native-arch\build\cpu_native_q4_probe.exe" --cpu 4 --K 512 --target-kib 384 --depth 4 --variant B --iterations 1 --repetitions 2 --warmup 1
T0 scalar Q4 throughput probe; not an exact model-kernel equivalence claim
shape m=1228 K=512, target_kib=384, actual_weight_bytes_per_block=392960, allocated_weight_bytes=1571840, variant=B, eviction_bytes=0, active_logical_cpus=8
command[504/960]="D:\Install\Dev\Projects\IA\Ejercise\cpu-native-arch\build\cpu_native_q4_probe.exe" --cpu 4 --K 512 --target-kib 384 --depth 4 --variant C --iterations 1 --repetitions 2 --warmup 1
T0 scalar Q4 throughput probe; not an exact model-kernel equivalence claim
shape m=1228 K=512, target_kib=384, actual_weight_bytes_per_block=392960, allocated_weight_bytes=392960, variant=C, eviction_bytes=67108864, active_logical_cpus=8
command[505/960]="D:\Install\Dev\Projects\IA\Ejercise\cpu-native-arch\build\cpu_native_q4_probe.exe" --cpu 4 --K 512 --target-kib 384 --depth 8 --variant A --iterations 1 --repetitions 2 --warmup 1
T0 scalar Q4 throughput probe; not an exact model-kernel equivalence claim
shape m=1228 K=512, target_kib=384, actual_weight_bytes_per_block=392960, allocated_weight_bytes=392960, variant=A, eviction_bytes=0, active_logical_cpus=8
command[506/960]="D:\Install\Dev\Projects\IA\Ejercise\cpu-native-arch\build\cpu_native_q4_probe.exe" --cpu 4 --K 512 --target-kib 384 --depth 8 --variant B --iterations 1 --repetitions 2 --warmup 1
T0 scalar Q4 throughput probe; not an exact model-kernel equivalence claim
shape m=1228 K=512, target_kib=384, actual_weight_bytes_per_block=392960, allocated_weight_bytes=3143680, variant=B, eviction_bytes=0, active_logical_cpus=8
command[507/960]="D:\Install\Dev\Projects\IA\Ejercise\cpu-native-arch\build\cpu_native_q4_probe.exe" --cpu 4 --K 512 --target-kib 384 --depth 8 --variant C --iterations 1 --repetitions 2 --warmup 1
T0 scalar Q4 throughput probe; not an exact model-kernel equivalence claim
shape m=1228 K=512, target_kib=384, actual_weight_bytes_per_block=392960, allocated_weight_bytes=392960, variant=C, eviction_bytes=67108864, active_logical_cpus=8
command[508/960]="D:\Install\Dev\Projects\IA\Ejercise\cpu-native-arch\build\cpu_native_q4_probe.exe" --cpu 4 --K 512 --target-kib 384 --depth 16 --variant A --iterations 1 --repetitions 2 --warmup 1
T0 scalar Q4 throughput probe; not an exact model-kernel equivalence claim
shape m=1228 K=512, target_kib=384, actual_weight_bytes_per_block=392960, allocated_weight_bytes=392960, variant=A, eviction_bytes=0, active_logical_cpus=8
command[509/960]="D:\Install\Dev\Projects\IA\Ejercise\cpu-native-arch\build\cpu_native_q4_probe.exe" --cpu 4 --K 512 --target-kib 384 --depth 16 --variant B --iterations 1 --repetitions 2 --warmup 1
T0 scalar Q4 throughput probe; not an exact model-kernel equivalence claim
shape m=1228 K=512, target_kib=384, actual_weight_bytes_per_block=392960, allocated_weight_bytes=6287360, variant=B, eviction_bytes=0, active_logical_cpus=8
command[510/960]="D:\Install\Dev\Projects\IA\Ejercise\cpu-native-arch\build\cpu_native_q4_probe.exe" --cpu 4 --K 512 --target-kib 384 --depth 16 --variant C --iterations 1 --repetitions 2 --warmup 1
T0 scalar Q4 throughput probe; not an exact model-kernel equivalence claim
shape m=1228 K=512, target_kib=384, actual_weight_bytes_per_block=392960, allocated_weight_bytes=392960, variant=C, eviction_bytes=67108864, active_logical_cpus=8
command[511/960]="D:\Install\Dev\Projects\IA\Ejercise\cpu-native-arch\build\cpu_native_q4_probe.exe" --cpu 4 --K 512 --target-kib 512 --depth 1 --variant A --iterations 1 --repetitions 2 --warmup 1
T0 scalar Q4 throughput probe; not an exact model-kernel equivalence claim
shape m=1638 K=512, target_kib=512, actual_weight_bytes_per_block=524160, allocated_weight_bytes=524160, variant=A, eviction_bytes=0, active_logical_cpus=8
command[512/960]="D:\Install\Dev\Projects\IA\Ejercise\cpu-native-arch\build\cpu_native_q4_probe.exe" --cpu 4 --K 512 --target-kib 512 --depth 1 --variant B --iterations 1 --repetitions 2 --warmup 1
T0 scalar Q4 throughput probe; not an exact model-kernel equivalence claim
shape m=1638 K=512, target_kib=512, actual_weight_bytes_per_block=524160, allocated_weight_bytes=524160, variant=B, eviction_bytes=0, active_logical_cpus=8
command[513/960]="D:\Install\Dev\Projects\IA\Ejercise\cpu-native-arch\build\cpu_native_q4_probe.exe" --cpu 4 --K 512 --target-kib 512 --depth 1 --variant C --iterations 1 --repetitions 2 --warmup 1
T0 scalar Q4 throughput probe; not an exact model-kernel equivalence claim
shape m=1638 K=512, target_kib=512, actual_weight_bytes_per_block=524160, allocated_weight_bytes=524160, variant=C, eviction_bytes=67108864, active_logical_cpus=8
command[514/960]="D:\Install\Dev\Projects\IA\Ejercise\cpu-native-arch\build\cpu_native_q4_probe.exe" --cpu 4 --K 512 --target-kib 512 --depth 2 --variant A --iterations 1 --repetitions 2 --warmup 1
T0 scalar Q4 throughput probe; not an exact model-kernel equivalence claim
shape m=1638 K=512, target_kib=512, actual_weight_bytes_per_block=524160, allocated_weight_bytes=524160, variant=A, eviction_bytes=0, active_logical_cpus=8
command[515/960]="D:\Install\Dev\Projects\IA\Ejercise\cpu-native-arch\build\cpu_native_q4_probe.exe" --cpu 4 --K 512 --target-kib 512 --depth 2 --variant B --iterations 1 --repetitions 2 --warmup 1
T0 scalar Q4 throughput probe; not an exact model-kernel equivalence claim
shape m=1638 K=512, target_kib=512, actual_weight_bytes_per_block=524160, allocated_weight_bytes=1048320, variant=B, eviction_bytes=0, active_logical_cpus=8
command[516/960]="D:\Install\Dev\Projects\IA\Ejercise\cpu-native-arch\build\cpu_native_q4_probe.exe" --cpu 4 --K 512 --target-kib 512 --depth 2 --variant C --iterations 1 --repetitions 2 --warmup 1
T0 scalar Q4 throughput probe; not an exact model-kernel equivalence claim
shape m=1638 K=512, target_kib=512, actual_weight_bytes_per_block=524160, allocated_weight_bytes=524160, variant=C, eviction_bytes=67108864, active_logical_cpus=8
command[517/960]="D:\Install\Dev\Projects\IA\Ejercise\cpu-native-arch\build\cpu_native_q4_probe.exe" --cpu 4 --K 512 --target-kib 512 --depth 4 --variant A --iterations 1 --repetitions 2 --warmup 1
T0 scalar Q4 throughput probe; not an exact model-kernel equivalence claim
shape m=1638 K=512, target_kib=512, actual_weight_bytes_per_block=524160, allocated_weight_bytes=524160, variant=A, eviction_bytes=0, active_logical_cpus=8
command[518/960]="D:\Install\Dev\Projects\IA\Ejercise\cpu-native-arch\build\cpu_native_q4_probe.exe" --cpu 4 --K 512 --target-kib 512 --depth 4 --variant B --iterations 1 --repetitions 2 --warmup 1
T0 scalar Q4 throughput probe; not an exact model-kernel equivalence claim
shape m=1638 K=512, target_kib=512, actual_weight_bytes_per_block=524160, allocated_weight_bytes=2096640, variant=B, eviction_bytes=0, active_logical_cpus=8
command[519/960]="D:\Install\Dev\Projects\IA\Ejercise\cpu-native-arch\build\cpu_native_q4_probe.exe" --cpu 4 --K 512 --target-kib 512 --depth 4 --variant C --iterations 1 --repetitions 2 --warmup 1
T0 scalar Q4 throughput probe; not an exact model-kernel equivalence claim
shape m=1638 K=512, target_kib=512, actual_weight_bytes_per_block=524160, allocated_weight_bytes=524160, variant=C, eviction_bytes=67108864, active_logical_cpus=8
command[520/960]="D:\Install\Dev\Projects\IA\Ejercise\cpu-native-arch\build\cpu_native_q4_probe.exe" --cpu 4 --K 512 --target-kib 512 --depth 8 --variant A --iterations 1 --repetitions 2 --warmup 1
T0 scalar Q4 throughput probe; not an exact model-kernel equivalence claim
shape m=1638 K=512, target_kib=512, actual_weight_bytes_per_block=524160, allocated_weight_bytes=524160, variant=A, eviction_bytes=0, active_logical_cpus=8
command[521/960]="D:\Install\Dev\Projects\IA\Ejercise\cpu-native-arch\build\cpu_native_q4_probe.exe" --cpu 4 --K 512 --target-kib 512 --depth 8 --variant B --iterations 1 --repetitions 2 --warmup 1
T0 scalar Q4 throughput probe; not an exact model-kernel equivalence claim
shape m=1638 K=512, target_kib=512, actual_weight_bytes_per_block=524160, allocated_weight_bytes=4193280, variant=B, eviction_bytes=0, active_logical_cpus=8
command[522/960]="D:\Install\Dev\Projects\IA\Ejercise\cpu-native-arch\build\cpu_native_q4_probe.exe" --cpu 4 --K 512 --target-kib 512 --depth 8 --variant C --iterations 1 --repetitions 2 --warmup 1
T0 scalar Q4 throughput probe; not an exact model-kernel equivalence claim
shape m=1638 K=512, target_kib=512, actual_weight_bytes_per_block=524160, allocated_weight_bytes=524160, variant=C, eviction_bytes=67108864, active_logical_cpus=8
command[523/960]="D:\Install\Dev\Projects\IA\Ejercise\cpu-native-arch\build\cpu_native_q4_probe.exe" --cpu 4 --K 512 --target-kib 512 --depth 16 --variant A --iterations 1 --repetitions 2 --warmup 1
T0 scalar Q4 throughput probe; not an exact model-kernel equivalence claim
shape m=1638 K=512, target_kib=512, actual_weight_bytes_per_block=524160, allocated_weight_bytes=524160, variant=A, eviction_bytes=0, active_logical_cpus=8
command[524/960]="D:\Install\Dev\Projects\IA\Ejercise\cpu-native-arch\build\cpu_native_q4_probe.exe" --cpu 4 --K 512 --target-kib 512 --depth 16 --variant B --iterations 1 --repetitions 2 --warmup 1
T0 scalar Q4 throughput probe; not an exact model-kernel equivalence claim
shape m=1638 K=512, target_kib=512, actual_weight_bytes_per_block=524160, allocated_weight_bytes=8386560, variant=B, eviction_bytes=0, active_logical_cpus=8
command[525/960]="D:\Install\Dev\Projects\IA\Ejercise\cpu-native-arch\build\cpu_native_q4_probe.exe" --cpu 4 --K 512 --target-kib 512 --depth 16 --variant C --iterations 1 --repetitions 2 --warmup 1
T0 scalar Q4 throughput probe; not an exact model-kernel equivalence claim
shape m=1638 K=512, target_kib=512, actual_weight_bytes_per_block=524160, allocated_weight_bytes=524160, variant=C, eviction_bytes=67108864, active_logical_cpus=8
command[526/960]="D:\Install\Dev\Projects\IA\Ejercise\cpu-native-arch\build\cpu_native_q4_probe.exe" --cpu 4 --K 512 --target-kib 640 --depth 1 --variant A --iterations 1 --repetitions 2 --warmup 1
T0 scalar Q4 throughput probe; not an exact model-kernel equivalence claim
shape m=2048 K=512, target_kib=640, actual_weight_bytes_per_block=655360, allocated_weight_bytes=655360, variant=A, eviction_bytes=0, active_logical_cpus=8
command[527/960]="D:\Install\Dev\Projects\IA\Ejercise\cpu-native-arch\build\cpu_native_q4_probe.exe" --cpu 4 --K 512 --target-kib 640 --depth 1 --variant B --iterations 1 --repetitions 2 --warmup 1
T0 scalar Q4 throughput probe; not an exact model-kernel equivalence claim
shape m=2048 K=512, target_kib=640, actual_weight_bytes_per_block=655360, allocated_weight_bytes=655360, variant=B, eviction_bytes=0, active_logical_cpus=8
command[528/960]="D:\Install\Dev\Projects\IA\Ejercise\cpu-native-arch\build\cpu_native_q4_probe.exe" --cpu 4 --K 512 --target-kib 640 --depth 1 --variant C --iterations 1 --repetitions 2 --warmup 1
T0 scalar Q4 throughput probe; not an exact model-kernel equivalence claim
shape m=2048 K=512, target_kib=640, actual_weight_bytes_per_block=655360, allocated_weight_bytes=655360, variant=C, eviction_bytes=67108864, active_logical_cpus=8
command[529/960]="D:\Install\Dev\Projects\IA\Ejercise\cpu-native-arch\build\cpu_native_q4_probe.exe" --cpu 4 --K 512 --target-kib 640 --depth 2 --variant A --iterations 1 --repetitions 2 --warmup 1
T0 scalar Q4 throughput probe; not an exact model-kernel equivalence claim
shape m=2048 K=512, target_kib=640, actual_weight_bytes_per_block=655360, allocated_weight_bytes=655360, variant=A, eviction_bytes=0, active_logical_cpus=8
command[530/960]="D:\Install\Dev\Projects\IA\Ejercise\cpu-native-arch\build\cpu_native_q4_probe.exe" --cpu 4 --K 512 --target-kib 640 --depth 2 --variant B --iterations 1 --repetitions 2 --warmup 1
T0 scalar Q4 throughput probe; not an exact model-kernel equivalence claim
shape m=2048 K=512, target_kib=640, actual_weight_bytes_per_block=655360, allocated_weight_bytes=1310720, variant=B, eviction_bytes=0, active_logical_cpus=8
command[531/960]="D:\Install\Dev\Projects\IA\Ejercise\cpu-native-arch\build\cpu_native_q4_probe.exe" --cpu 4 --K 512 --target-kib 640 --depth 2 --variant C --iterations 1 --repetitions 2 --warmup 1
T0 scalar Q4 throughput probe; not an exact model-kernel equivalence claim
shape m=2048 K=512, target_kib=640, actual_weight_bytes_per_block=655360, allocated_weight_bytes=655360, variant=C, eviction_bytes=67108864, active_logical_cpus=8
command[532/960]="D:\Install\Dev\Projects\IA\Ejercise\cpu-native-arch\build\cpu_native_q4_probe.exe" --cpu 4 --K 512 --target-kib 640 --depth 4 --variant A --iterations 1 --repetitions 2 --warmup 1
T0 scalar Q4 throughput probe; not an exact model-kernel equivalence claim
shape m=2048 K=512, target_kib=640, actual_weight_bytes_per_block=655360, allocated_weight_bytes=655360, variant=A, eviction_bytes=0, active_logical_cpus=8
command[533/960]="D:\Install\Dev\Projects\IA\Ejercise\cpu-native-arch\build\cpu_native_q4_probe.exe" --cpu 4 --K 512 --target-kib 640 --depth 4 --variant B --iterations 1 --repetitions 2 --warmup 1
T0 scalar Q4 throughput probe; not an exact model-kernel equivalence claim
shape m=2048 K=512, target_kib=640, actual_weight_bytes_per_block=655360, allocated_weight_bytes=2621440, variant=B, eviction_bytes=0, active_logical_cpus=8
command[534/960]="D:\Install\Dev\Projects\IA\Ejercise\cpu-native-arch\build\cpu_native_q4_probe.exe" --cpu 4 --K 512 --target-kib 640 --depth 4 --variant C --iterations 1 --repetitions 2 --warmup 1
T0 scalar Q4 throughput probe; not an exact model-kernel equivalence claim
shape m=2048 K=512, target_kib=640, actual_weight_bytes_per_block=655360, allocated_weight_bytes=655360, variant=C, eviction_bytes=67108864, active_logical_cpus=8
command[535/960]="D:\Install\Dev\Projects\IA\Ejercise\cpu-native-arch\build\cpu_native_q4_probe.exe" --cpu 4 --K 512 --target-kib 640 --depth 8 --variant A --iterations 1 --repetitions 2 --warmup 1
T0 scalar Q4 throughput probe; not an exact model-kernel equivalence claim
shape m=2048 K=512, target_kib=640, actual_weight_bytes_per_block=655360, allocated_weight_bytes=655360, variant=A, eviction_bytes=0, active_logical_cpus=8
command[536/960]="D:\Install\Dev\Projects\IA\Ejercise\cpu-native-arch\build\cpu_native_q4_probe.exe" --cpu 4 --K 512 --target-kib 640 --depth 8 --variant B --iterations 1 --repetitions 2 --warmup 1
T0 scalar Q4 throughput probe; not an exact model-kernel equivalence claim
shape m=2048 K=512, target_kib=640, actual_weight_bytes_per_block=655360, allocated_weight_bytes=5242880, variant=B, eviction_bytes=0, active_logical_cpus=8
command[537/960]="D:\Install\Dev\Projects\IA\Ejercise\cpu-native-arch\build\cpu_native_q4_probe.exe" --cpu 4 --K 512 --target-kib 640 --depth 8 --variant C --iterations 1 --repetitions 2 --warmup 1
T0 scalar Q4 throughput probe; not an exact model-kernel equivalence claim
shape m=2048 K=512, target_kib=640, actual_weight_bytes_per_block=655360, allocated_weight_bytes=655360, variant=C, eviction_bytes=67108864, active_logical_cpus=8
command[538/960]="D:\Install\Dev\Projects\IA\Ejercise\cpu-native-arch\build\cpu_native_q4_probe.exe" --cpu 4 --K 512 --target-kib 640 --depth 16 --variant A --iterations 1 --repetitions 2 --warmup 1
T0 scalar Q4 throughput probe; not an exact model-kernel equivalence claim
shape m=2048 K=512, target_kib=640, actual_weight_bytes_per_block=655360, allocated_weight_bytes=655360, variant=A, eviction_bytes=0, active_logical_cpus=8
command[539/960]="D:\Install\Dev\Projects\IA\Ejercise\cpu-native-arch\build\cpu_native_q4_probe.exe" --cpu 4 --K 512 --target-kib 640 --depth 16 --variant B --iterations 1 --repetitions 2 --warmup 1
T0 scalar Q4 throughput probe; not an exact model-kernel equivalence claim
shape m=2048 K=512, target_kib=640, actual_weight_bytes_per_block=655360, allocated_weight_bytes=10485760, variant=B, eviction_bytes=0, active_logical_cpus=8
command[540/960]="D:\Install\Dev\Projects\IA\Ejercise\cpu-native-arch\build\cpu_native_q4_probe.exe" --cpu 4 --K 512 --target-kib 640 --depth 16 --variant C --iterations 1 --repetitions 2 --warmup 1
T0 scalar Q4 throughput probe; not an exact model-kernel equivalence claim
shape m=2048 K=512, target_kib=640, actual_weight_bytes_per_block=655360, allocated_weight_bytes=655360, variant=C, eviction_bytes=67108864, active_logical_cpus=8
command[541/960]="D:\Install\Dev\Projects\IA\Ejercise\cpu-native-arch\build\cpu_native_q4_probe.exe" --cpu 4 --K 512 --target-kib 768 --depth 1 --variant A --iterations 1 --repetitions 2 --warmup 1
T0 scalar Q4 throughput probe; not an exact model-kernel equivalence claim
shape m=2457 K=512, target_kib=768, actual_weight_bytes_per_block=786240, allocated_weight_bytes=786240, variant=A, eviction_bytes=0, active_logical_cpus=8
command[542/960]="D:\Install\Dev\Projects\IA\Ejercise\cpu-native-arch\build\cpu_native_q4_probe.exe" --cpu 4 --K 512 --target-kib 768 --depth 1 --variant B --iterations 1 --repetitions 2 --warmup 1
T0 scalar Q4 throughput probe; not an exact model-kernel equivalence claim
shape m=2457 K=512, target_kib=768, actual_weight_bytes_per_block=786240, allocated_weight_bytes=786240, variant=B, eviction_bytes=0, active_logical_cpus=8
command[543/960]="D:\Install\Dev\Projects\IA\Ejercise\cpu-native-arch\build\cpu_native_q4_probe.exe" --cpu 4 --K 512 --target-kib 768 --depth 1 --variant C --iterations 1 --repetitions 2 --warmup 1
T0 scalar Q4 throughput probe; not an exact model-kernel equivalence claim
shape m=2457 K=512, target_kib=768, actual_weight_bytes_per_block=786240, allocated_weight_bytes=786240, variant=C, eviction_bytes=67108864, active_logical_cpus=8
command[544/960]="D:\Install\Dev\Projects\IA\Ejercise\cpu-native-arch\build\cpu_native_q4_probe.exe" --cpu 4 --K 512 --target-kib 768 --depth 2 --variant A --iterations 1 --repetitions 2 --warmup 1
T0 scalar Q4 throughput probe; not an exact model-kernel equivalence claim
shape m=2457 K=512, target_kib=768, actual_weight_bytes_per_block=786240, allocated_weight_bytes=786240, variant=A, eviction_bytes=0, active_logical_cpus=8
command[545/960]="D:\Install\Dev\Projects\IA\Ejercise\cpu-native-arch\build\cpu_native_q4_probe.exe" --cpu 4 --K 512 --target-kib 768 --depth 2 --variant B --iterations 1 --repetitions 2 --warmup 1
T0 scalar Q4 throughput probe; not an exact model-kernel equivalence claim
shape m=2457 K=512, target_kib=768, actual_weight_bytes_per_block=786240, allocated_weight_bytes=1572480, variant=B, eviction_bytes=0, active_logical_cpus=8
command[546/960]="D:\Install\Dev\Projects\IA\Ejercise\cpu-native-arch\build\cpu_native_q4_probe.exe" --cpu 4 --K 512 --target-kib 768 --depth 2 --variant C --iterations 1 --repetitions 2 --warmup 1
T0 scalar Q4 throughput probe; not an exact model-kernel equivalence claim
shape m=2457 K=512, target_kib=768, actual_weight_bytes_per_block=786240, allocated_weight_bytes=786240, variant=C, eviction_bytes=67108864, active_logical_cpus=8
command[547/960]="D:\Install\Dev\Projects\IA\Ejercise\cpu-native-arch\build\cpu_native_q4_probe.exe" --cpu 4 --K 512 --target-kib 768 --depth 4 --variant A --iterations 1 --repetitions 2 --warmup 1
T0 scalar Q4 throughput probe; not an exact model-kernel equivalence claim
shape m=2457 K=512, target_kib=768, actual_weight_bytes_per_block=786240, allocated_weight_bytes=786240, variant=A, eviction_bytes=0, active_logical_cpus=8
command[548/960]="D:\Install\Dev\Projects\IA\Ejercise\cpu-native-arch\build\cpu_native_q4_probe.exe" --cpu 4 --K 512 --target-kib 768 --depth 4 --variant B --iterations 1 --repetitions 2 --warmup 1
T0 scalar Q4 throughput probe; not an exact model-kernel equivalence claim
shape m=2457 K=512, target_kib=768, actual_weight_bytes_per_block=786240, allocated_weight_bytes=3144960, variant=B, eviction_bytes=0, active_logical_cpus=8
command[549/960]="D:\Install\Dev\Projects\IA\Ejercise\cpu-native-arch\build\cpu_native_q4_probe.exe" --cpu 4 --K 512 --target-kib 768 --depth 4 --variant C --iterations 1 --repetitions 2 --warmup 1
T0 scalar Q4 throughput probe; not an exact model-kernel equivalence claim
shape m=2457 K=512, target_kib=768, actual_weight_bytes_per_block=786240, allocated_weight_bytes=786240, variant=C, eviction_bytes=67108864, active_logical_cpus=8
command[550/960]="D:\Install\Dev\Projects\IA\Ejercise\cpu-native-arch\build\cpu_native_q4_probe.exe" --cpu 4 --K 512 --target-kib 768 --depth 8 --variant A --iterations 1 --repetitions 2 --warmup 1
T0 scalar Q4 throughput probe; not an exact model-kernel equivalence claim
shape m=2457 K=512, target_kib=768, actual_weight_bytes_per_block=786240, allocated_weight_bytes=786240, variant=A, eviction_bytes=0, active_logical_cpus=8
command[551/960]="D:\Install\Dev\Projects\IA\Ejercise\cpu-native-arch\build\cpu_native_q4_probe.exe" --cpu 4 --K 512 --target-kib 768 --depth 8 --variant B --iterations 1 --repetitions 2 --warmup 1
T0 scalar Q4 throughput probe; not an exact model-kernel equivalence claim
shape m=2457 K=512, target_kib=768, actual_weight_bytes_per_block=786240, allocated_weight_bytes=6289920, variant=B, eviction_bytes=0, active_logical_cpus=8
command[552/960]="D:\Install\Dev\Projects\IA\Ejercise\cpu-native-arch\build\cpu_native_q4_probe.exe" --cpu 4 --K 512 --target-kib 768 --depth 8 --variant C --iterations 1 --repetitions 2 --warmup 1
T0 scalar Q4 throughput probe; not an exact model-kernel equivalence claim
shape m=2457 K=512, target_kib=768, actual_weight_bytes_per_block=786240, allocated_weight_bytes=786240, variant=C, eviction_bytes=67108864, active_logical_cpus=8
command[553/960]="D:\Install\Dev\Projects\IA\Ejercise\cpu-native-arch\build\cpu_native_q4_probe.exe" --cpu 4 --K 512 --target-kib 768 --depth 16 --variant A --iterations 1 --repetitions 2 --warmup 1
T0 scalar Q4 throughput probe; not an exact model-kernel equivalence claim
shape m=2457 K=512, target_kib=768, actual_weight_bytes_per_block=786240, allocated_weight_bytes=786240, variant=A, eviction_bytes=0, active_logical_cpus=8
command[554/960]="D:\Install\Dev\Projects\IA\Ejercise\cpu-native-arch\build\cpu_native_q4_probe.exe" --cpu 4 --K 512 --target-kib 768 --depth 16 --variant B --iterations 1 --repetitions 2 --warmup 1
T0 scalar Q4 throughput probe; not an exact model-kernel equivalence claim
shape m=2457 K=512, target_kib=768, actual_weight_bytes_per_block=786240, allocated_weight_bytes=12579840, variant=B, eviction_bytes=0, active_logical_cpus=8
command[555/960]="D:\Install\Dev\Projects\IA\Ejercise\cpu-native-arch\build\cpu_native_q4_probe.exe" --cpu 4 --K 512 --target-kib 768 --depth 16 --variant C --iterations 1 --repetitions 2 --warmup 1
T0 scalar Q4 throughput probe; not an exact model-kernel equivalence claim
shape m=2457 K=512, target_kib=768, actual_weight_bytes_per_block=786240, allocated_weight_bytes=786240, variant=C, eviction_bytes=67108864, active_logical_cpus=8
command[556/960]="D:\Install\Dev\Projects\IA\Ejercise\cpu-native-arch\build\cpu_native_q4_probe.exe" --cpu 4 --K 512 --target-kib 896 --depth 1 --variant A --iterations 1 --repetitions 2 --warmup 1
T0 scalar Q4 throughput probe; not an exact model-kernel equivalence claim
shape m=2867 K=512, target_kib=896, actual_weight_bytes_per_block=917440, allocated_weight_bytes=917440, variant=A, eviction_bytes=0, active_logical_cpus=8
command[557/960]="D:\Install\Dev\Projects\IA\Ejercise\cpu-native-arch\build\cpu_native_q4_probe.exe" --cpu 4 --K 512 --target-kib 896 --depth 1 --variant B --iterations 1 --repetitions 2 --warmup 1
T0 scalar Q4 throughput probe; not an exact model-kernel equivalence claim
shape m=2867 K=512, target_kib=896, actual_weight_bytes_per_block=917440, allocated_weight_bytes=917440, variant=B, eviction_bytes=0, active_logical_cpus=8
command[558/960]="D:\Install\Dev\Projects\IA\Ejercise\cpu-native-arch\build\cpu_native_q4_probe.exe" --cpu 4 --K 512 --target-kib 896 --depth 1 --variant C --iterations 1 --repetitions 2 --warmup 1
T0 scalar Q4 throughput probe; not an exact model-kernel equivalence claim
shape m=2867 K=512, target_kib=896, actual_weight_bytes_per_block=917440, allocated_weight_bytes=917440, variant=C, eviction_bytes=67108864, active_logical_cpus=8
command[559/960]="D:\Install\Dev\Projects\IA\Ejercise\cpu-native-arch\build\cpu_native_q4_probe.exe" --cpu 4 --K 512 --target-kib 896 --depth 2 --variant A --iterations 1 --repetitions 2 --warmup 1
T0 scalar Q4 throughput probe; not an exact model-kernel equivalence claim
shape m=2867 K=512, target_kib=896, actual_weight_bytes_per_block=917440, allocated_weight_bytes=917440, variant=A, eviction_bytes=0, active_logical_cpus=8
command[560/960]="D:\Install\Dev\Projects\IA\Ejercise\cpu-native-arch\build\cpu_native_q4_probe.exe" --cpu 4 --K 512 --target-kib 896 --depth 2 --variant B --iterations 1 --repetitions 2 --warmup 1
T0 scalar Q4 throughput probe; not an exact model-kernel equivalence claim
shape m=2867 K=512, target_kib=896, actual_weight_bytes_per_block=917440, allocated_weight_bytes=1834880, variant=B, eviction_bytes=0, active_logical_cpus=8
command[561/960]="D:\Install\Dev\Projects\IA\Ejercise\cpu-native-arch\build\cpu_native_q4_probe.exe" --cpu 4 --K 512 --target-kib 896 --depth 2 --variant C --iterations 1 --repetitions 2 --warmup 1
T0 scalar Q4 throughput probe; not an exact model-kernel equivalence claim
shape m=2867 K=512, target_kib=896, actual_weight_bytes_per_block=917440, allocated_weight_bytes=917440, variant=C, eviction_bytes=67108864, active_logical_cpus=8
command[562/960]="D:\Install\Dev\Projects\IA\Ejercise\cpu-native-arch\build\cpu_native_q4_probe.exe" --cpu 4 --K 512 --target-kib 896 --depth 4 --variant A --iterations 1 --repetitions 2 --warmup 1
T0 scalar Q4 throughput probe; not an exact model-kernel equivalence claim
shape m=2867 K=512, target_kib=896, actual_weight_bytes_per_block=917440, allocated_weight_bytes=917440, variant=A, eviction_bytes=0, active_logical_cpus=8
command[563/960]="D:\Install\Dev\Projects\IA\Ejercise\cpu-native-arch\build\cpu_native_q4_probe.exe" --cpu 4 --K 512 --target-kib 896 --depth 4 --variant B --iterations 1 --repetitions 2 --warmup 1
T0 scalar Q4 throughput probe; not an exact model-kernel equivalence claim
shape m=2867 K=512, target_kib=896, actual_weight_bytes_per_block=917440, allocated_weight_bytes=3669760, variant=B, eviction_bytes=0, active_logical_cpus=8
command[564/960]="D:\Install\Dev\Projects\IA\Ejercise\cpu-native-arch\build\cpu_native_q4_probe.exe" --cpu 4 --K 512 --target-kib 896 --depth 4 --variant C --iterations 1 --repetitions 2 --warmup 1
T0 scalar Q4 throughput probe; not an exact model-kernel equivalence claim
shape m=2867 K=512, target_kib=896, actual_weight_bytes_per_block=917440, allocated_weight_bytes=917440, variant=C, eviction_bytes=67108864, active_logical_cpus=8
command[565/960]="D:\Install\Dev\Projects\IA\Ejercise\cpu-native-arch\build\cpu_native_q4_probe.exe" --cpu 4 --K 512 --target-kib 896 --depth 8 --variant A --iterations 1 --repetitions 2 --warmup 1
T0 scalar Q4 throughput probe; not an exact model-kernel equivalence claim
shape m=2867 K=512, target_kib=896, actual_weight_bytes_per_block=917440, allocated_weight_bytes=917440, variant=A, eviction_bytes=0, active_logical_cpus=8
command[566/960]="D:\Install\Dev\Projects\IA\Ejercise\cpu-native-arch\build\cpu_native_q4_probe.exe" --cpu 4 --K 512 --target-kib 896 --depth 8 --variant B --iterations 1 --repetitions 2 --warmup 1
T0 scalar Q4 throughput probe; not an exact model-kernel equivalence claim
shape m=2867 K=512, target_kib=896, actual_weight_bytes_per_block=917440, allocated_weight_bytes=7339520, variant=B, eviction_bytes=0, active_logical_cpus=8
command[567/960]="D:\Install\Dev\Projects\IA\Ejercise\cpu-native-arch\build\cpu_native_q4_probe.exe" --cpu 4 --K 512 --target-kib 896 --depth 8 --variant C --iterations 1 --repetitions 2 --warmup 1
T0 scalar Q4 throughput probe; not an exact model-kernel equivalence claim
shape m=2867 K=512, target_kib=896, actual_weight_bytes_per_block=917440, allocated_weight_bytes=917440, variant=C, eviction_bytes=67108864, active_logical_cpus=8
command[568/960]="D:\Install\Dev\Projects\IA\Ejercise\cpu-native-arch\build\cpu_native_q4_probe.exe" --cpu 4 --K 512 --target-kib 896 --depth 16 --variant A --iterations 1 --repetitions 2 --warmup 1
T0 scalar Q4 throughput probe; not an exact model-kernel equivalence claim
shape m=2867 K=512, target_kib=896, actual_weight_bytes_per_block=917440, allocated_weight_bytes=917440, variant=A, eviction_bytes=0, active_logical_cpus=8
command[569/960]="D:\Install\Dev\Projects\IA\Ejercise\cpu-native-arch\build\cpu_native_q4_probe.exe" --cpu 4 --K 512 --target-kib 896 --depth 16 --variant B --iterations 1 --repetitions 2 --warmup 1
T0 scalar Q4 throughput probe; not an exact model-kernel equivalence claim
shape m=2867 K=512, target_kib=896, actual_weight_bytes_per_block=917440, allocated_weight_bytes=14679040, variant=B, eviction_bytes=0, active_logical_cpus=8
command[570/960]="D:\Install\Dev\Projects\IA\Ejercise\cpu-native-arch\build\cpu_native_q4_probe.exe" --cpu 4 --K 512 --target-kib 896 --depth 16 --variant C --iterations 1 --repetitions 2 --warmup 1
T0 scalar Q4 throughput probe; not an exact model-kernel equivalence claim
shape m=2867 K=512, target_kib=896, actual_weight_bytes_per_block=917440, allocated_weight_bytes=917440, variant=C, eviction_bytes=67108864, active_logical_cpus=8
command[571/960]="D:\Install\Dev\Projects\IA\Ejercise\cpu-native-arch\build\cpu_native_q4_probe.exe" --cpu 4 --K 512 --target-kib 1024 --depth 1 --variant A --iterations 1 --repetitions 2 --warmup 1
T0 scalar Q4 throughput probe; not an exact model-kernel equivalence claim
shape m=3276 K=512, target_kib=1024, actual_weight_bytes_per_block=1048320, allocated_weight_bytes=1048320, variant=A, eviction_bytes=0, active_logical_cpus=8
command[572/960]="D:\Install\Dev\Projects\IA\Ejercise\cpu-native-arch\build\cpu_native_q4_probe.exe" --cpu 4 --K 512 --target-kib 1024 --depth 1 --variant B --iterations 1 --repetitions 2 --warmup 1
T0 scalar Q4 throughput probe; not an exact model-kernel equivalence claim
shape m=3276 K=512, target_kib=1024, actual_weight_bytes_per_block=1048320, allocated_weight_bytes=1048320, variant=B, eviction_bytes=0, active_logical_cpus=8
command[573/960]="D:\Install\Dev\Projects\IA\Ejercise\cpu-native-arch\build\cpu_native_q4_probe.exe" --cpu 4 --K 512 --target-kib 1024 --depth 1 --variant C --iterations 1 --repetitions 2 --warmup 1
T0 scalar Q4 throughput probe; not an exact model-kernel equivalence claim
shape m=3276 K=512, target_kib=1024, actual_weight_bytes_per_block=1048320, allocated_weight_bytes=1048320, variant=C, eviction_bytes=67108864, active_logical_cpus=8
command[574/960]="D:\Install\Dev\Projects\IA\Ejercise\cpu-native-arch\build\cpu_native_q4_probe.exe" --cpu 4 --K 512 --target-kib 1024 --depth 2 --variant A --iterations 1 --repetitions 2 --warmup 1
T0 scalar Q4 throughput probe; not an exact model-kernel equivalence claim
shape m=3276 K=512, target_kib=1024, actual_weight_bytes_per_block=1048320, allocated_weight_bytes=1048320, variant=A, eviction_bytes=0, active_logical_cpus=8
command[575/960]="D:\Install\Dev\Projects\IA\Ejercise\cpu-native-arch\build\cpu_native_q4_probe.exe" --cpu 4 --K 512 --target-kib 1024 --depth 2 --variant B --iterations 1 --repetitions 2 --warmup 1
T0 scalar Q4 throughput probe; not an exact model-kernel equivalence claim
shape m=3276 K=512, target_kib=1024, actual_weight_bytes_per_block=1048320, allocated_weight_bytes=2096640, variant=B, eviction_bytes=0, active_logical_cpus=8
command[576/960]="D:\Install\Dev\Projects\IA\Ejercise\cpu-native-arch\build\cpu_native_q4_probe.exe" --cpu 4 --K 512 --target-kib 1024 --depth 2 --variant C --iterations 1 --repetitions 2 --warmup 1
T0 scalar Q4 throughput probe; not an exact model-kernel equivalence claim
shape m=3276 K=512, target_kib=1024, actual_weight_bytes_per_block=1048320, allocated_weight_bytes=1048320, variant=C, eviction_bytes=67108864, active_logical_cpus=8
command[577/960]="D:\Install\Dev\Projects\IA\Ejercise\cpu-native-arch\build\cpu_native_q4_probe.exe" --cpu 4 --K 512 --target-kib 1024 --depth 4 --variant A --iterations 1 --repetitions 2 --warmup 1
T0 scalar Q4 throughput probe; not an exact model-kernel equivalence claim
shape m=3276 K=512, target_kib=1024, actual_weight_bytes_per_block=1048320, allocated_weight_bytes=1048320, variant=A, eviction_bytes=0, active_logical_cpus=8
command[578/960]="D:\Install\Dev\Projects\IA\Ejercise\cpu-native-arch\build\cpu_native_q4_probe.exe" --cpu 4 --K 512 --target-kib 1024 --depth 4 --variant B --iterations 1 --repetitions 2 --warmup 1
T0 scalar Q4 throughput probe; not an exact model-kernel equivalence claim
shape m=3276 K=512, target_kib=1024, actual_weight_bytes_per_block=1048320, allocated_weight_bytes=4193280, variant=B, eviction_bytes=0, active_logical_cpus=8
command[579/960]="D:\Install\Dev\Projects\IA\Ejercise\cpu-native-arch\build\cpu_native_q4_probe.exe" --cpu 4 --K 512 --target-kib 1024 --depth 4 --variant C --iterations 1 --repetitions 2 --warmup 1
T0 scalar Q4 throughput probe; not an exact model-kernel equivalence claim
shape m=3276 K=512, target_kib=1024, actual_weight_bytes_per_block=1048320, allocated_weight_bytes=1048320, variant=C, eviction_bytes=67108864, active_logical_cpus=8
command[580/960]="D:\Install\Dev\Projects\IA\Ejercise\cpu-native-arch\build\cpu_native_q4_probe.exe" --cpu 4 --K 512 --target-kib 1024 --depth 8 --variant A --iterations 1 --repetitions 2 --warmup 1
T0 scalar Q4 throughput probe; not an exact model-kernel equivalence claim
shape m=3276 K=512, target_kib=1024, actual_weight_bytes_per_block=1048320, allocated_weight_bytes=1048320, variant=A, eviction_bytes=0, active_logical_cpus=8
command[581/960]="D:\Install\Dev\Projects\IA\Ejercise\cpu-native-arch\build\cpu_native_q4_probe.exe" --cpu 4 --K 512 --target-kib 1024 --depth 8 --variant B --iterations 1 --repetitions 2 --warmup 1
T0 scalar Q4 throughput probe; not an exact model-kernel equivalence claim
shape m=3276 K=512, target_kib=1024, actual_weight_bytes_per_block=1048320, allocated_weight_bytes=8386560, variant=B, eviction_bytes=0, active_logical_cpus=8
command[582/960]="D:\Install\Dev\Projects\IA\Ejercise\cpu-native-arch\build\cpu_native_q4_probe.exe" --cpu 4 --K 512 --target-kib 1024 --depth 8 --variant C --iterations 1 --repetitions 2 --warmup 1
T0 scalar Q4 throughput probe; not an exact model-kernel equivalence claim
shape m=3276 K=512, target_kib=1024, actual_weight_bytes_per_block=1048320, allocated_weight_bytes=1048320, variant=C, eviction_bytes=67108864, active_logical_cpus=8
command[583/960]="D:\Install\Dev\Projects\IA\Ejercise\cpu-native-arch\build\cpu_native_q4_probe.exe" --cpu 4 --K 512 --target-kib 1024 --depth 16 --variant A --iterations 1 --repetitions 2 --warmup 1
T0 scalar Q4 throughput probe; not an exact model-kernel equivalence claim
shape m=3276 K=512, target_kib=1024, actual_weight_bytes_per_block=1048320, allocated_weight_bytes=1048320, variant=A, eviction_bytes=0, active_logical_cpus=8
command[584/960]="D:\Install\Dev\Projects\IA\Ejercise\cpu-native-arch\build\cpu_native_q4_probe.exe" --cpu 4 --K 512 --target-kib 1024 --depth 16 --variant B --iterations 1 --repetitions 2 --warmup 1
T0 scalar Q4 throughput probe; not an exact model-kernel equivalence claim
shape m=3276 K=512, target_kib=1024, actual_weight_bytes_per_block=1048320, allocated_weight_bytes=16773120, variant=B, eviction_bytes=0, active_logical_cpus=8
command[585/960]="D:\Install\Dev\Projects\IA\Ejercise\cpu-native-arch\build\cpu_native_q4_probe.exe" --cpu 4 --K 512 --target-kib 1024 --depth 16 --variant C --iterations 1 --repetitions 2 --warmup 1
T0 scalar Q4 throughput probe; not an exact model-kernel equivalence claim
shape m=3276 K=512, target_kib=1024, actual_weight_bytes_per_block=1048320, allocated_weight_bytes=1048320, variant=C, eviction_bytes=67108864, active_logical_cpus=8
command[586/960]="D:\Install\Dev\Projects\IA\Ejercise\cpu-native-arch\build\cpu_native_q4_probe.exe" --cpu 4 --K 512 --target-kib 1280 --depth 1 --variant A --iterations 1 --repetitions 2 --warmup 1
T0 scalar Q4 throughput probe; not an exact model-kernel equivalence claim
shape m=4096 K=512, target_kib=1280, actual_weight_bytes_per_block=1310720, allocated_weight_bytes=1310720, variant=A, eviction_bytes=0, active_logical_cpus=8
command[587/960]="D:\Install\Dev\Projects\IA\Ejercise\cpu-native-arch\build\cpu_native_q4_probe.exe" --cpu 4 --K 512 --target-kib 1280 --depth 1 --variant B --iterations 1 --repetitions 2 --warmup 1
T0 scalar Q4 throughput probe; not an exact model-kernel equivalence claim
shape m=4096 K=512, target_kib=1280, actual_weight_bytes_per_block=1310720, allocated_weight_bytes=1310720, variant=B, eviction_bytes=0, active_logical_cpus=8
command[588/960]="D:\Install\Dev\Projects\IA\Ejercise\cpu-native-arch\build\cpu_native_q4_probe.exe" --cpu 4 --K 512 --target-kib 1280 --depth 1 --variant C --iterations 1 --repetitions 2 --warmup 1
T0 scalar Q4 throughput probe; not an exact model-kernel equivalence claim
shape m=4096 K=512, target_kib=1280, actual_weight_bytes_per_block=1310720, allocated_weight_bytes=1310720, variant=C, eviction_bytes=67108864, active_logical_cpus=8
command[589/960]="D:\Install\Dev\Projects\IA\Ejercise\cpu-native-arch\build\cpu_native_q4_probe.exe" --cpu 4 --K 512 --target-kib 1280 --depth 2 --variant A --iterations 1 --repetitions 2 --warmup 1
T0 scalar Q4 throughput probe; not an exact model-kernel equivalence claim
shape m=4096 K=512, target_kib=1280, actual_weight_bytes_per_block=1310720, allocated_weight_bytes=1310720, variant=A, eviction_bytes=0, active_logical_cpus=8
command[590/960]="D:\Install\Dev\Projects\IA\Ejercise\cpu-native-arch\build\cpu_native_q4_probe.exe" --cpu 4 --K 512 --target-kib 1280 --depth 2 --variant B --iterations 1 --repetitions 2 --warmup 1
T0 scalar Q4 throughput probe; not an exact model-kernel equivalence claim
shape m=4096 K=512, target_kib=1280, actual_weight_bytes_per_block=1310720, allocated_weight_bytes=2621440, variant=B, eviction_bytes=0, active_logical_cpus=8
command[591/960]="D:\Install\Dev\Projects\IA\Ejercise\cpu-native-arch\build\cpu_native_q4_probe.exe" --cpu 4 --K 512 --target-kib 1280 --depth 2 --variant C --iterations 1 --repetitions 2 --warmup 1
T0 scalar Q4 throughput probe; not an exact model-kernel equivalence claim
shape m=4096 K=512, target_kib=1280, actual_weight_bytes_per_block=1310720, allocated_weight_bytes=1310720, variant=C, eviction_bytes=67108864, active_logical_cpus=8
command[592/960]="D:\Install\Dev\Projects\IA\Ejercise\cpu-native-arch\build\cpu_native_q4_probe.exe" --cpu 4 --K 512 --target-kib 1280 --depth 4 --variant A --iterations 1 --repetitions 2 --warmup 1
T0 scalar Q4 throughput probe; not an exact model-kernel equivalence claim
shape m=4096 K=512, target_kib=1280, actual_weight_bytes_per_block=1310720, allocated_weight_bytes=1310720, variant=A, eviction_bytes=0, active_logical_cpus=8
command[593/960]="D:\Install\Dev\Projects\IA\Ejercise\cpu-native-arch\build\cpu_native_q4_probe.exe" --cpu 4 --K 512 --target-kib 1280 --depth 4 --variant B --iterations 1 --repetitions 2 --warmup 1
T0 scalar Q4 throughput probe; not an exact model-kernel equivalence claim
shape m=4096 K=512, target_kib=1280, actual_weight_bytes_per_block=1310720, allocated_weight_bytes=5242880, variant=B, eviction_bytes=0, active_logical_cpus=8
command[594/960]="D:\Install\Dev\Projects\IA\Ejercise\cpu-native-arch\build\cpu_native_q4_probe.exe" --cpu 4 --K 512 --target-kib 1280 --depth 4 --variant C --iterations 1 --repetitions 2 --warmup 1
T0 scalar Q4 throughput probe; not an exact model-kernel equivalence claim
shape m=4096 K=512, target_kib=1280, actual_weight_bytes_per_block=1310720, allocated_weight_bytes=1310720, variant=C, eviction_bytes=67108864, active_logical_cpus=8
command[595/960]="D:\Install\Dev\Projects\IA\Ejercise\cpu-native-arch\build\cpu_native_q4_probe.exe" --cpu 4 --K 512 --target-kib 1280 --depth 8 --variant A --iterations 1 --repetitions 2 --warmup 1
T0 scalar Q4 throughput probe; not an exact model-kernel equivalence claim
shape m=4096 K=512, target_kib=1280, actual_weight_bytes_per_block=1310720, allocated_weight_bytes=1310720, variant=A, eviction_bytes=0, active_logical_cpus=8
command[596/960]="D:\Install\Dev\Projects\IA\Ejercise\cpu-native-arch\build\cpu_native_q4_probe.exe" --cpu 4 --K 512 --target-kib 1280 --depth 8 --variant B --iterations 1 --repetitions 2 --warmup 1
T0 scalar Q4 throughput probe; not an exact model-kernel equivalence claim
shape m=4096 K=512, target_kib=1280, actual_weight_bytes_per_block=1310720, allocated_weight_bytes=10485760, variant=B, eviction_bytes=0, active_logical_cpus=8
command[597/960]="D:\Install\Dev\Projects\IA\Ejercise\cpu-native-arch\build\cpu_native_q4_probe.exe" --cpu 4 --K 512 --target-kib 1280 --depth 8 --variant C --iterations 1 --repetitions 2 --warmup 1
T0 scalar Q4 throughput probe; not an exact model-kernel equivalence claim
shape m=4096 K=512, target_kib=1280, actual_weight_bytes_per_block=1310720, allocated_weight_bytes=1310720, variant=C, eviction_bytes=67108864, active_logical_cpus=8
command[598/960]="D:\Install\Dev\Projects\IA\Ejercise\cpu-native-arch\build\cpu_native_q4_probe.exe" --cpu 4 --K 512 --target-kib 1280 --depth 16 --variant A --iterations 1 --repetitions 2 --warmup 1
T0 scalar Q4 throughput probe; not an exact model-kernel equivalence claim
shape m=4096 K=512, target_kib=1280, actual_weight_bytes_per_block=1310720, allocated_weight_bytes=1310720, variant=A, eviction_bytes=0, active_logical_cpus=8
command[599/960]="D:\Install\Dev\Projects\IA\Ejercise\cpu-native-arch\build\cpu_native_q4_probe.exe" --cpu 4 --K 512 --target-kib 1280 --depth 16 --variant B --iterations 1 --repetitions 2 --warmup 1
T0 scalar Q4 throughput probe; not an exact model-kernel equivalence claim
shape m=4096 K=512, target_kib=1280, actual_weight_bytes_per_block=1310720, allocated_weight_bytes=20971520, variant=B, eviction_bytes=0, active_logical_cpus=8
command[600/960]="D:\Install\Dev\Projects\IA\Ejercise\cpu-native-arch\build\cpu_native_q4_probe.exe" --cpu 4 --K 512 --target-kib 1280 --depth 16 --variant C --iterations 1 --repetitions 2 --warmup 1
T0 scalar Q4 throughput probe; not an exact model-kernel equivalence claim
shape m=4096 K=512, target_kib=1280, actual_weight_bytes_per_block=1310720, allocated_weight_bytes=1310720, variant=C, eviction_bytes=67108864, active_logical_cpus=8
command[601/960]="D:\Install\Dev\Projects\IA\Ejercise\cpu-native-arch\build\cpu_native_q4_probe.exe" --cpu 5 --K 512 --target-kib 256 --depth 1 --variant A --iterations 1 --repetitions 2 --warmup 1
T0 scalar Q4 throughput probe; not an exact model-kernel equivalence claim
shape m=819 K=512, target_kib=256, actual_weight_bytes_per_block=262080, allocated_weight_bytes=262080, variant=A, eviction_bytes=0, active_logical_cpus=8
command[602/960]="D:\Install\Dev\Projects\IA\Ejercise\cpu-native-arch\build\cpu_native_q4_probe.exe" --cpu 5 --K 512 --target-kib 256 --depth 1 --variant B --iterations 1 --repetitions 2 --warmup 1
T0 scalar Q4 throughput probe; not an exact model-kernel equivalence claim
shape m=819 K=512, target_kib=256, actual_weight_bytes_per_block=262080, allocated_weight_bytes=262080, variant=B, eviction_bytes=0, active_logical_cpus=8
command[603/960]="D:\Install\Dev\Projects\IA\Ejercise\cpu-native-arch\build\cpu_native_q4_probe.exe" --cpu 5 --K 512 --target-kib 256 --depth 1 --variant C --iterations 1 --repetitions 2 --warmup 1
T0 scalar Q4 throughput probe; not an exact model-kernel equivalence claim
shape m=819 K=512, target_kib=256, actual_weight_bytes_per_block=262080, allocated_weight_bytes=262080, variant=C, eviction_bytes=67108864, active_logical_cpus=8
command[604/960]="D:\Install\Dev\Projects\IA\Ejercise\cpu-native-arch\build\cpu_native_q4_probe.exe" --cpu 5 --K 512 --target-kib 256 --depth 2 --variant A --iterations 1 --repetitions 2 --warmup 1
T0 scalar Q4 throughput probe; not an exact model-kernel equivalence claim
shape m=819 K=512, target_kib=256, actual_weight_bytes_per_block=262080, allocated_weight_bytes=262080, variant=A, eviction_bytes=0, active_logical_cpus=8
command[605/960]="D:\Install\Dev\Projects\IA\Ejercise\cpu-native-arch\build\cpu_native_q4_probe.exe" --cpu 5 --K 512 --target-kib 256 --depth 2 --variant B --iterations 1 --repetitions 2 --warmup 1
T0 scalar Q4 throughput probe; not an exact model-kernel equivalence claim
shape m=819 K=512, target_kib=256, actual_weight_bytes_per_block=262080, allocated_weight_bytes=524160, variant=B, eviction_bytes=0, active_logical_cpus=8
command[606/960]="D:\Install\Dev\Projects\IA\Ejercise\cpu-native-arch\build\cpu_native_q4_probe.exe" --cpu 5 --K 512 --target-kib 256 --depth 2 --variant C --iterations 1 --repetitions 2 --warmup 1
T0 scalar Q4 throughput probe; not an exact model-kernel equivalence claim
shape m=819 K=512, target_kib=256, actual_weight_bytes_per_block=262080, allocated_weight_bytes=262080, variant=C, eviction_bytes=67108864, active_logical_cpus=8
command[607/960]="D:\Install\Dev\Projects\IA\Ejercise\cpu-native-arch\build\cpu_native_q4_probe.exe" --cpu 5 --K 512 --target-kib 256 --depth 4 --variant A --iterations 1 --repetitions 2 --warmup 1
T0 scalar Q4 throughput probe; not an exact model-kernel equivalence claim
shape m=819 K=512, target_kib=256, actual_weight_bytes_per_block=262080, allocated_weight_bytes=262080, variant=A, eviction_bytes=0, active_logical_cpus=8
command[608/960]="D:\Install\Dev\Projects\IA\Ejercise\cpu-native-arch\build\cpu_native_q4_probe.exe" --cpu 5 --K 512 --target-kib 256 --depth 4 --variant B --iterations 1 --repetitions 2 --warmup 1
T0 scalar Q4 throughput probe; not an exact model-kernel equivalence claim
shape m=819 K=512, target_kib=256, actual_weight_bytes_per_block=262080, allocated_weight_bytes=1048320, variant=B, eviction_bytes=0, active_logical_cpus=8
command[609/960]="D:\Install\Dev\Projects\IA\Ejercise\cpu-native-arch\build\cpu_native_q4_probe.exe" --cpu 5 --K 512 --target-kib 256 --depth 4 --variant C --iterations 1 --repetitions 2 --warmup 1
T0 scalar Q4 throughput probe; not an exact model-kernel equivalence claim
shape m=819 K=512, target_kib=256, actual_weight_bytes_per_block=262080, allocated_weight_bytes=262080, variant=C, eviction_bytes=67108864, active_logical_cpus=8
command[610/960]="D:\Install\Dev\Projects\IA\Ejercise\cpu-native-arch\build\cpu_native_q4_probe.exe" --cpu 5 --K 512 --target-kib 256 --depth 8 --variant A --iterations 1 --repetitions 2 --warmup 1
T0 scalar Q4 throughput probe; not an exact model-kernel equivalence claim
shape m=819 K=512, target_kib=256, actual_weight_bytes_per_block=262080, allocated_weight_bytes=262080, variant=A, eviction_bytes=0, active_logical_cpus=8
command[611/960]="D:\Install\Dev\Projects\IA\Ejercise\cpu-native-arch\build\cpu_native_q4_probe.exe" --cpu 5 --K 512 --target-kib 256 --depth 8 --variant B --iterations 1 --repetitions 2 --warmup 1
T0 scalar Q4 throughput probe; not an exact model-kernel equivalence claim
shape m=819 K=512, target_kib=256, actual_weight_bytes_per_block=262080, allocated_weight_bytes=2096640, variant=B, eviction_bytes=0, active_logical_cpus=8
command[612/960]="D:\Install\Dev\Projects\IA\Ejercise\cpu-native-arch\build\cpu_native_q4_probe.exe" --cpu 5 --K 512 --target-kib 256 --depth 8 --variant C --iterations 1 --repetitions 2 --warmup 1
T0 scalar Q4 throughput probe; not an exact model-kernel equivalence claim
shape m=819 K=512, target_kib=256, actual_weight_bytes_per_block=262080, allocated_weight_bytes=262080, variant=C, eviction_bytes=67108864, active_logical_cpus=8
command[613/960]="D:\Install\Dev\Projects\IA\Ejercise\cpu-native-arch\build\cpu_native_q4_probe.exe" --cpu 5 --K 512 --target-kib 256 --depth 16 --variant A --iterations 1 --repetitions 2 --warmup 1
T0 scalar Q4 throughput probe; not an exact model-kernel equivalence claim
shape m=819 K=512, target_kib=256, actual_weight_bytes_per_block=262080, allocated_weight_bytes=262080, variant=A, eviction_bytes=0, active_logical_cpus=8
command[614/960]="D:\Install\Dev\Projects\IA\Ejercise\cpu-native-arch\build\cpu_native_q4_probe.exe" --cpu 5 --K 512 --target-kib 256 --depth 16 --variant B --iterations 1 --repetitions 2 --warmup 1
T0 scalar Q4 throughput probe; not an exact model-kernel equivalence claim
shape m=819 K=512, target_kib=256, actual_weight_bytes_per_block=262080, allocated_weight_bytes=4193280, variant=B, eviction_bytes=0, active_logical_cpus=8
command[615/960]="D:\Install\Dev\Projects\IA\Ejercise\cpu-native-arch\build\cpu_native_q4_probe.exe" --cpu 5 --K 512 --target-kib 256 --depth 16 --variant C --iterations 1 --repetitions 2 --warmup 1
T0 scalar Q4 throughput probe; not an exact model-kernel equivalence claim
shape m=819 K=512, target_kib=256, actual_weight_bytes_per_block=262080, allocated_weight_bytes=262080, variant=C, eviction_bytes=67108864, active_logical_cpus=8
command[616/960]="D:\Install\Dev\Projects\IA\Ejercise\cpu-native-arch\build\cpu_native_q4_probe.exe" --cpu 5 --K 512 --target-kib 384 --depth 1 --variant A --iterations 1 --repetitions 2 --warmup 1
T0 scalar Q4 throughput probe; not an exact model-kernel equivalence claim
shape m=1228 K=512, target_kib=384, actual_weight_bytes_per_block=392960, allocated_weight_bytes=392960, variant=A, eviction_bytes=0, active_logical_cpus=8
command[617/960]="D:\Install\Dev\Projects\IA\Ejercise\cpu-native-arch\build\cpu_native_q4_probe.exe" --cpu 5 --K 512 --target-kib 384 --depth 1 --variant B --iterations 1 --repetitions 2 --warmup 1
T0 scalar Q4 throughput probe; not an exact model-kernel equivalence claim
shape m=1228 K=512, target_kib=384, actual_weight_bytes_per_block=392960, allocated_weight_bytes=392960, variant=B, eviction_bytes=0, active_logical_cpus=8
command[618/960]="D:\Install\Dev\Projects\IA\Ejercise\cpu-native-arch\build\cpu_native_q4_probe.exe" --cpu 5 --K 512 --target-kib 384 --depth 1 --variant C --iterations 1 --repetitions 2 --warmup 1
T0 scalar Q4 throughput probe; not an exact model-kernel equivalence claim
shape m=1228 K=512, target_kib=384, actual_weight_bytes_per_block=392960, allocated_weight_bytes=392960, variant=C, eviction_bytes=67108864, active_logical_cpus=8
command[619/960]="D:\Install\Dev\Projects\IA\Ejercise\cpu-native-arch\build\cpu_native_q4_probe.exe" --cpu 5 --K 512 --target-kib 384 --depth 2 --variant A --iterations 1 --repetitions 2 --warmup 1
T0 scalar Q4 throughput probe; not an exact model-kernel equivalence claim
shape m=1228 K=512, target_kib=384, actual_weight_bytes_per_block=392960, allocated_weight_bytes=392960, variant=A, eviction_bytes=0, active_logical_cpus=8
command[620/960]="D:\Install\Dev\Projects\IA\Ejercise\cpu-native-arch\build\cpu_native_q4_probe.exe" --cpu 5 --K 512 --target-kib 384 --depth 2 --variant B --iterations 1 --repetitions 2 --warmup 1
T0 scalar Q4 throughput probe; not an exact model-kernel equivalence claim
shape m=1228 K=512, target_kib=384, actual_weight_bytes_per_block=392960, allocated_weight_bytes=785920, variant=B, eviction_bytes=0, active_logical_cpus=8
command[621/960]="D:\Install\Dev\Projects\IA\Ejercise\cpu-native-arch\build\cpu_native_q4_probe.exe" --cpu 5 --K 512 --target-kib 384 --depth 2 --variant C --iterations 1 --repetitions 2 --warmup 1
T0 scalar Q4 throughput probe; not an exact model-kernel equivalence claim
shape m=1228 K=512, target_kib=384, actual_weight_bytes_per_block=392960, allocated_weight_bytes=392960, variant=C, eviction_bytes=67108864, active_logical_cpus=8
command[622/960]="D:\Install\Dev\Projects\IA\Ejercise\cpu-native-arch\build\cpu_native_q4_probe.exe" --cpu 5 --K 512 --target-kib 384 --depth 4 --variant A --iterations 1 --repetitions 2 --warmup 1
T0 scalar Q4 throughput probe; not an exact model-kernel equivalence claim
shape m=1228 K=512, target_kib=384, actual_weight_bytes_per_block=392960, allocated_weight_bytes=392960, variant=A, eviction_bytes=0, active_logical_cpus=8
command[623/960]="D:\Install\Dev\Projects\IA\Ejercise\cpu-native-arch\build\cpu_native_q4_probe.exe" --cpu 5 --K 512 --target-kib 384 --depth 4 --variant B --iterations 1 --repetitions 2 --warmup 1
T0 scalar Q4 throughput probe; not an exact model-kernel equivalence claim
shape m=1228 K=512, target_kib=384, actual_weight_bytes_per_block=392960, allocated_weight_bytes=1571840, variant=B, eviction_bytes=0, active_logical_cpus=8
command[624/960]="D:\Install\Dev\Projects\IA\Ejercise\cpu-native-arch\build\cpu_native_q4_probe.exe" --cpu 5 --K 512 --target-kib 384 --depth 4 --variant C --iterations 1 --repetitions 2 --warmup 1
T0 scalar Q4 throughput probe; not an exact model-kernel equivalence claim
shape m=1228 K=512, target_kib=384, actual_weight_bytes_per_block=392960, allocated_weight_bytes=392960, variant=C, eviction_bytes=67108864, active_logical_cpus=8
command[625/960]="D:\Install\Dev\Projects\IA\Ejercise\cpu-native-arch\build\cpu_native_q4_probe.exe" --cpu 5 --K 512 --target-kib 384 --depth 8 --variant A --iterations 1 --repetitions 2 --warmup 1
T0 scalar Q4 throughput probe; not an exact model-kernel equivalence claim
shape m=1228 K=512, target_kib=384, actual_weight_bytes_per_block=392960, allocated_weight_bytes=392960, variant=A, eviction_bytes=0, active_logical_cpus=8
command[626/960]="D:\Install\Dev\Projects\IA\Ejercise\cpu-native-arch\build\cpu_native_q4_probe.exe" --cpu 5 --K 512 --target-kib 384 --depth 8 --variant B --iterations 1 --repetitions 2 --warmup 1
T0 scalar Q4 throughput probe; not an exact model-kernel equivalence claim
shape m=1228 K=512, target_kib=384, actual_weight_bytes_per_block=392960, allocated_weight_bytes=3143680, variant=B, eviction_bytes=0, active_logical_cpus=8
command[627/960]="D:\Install\Dev\Projects\IA\Ejercise\cpu-native-arch\build\cpu_native_q4_probe.exe" --cpu 5 --K 512 --target-kib 384 --depth 8 --variant C --iterations 1 --repetitions 2 --warmup 1
T0 scalar Q4 throughput probe; not an exact model-kernel equivalence claim
shape m=1228 K=512, target_kib=384, actual_weight_bytes_per_block=392960, allocated_weight_bytes=392960, variant=C, eviction_bytes=67108864, active_logical_cpus=8
command[628/960]="D:\Install\Dev\Projects\IA\Ejercise\cpu-native-arch\build\cpu_native_q4_probe.exe" --cpu 5 --K 512 --target-kib 384 --depth 16 --variant A --iterations 1 --repetitions 2 --warmup 1
T0 scalar Q4 throughput probe; not an exact model-kernel equivalence claim
shape m=1228 K=512, target_kib=384, actual_weight_bytes_per_block=392960, allocated_weight_bytes=392960, variant=A, eviction_bytes=0, active_logical_cpus=8
command[629/960]="D:\Install\Dev\Projects\IA\Ejercise\cpu-native-arch\build\cpu_native_q4_probe.exe" --cpu 5 --K 512 --target-kib 384 --depth 16 --variant B --iterations 1 --repetitions 2 --warmup 1
T0 scalar Q4 throughput probe; not an exact model-kernel equivalence claim
shape m=1228 K=512, target_kib=384, actual_weight_bytes_per_block=392960, allocated_weight_bytes=6287360, variant=B, eviction_bytes=0, active_logical_cpus=8
command[630/960]="D:\Install\Dev\Projects\IA\Ejercise\cpu-native-arch\build\cpu_native_q4_probe.exe" --cpu 5 --K 512 --target-kib 384 --depth 16 --variant C --iterations 1 --repetitions 2 --warmup 1
T0 scalar Q4 throughput probe; not an exact model-kernel equivalence claim
shape m=1228 K=512, target_kib=384, actual_weight_bytes_per_block=392960, allocated_weight_bytes=392960, variant=C, eviction_bytes=67108864, active_logical_cpus=8
command[631/960]="D:\Install\Dev\Projects\IA\Ejercise\cpu-native-arch\build\cpu_native_q4_probe.exe" --cpu 5 --K 512 --target-kib 512 --depth 1 --variant A --iterations 1 --repetitions 2 --warmup 1
T0 scalar Q4 throughput probe; not an exact model-kernel equivalence claim
shape m=1638 K=512, target_kib=512, actual_weight_bytes_per_block=524160, allocated_weight_bytes=524160, variant=A, eviction_bytes=0, active_logical_cpus=8
command[632/960]="D:\Install\Dev\Projects\IA\Ejercise\cpu-native-arch\build\cpu_native_q4_probe.exe" --cpu 5 --K 512 --target-kib 512 --depth 1 --variant B --iterations 1 --repetitions 2 --warmup 1
T0 scalar Q4 throughput probe; not an exact model-kernel equivalence claim
shape m=1638 K=512, target_kib=512, actual_weight_bytes_per_block=524160, allocated_weight_bytes=524160, variant=B, eviction_bytes=0, active_logical_cpus=8
command[633/960]="D:\Install\Dev\Projects\IA\Ejercise\cpu-native-arch\build\cpu_native_q4_probe.exe" --cpu 5 --K 512 --target-kib 512 --depth 1 --variant C --iterations 1 --repetitions 2 --warmup 1
T0 scalar Q4 throughput probe; not an exact model-kernel equivalence claim
shape m=1638 K=512, target_kib=512, actual_weight_bytes_per_block=524160, allocated_weight_bytes=524160, variant=C, eviction_bytes=67108864, active_logical_cpus=8
command[634/960]="D:\Install\Dev\Projects\IA\Ejercise\cpu-native-arch\build\cpu_native_q4_probe.exe" --cpu 5 --K 512 --target-kib 512 --depth 2 --variant A --iterations 1 --repetitions 2 --warmup 1
T0 scalar Q4 throughput probe; not an exact model-kernel equivalence claim
shape m=1638 K=512, target_kib=512, actual_weight_bytes_per_block=524160, allocated_weight_bytes=524160, variant=A, eviction_bytes=0, active_logical_cpus=8
command[635/960]="D:\Install\Dev\Projects\IA\Ejercise\cpu-native-arch\build\cpu_native_q4_probe.exe" --cpu 5 --K 512 --target-kib 512 --depth 2 --variant B --iterations 1 --repetitions 2 --warmup 1
T0 scalar Q4 throughput probe; not an exact model-kernel equivalence claim
shape m=1638 K=512, target_kib=512, actual_weight_bytes_per_block=524160, allocated_weight_bytes=1048320, variant=B, eviction_bytes=0, active_logical_cpus=8
command[636/960]="D:\Install\Dev\Projects\IA\Ejercise\cpu-native-arch\build\cpu_native_q4_probe.exe" --cpu 5 --K 512 --target-kib 512 --depth 2 --variant C --iterations 1 --repetitions 2 --warmup 1
T0 scalar Q4 throughput probe; not an exact model-kernel equivalence claim
shape m=1638 K=512, target_kib=512, actual_weight_bytes_per_block=524160, allocated_weight_bytes=524160, variant=C, eviction_bytes=67108864, active_logical_cpus=8
command[637/960]="D:\Install\Dev\Projects\IA\Ejercise\cpu-native-arch\build\cpu_native_q4_probe.exe" --cpu 5 --K 512 --target-kib 512 --depth 4 --variant A --iterations 1 --repetitions 2 --warmup 1
T0 scalar Q4 throughput probe; not an exact model-kernel equivalence claim
shape m=1638 K=512, target_kib=512, actual_weight_bytes_per_block=524160, allocated_weight_bytes=524160, variant=A, eviction_bytes=0, active_logical_cpus=8
command[638/960]="D:\Install\Dev\Projects\IA\Ejercise\cpu-native-arch\build\cpu_native_q4_probe.exe" --cpu 5 --K 512 --target-kib 512 --depth 4 --variant B --iterations 1 --repetitions 2 --warmup 1
T0 scalar Q4 throughput probe; not an exact model-kernel equivalence claim
shape m=1638 K=512, target_kib=512, actual_weight_bytes_per_block=524160, allocated_weight_bytes=2096640, variant=B, eviction_bytes=0, active_logical_cpus=8
command[639/960]="D:\Install\Dev\Projects\IA\Ejercise\cpu-native-arch\build\cpu_native_q4_probe.exe" --cpu 5 --K 512 --target-kib 512 --depth 4 --variant C --iterations 1 --repetitions 2 --warmup 1
T0 scalar Q4 throughput probe; not an exact model-kernel equivalence claim
shape m=1638 K=512, target_kib=512, actual_weight_bytes_per_block=524160, allocated_weight_bytes=524160, variant=C, eviction_bytes=67108864, active_logical_cpus=8
command[640/960]="D:\Install\Dev\Projects\IA\Ejercise\cpu-native-arch\build\cpu_native_q4_probe.exe" --cpu 5 --K 512 --target-kib 512 --depth 8 --variant A --iterations 1 --repetitions 2 --warmup 1
T0 scalar Q4 throughput probe; not an exact model-kernel equivalence claim
shape m=1638 K=512, target_kib=512, actual_weight_bytes_per_block=524160, allocated_weight_bytes=524160, variant=A, eviction_bytes=0, active_logical_cpus=8
command[641/960]="D:\Install\Dev\Projects\IA\Ejercise\cpu-native-arch\build\cpu_native_q4_probe.exe" --cpu 5 --K 512 --target-kib 512 --depth 8 --variant B --iterations 1 --repetitions 2 --warmup 1
T0 scalar Q4 throughput probe; not an exact model-kernel equivalence claim
shape m=1638 K=512, target_kib=512, actual_weight_bytes_per_block=524160, allocated_weight_bytes=4193280, variant=B, eviction_bytes=0, active_logical_cpus=8
command[642/960]="D:\Install\Dev\Projects\IA\Ejercise\cpu-native-arch\build\cpu_native_q4_probe.exe" --cpu 5 --K 512 --target-kib 512 --depth 8 --variant C --iterations 1 --repetitions 2 --warmup 1
T0 scalar Q4 throughput probe; not an exact model-kernel equivalence claim
shape m=1638 K=512, target_kib=512, actual_weight_bytes_per_block=524160, allocated_weight_bytes=524160, variant=C, eviction_bytes=67108864, active_logical_cpus=8
command[643/960]="D:\Install\Dev\Projects\IA\Ejercise\cpu-native-arch\build\cpu_native_q4_probe.exe" --cpu 5 --K 512 --target-kib 512 --depth 16 --variant A --iterations 1 --repetitions 2 --warmup 1
T0 scalar Q4 throughput probe; not an exact model-kernel equivalence claim
shape m=1638 K=512, target_kib=512, actual_weight_bytes_per_block=524160, allocated_weight_bytes=524160, variant=A, eviction_bytes=0, active_logical_cpus=8
command[644/960]="D:\Install\Dev\Projects\IA\Ejercise\cpu-native-arch\build\cpu_native_q4_probe.exe" --cpu 5 --K 512 --target-kib 512 --depth 16 --variant B --iterations 1 --repetitions 2 --warmup 1
T0 scalar Q4 throughput probe; not an exact model-kernel equivalence claim
shape m=1638 K=512, target_kib=512, actual_weight_bytes_per_block=524160, allocated_weight_bytes=8386560, variant=B, eviction_bytes=0, active_logical_cpus=8
command[645/960]="D:\Install\Dev\Projects\IA\Ejercise\cpu-native-arch\build\cpu_native_q4_probe.exe" --cpu 5 --K 512 --target-kib 512 --depth 16 --variant C --iterations 1 --repetitions 2 --warmup 1
T0 scalar Q4 throughput probe; not an exact model-kernel equivalence claim
shape m=1638 K=512, target_kib=512, actual_weight_bytes_per_block=524160, allocated_weight_bytes=524160, variant=C, eviction_bytes=67108864, active_logical_cpus=8
command[646/960]="D:\Install\Dev\Projects\IA\Ejercise\cpu-native-arch\build\cpu_native_q4_probe.exe" --cpu 5 --K 512 --target-kib 640 --depth 1 --variant A --iterations 1 --repetitions 2 --warmup 1
T0 scalar Q4 throughput probe; not an exact model-kernel equivalence claim
shape m=2048 K=512, target_kib=640, actual_weight_bytes_per_block=655360, allocated_weight_bytes=655360, variant=A, eviction_bytes=0, active_logical_cpus=8
command[647/960]="D:\Install\Dev\Projects\IA\Ejercise\cpu-native-arch\build\cpu_native_q4_probe.exe" --cpu 5 --K 512 --target-kib 640 --depth 1 --variant B --iterations 1 --repetitions 2 --warmup 1
T0 scalar Q4 throughput probe; not an exact model-kernel equivalence claim
shape m=2048 K=512, target_kib=640, actual_weight_bytes_per_block=655360, allocated_weight_bytes=655360, variant=B, eviction_bytes=0, active_logical_cpus=8
command[648/960]="D:\Install\Dev\Projects\IA\Ejercise\cpu-native-arch\build\cpu_native_q4_probe.exe" --cpu 5 --K 512 --target-kib 640 --depth 1 --variant C --iterations 1 --repetitions 2 --warmup 1
T0 scalar Q4 throughput probe; not an exact model-kernel equivalence claim
shape m=2048 K=512, target_kib=640, actual_weight_bytes_per_block=655360, allocated_weight_bytes=655360, variant=C, eviction_bytes=67108864, active_logical_cpus=8
command[649/960]="D:\Install\Dev\Projects\IA\Ejercise\cpu-native-arch\build\cpu_native_q4_probe.exe" --cpu 5 --K 512 --target-kib 640 --depth 2 --variant A --iterations 1 --repetitions 2 --warmup 1
T0 scalar Q4 throughput probe; not an exact model-kernel equivalence claim
shape m=2048 K=512, target_kib=640, actual_weight_bytes_per_block=655360, allocated_weight_bytes=655360, variant=A, eviction_bytes=0, active_logical_cpus=8
command[650/960]="D:\Install\Dev\Projects\IA\Ejercise\cpu-native-arch\build\cpu_native_q4_probe.exe" --cpu 5 --K 512 --target-kib 640 --depth 2 --variant B --iterations 1 --repetitions 2 --warmup 1
T0 scalar Q4 throughput probe; not an exact model-kernel equivalence claim
shape m=2048 K=512, target_kib=640, actual_weight_bytes_per_block=655360, allocated_weight_bytes=1310720, variant=B, eviction_bytes=0, active_logical_cpus=8
command[651/960]="D:\Install\Dev\Projects\IA\Ejercise\cpu-native-arch\build\cpu_native_q4_probe.exe" --cpu 5 --K 512 --target-kib 640 --depth 2 --variant C --iterations 1 --repetitions 2 --warmup 1
T0 scalar Q4 throughput probe; not an exact model-kernel equivalence claim
shape m=2048 K=512, target_kib=640, actual_weight_bytes_per_block=655360, allocated_weight_bytes=655360, variant=C, eviction_bytes=67108864, active_logical_cpus=8
command[652/960]="D:\Install\Dev\Projects\IA\Ejercise\cpu-native-arch\build\cpu_native_q4_probe.exe" --cpu 5 --K 512 --target-kib 640 --depth 4 --variant A --iterations 1 --repetitions 2 --warmup 1
T0 scalar Q4 throughput probe; not an exact model-kernel equivalence claim
shape m=2048 K=512, target_kib=640, actual_weight_bytes_per_block=655360, allocated_weight_bytes=655360, variant=A, eviction_bytes=0, active_logical_cpus=8
command[653/960]="D:\Install\Dev\Projects\IA\Ejercise\cpu-native-arch\build\cpu_native_q4_probe.exe" --cpu 5 --K 512 --target-kib 640 --depth 4 --variant B --iterations 1 --repetitions 2 --warmup 1
T0 scalar Q4 throughput probe; not an exact model-kernel equivalence claim
shape m=2048 K=512, target_kib=640, actual_weight_bytes_per_block=655360, allocated_weight_bytes=2621440, variant=B, eviction_bytes=0, active_logical_cpus=8
command[654/960]="D:\Install\Dev\Projects\IA\Ejercise\cpu-native-arch\build\cpu_native_q4_probe.exe" --cpu 5 --K 512 --target-kib 640 --depth 4 --variant C --iterations 1 --repetitions 2 --warmup 1
T0 scalar Q4 throughput probe; not an exact model-kernel equivalence claim
shape m=2048 K=512, target_kib=640, actual_weight_bytes_per_block=655360, allocated_weight_bytes=655360, variant=C, eviction_bytes=67108864, active_logical_cpus=8
command[655/960]="D:\Install\Dev\Projects\IA\Ejercise\cpu-native-arch\build\cpu_native_q4_probe.exe" --cpu 5 --K 512 --target-kib 640 --depth 8 --variant A --iterations 1 --repetitions 2 --warmup 1
T0 scalar Q4 throughput probe; not an exact model-kernel equivalence claim
shape m=2048 K=512, target_kib=640, actual_weight_bytes_per_block=655360, allocated_weight_bytes=655360, variant=A, eviction_bytes=0, active_logical_cpus=8
command[656/960]="D:\Install\Dev\Projects\IA\Ejercise\cpu-native-arch\build\cpu_native_q4_probe.exe" --cpu 5 --K 512 --target-kib 640 --depth 8 --variant B --iterations 1 --repetitions 2 --warmup 1
T0 scalar Q4 throughput probe; not an exact model-kernel equivalence claim
shape m=2048 K=512, target_kib=640, actual_weight_bytes_per_block=655360, allocated_weight_bytes=5242880, variant=B, eviction_bytes=0, active_logical_cpus=8
command[657/960]="D:\Install\Dev\Projects\IA\Ejercise\cpu-native-arch\build\cpu_native_q4_probe.exe" --cpu 5 --K 512 --target-kib 640 --depth 8 --variant C --iterations 1 --repetitions 2 --warmup 1
T0 scalar Q4 throughput probe; not an exact model-kernel equivalence claim
shape m=2048 K=512, target_kib=640, actual_weight_bytes_per_block=655360, allocated_weight_bytes=655360, variant=C, eviction_bytes=67108864, active_logical_cpus=8
command[658/960]="D:\Install\Dev\Projects\IA\Ejercise\cpu-native-arch\build\cpu_native_q4_probe.exe" --cpu 5 --K 512 --target-kib 640 --depth 16 --variant A --iterations 1 --repetitions 2 --warmup 1
T0 scalar Q4 throughput probe; not an exact model-kernel equivalence claim
shape m=2048 K=512, target_kib=640, actual_weight_bytes_per_block=655360, allocated_weight_bytes=655360, variant=A, eviction_bytes=0, active_logical_cpus=8
command[659/960]="D:\Install\Dev\Projects\IA\Ejercise\cpu-native-arch\build\cpu_native_q4_probe.exe" --cpu 5 --K 512 --target-kib 640 --depth 16 --variant B --iterations 1 --repetitions 2 --warmup 1
T0 scalar Q4 throughput probe; not an exact model-kernel equivalence claim
shape m=2048 K=512, target_kib=640, actual_weight_bytes_per_block=655360, allocated_weight_bytes=10485760, variant=B, eviction_bytes=0, active_logical_cpus=8
command[660/960]="D:\Install\Dev\Projects\IA\Ejercise\cpu-native-arch\build\cpu_native_q4_probe.exe" --cpu 5 --K 512 --target-kib 640 --depth 16 --variant C --iterations 1 --repetitions 2 --warmup 1
T0 scalar Q4 throughput probe; not an exact model-kernel equivalence claim
shape m=2048 K=512, target_kib=640, actual_weight_bytes_per_block=655360, allocated_weight_bytes=655360, variant=C, eviction_bytes=67108864, active_logical_cpus=8
command[661/960]="D:\Install\Dev\Projects\IA\Ejercise\cpu-native-arch\build\cpu_native_q4_probe.exe" --cpu 5 --K 512 --target-kib 768 --depth 1 --variant A --iterations 1 --repetitions 2 --warmup 1
T0 scalar Q4 throughput probe; not an exact model-kernel equivalence claim
shape m=2457 K=512, target_kib=768, actual_weight_bytes_per_block=786240, allocated_weight_bytes=786240, variant=A, eviction_bytes=0, active_logical_cpus=8
command[662/960]="D:\Install\Dev\Projects\IA\Ejercise\cpu-native-arch\build\cpu_native_q4_probe.exe" --cpu 5 --K 512 --target-kib 768 --depth 1 --variant B --iterations 1 --repetitions 2 --warmup 1
T0 scalar Q4 throughput probe; not an exact model-kernel equivalence claim
shape m=2457 K=512, target_kib=768, actual_weight_bytes_per_block=786240, allocated_weight_bytes=786240, variant=B, eviction_bytes=0, active_logical_cpus=8
command[663/960]="D:\Install\Dev\Projects\IA\Ejercise\cpu-native-arch\build\cpu_native_q4_probe.exe" --cpu 5 --K 512 --target-kib 768 --depth 1 --variant C --iterations 1 --repetitions 2 --warmup 1
T0 scalar Q4 throughput probe; not an exact model-kernel equivalence claim
shape m=2457 K=512, target_kib=768, actual_weight_bytes_per_block=786240, allocated_weight_bytes=786240, variant=C, eviction_bytes=67108864, active_logical_cpus=8
command[664/960]="D:\Install\Dev\Projects\IA\Ejercise\cpu-native-arch\build\cpu_native_q4_probe.exe" --cpu 5 --K 512 --target-kib 768 --depth 2 --variant A --iterations 1 --repetitions 2 --warmup 1
T0 scalar Q4 throughput probe; not an exact model-kernel equivalence claim
shape m=2457 K=512, target_kib=768, actual_weight_bytes_per_block=786240, allocated_weight_bytes=786240, variant=A, eviction_bytes=0, active_logical_cpus=8
command[665/960]="D:\Install\Dev\Projects\IA\Ejercise\cpu-native-arch\build\cpu_native_q4_probe.exe" --cpu 5 --K 512 --target-kib 768 --depth 2 --variant B --iterations 1 --repetitions 2 --warmup 1
T0 scalar Q4 throughput probe; not an exact model-kernel equivalence claim
shape m=2457 K=512, target_kib=768, actual_weight_bytes_per_block=786240, allocated_weight_bytes=1572480, variant=B, eviction_bytes=0, active_logical_cpus=8
command[666/960]="D:\Install\Dev\Projects\IA\Ejercise\cpu-native-arch\build\cpu_native_q4_probe.exe" --cpu 5 --K 512 --target-kib 768 --depth 2 --variant C --iterations 1 --repetitions 2 --warmup 1
T0 scalar Q4 throughput probe; not an exact model-kernel equivalence claim
shape m=2457 K=512, target_kib=768, actual_weight_bytes_per_block=786240, allocated_weight_bytes=786240, variant=C, eviction_bytes=67108864, active_logical_cpus=8
command[667/960]="D:\Install\Dev\Projects\IA\Ejercise\cpu-native-arch\build\cpu_native_q4_probe.exe" --cpu 5 --K 512 --target-kib 768 --depth 4 --variant A --iterations 1 --repetitions 2 --warmup 1
T0 scalar Q4 throughput probe; not an exact model-kernel equivalence claim
shape m=2457 K=512, target_kib=768, actual_weight_bytes_per_block=786240, allocated_weight_bytes=786240, variant=A, eviction_bytes=0, active_logical_cpus=8
command[668/960]="D:\Install\Dev\Projects\IA\Ejercise\cpu-native-arch\build\cpu_native_q4_probe.exe" --cpu 5 --K 512 --target-kib 768 --depth 4 --variant B --iterations 1 --repetitions 2 --warmup 1
T0 scalar Q4 throughput probe; not an exact model-kernel equivalence claim
shape m=2457 K=512, target_kib=768, actual_weight_bytes_per_block=786240, allocated_weight_bytes=3144960, variant=B, eviction_bytes=0, active_logical_cpus=8
command[669/960]="D:\Install\Dev\Projects\IA\Ejercise\cpu-native-arch\build\cpu_native_q4_probe.exe" --cpu 5 --K 512 --target-kib 768 --depth 4 --variant C --iterations 1 --repetitions 2 --warmup 1
T0 scalar Q4 throughput probe; not an exact model-kernel equivalence claim
shape m=2457 K=512, target_kib=768, actual_weight_bytes_per_block=786240, allocated_weight_bytes=786240, variant=C, eviction_bytes=67108864, active_logical_cpus=8
command[670/960]="D:\Install\Dev\Projects\IA\Ejercise\cpu-native-arch\build\cpu_native_q4_probe.exe" --cpu 5 --K 512 --target-kib 768 --depth 8 --variant A --iterations 1 --repetitions 2 --warmup 1
T0 scalar Q4 throughput probe; not an exact model-kernel equivalence claim
shape m=2457 K=512, target_kib=768, actual_weight_bytes_per_block=786240, allocated_weight_bytes=786240, variant=A, eviction_bytes=0, active_logical_cpus=8
command[671/960]="D:\Install\Dev\Projects\IA\Ejercise\cpu-native-arch\build\cpu_native_q4_probe.exe" --cpu 5 --K 512 --target-kib 768 --depth 8 --variant B --iterations 1 --repetitions 2 --warmup 1
T0 scalar Q4 throughput probe; not an exact model-kernel equivalence claim
shape m=2457 K=512, target_kib=768, actual_weight_bytes_per_block=786240, allocated_weight_bytes=6289920, variant=B, eviction_bytes=0, active_logical_cpus=8
command[672/960]="D:\Install\Dev\Projects\IA\Ejercise\cpu-native-arch\build\cpu_native_q4_probe.exe" --cpu 5 --K 512 --target-kib 768 --depth 8 --variant C --iterations 1 --repetitions 2 --warmup 1
T0 scalar Q4 throughput probe; not an exact model-kernel equivalence claim
shape m=2457 K=512, target_kib=768, actual_weight_bytes_per_block=786240, allocated_weight_bytes=786240, variant=C, eviction_bytes=67108864, active_logical_cpus=8
command[673/960]="D:\Install\Dev\Projects\IA\Ejercise\cpu-native-arch\build\cpu_native_q4_probe.exe" --cpu 5 --K 512 --target-kib 768 --depth 16 --variant A --iterations 1 --repetitions 2 --warmup 1
T0 scalar Q4 throughput probe; not an exact model-kernel equivalence claim
shape m=2457 K=512, target_kib=768, actual_weight_bytes_per_block=786240, allocated_weight_bytes=786240, variant=A, eviction_bytes=0, active_logical_cpus=8
command[674/960]="D:\Install\Dev\Projects\IA\Ejercise\cpu-native-arch\build\cpu_native_q4_probe.exe" --cpu 5 --K 512 --target-kib 768 --depth 16 --variant B --iterations 1 --repetitions 2 --warmup 1
T0 scalar Q4 throughput probe; not an exact model-kernel equivalence claim
shape m=2457 K=512, target_kib=768, actual_weight_bytes_per_block=786240, allocated_weight_bytes=12579840, variant=B, eviction_bytes=0, active_logical_cpus=8
command[675/960]="D:\Install\Dev\Projects\IA\Ejercise\cpu-native-arch\build\cpu_native_q4_probe.exe" --cpu 5 --K 512 --target-kib 768 --depth 16 --variant C --iterations 1 --repetitions 2 --warmup 1
T0 scalar Q4 throughput probe; not an exact model-kernel equivalence claim
shape m=2457 K=512, target_kib=768, actual_weight_bytes_per_block=786240, allocated_weight_bytes=786240, variant=C, eviction_bytes=67108864, active_logical_cpus=8
command[676/960]="D:\Install\Dev\Projects\IA\Ejercise\cpu-native-arch\build\cpu_native_q4_probe.exe" --cpu 5 --K 512 --target-kib 896 --depth 1 --variant A --iterations 1 --repetitions 2 --warmup 1
T0 scalar Q4 throughput probe; not an exact model-kernel equivalence claim
shape m=2867 K=512, target_kib=896, actual_weight_bytes_per_block=917440, allocated_weight_bytes=917440, variant=A, eviction_bytes=0, active_logical_cpus=8
command[677/960]="D:\Install\Dev\Projects\IA\Ejercise\cpu-native-arch\build\cpu_native_q4_probe.exe" --cpu 5 --K 512 --target-kib 896 --depth 1 --variant B --iterations 1 --repetitions 2 --warmup 1
T0 scalar Q4 throughput probe; not an exact model-kernel equivalence claim
shape m=2867 K=512, target_kib=896, actual_weight_bytes_per_block=917440, allocated_weight_bytes=917440, variant=B, eviction_bytes=0, active_logical_cpus=8
command[678/960]="D:\Install\Dev\Projects\IA\Ejercise\cpu-native-arch\build\cpu_native_q4_probe.exe" --cpu 5 --K 512 --target-kib 896 --depth 1 --variant C --iterations 1 --repetitions 2 --warmup 1
T0 scalar Q4 throughput probe; not an exact model-kernel equivalence claim
shape m=2867 K=512, target_kib=896, actual_weight_bytes_per_block=917440, allocated_weight_bytes=917440, variant=C, eviction_bytes=67108864, active_logical_cpus=8
command[679/960]="D:\Install\Dev\Projects\IA\Ejercise\cpu-native-arch\build\cpu_native_q4_probe.exe" --cpu 5 --K 512 --target-kib 896 --depth 2 --variant A --iterations 1 --repetitions 2 --warmup 1
T0 scalar Q4 throughput probe; not an exact model-kernel equivalence claim
shape m=2867 K=512, target_kib=896, actual_weight_bytes_per_block=917440, allocated_weight_bytes=917440, variant=A, eviction_bytes=0, active_logical_cpus=8
command[680/960]="D:\Install\Dev\Projects\IA\Ejercise\cpu-native-arch\build\cpu_native_q4_probe.exe" --cpu 5 --K 512 --target-kib 896 --depth 2 --variant B --iterations 1 --repetitions 2 --warmup 1
T0 scalar Q4 throughput probe; not an exact model-kernel equivalence claim
shape m=2867 K=512, target_kib=896, actual_weight_bytes_per_block=917440, allocated_weight_bytes=1834880, variant=B, eviction_bytes=0, active_logical_cpus=8
command[681/960]="D:\Install\Dev\Projects\IA\Ejercise\cpu-native-arch\build\cpu_native_q4_probe.exe" --cpu 5 --K 512 --target-kib 896 --depth 2 --variant C --iterations 1 --repetitions 2 --warmup 1
T0 scalar Q4 throughput probe; not an exact model-kernel equivalence claim
shape m=2867 K=512, target_kib=896, actual_weight_bytes_per_block=917440, allocated_weight_bytes=917440, variant=C, eviction_bytes=67108864, active_logical_cpus=8
command[682/960]="D:\Install\Dev\Projects\IA\Ejercise\cpu-native-arch\build\cpu_native_q4_probe.exe" --cpu 5 --K 512 --target-kib 896 --depth 4 --variant A --iterations 1 --repetitions 2 --warmup 1
T0 scalar Q4 throughput probe; not an exact model-kernel equivalence claim
shape m=2867 K=512, target_kib=896, actual_weight_bytes_per_block=917440, allocated_weight_bytes=917440, variant=A, eviction_bytes=0, active_logical_cpus=8
command[683/960]="D:\Install\Dev\Projects\IA\Ejercise\cpu-native-arch\build\cpu_native_q4_probe.exe" --cpu 5 --K 512 --target-kib 896 --depth 4 --variant B --iterations 1 --repetitions 2 --warmup 1
T0 scalar Q4 throughput probe; not an exact model-kernel equivalence claim
shape m=2867 K=512, target_kib=896, actual_weight_bytes_per_block=917440, allocated_weight_bytes=3669760, variant=B, eviction_bytes=0, active_logical_cpus=8
command[684/960]="D:\Install\Dev\Projects\IA\Ejercise\cpu-native-arch\build\cpu_native_q4_probe.exe" --cpu 5 --K 512 --target-kib 896 --depth 4 --variant C --iterations 1 --repetitions 2 --warmup 1
T0 scalar Q4 throughput probe; not an exact model-kernel equivalence claim
shape m=2867 K=512, target_kib=896, actual_weight_bytes_per_block=917440, allocated_weight_bytes=917440, variant=C, eviction_bytes=67108864, active_logical_cpus=8
command[685/960]="D:\Install\Dev\Projects\IA\Ejercise\cpu-native-arch\build\cpu_native_q4_probe.exe" --cpu 5 --K 512 --target-kib 896 --depth 8 --variant A --iterations 1 --repetitions 2 --warmup 1
T0 scalar Q4 throughput probe; not an exact model-kernel equivalence claim
shape m=2867 K=512, target_kib=896, actual_weight_bytes_per_block=917440, allocated_weight_bytes=917440, variant=A, eviction_bytes=0, active_logical_cpus=8
command[686/960]="D:\Install\Dev\Projects\IA\Ejercise\cpu-native-arch\build\cpu_native_q4_probe.exe" --cpu 5 --K 512 --target-kib 896 --depth 8 --variant B --iterations 1 --repetitions 2 --warmup 1
T0 scalar Q4 throughput probe; not an exact model-kernel equivalence claim
shape m=2867 K=512, target_kib=896, actual_weight_bytes_per_block=917440, allocated_weight_bytes=7339520, variant=B, eviction_bytes=0, active_logical_cpus=8
command[687/960]="D:\Install\Dev\Projects\IA\Ejercise\cpu-native-arch\build\cpu_native_q4_probe.exe" --cpu 5 --K 512 --target-kib 896 --depth 8 --variant C --iterations 1 --repetitions 2 --warmup 1
T0 scalar Q4 throughput probe; not an exact model-kernel equivalence claim
shape m=2867 K=512, target_kib=896, actual_weight_bytes_per_block=917440, allocated_weight_bytes=917440, variant=C, eviction_bytes=67108864, active_logical_cpus=8
command[688/960]="D:\Install\Dev\Projects\IA\Ejercise\cpu-native-arch\build\cpu_native_q4_probe.exe" --cpu 5 --K 512 --target-kib 896 --depth 16 --variant A --iterations 1 --repetitions 2 --warmup 1
T0 scalar Q4 throughput probe; not an exact model-kernel equivalence claim
shape m=2867 K=512, target_kib=896, actual_weight_bytes_per_block=917440, allocated_weight_bytes=917440, variant=A, eviction_bytes=0, active_logical_cpus=8
command[689/960]="D:\Install\Dev\Projects\IA\Ejercise\cpu-native-arch\build\cpu_native_q4_probe.exe" --cpu 5 --K 512 --target-kib 896 --depth 16 --variant B --iterations 1 --repetitions 2 --warmup 1
T0 scalar Q4 throughput probe; not an exact model-kernel equivalence claim
shape m=2867 K=512, target_kib=896, actual_weight_bytes_per_block=917440, allocated_weight_bytes=14679040, variant=B, eviction_bytes=0, active_logical_cpus=8
command[690/960]="D:\Install\Dev\Projects\IA\Ejercise\cpu-native-arch\build\cpu_native_q4_probe.exe" --cpu 5 --K 512 --target-kib 896 --depth 16 --variant C --iterations 1 --repetitions 2 --warmup 1
T0 scalar Q4 throughput probe; not an exact model-kernel equivalence claim
shape m=2867 K=512, target_kib=896, actual_weight_bytes_per_block=917440, allocated_weight_bytes=917440, variant=C, eviction_bytes=67108864, active_logical_cpus=8
command[691/960]="D:\Install\Dev\Projects\IA\Ejercise\cpu-native-arch\build\cpu_native_q4_probe.exe" --cpu 5 --K 512 --target-kib 1024 --depth 1 --variant A --iterations 1 --repetitions 2 --warmup 1
T0 scalar Q4 throughput probe; not an exact model-kernel equivalence claim
shape m=3276 K=512, target_kib=1024, actual_weight_bytes_per_block=1048320, allocated_weight_bytes=1048320, variant=A, eviction_bytes=0, active_logical_cpus=8
command[692/960]="D:\Install\Dev\Projects\IA\Ejercise\cpu-native-arch\build\cpu_native_q4_probe.exe" --cpu 5 --K 512 --target-kib 1024 --depth 1 --variant B --iterations 1 --repetitions 2 --warmup 1
T0 scalar Q4 throughput probe; not an exact model-kernel equivalence claim
shape m=3276 K=512, target_kib=1024, actual_weight_bytes_per_block=1048320, allocated_weight_bytes=1048320, variant=B, eviction_bytes=0, active_logical_cpus=8
command[693/960]="D:\Install\Dev\Projects\IA\Ejercise\cpu-native-arch\build\cpu_native_q4_probe.exe" --cpu 5 --K 512 --target-kib 1024 --depth 1 --variant C --iterations 1 --repetitions 2 --warmup 1
T0 scalar Q4 throughput probe; not an exact model-kernel equivalence claim
shape m=3276 K=512, target_kib=1024, actual_weight_bytes_per_block=1048320, allocated_weight_bytes=1048320, variant=C, eviction_bytes=67108864, active_logical_cpus=8
command[694/960]="D:\Install\Dev\Projects\IA\Ejercise\cpu-native-arch\build\cpu_native_q4_probe.exe" --cpu 5 --K 512 --target-kib 1024 --depth 2 --variant A --iterations 1 --repetitions 2 --warmup 1
T0 scalar Q4 throughput probe; not an exact model-kernel equivalence claim
shape m=3276 K=512, target_kib=1024, actual_weight_bytes_per_block=1048320, allocated_weight_bytes=1048320, variant=A, eviction_bytes=0, active_logical_cpus=8
command[695/960]="D:\Install\Dev\Projects\IA\Ejercise\cpu-native-arch\build\cpu_native_q4_probe.exe" --cpu 5 --K 512 --target-kib 1024 --depth 2 --variant B --iterations 1 --repetitions 2 --warmup 1
T0 scalar Q4 throughput probe; not an exact model-kernel equivalence claim
shape m=3276 K=512, target_kib=1024, actual_weight_bytes_per_block=1048320, allocated_weight_bytes=2096640, variant=B, eviction_bytes=0, active_logical_cpus=8
command[696/960]="D:\Install\Dev\Projects\IA\Ejercise\cpu-native-arch\build\cpu_native_q4_probe.exe" --cpu 5 --K 512 --target-kib 1024 --depth 2 --variant C --iterations 1 --repetitions 2 --warmup 1
T0 scalar Q4 throughput probe; not an exact model-kernel equivalence claim
shape m=3276 K=512, target_kib=1024, actual_weight_bytes_per_block=1048320, allocated_weight_bytes=1048320, variant=C, eviction_bytes=67108864, active_logical_cpus=8
command[697/960]="D:\Install\Dev\Projects\IA\Ejercise\cpu-native-arch\build\cpu_native_q4_probe.exe" --cpu 5 --K 512 --target-kib 1024 --depth 4 --variant A --iterations 1 --repetitions 2 --warmup 1
T0 scalar Q4 throughput probe; not an exact model-kernel equivalence claim
shape m=3276 K=512, target_kib=1024, actual_weight_bytes_per_block=1048320, allocated_weight_bytes=1048320, variant=A, eviction_bytes=0, active_logical_cpus=8
command[698/960]="D:\Install\Dev\Projects\IA\Ejercise\cpu-native-arch\build\cpu_native_q4_probe.exe" --cpu 5 --K 512 --target-kib 1024 --depth 4 --variant B --iterations 1 --repetitions 2 --warmup 1
T0 scalar Q4 throughput probe; not an exact model-kernel equivalence claim
shape m=3276 K=512, target_kib=1024, actual_weight_bytes_per_block=1048320, allocated_weight_bytes=4193280, variant=B, eviction_bytes=0, active_logical_cpus=8
command[699/960]="D:\Install\Dev\Projects\IA\Ejercise\cpu-native-arch\build\cpu_native_q4_probe.exe" --cpu 5 --K 512 --target-kib 1024 --depth 4 --variant C --iterations 1 --repetitions 2 --warmup 1
T0 scalar Q4 throughput probe; not an exact model-kernel equivalence claim
shape m=3276 K=512, target_kib=1024, actual_weight_bytes_per_block=1048320, allocated_weight_bytes=1048320, variant=C, eviction_bytes=67108864, active_logical_cpus=8
command[700/960]="D:\Install\Dev\Projects\IA\Ejercise\cpu-native-arch\build\cpu_native_q4_probe.exe" --cpu 5 --K 512 --target-kib 1024 --depth 8 --variant A --iterations 1 --repetitions 2 --warmup 1
T0 scalar Q4 throughput probe; not an exact model-kernel equivalence claim
shape m=3276 K=512, target_kib=1024, actual_weight_bytes_per_block=1048320, allocated_weight_bytes=1048320, variant=A, eviction_bytes=0, active_logical_cpus=8
command[701/960]="D:\Install\Dev\Projects\IA\Ejercise\cpu-native-arch\build\cpu_native_q4_probe.exe" --cpu 5 --K 512 --target-kib 1024 --depth 8 --variant B --iterations 1 --repetitions 2 --warmup 1
T0 scalar Q4 throughput probe; not an exact model-kernel equivalence claim
shape m=3276 K=512, target_kib=1024, actual_weight_bytes_per_block=1048320, allocated_weight_bytes=8386560, variant=B, eviction_bytes=0, active_logical_cpus=8
command[702/960]="D:\Install\Dev\Projects\IA\Ejercise\cpu-native-arch\build\cpu_native_q4_probe.exe" --cpu 5 --K 512 --target-kib 1024 --depth 8 --variant C --iterations 1 --repetitions 2 --warmup 1
T0 scalar Q4 throughput probe; not an exact model-kernel equivalence claim
shape m=3276 K=512, target_kib=1024, actual_weight_bytes_per_block=1048320, allocated_weight_bytes=1048320, variant=C, eviction_bytes=67108864, active_logical_cpus=8
command[703/960]="D:\Install\Dev\Projects\IA\Ejercise\cpu-native-arch\build\cpu_native_q4_probe.exe" --cpu 5 --K 512 --target-kib 1024 --depth 16 --variant A --iterations 1 --repetitions 2 --warmup 1
T0 scalar Q4 throughput probe; not an exact model-kernel equivalence claim
shape m=3276 K=512, target_kib=1024, actual_weight_bytes_per_block=1048320, allocated_weight_bytes=1048320, variant=A, eviction_bytes=0, active_logical_cpus=8
command[704/960]="D:\Install\Dev\Projects\IA\Ejercise\cpu-native-arch\build\cpu_native_q4_probe.exe" --cpu 5 --K 512 --target-kib 1024 --depth 16 --variant B --iterations 1 --repetitions 2 --warmup 1
T0 scalar Q4 throughput probe; not an exact model-kernel equivalence claim
shape m=3276 K=512, target_kib=1024, actual_weight_bytes_per_block=1048320, allocated_weight_bytes=16773120, variant=B, eviction_bytes=0, active_logical_cpus=8
command[705/960]="D:\Install\Dev\Projects\IA\Ejercise\cpu-native-arch\build\cpu_native_q4_probe.exe" --cpu 5 --K 512 --target-kib 1024 --depth 16 --variant C --iterations 1 --repetitions 2 --warmup 1
T0 scalar Q4 throughput probe; not an exact model-kernel equivalence claim
shape m=3276 K=512, target_kib=1024, actual_weight_bytes_per_block=1048320, allocated_weight_bytes=1048320, variant=C, eviction_bytes=67108864, active_logical_cpus=8
command[706/960]="D:\Install\Dev\Projects\IA\Ejercise\cpu-native-arch\build\cpu_native_q4_probe.exe" --cpu 5 --K 512 --target-kib 1280 --depth 1 --variant A --iterations 1 --repetitions 2 --warmup 1
T0 scalar Q4 throughput probe; not an exact model-kernel equivalence claim
shape m=4096 K=512, target_kib=1280, actual_weight_bytes_per_block=1310720, allocated_weight_bytes=1310720, variant=A, eviction_bytes=0, active_logical_cpus=8
command[707/960]="D:\Install\Dev\Projects\IA\Ejercise\cpu-native-arch\build\cpu_native_q4_probe.exe" --cpu 5 --K 512 --target-kib 1280 --depth 1 --variant B --iterations 1 --repetitions 2 --warmup 1
T0 scalar Q4 throughput probe; not an exact model-kernel equivalence claim
shape m=4096 K=512, target_kib=1280, actual_weight_bytes_per_block=1310720, allocated_weight_bytes=1310720, variant=B, eviction_bytes=0, active_logical_cpus=8
command[708/960]="D:\Install\Dev\Projects\IA\Ejercise\cpu-native-arch\build\cpu_native_q4_probe.exe" --cpu 5 --K 512 --target-kib 1280 --depth 1 --variant C --iterations 1 --repetitions 2 --warmup 1
T0 scalar Q4 throughput probe; not an exact model-kernel equivalence claim
shape m=4096 K=512, target_kib=1280, actual_weight_bytes_per_block=1310720, allocated_weight_bytes=1310720, variant=C, eviction_bytes=67108864, active_logical_cpus=8
command[709/960]="D:\Install\Dev\Projects\IA\Ejercise\cpu-native-arch\build\cpu_native_q4_probe.exe" --cpu 5 --K 512 --target-kib 1280 --depth 2 --variant A --iterations 1 --repetitions 2 --warmup 1
T0 scalar Q4 throughput probe; not an exact model-kernel equivalence claim
shape m=4096 K=512, target_kib=1280, actual_weight_bytes_per_block=1310720, allocated_weight_bytes=1310720, variant=A, eviction_bytes=0, active_logical_cpus=8
command[710/960]="D:\Install\Dev\Projects\IA\Ejercise\cpu-native-arch\build\cpu_native_q4_probe.exe" --cpu 5 --K 512 --target-kib 1280 --depth 2 --variant B --iterations 1 --repetitions 2 --warmup 1
T0 scalar Q4 throughput probe; not an exact model-kernel equivalence claim
shape m=4096 K=512, target_kib=1280, actual_weight_bytes_per_block=1310720, allocated_weight_bytes=2621440, variant=B, eviction_bytes=0, active_logical_cpus=8
command[711/960]="D:\Install\Dev\Projects\IA\Ejercise\cpu-native-arch\build\cpu_native_q4_probe.exe" --cpu 5 --K 512 --target-kib 1280 --depth 2 --variant C --iterations 1 --repetitions 2 --warmup 1
T0 scalar Q4 throughput probe; not an exact model-kernel equivalence claim
shape m=4096 K=512, target_kib=1280, actual_weight_bytes_per_block=1310720, allocated_weight_bytes=1310720, variant=C, eviction_bytes=67108864, active_logical_cpus=8
command[712/960]="D:\Install\Dev\Projects\IA\Ejercise\cpu-native-arch\build\cpu_native_q4_probe.exe" --cpu 5 --K 512 --target-kib 1280 --depth 4 --variant A --iterations 1 --repetitions 2 --warmup 1
T0 scalar Q4 throughput probe; not an exact model-kernel equivalence claim
shape m=4096 K=512, target_kib=1280, actual_weight_bytes_per_block=1310720, allocated_weight_bytes=1310720, variant=A, eviction_bytes=0, active_logical_cpus=8
command[713/960]="D:\Install\Dev\Projects\IA\Ejercise\cpu-native-arch\build\cpu_native_q4_probe.exe" --cpu 5 --K 512 --target-kib 1280 --depth 4 --variant B --iterations 1 --repetitions 2 --warmup 1
T0 scalar Q4 throughput probe; not an exact model-kernel equivalence claim
shape m=4096 K=512, target_kib=1280, actual_weight_bytes_per_block=1310720, allocated_weight_bytes=5242880, variant=B, eviction_bytes=0, active_logical_cpus=8
command[714/960]="D:\Install\Dev\Projects\IA\Ejercise\cpu-native-arch\build\cpu_native_q4_probe.exe" --cpu 5 --K 512 --target-kib 1280 --depth 4 --variant C --iterations 1 --repetitions 2 --warmup 1
T0 scalar Q4 throughput probe; not an exact model-kernel equivalence claim
shape m=4096 K=512, target_kib=1280, actual_weight_bytes_per_block=1310720, allocated_weight_bytes=1310720, variant=C, eviction_bytes=67108864, active_logical_cpus=8
command[715/960]="D:\Install\Dev\Projects\IA\Ejercise\cpu-native-arch\build\cpu_native_q4_probe.exe" --cpu 5 --K 512 --target-kib 1280 --depth 8 --variant A --iterations 1 --repetitions 2 --warmup 1
T0 scalar Q4 throughput probe; not an exact model-kernel equivalence claim
shape m=4096 K=512, target_kib=1280, actual_weight_bytes_per_block=1310720, allocated_weight_bytes=1310720, variant=A, eviction_bytes=0, active_logical_cpus=8
command[716/960]="D:\Install\Dev\Projects\IA\Ejercise\cpu-native-arch\build\cpu_native_q4_probe.exe" --cpu 5 --K 512 --target-kib 1280 --depth 8 --variant B --iterations 1 --repetitions 2 --warmup 1
T0 scalar Q4 throughput probe; not an exact model-kernel equivalence claim
shape m=4096 K=512, target_kib=1280, actual_weight_bytes_per_block=1310720, allocated_weight_bytes=10485760, variant=B, eviction_bytes=0, active_logical_cpus=8
command[717/960]="D:\Install\Dev\Projects\IA\Ejercise\cpu-native-arch\build\cpu_native_q4_probe.exe" --cpu 5 --K 512 --target-kib 1280 --depth 8 --variant C --iterations 1 --repetitions 2 --warmup 1
T0 scalar Q4 throughput probe; not an exact model-kernel equivalence claim
shape m=4096 K=512, target_kib=1280, actual_weight_bytes_per_block=1310720, allocated_weight_bytes=1310720, variant=C, eviction_bytes=67108864, active_logical_cpus=8
command[718/960]="D:\Install\Dev\Projects\IA\Ejercise\cpu-native-arch\build\cpu_native_q4_probe.exe" --cpu 5 --K 512 --target-kib 1280 --depth 16 --variant A --iterations 1 --repetitions 2 --warmup 1
T0 scalar Q4 throughput probe; not an exact model-kernel equivalence claim
shape m=4096 K=512, target_kib=1280, actual_weight_bytes_per_block=1310720, allocated_weight_bytes=1310720, variant=A, eviction_bytes=0, active_logical_cpus=8
command[719/960]="D:\Install\Dev\Projects\IA\Ejercise\cpu-native-arch\build\cpu_native_q4_probe.exe" --cpu 5 --K 512 --target-kib 1280 --depth 16 --variant B --iterations 1 --repetitions 2 --warmup 1
T0 scalar Q4 throughput probe; not an exact model-kernel equivalence claim
shape m=4096 K=512, target_kib=1280, actual_weight_bytes_per_block=1310720, allocated_weight_bytes=20971520, variant=B, eviction_bytes=0, active_logical_cpus=8
command[720/960]="D:\Install\Dev\Projects\IA\Ejercise\cpu-native-arch\build\cpu_native_q4_probe.exe" --cpu 5 --K 512 --target-kib 1280 --depth 16 --variant C --iterations 1 --repetitions 2 --warmup 1
T0 scalar Q4 throughput probe; not an exact model-kernel equivalence claim
shape m=4096 K=512, target_kib=1280, actual_weight_bytes_per_block=1310720, allocated_weight_bytes=1310720, variant=C, eviction_bytes=67108864, active_logical_cpus=8
command[721/960]="D:\Install\Dev\Projects\IA\Ejercise\cpu-native-arch\build\cpu_native_q4_probe.exe" --cpu 6 --K 512 --target-kib 256 --depth 1 --variant A --iterations 1 --repetitions 2 --warmup 1
T0 scalar Q4 throughput probe; not an exact model-kernel equivalence claim
shape m=819 K=512, target_kib=256, actual_weight_bytes_per_block=262080, allocated_weight_bytes=262080, variant=A, eviction_bytes=0, active_logical_cpus=8
command[722/960]="D:\Install\Dev\Projects\IA\Ejercise\cpu-native-arch\build\cpu_native_q4_probe.exe" --cpu 6 --K 512 --target-kib 256 --depth 1 --variant B --iterations 1 --repetitions 2 --warmup 1
T0 scalar Q4 throughput probe; not an exact model-kernel equivalence claim
shape m=819 K=512, target_kib=256, actual_weight_bytes_per_block=262080, allocated_weight_bytes=262080, variant=B, eviction_bytes=0, active_logical_cpus=8
command[723/960]="D:\Install\Dev\Projects\IA\Ejercise\cpu-native-arch\build\cpu_native_q4_probe.exe" --cpu 6 --K 512 --target-kib 256 --depth 1 --variant C --iterations 1 --repetitions 2 --warmup 1
T0 scalar Q4 throughput probe; not an exact model-kernel equivalence claim
shape m=819 K=512, target_kib=256, actual_weight_bytes_per_block=262080, allocated_weight_bytes=262080, variant=C, eviction_bytes=67108864, active_logical_cpus=8
command[724/960]="D:\Install\Dev\Projects\IA\Ejercise\cpu-native-arch\build\cpu_native_q4_probe.exe" --cpu 6 --K 512 --target-kib 256 --depth 2 --variant A --iterations 1 --repetitions 2 --warmup 1
T0 scalar Q4 throughput probe; not an exact model-kernel equivalence claim
shape m=819 K=512, target_kib=256, actual_weight_bytes_per_block=262080, allocated_weight_bytes=262080, variant=A, eviction_bytes=0, active_logical_cpus=8
command[725/960]="D:\Install\Dev\Projects\IA\Ejercise\cpu-native-arch\build\cpu_native_q4_probe.exe" --cpu 6 --K 512 --target-kib 256 --depth 2 --variant B --iterations 1 --repetitions 2 --warmup 1
T0 scalar Q4 throughput probe; not an exact model-kernel equivalence claim
shape m=819 K=512, target_kib=256, actual_weight_bytes_per_block=262080, allocated_weight_bytes=524160, variant=B, eviction_bytes=0, active_logical_cpus=8
command[726/960]="D:\Install\Dev\Projects\IA\Ejercise\cpu-native-arch\build\cpu_native_q4_probe.exe" --cpu 6 --K 512 --target-kib 256 --depth 2 --variant C --iterations 1 --repetitions 2 --warmup 1
T0 scalar Q4 throughput probe; not an exact model-kernel equivalence claim
shape m=819 K=512, target_kib=256, actual_weight_bytes_per_block=262080, allocated_weight_bytes=262080, variant=C, eviction_bytes=67108864, active_logical_cpus=8
command[727/960]="D:\Install\Dev\Projects\IA\Ejercise\cpu-native-arch\build\cpu_native_q4_probe.exe" --cpu 6 --K 512 --target-kib 256 --depth 4 --variant A --iterations 1 --repetitions 2 --warmup 1
T0 scalar Q4 throughput probe; not an exact model-kernel equivalence claim
shape m=819 K=512, target_kib=256, actual_weight_bytes_per_block=262080, allocated_weight_bytes=262080, variant=A, eviction_bytes=0, active_logical_cpus=8
command[728/960]="D:\Install\Dev\Projects\IA\Ejercise\cpu-native-arch\build\cpu_native_q4_probe.exe" --cpu 6 --K 512 --target-kib 256 --depth 4 --variant B --iterations 1 --repetitions 2 --warmup 1
T0 scalar Q4 throughput probe; not an exact model-kernel equivalence claim
shape m=819 K=512, target_kib=256, actual_weight_bytes_per_block=262080, allocated_weight_bytes=1048320, variant=B, eviction_bytes=0, active_logical_cpus=8
command[729/960]="D:\Install\Dev\Projects\IA\Ejercise\cpu-native-arch\build\cpu_native_q4_probe.exe" --cpu 6 --K 512 --target-kib 256 --depth 4 --variant C --iterations 1 --repetitions 2 --warmup 1
T0 scalar Q4 throughput probe; not an exact model-kernel equivalence claim
shape m=819 K=512, target_kib=256, actual_weight_bytes_per_block=262080, allocated_weight_bytes=262080, variant=C, eviction_bytes=67108864, active_logical_cpus=8
command[730/960]="D:\Install\Dev\Projects\IA\Ejercise\cpu-native-arch\build\cpu_native_q4_probe.exe" --cpu 6 --K 512 --target-kib 256 --depth 8 --variant A --iterations 1 --repetitions 2 --warmup 1
T0 scalar Q4 throughput probe; not an exact model-kernel equivalence claim
shape m=819 K=512, target_kib=256, actual_weight_bytes_per_block=262080, allocated_weight_bytes=262080, variant=A, eviction_bytes=0, active_logical_cpus=8
command[731/960]="D:\Install\Dev\Projects\IA\Ejercise\cpu-native-arch\build\cpu_native_q4_probe.exe" --cpu 6 --K 512 --target-kib 256 --depth 8 --variant B --iterations 1 --repetitions 2 --warmup 1
T0 scalar Q4 throughput probe; not an exact model-kernel equivalence claim
shape m=819 K=512, target_kib=256, actual_weight_bytes_per_block=262080, allocated_weight_bytes=2096640, variant=B, eviction_bytes=0, active_logical_cpus=8
command[732/960]="D:\Install\Dev\Projects\IA\Ejercise\cpu-native-arch\build\cpu_native_q4_probe.exe" --cpu 6 --K 512 --target-kib 256 --depth 8 --variant C --iterations 1 --repetitions 2 --warmup 1
T0 scalar Q4 throughput probe; not an exact model-kernel equivalence claim
shape m=819 K=512, target_kib=256, actual_weight_bytes_per_block=262080, allocated_weight_bytes=262080, variant=C, eviction_bytes=67108864, active_logical_cpus=8
command[733/960]="D:\Install\Dev\Projects\IA\Ejercise\cpu-native-arch\build\cpu_native_q4_probe.exe" --cpu 6 --K 512 --target-kib 256 --depth 16 --variant A --iterations 1 --repetitions 2 --warmup 1
T0 scalar Q4 throughput probe; not an exact model-kernel equivalence claim
shape m=819 K=512, target_kib=256, actual_weight_bytes_per_block=262080, allocated_weight_bytes=262080, variant=A, eviction_bytes=0, active_logical_cpus=8
command[734/960]="D:\Install\Dev\Projects\IA\Ejercise\cpu-native-arch\build\cpu_native_q4_probe.exe" --cpu 6 --K 512 --target-kib 256 --depth 16 --variant B --iterations 1 --repetitions 2 --warmup 1
T0 scalar Q4 throughput probe; not an exact model-kernel equivalence claim
shape m=819 K=512, target_kib=256, actual_weight_bytes_per_block=262080, allocated_weight_bytes=4193280, variant=B, eviction_bytes=0, active_logical_cpus=8
command[735/960]="D:\Install\Dev\Projects\IA\Ejercise\cpu-native-arch\build\cpu_native_q4_probe.exe" --cpu 6 --K 512 --target-kib 256 --depth 16 --variant C --iterations 1 --repetitions 2 --warmup 1
T0 scalar Q4 throughput probe; not an exact model-kernel equivalence claim
shape m=819 K=512, target_kib=256, actual_weight_bytes_per_block=262080, allocated_weight_bytes=262080, variant=C, eviction_bytes=67108864, active_logical_cpus=8
command[736/960]="D:\Install\Dev\Projects\IA\Ejercise\cpu-native-arch\build\cpu_native_q4_probe.exe" --cpu 6 --K 512 --target-kib 384 --depth 1 --variant A --iterations 1 --repetitions 2 --warmup 1
T0 scalar Q4 throughput probe; not an exact model-kernel equivalence claim
shape m=1228 K=512, target_kib=384, actual_weight_bytes_per_block=392960, allocated_weight_bytes=392960, variant=A, eviction_bytes=0, active_logical_cpus=8
command[737/960]="D:\Install\Dev\Projects\IA\Ejercise\cpu-native-arch\build\cpu_native_q4_probe.exe" --cpu 6 --K 512 --target-kib 384 --depth 1 --variant B --iterations 1 --repetitions 2 --warmup 1
T0 scalar Q4 throughput probe; not an exact model-kernel equivalence claim
shape m=1228 K=512, target_kib=384, actual_weight_bytes_per_block=392960, allocated_weight_bytes=392960, variant=B, eviction_bytes=0, active_logical_cpus=8
command[738/960]="D:\Install\Dev\Projects\IA\Ejercise\cpu-native-arch\build\cpu_native_q4_probe.exe" --cpu 6 --K 512 --target-kib 384 --depth 1 --variant C --iterations 1 --repetitions 2 --warmup 1
T0 scalar Q4 throughput probe; not an exact model-kernel equivalence claim
shape m=1228 K=512, target_kib=384, actual_weight_bytes_per_block=392960, allocated_weight_bytes=392960, variant=C, eviction_bytes=67108864, active_logical_cpus=8
command[739/960]="D:\Install\Dev\Projects\IA\Ejercise\cpu-native-arch\build\cpu_native_q4_probe.exe" --cpu 6 --K 512 --target-kib 384 --depth 2 --variant A --iterations 1 --repetitions 2 --warmup 1
T0 scalar Q4 throughput probe; not an exact model-kernel equivalence claim
shape m=1228 K=512, target_kib=384, actual_weight_bytes_per_block=392960, allocated_weight_bytes=392960, variant=A, eviction_bytes=0, active_logical_cpus=8
command[740/960]="D:\Install\Dev\Projects\IA\Ejercise\cpu-native-arch\build\cpu_native_q4_probe.exe" --cpu 6 --K 512 --target-kib 384 --depth 2 --variant B --iterations 1 --repetitions 2 --warmup 1
T0 scalar Q4 throughput probe; not an exact model-kernel equivalence claim
shape m=1228 K=512, target_kib=384, actual_weight_bytes_per_block=392960, allocated_weight_bytes=785920, variant=B, eviction_bytes=0, active_logical_cpus=8
command[741/960]="D:\Install\Dev\Projects\IA\Ejercise\cpu-native-arch\build\cpu_native_q4_probe.exe" --cpu 6 --K 512 --target-kib 384 --depth 2 --variant C --iterations 1 --repetitions 2 --warmup 1
T0 scalar Q4 throughput probe; not an exact model-kernel equivalence claim
shape m=1228 K=512, target_kib=384, actual_weight_bytes_per_block=392960, allocated_weight_bytes=392960, variant=C, eviction_bytes=67108864, active_logical_cpus=8
command[742/960]="D:\Install\Dev\Projects\IA\Ejercise\cpu-native-arch\build\cpu_native_q4_probe.exe" --cpu 6 --K 512 --target-kib 384 --depth 4 --variant A --iterations 1 --repetitions 2 --warmup 1
T0 scalar Q4 throughput probe; not an exact model-kernel equivalence claim
shape m=1228 K=512, target_kib=384, actual_weight_bytes_per_block=392960, allocated_weight_bytes=392960, variant=A, eviction_bytes=0, active_logical_cpus=8
command[743/960]="D:\Install\Dev\Projects\IA\Ejercise\cpu-native-arch\build\cpu_native_q4_probe.exe" --cpu 6 --K 512 --target-kib 384 --depth 4 --variant B --iterations 1 --repetitions 2 --warmup 1
T0 scalar Q4 throughput probe; not an exact model-kernel equivalence claim
shape m=1228 K=512, target_kib=384, actual_weight_bytes_per_block=392960, allocated_weight_bytes=1571840, variant=B, eviction_bytes=0, active_logical_cpus=8
command[744/960]="D:\Install\Dev\Projects\IA\Ejercise\cpu-native-arch\build\cpu_native_q4_probe.exe" --cpu 6 --K 512 --target-kib 384 --depth 4 --variant C --iterations 1 --repetitions 2 --warmup 1
T0 scalar Q4 throughput probe; not an exact model-kernel equivalence claim
shape m=1228 K=512, target_kib=384, actual_weight_bytes_per_block=392960, allocated_weight_bytes=392960, variant=C, eviction_bytes=67108864, active_logical_cpus=8
command[745/960]="D:\Install\Dev\Projects\IA\Ejercise\cpu-native-arch\build\cpu_native_q4_probe.exe" --cpu 6 --K 512 --target-kib 384 --depth 8 --variant A --iterations 1 --repetitions 2 --warmup 1
T0 scalar Q4 throughput probe; not an exact model-kernel equivalence claim
shape m=1228 K=512, target_kib=384, actual_weight_bytes_per_block=392960, allocated_weight_bytes=392960, variant=A, eviction_bytes=0, active_logical_cpus=8
command[746/960]="D:\Install\Dev\Projects\IA\Ejercise\cpu-native-arch\build\cpu_native_q4_probe.exe" --cpu 6 --K 512 --target-kib 384 --depth 8 --variant B --iterations 1 --repetitions 2 --warmup 1
T0 scalar Q4 throughput probe; not an exact model-kernel equivalence claim
shape m=1228 K=512, target_kib=384, actual_weight_bytes_per_block=392960, allocated_weight_bytes=3143680, variant=B, eviction_bytes=0, active_logical_cpus=8
command[747/960]="D:\Install\Dev\Projects\IA\Ejercise\cpu-native-arch\build\cpu_native_q4_probe.exe" --cpu 6 --K 512 --target-kib 384 --depth 8 --variant C --iterations 1 --repetitions 2 --warmup 1
T0 scalar Q4 throughput probe; not an exact model-kernel equivalence claim
shape m=1228 K=512, target_kib=384, actual_weight_bytes_per_block=392960, allocated_weight_bytes=392960, variant=C, eviction_bytes=67108864, active_logical_cpus=8
command[748/960]="D:\Install\Dev\Projects\IA\Ejercise\cpu-native-arch\build\cpu_native_q4_probe.exe" --cpu 6 --K 512 --target-kib 384 --depth 16 --variant A --iterations 1 --repetitions 2 --warmup 1
T0 scalar Q4 throughput probe; not an exact model-kernel equivalence claim
shape m=1228 K=512, target_kib=384, actual_weight_bytes_per_block=392960, allocated_weight_bytes=392960, variant=A, eviction_bytes=0, active_logical_cpus=8
command[749/960]="D:\Install\Dev\Projects\IA\Ejercise\cpu-native-arch\build\cpu_native_q4_probe.exe" --cpu 6 --K 512 --target-kib 384 --depth 16 --variant B --iterations 1 --repetitions 2 --warmup 1
T0 scalar Q4 throughput probe; not an exact model-kernel equivalence claim
shape m=1228 K=512, target_kib=384, actual_weight_bytes_per_block=392960, allocated_weight_bytes=6287360, variant=B, eviction_bytes=0, active_logical_cpus=8
command[750/960]="D:\Install\Dev\Projects\IA\Ejercise\cpu-native-arch\build\cpu_native_q4_probe.exe" --cpu 6 --K 512 --target-kib 384 --depth 16 --variant C --iterations 1 --repetitions 2 --warmup 1
T0 scalar Q4 throughput probe; not an exact model-kernel equivalence claim
shape m=1228 K=512, target_kib=384, actual_weight_bytes_per_block=392960, allocated_weight_bytes=392960, variant=C, eviction_bytes=67108864, active_logical_cpus=8
command[751/960]="D:\Install\Dev\Projects\IA\Ejercise\cpu-native-arch\build\cpu_native_q4_probe.exe" --cpu 6 --K 512 --target-kib 512 --depth 1 --variant A --iterations 1 --repetitions 2 --warmup 1
T0 scalar Q4 throughput probe; not an exact model-kernel equivalence claim
shape m=1638 K=512, target_kib=512, actual_weight_bytes_per_block=524160, allocated_weight_bytes=524160, variant=A, eviction_bytes=0, active_logical_cpus=8
command[752/960]="D:\Install\Dev\Projects\IA\Ejercise\cpu-native-arch\build\cpu_native_q4_probe.exe" --cpu 6 --K 512 --target-kib 512 --depth 1 --variant B --iterations 1 --repetitions 2 --warmup 1
T0 scalar Q4 throughput probe; not an exact model-kernel equivalence claim
shape m=1638 K=512, target_kib=512, actual_weight_bytes_per_block=524160, allocated_weight_bytes=524160, variant=B, eviction_bytes=0, active_logical_cpus=8
command[753/960]="D:\Install\Dev\Projects\IA\Ejercise\cpu-native-arch\build\cpu_native_q4_probe.exe" --cpu 6 --K 512 --target-kib 512 --depth 1 --variant C --iterations 1 --repetitions 2 --warmup 1
T0 scalar Q4 throughput probe; not an exact model-kernel equivalence claim
shape m=1638 K=512, target_kib=512, actual_weight_bytes_per_block=524160, allocated_weight_bytes=524160, variant=C, eviction_bytes=67108864, active_logical_cpus=8
command[754/960]="D:\Install\Dev\Projects\IA\Ejercise\cpu-native-arch\build\cpu_native_q4_probe.exe" --cpu 6 --K 512 --target-kib 512 --depth 2 --variant A --iterations 1 --repetitions 2 --warmup 1
T0 scalar Q4 throughput probe; not an exact model-kernel equivalence claim
shape m=1638 K=512, target_kib=512, actual_weight_bytes_per_block=524160, allocated_weight_bytes=524160, variant=A, eviction_bytes=0, active_logical_cpus=8
command[755/960]="D:\Install\Dev\Projects\IA\Ejercise\cpu-native-arch\build\cpu_native_q4_probe.exe" --cpu 6 --K 512 --target-kib 512 --depth 2 --variant B --iterations 1 --repetitions 2 --warmup 1
T0 scalar Q4 throughput probe; not an exact model-kernel equivalence claim
shape m=1638 K=512, target_kib=512, actual_weight_bytes_per_block=524160, allocated_weight_bytes=1048320, variant=B, eviction_bytes=0, active_logical_cpus=8
command[756/960]="D:\Install\Dev\Projects\IA\Ejercise\cpu-native-arch\build\cpu_native_q4_probe.exe" --cpu 6 --K 512 --target-kib 512 --depth 2 --variant C --iterations 1 --repetitions 2 --warmup 1
T0 scalar Q4 throughput probe; not an exact model-kernel equivalence claim
shape m=1638 K=512, target_kib=512, actual_weight_bytes_per_block=524160, allocated_weight_bytes=524160, variant=C, eviction_bytes=67108864, active_logical_cpus=8
command[757/960]="D:\Install\Dev\Projects\IA\Ejercise\cpu-native-arch\build\cpu_native_q4_probe.exe" --cpu 6 --K 512 --target-kib 512 --depth 4 --variant A --iterations 1 --repetitions 2 --warmup 1
T0 scalar Q4 throughput probe; not an exact model-kernel equivalence claim
shape m=1638 K=512, target_kib=512, actual_weight_bytes_per_block=524160, allocated_weight_bytes=524160, variant=A, eviction_bytes=0, active_logical_cpus=8
command[758/960]="D:\Install\Dev\Projects\IA\Ejercise\cpu-native-arch\build\cpu_native_q4_probe.exe" --cpu 6 --K 512 --target-kib 512 --depth 4 --variant B --iterations 1 --repetitions 2 --warmup 1
T0 scalar Q4 throughput probe; not an exact model-kernel equivalence claim
shape m=1638 K=512, target_kib=512, actual_weight_bytes_per_block=524160, allocated_weight_bytes=2096640, variant=B, eviction_bytes=0, active_logical_cpus=8
command[759/960]="D:\Install\Dev\Projects\IA\Ejercise\cpu-native-arch\build\cpu_native_q4_probe.exe" --cpu 6 --K 512 --target-kib 512 --depth 4 --variant C --iterations 1 --repetitions 2 --warmup 1
T0 scalar Q4 throughput probe; not an exact model-kernel equivalence claim
shape m=1638 K=512, target_kib=512, actual_weight_bytes_per_block=524160, allocated_weight_bytes=524160, variant=C, eviction_bytes=67108864, active_logical_cpus=8
command[760/960]="D:\Install\Dev\Projects\IA\Ejercise\cpu-native-arch\build\cpu_native_q4_probe.exe" --cpu 6 --K 512 --target-kib 512 --depth 8 --variant A --iterations 1 --repetitions 2 --warmup 1
T0 scalar Q4 throughput probe; not an exact model-kernel equivalence claim
shape m=1638 K=512, target_kib=512, actual_weight_bytes_per_block=524160, allocated_weight_bytes=524160, variant=A, eviction_bytes=0, active_logical_cpus=8
command[761/960]="D:\Install\Dev\Projects\IA\Ejercise\cpu-native-arch\build\cpu_native_q4_probe.exe" --cpu 6 --K 512 --target-kib 512 --depth 8 --variant B --iterations 1 --repetitions 2 --warmup 1
T0 scalar Q4 throughput probe; not an exact model-kernel equivalence claim
shape m=1638 K=512, target_kib=512, actual_weight_bytes_per_block=524160, allocated_weight_bytes=4193280, variant=B, eviction_bytes=0, active_logical_cpus=8
command[762/960]="D:\Install\Dev\Projects\IA\Ejercise\cpu-native-arch\build\cpu_native_q4_probe.exe" --cpu 6 --K 512 --target-kib 512 --depth 8 --variant C --iterations 1 --repetitions 2 --warmup 1
T0 scalar Q4 throughput probe; not an exact model-kernel equivalence claim
shape m=1638 K=512, target_kib=512, actual_weight_bytes_per_block=524160, allocated_weight_bytes=524160, variant=C, eviction_bytes=67108864, active_logical_cpus=8
command[763/960]="D:\Install\Dev\Projects\IA\Ejercise\cpu-native-arch\build\cpu_native_q4_probe.exe" --cpu 6 --K 512 --target-kib 512 --depth 16 --variant A --iterations 1 --repetitions 2 --warmup 1
T0 scalar Q4 throughput probe; not an exact model-kernel equivalence claim
shape m=1638 K=512, target_kib=512, actual_weight_bytes_per_block=524160, allocated_weight_bytes=524160, variant=A, eviction_bytes=0, active_logical_cpus=8
command[764/960]="D:\Install\Dev\Projects\IA\Ejercise\cpu-native-arch\build\cpu_native_q4_probe.exe" --cpu 6 --K 512 --target-kib 512 --depth 16 --variant B --iterations 1 --repetitions 2 --warmup 1
T0 scalar Q4 throughput probe; not an exact model-kernel equivalence claim
shape m=1638 K=512, target_kib=512, actual_weight_bytes_per_block=524160, allocated_weight_bytes=8386560, variant=B, eviction_bytes=0, active_logical_cpus=8
command[765/960]="D:\Install\Dev\Projects\IA\Ejercise\cpu-native-arch\build\cpu_native_q4_probe.exe" --cpu 6 --K 512 --target-kib 512 --depth 16 --variant C --iterations 1 --repetitions 2 --warmup 1
T0 scalar Q4 throughput probe; not an exact model-kernel equivalence claim
shape m=1638 K=512, target_kib=512, actual_weight_bytes_per_block=524160, allocated_weight_bytes=524160, variant=C, eviction_bytes=67108864, active_logical_cpus=8
command[766/960]="D:\Install\Dev\Projects\IA\Ejercise\cpu-native-arch\build\cpu_native_q4_probe.exe" --cpu 6 --K 512 --target-kib 640 --depth 1 --variant A --iterations 1 --repetitions 2 --warmup 1
T0 scalar Q4 throughput probe; not an exact model-kernel equivalence claim
shape m=2048 K=512, target_kib=640, actual_weight_bytes_per_block=655360, allocated_weight_bytes=655360, variant=A, eviction_bytes=0, active_logical_cpus=8
command[767/960]="D:\Install\Dev\Projects\IA\Ejercise\cpu-native-arch\build\cpu_native_q4_probe.exe" --cpu 6 --K 512 --target-kib 640 --depth 1 --variant B --iterations 1 --repetitions 2 --warmup 1
T0 scalar Q4 throughput probe; not an exact model-kernel equivalence claim
shape m=2048 K=512, target_kib=640, actual_weight_bytes_per_block=655360, allocated_weight_bytes=655360, variant=B, eviction_bytes=0, active_logical_cpus=8
command[768/960]="D:\Install\Dev\Projects\IA\Ejercise\cpu-native-arch\build\cpu_native_q4_probe.exe" --cpu 6 --K 512 --target-kib 640 --depth 1 --variant C --iterations 1 --repetitions 2 --warmup 1
T0 scalar Q4 throughput probe; not an exact model-kernel equivalence claim
shape m=2048 K=512, target_kib=640, actual_weight_bytes_per_block=655360, allocated_weight_bytes=655360, variant=C, eviction_bytes=67108864, active_logical_cpus=8
command[769/960]="D:\Install\Dev\Projects\IA\Ejercise\cpu-native-arch\build\cpu_native_q4_probe.exe" --cpu 6 --K 512 --target-kib 640 --depth 2 --variant A --iterations 1 --repetitions 2 --warmup 1
T0 scalar Q4 throughput probe; not an exact model-kernel equivalence claim
shape m=2048 K=512, target_kib=640, actual_weight_bytes_per_block=655360, allocated_weight_bytes=655360, variant=A, eviction_bytes=0, active_logical_cpus=8
command[770/960]="D:\Install\Dev\Projects\IA\Ejercise\cpu-native-arch\build\cpu_native_q4_probe.exe" --cpu 6 --K 512 --target-kib 640 --depth 2 --variant B --iterations 1 --repetitions 2 --warmup 1
T0 scalar Q4 throughput probe; not an exact model-kernel equivalence claim
shape m=2048 K=512, target_kib=640, actual_weight_bytes_per_block=655360, allocated_weight_bytes=1310720, variant=B, eviction_bytes=0, active_logical_cpus=8
command[771/960]="D:\Install\Dev\Projects\IA\Ejercise\cpu-native-arch\build\cpu_native_q4_probe.exe" --cpu 6 --K 512 --target-kib 640 --depth 2 --variant C --iterations 1 --repetitions 2 --warmup 1
T0 scalar Q4 throughput probe; not an exact model-kernel equivalence claim
shape m=2048 K=512, target_kib=640, actual_weight_bytes_per_block=655360, allocated_weight_bytes=655360, variant=C, eviction_bytes=67108864, active_logical_cpus=8
command[772/960]="D:\Install\Dev\Projects\IA\Ejercise\cpu-native-arch\build\cpu_native_q4_probe.exe" --cpu 6 --K 512 --target-kib 640 --depth 4 --variant A --iterations 1 --repetitions 2 --warmup 1
T0 scalar Q4 throughput probe; not an exact model-kernel equivalence claim
shape m=2048 K=512, target_kib=640, actual_weight_bytes_per_block=655360, allocated_weight_bytes=655360, variant=A, eviction_bytes=0, active_logical_cpus=8
command[773/960]="D:\Install\Dev\Projects\IA\Ejercise\cpu-native-arch\build\cpu_native_q4_probe.exe" --cpu 6 --K 512 --target-kib 640 --depth 4 --variant B --iterations 1 --repetitions 2 --warmup 1
T0 scalar Q4 throughput probe; not an exact model-kernel equivalence claim
shape m=2048 K=512, target_kib=640, actual_weight_bytes_per_block=655360, allocated_weight_bytes=2621440, variant=B, eviction_bytes=0, active_logical_cpus=8
command[774/960]="D:\Install\Dev\Projects\IA\Ejercise\cpu-native-arch\build\cpu_native_q4_probe.exe" --cpu 6 --K 512 --target-kib 640 --depth 4 --variant C --iterations 1 --repetitions 2 --warmup 1
T0 scalar Q4 throughput probe; not an exact model-kernel equivalence claim
shape m=2048 K=512, target_kib=640, actual_weight_bytes_per_block=655360, allocated_weight_bytes=655360, variant=C, eviction_bytes=67108864, active_logical_cpus=8
command[775/960]="D:\Install\Dev\Projects\IA\Ejercise\cpu-native-arch\build\cpu_native_q4_probe.exe" --cpu 6 --K 512 --target-kib 640 --depth 8 --variant A --iterations 1 --repetitions 2 --warmup 1
T0 scalar Q4 throughput probe; not an exact model-kernel equivalence claim
shape m=2048 K=512, target_kib=640, actual_weight_bytes_per_block=655360, allocated_weight_bytes=655360, variant=A, eviction_bytes=0, active_logical_cpus=8
command[776/960]="D:\Install\Dev\Projects\IA\Ejercise\cpu-native-arch\build\cpu_native_q4_probe.exe" --cpu 6 --K 512 --target-kib 640 --depth 8 --variant B --iterations 1 --repetitions 2 --warmup 1
T0 scalar Q4 throughput probe; not an exact model-kernel equivalence claim
shape m=2048 K=512, target_kib=640, actual_weight_bytes_per_block=655360, allocated_weight_bytes=5242880, variant=B, eviction_bytes=0, active_logical_cpus=8
command[777/960]="D:\Install\Dev\Projects\IA\Ejercise\cpu-native-arch\build\cpu_native_q4_probe.exe" --cpu 6 --K 512 --target-kib 640 --depth 8 --variant C --iterations 1 --repetitions 2 --warmup 1
T0 scalar Q4 throughput probe; not an exact model-kernel equivalence claim
shape m=2048 K=512, target_kib=640, actual_weight_bytes_per_block=655360, allocated_weight_bytes=655360, variant=C, eviction_bytes=67108864, active_logical_cpus=8
command[778/960]="D:\Install\Dev\Projects\IA\Ejercise\cpu-native-arch\build\cpu_native_q4_probe.exe" --cpu 6 --K 512 --target-kib 640 --depth 16 --variant A --iterations 1 --repetitions 2 --warmup 1
T0 scalar Q4 throughput probe; not an exact model-kernel equivalence claim
shape m=2048 K=512, target_kib=640, actual_weight_bytes_per_block=655360, allocated_weight_bytes=655360, variant=A, eviction_bytes=0, active_logical_cpus=8
command[779/960]="D:\Install\Dev\Projects\IA\Ejercise\cpu-native-arch\build\cpu_native_q4_probe.exe" --cpu 6 --K 512 --target-kib 640 --depth 16 --variant B --iterations 1 --repetitions 2 --warmup 1
T0 scalar Q4 throughput probe; not an exact model-kernel equivalence claim
shape m=2048 K=512, target_kib=640, actual_weight_bytes_per_block=655360, allocated_weight_bytes=10485760, variant=B, eviction_bytes=0, active_logical_cpus=8
command[780/960]="D:\Install\Dev\Projects\IA\Ejercise\cpu-native-arch\build\cpu_native_q4_probe.exe" --cpu 6 --K 512 --target-kib 640 --depth 16 --variant C --iterations 1 --repetitions 2 --warmup 1
T0 scalar Q4 throughput probe; not an exact model-kernel equivalence claim
shape m=2048 K=512, target_kib=640, actual_weight_bytes_per_block=655360, allocated_weight_bytes=655360, variant=C, eviction_bytes=67108864, active_logical_cpus=8
command[781/960]="D:\Install\Dev\Projects\IA\Ejercise\cpu-native-arch\build\cpu_native_q4_probe.exe" --cpu 6 --K 512 --target-kib 768 --depth 1 --variant A --iterations 1 --repetitions 2 --warmup 1
T0 scalar Q4 throughput probe; not an exact model-kernel equivalence claim
shape m=2457 K=512, target_kib=768, actual_weight_bytes_per_block=786240, allocated_weight_bytes=786240, variant=A, eviction_bytes=0, active_logical_cpus=8
command[782/960]="D:\Install\Dev\Projects\IA\Ejercise\cpu-native-arch\build\cpu_native_q4_probe.exe" --cpu 6 --K 512 --target-kib 768 --depth 1 --variant B --iterations 1 --repetitions 2 --warmup 1
T0 scalar Q4 throughput probe; not an exact model-kernel equivalence claim
shape m=2457 K=512, target_kib=768, actual_weight_bytes_per_block=786240, allocated_weight_bytes=786240, variant=B, eviction_bytes=0, active_logical_cpus=8
command[783/960]="D:\Install\Dev\Projects\IA\Ejercise\cpu-native-arch\build\cpu_native_q4_probe.exe" --cpu 6 --K 512 --target-kib 768 --depth 1 --variant C --iterations 1 --repetitions 2 --warmup 1
T0 scalar Q4 throughput probe; not an exact model-kernel equivalence claim
shape m=2457 K=512, target_kib=768, actual_weight_bytes_per_block=786240, allocated_weight_bytes=786240, variant=C, eviction_bytes=67108864, active_logical_cpus=8
command[784/960]="D:\Install\Dev\Projects\IA\Ejercise\cpu-native-arch\build\cpu_native_q4_probe.exe" --cpu 6 --K 512 --target-kib 768 --depth 2 --variant A --iterations 1 --repetitions 2 --warmup 1
T0 scalar Q4 throughput probe; not an exact model-kernel equivalence claim
shape m=2457 K=512, target_kib=768, actual_weight_bytes_per_block=786240, allocated_weight_bytes=786240, variant=A, eviction_bytes=0, active_logical_cpus=8
command[785/960]="D:\Install\Dev\Projects\IA\Ejercise\cpu-native-arch\build\cpu_native_q4_probe.exe" --cpu 6 --K 512 --target-kib 768 --depth 2 --variant B --iterations 1 --repetitions 2 --warmup 1
T0 scalar Q4 throughput probe; not an exact model-kernel equivalence claim
shape m=2457 K=512, target_kib=768, actual_weight_bytes_per_block=786240, allocated_weight_bytes=1572480, variant=B, eviction_bytes=0, active_logical_cpus=8
command[786/960]="D:\Install\Dev\Projects\IA\Ejercise\cpu-native-arch\build\cpu_native_q4_probe.exe" --cpu 6 --K 512 --target-kib 768 --depth 2 --variant C --iterations 1 --repetitions 2 --warmup 1
T0 scalar Q4 throughput probe; not an exact model-kernel equivalence claim
shape m=2457 K=512, target_kib=768, actual_weight_bytes_per_block=786240, allocated_weight_bytes=786240, variant=C, eviction_bytes=67108864, active_logical_cpus=8
command[787/960]="D:\Install\Dev\Projects\IA\Ejercise\cpu-native-arch\build\cpu_native_q4_probe.exe" --cpu 6 --K 512 --target-kib 768 --depth 4 --variant A --iterations 1 --repetitions 2 --warmup 1
T0 scalar Q4 throughput probe; not an exact model-kernel equivalence claim
shape m=2457 K=512, target_kib=768, actual_weight_bytes_per_block=786240, allocated_weight_bytes=786240, variant=A, eviction_bytes=0, active_logical_cpus=8
command[788/960]="D:\Install\Dev\Projects\IA\Ejercise\cpu-native-arch\build\cpu_native_q4_probe.exe" --cpu 6 --K 512 --target-kib 768 --depth 4 --variant B --iterations 1 --repetitions 2 --warmup 1
T0 scalar Q4 throughput probe; not an exact model-kernel equivalence claim
shape m=2457 K=512, target_kib=768, actual_weight_bytes_per_block=786240, allocated_weight_bytes=3144960, variant=B, eviction_bytes=0, active_logical_cpus=8
command[789/960]="D:\Install\Dev\Projects\IA\Ejercise\cpu-native-arch\build\cpu_native_q4_probe.exe" --cpu 6 --K 512 --target-kib 768 --depth 4 --variant C --iterations 1 --repetitions 2 --warmup 1
T0 scalar Q4 throughput probe; not an exact model-kernel equivalence claim
shape m=2457 K=512, target_kib=768, actual_weight_bytes_per_block=786240, allocated_weight_bytes=786240, variant=C, eviction_bytes=67108864, active_logical_cpus=8
command[790/960]="D:\Install\Dev\Projects\IA\Ejercise\cpu-native-arch\build\cpu_native_q4_probe.exe" --cpu 6 --K 512 --target-kib 768 --depth 8 --variant A --iterations 1 --repetitions 2 --warmup 1
T0 scalar Q4 throughput probe; not an exact model-kernel equivalence claim
shape m=2457 K=512, target_kib=768, actual_weight_bytes_per_block=786240, allocated_weight_bytes=786240, variant=A, eviction_bytes=0, active_logical_cpus=8
command[791/960]="D:\Install\Dev\Projects\IA\Ejercise\cpu-native-arch\build\cpu_native_q4_probe.exe" --cpu 6 --K 512 --target-kib 768 --depth 8 --variant B --iterations 1 --repetitions 2 --warmup 1
T0 scalar Q4 throughput probe; not an exact model-kernel equivalence claim
shape m=2457 K=512, target_kib=768, actual_weight_bytes_per_block=786240, allocated_weight_bytes=6289920, variant=B, eviction_bytes=0, active_logical_cpus=8
command[792/960]="D:\Install\Dev\Projects\IA\Ejercise\cpu-native-arch\build\cpu_native_q4_probe.exe" --cpu 6 --K 512 --target-kib 768 --depth 8 --variant C --iterations 1 --repetitions 2 --warmup 1
T0 scalar Q4 throughput probe; not an exact model-kernel equivalence claim
shape m=2457 K=512, target_kib=768, actual_weight_bytes_per_block=786240, allocated_weight_bytes=786240, variant=C, eviction_bytes=67108864, active_logical_cpus=8
command[793/960]="D:\Install\Dev\Projects\IA\Ejercise\cpu-native-arch\build\cpu_native_q4_probe.exe" --cpu 6 --K 512 --target-kib 768 --depth 16 --variant A --iterations 1 --repetitions 2 --warmup 1
T0 scalar Q4 throughput probe; not an exact model-kernel equivalence claim
shape m=2457 K=512, target_kib=768, actual_weight_bytes_per_block=786240, allocated_weight_bytes=786240, variant=A, eviction_bytes=0, active_logical_cpus=8
command[794/960]="D:\Install\Dev\Projects\IA\Ejercise\cpu-native-arch\build\cpu_native_q4_probe.exe" --cpu 6 --K 512 --target-kib 768 --depth 16 --variant B --iterations 1 --repetitions 2 --warmup 1
T0 scalar Q4 throughput probe; not an exact model-kernel equivalence claim
shape m=2457 K=512, target_kib=768, actual_weight_bytes_per_block=786240, allocated_weight_bytes=12579840, variant=B, eviction_bytes=0, active_logical_cpus=8
command[795/960]="D:\Install\Dev\Projects\IA\Ejercise\cpu-native-arch\build\cpu_native_q4_probe.exe" --cpu 6 --K 512 --target-kib 768 --depth 16 --variant C --iterations 1 --repetitions 2 --warmup 1
T0 scalar Q4 throughput probe; not an exact model-kernel equivalence claim
shape m=2457 K=512, target_kib=768, actual_weight_bytes_per_block=786240, allocated_weight_bytes=786240, variant=C, eviction_bytes=67108864, active_logical_cpus=8
command[796/960]="D:\Install\Dev\Projects\IA\Ejercise\cpu-native-arch\build\cpu_native_q4_probe.exe" --cpu 6 --K 512 --target-kib 896 --depth 1 --variant A --iterations 1 --repetitions 2 --warmup 1
T0 scalar Q4 throughput probe; not an exact model-kernel equivalence claim
shape m=2867 K=512, target_kib=896, actual_weight_bytes_per_block=917440, allocated_weight_bytes=917440, variant=A, eviction_bytes=0, active_logical_cpus=8
command[797/960]="D:\Install\Dev\Projects\IA\Ejercise\cpu-native-arch\build\cpu_native_q4_probe.exe" --cpu 6 --K 512 --target-kib 896 --depth 1 --variant B --iterations 1 --repetitions 2 --warmup 1
T0 scalar Q4 throughput probe; not an exact model-kernel equivalence claim
shape m=2867 K=512, target_kib=896, actual_weight_bytes_per_block=917440, allocated_weight_bytes=917440, variant=B, eviction_bytes=0, active_logical_cpus=8
command[798/960]="D:\Install\Dev\Projects\IA\Ejercise\cpu-native-arch\build\cpu_native_q4_probe.exe" --cpu 6 --K 512 --target-kib 896 --depth 1 --variant C --iterations 1 --repetitions 2 --warmup 1
T0 scalar Q4 throughput probe; not an exact model-kernel equivalence claim
shape m=2867 K=512, target_kib=896, actual_weight_bytes_per_block=917440, allocated_weight_bytes=917440, variant=C, eviction_bytes=67108864, active_logical_cpus=8
command[799/960]="D:\Install\Dev\Projects\IA\Ejercise\cpu-native-arch\build\cpu_native_q4_probe.exe" --cpu 6 --K 512 --target-kib 896 --depth 2 --variant A --iterations 1 --repetitions 2 --warmup 1
T0 scalar Q4 throughput probe; not an exact model-kernel equivalence claim
shape m=2867 K=512, target_kib=896, actual_weight_bytes_per_block=917440, allocated_weight_bytes=917440, variant=A, eviction_bytes=0, active_logical_cpus=8
command[800/960]="D:\Install\Dev\Projects\IA\Ejercise\cpu-native-arch\build\cpu_native_q4_probe.exe" --cpu 6 --K 512 --target-kib 896 --depth 2 --variant B --iterations 1 --repetitions 2 --warmup 1
T0 scalar Q4 throughput probe; not an exact model-kernel equivalence claim
shape m=2867 K=512, target_kib=896, actual_weight_bytes_per_block=917440, allocated_weight_bytes=1834880, variant=B, eviction_bytes=0, active_logical_cpus=8
command[801/960]="D:\Install\Dev\Projects\IA\Ejercise\cpu-native-arch\build\cpu_native_q4_probe.exe" --cpu 6 --K 512 --target-kib 896 --depth 2 --variant C --iterations 1 --repetitions 2 --warmup 1
T0 scalar Q4 throughput probe; not an exact model-kernel equivalence claim
shape m=2867 K=512, target_kib=896, actual_weight_bytes_per_block=917440, allocated_weight_bytes=917440, variant=C, eviction_bytes=67108864, active_logical_cpus=8
command[802/960]="D:\Install\Dev\Projects\IA\Ejercise\cpu-native-arch\build\cpu_native_q4_probe.exe" --cpu 6 --K 512 --target-kib 896 --depth 4 --variant A --iterations 1 --repetitions 2 --warmup 1
T0 scalar Q4 throughput probe; not an exact model-kernel equivalence claim
shape m=2867 K=512, target_kib=896, actual_weight_bytes_per_block=917440, allocated_weight_bytes=917440, variant=A, eviction_bytes=0, active_logical_cpus=8
command[803/960]="D:\Install\Dev\Projects\IA\Ejercise\cpu-native-arch\build\cpu_native_q4_probe.exe" --cpu 6 --K 512 --target-kib 896 --depth 4 --variant B --iterations 1 --repetitions 2 --warmup 1
T0 scalar Q4 throughput probe; not an exact model-kernel equivalence claim
shape m=2867 K=512, target_kib=896, actual_weight_bytes_per_block=917440, allocated_weight_bytes=3669760, variant=B, eviction_bytes=0, active_logical_cpus=8
command[804/960]="D:\Install\Dev\Projects\IA\Ejercise\cpu-native-arch\build\cpu_native_q4_probe.exe" --cpu 6 --K 512 --target-kib 896 --depth 4 --variant C --iterations 1 --repetitions 2 --warmup 1
T0 scalar Q4 throughput probe; not an exact model-kernel equivalence claim
shape m=2867 K=512, target_kib=896, actual_weight_bytes_per_block=917440, allocated_weight_bytes=917440, variant=C, eviction_bytes=67108864, active_logical_cpus=8
command[805/960]="D:\Install\Dev\Projects\IA\Ejercise\cpu-native-arch\build\cpu_native_q4_probe.exe" --cpu 6 --K 512 --target-kib 896 --depth 8 --variant A --iterations 1 --repetitions 2 --warmup 1
T0 scalar Q4 throughput probe; not an exact model-kernel equivalence claim
shape m=2867 K=512, target_kib=896, actual_weight_bytes_per_block=917440, allocated_weight_bytes=917440, variant=A, eviction_bytes=0, active_logical_cpus=8
command[806/960]="D:\Install\Dev\Projects\IA\Ejercise\cpu-native-arch\build\cpu_native_q4_probe.exe" --cpu 6 --K 512 --target-kib 896 --depth 8 --variant B --iterations 1 --repetitions 2 --warmup 1
T0 scalar Q4 throughput probe; not an exact model-kernel equivalence claim
shape m=2867 K=512, target_kib=896, actual_weight_bytes_per_block=917440, allocated_weight_bytes=7339520, variant=B, eviction_bytes=0, active_logical_cpus=8
command[807/960]="D:\Install\Dev\Projects\IA\Ejercise\cpu-native-arch\build\cpu_native_q4_probe.exe" --cpu 6 --K 512 --target-kib 896 --depth 8 --variant C --iterations 1 --repetitions 2 --warmup 1
T0 scalar Q4 throughput probe; not an exact model-kernel equivalence claim
shape m=2867 K=512, target_kib=896, actual_weight_bytes_per_block=917440, allocated_weight_bytes=917440, variant=C, eviction_bytes=67108864, active_logical_cpus=8
command[808/960]="D:\Install\Dev\Projects\IA\Ejercise\cpu-native-arch\build\cpu_native_q4_probe.exe" --cpu 6 --K 512 --target-kib 896 --depth 16 --variant A --iterations 1 --repetitions 2 --warmup 1
T0 scalar Q4 throughput probe; not an exact model-kernel equivalence claim
shape m=2867 K=512, target_kib=896, actual_weight_bytes_per_block=917440, allocated_weight_bytes=917440, variant=A, eviction_bytes=0, active_logical_cpus=8
command[809/960]="D:\Install\Dev\Projects\IA\Ejercise\cpu-native-arch\build\cpu_native_q4_probe.exe" --cpu 6 --K 512 --target-kib 896 --depth 16 --variant B --iterations 1 --repetitions 2 --warmup 1
T0 scalar Q4 throughput probe; not an exact model-kernel equivalence claim
shape m=2867 K=512, target_kib=896, actual_weight_bytes_per_block=917440, allocated_weight_bytes=14679040, variant=B, eviction_bytes=0, active_logical_cpus=8
command[810/960]="D:\Install\Dev\Projects\IA\Ejercise\cpu-native-arch\build\cpu_native_q4_probe.exe" --cpu 6 --K 512 --target-kib 896 --depth 16 --variant C --iterations 1 --repetitions 2 --warmup 1
T0 scalar Q4 throughput probe; not an exact model-kernel equivalence claim
shape m=2867 K=512, target_kib=896, actual_weight_bytes_per_block=917440, allocated_weight_bytes=917440, variant=C, eviction_bytes=67108864, active_logical_cpus=8
command[811/960]="D:\Install\Dev\Projects\IA\Ejercise\cpu-native-arch\build\cpu_native_q4_probe.exe" --cpu 6 --K 512 --target-kib 1024 --depth 1 --variant A --iterations 1 --repetitions 2 --warmup 1
T0 scalar Q4 throughput probe; not an exact model-kernel equivalence claim
shape m=3276 K=512, target_kib=1024, actual_weight_bytes_per_block=1048320, allocated_weight_bytes=1048320, variant=A, eviction_bytes=0, active_logical_cpus=8
command[812/960]="D:\Install\Dev\Projects\IA\Ejercise\cpu-native-arch\build\cpu_native_q4_probe.exe" --cpu 6 --K 512 --target-kib 1024 --depth 1 --variant B --iterations 1 --repetitions 2 --warmup 1
T0 scalar Q4 throughput probe; not an exact model-kernel equivalence claim
shape m=3276 K=512, target_kib=1024, actual_weight_bytes_per_block=1048320, allocated_weight_bytes=1048320, variant=B, eviction_bytes=0, active_logical_cpus=8
command[813/960]="D:\Install\Dev\Projects\IA\Ejercise\cpu-native-arch\build\cpu_native_q4_probe.exe" --cpu 6 --K 512 --target-kib 1024 --depth 1 --variant C --iterations 1 --repetitions 2 --warmup 1
T0 scalar Q4 throughput probe; not an exact model-kernel equivalence claim
shape m=3276 K=512, target_kib=1024, actual_weight_bytes_per_block=1048320, allocated_weight_bytes=1048320, variant=C, eviction_bytes=67108864, active_logical_cpus=8
command[814/960]="D:\Install\Dev\Projects\IA\Ejercise\cpu-native-arch\build\cpu_native_q4_probe.exe" --cpu 6 --K 512 --target-kib 1024 --depth 2 --variant A --iterations 1 --repetitions 2 --warmup 1
T0 scalar Q4 throughput probe; not an exact model-kernel equivalence claim
shape m=3276 K=512, target_kib=1024, actual_weight_bytes_per_block=1048320, allocated_weight_bytes=1048320, variant=A, eviction_bytes=0, active_logical_cpus=8
command[815/960]="D:\Install\Dev\Projects\IA\Ejercise\cpu-native-arch\build\cpu_native_q4_probe.exe" --cpu 6 --K 512 --target-kib 1024 --depth 2 --variant B --iterations 1 --repetitions 2 --warmup 1
T0 scalar Q4 throughput probe; not an exact model-kernel equivalence claim
shape m=3276 K=512, target_kib=1024, actual_weight_bytes_per_block=1048320, allocated_weight_bytes=2096640, variant=B, eviction_bytes=0, active_logical_cpus=8
command[816/960]="D:\Install\Dev\Projects\IA\Ejercise\cpu-native-arch\build\cpu_native_q4_probe.exe" --cpu 6 --K 512 --target-kib 1024 --depth 2 --variant C --iterations 1 --repetitions 2 --warmup 1
T0 scalar Q4 throughput probe; not an exact model-kernel equivalence claim
shape m=3276 K=512, target_kib=1024, actual_weight_bytes_per_block=1048320, allocated_weight_bytes=1048320, variant=C, eviction_bytes=67108864, active_logical_cpus=8
command[817/960]="D:\Install\Dev\Projects\IA\Ejercise\cpu-native-arch\build\cpu_native_q4_probe.exe" --cpu 6 --K 512 --target-kib 1024 --depth 4 --variant A --iterations 1 --repetitions 2 --warmup 1
T0 scalar Q4 throughput probe; not an exact model-kernel equivalence claim
shape m=3276 K=512, target_kib=1024, actual_weight_bytes_per_block=1048320, allocated_weight_bytes=1048320, variant=A, eviction_bytes=0, active_logical_cpus=8
command[818/960]="D:\Install\Dev\Projects\IA\Ejercise\cpu-native-arch\build\cpu_native_q4_probe.exe" --cpu 6 --K 512 --target-kib 1024 --depth 4 --variant B --iterations 1 --repetitions 2 --warmup 1
T0 scalar Q4 throughput probe; not an exact model-kernel equivalence claim
shape m=3276 K=512, target_kib=1024, actual_weight_bytes_per_block=1048320, allocated_weight_bytes=4193280, variant=B, eviction_bytes=0, active_logical_cpus=8
command[819/960]="D:\Install\Dev\Projects\IA\Ejercise\cpu-native-arch\build\cpu_native_q4_probe.exe" --cpu 6 --K 512 --target-kib 1024 --depth 4 --variant C --iterations 1 --repetitions 2 --warmup 1
T0 scalar Q4 throughput probe; not an exact model-kernel equivalence claim
shape m=3276 K=512, target_kib=1024, actual_weight_bytes_per_block=1048320, allocated_weight_bytes=1048320, variant=C, eviction_bytes=67108864, active_logical_cpus=8
command[820/960]="D:\Install\Dev\Projects\IA\Ejercise\cpu-native-arch\build\cpu_native_q4_probe.exe" --cpu 6 --K 512 --target-kib 1024 --depth 8 --variant A --iterations 1 --repetitions 2 --warmup 1
T0 scalar Q4 throughput probe; not an exact model-kernel equivalence claim
shape m=3276 K=512, target_kib=1024, actual_weight_bytes_per_block=1048320, allocated_weight_bytes=1048320, variant=A, eviction_bytes=0, active_logical_cpus=8
command[821/960]="D:\Install\Dev\Projects\IA\Ejercise\cpu-native-arch\build\cpu_native_q4_probe.exe" --cpu 6 --K 512 --target-kib 1024 --depth 8 --variant B --iterations 1 --repetitions 2 --warmup 1
T0 scalar Q4 throughput probe; not an exact model-kernel equivalence claim
shape m=3276 K=512, target_kib=1024, actual_weight_bytes_per_block=1048320, allocated_weight_bytes=8386560, variant=B, eviction_bytes=0, active_logical_cpus=8
command[822/960]="D:\Install\Dev\Projects\IA\Ejercise\cpu-native-arch\build\cpu_native_q4_probe.exe" --cpu 6 --K 512 --target-kib 1024 --depth 8 --variant C --iterations 1 --repetitions 2 --warmup 1
T0 scalar Q4 throughput probe; not an exact model-kernel equivalence claim
shape m=3276 K=512, target_kib=1024, actual_weight_bytes_per_block=1048320, allocated_weight_bytes=1048320, variant=C, eviction_bytes=67108864, active_logical_cpus=8
command[823/960]="D:\Install\Dev\Projects\IA\Ejercise\cpu-native-arch\build\cpu_native_q4_probe.exe" --cpu 6 --K 512 --target-kib 1024 --depth 16 --variant A --iterations 1 --repetitions 2 --warmup 1
T0 scalar Q4 throughput probe; not an exact model-kernel equivalence claim
shape m=3276 K=512, target_kib=1024, actual_weight_bytes_per_block=1048320, allocated_weight_bytes=1048320, variant=A, eviction_bytes=0, active_logical_cpus=8
command[824/960]="D:\Install\Dev\Projects\IA\Ejercise\cpu-native-arch\build\cpu_native_q4_probe.exe" --cpu 6 --K 512 --target-kib 1024 --depth 16 --variant B --iterations 1 --repetitions 2 --warmup 1
T0 scalar Q4 throughput probe; not an exact model-kernel equivalence claim
shape m=3276 K=512, target_kib=1024, actual_weight_bytes_per_block=1048320, allocated_weight_bytes=16773120, variant=B, eviction_bytes=0, active_logical_cpus=8
command[825/960]="D:\Install\Dev\Projects\IA\Ejercise\cpu-native-arch\build\cpu_native_q4_probe.exe" --cpu 6 --K 512 --target-kib 1024 --depth 16 --variant C --iterations 1 --repetitions 2 --warmup 1
T0 scalar Q4 throughput probe; not an exact model-kernel equivalence claim
shape m=3276 K=512, target_kib=1024, actual_weight_bytes_per_block=1048320, allocated_weight_bytes=1048320, variant=C, eviction_bytes=67108864, active_logical_cpus=8
command[826/960]="D:\Install\Dev\Projects\IA\Ejercise\cpu-native-arch\build\cpu_native_q4_probe.exe" --cpu 6 --K 512 --target-kib 1280 --depth 1 --variant A --iterations 1 --repetitions 2 --warmup 1
T0 scalar Q4 throughput probe; not an exact model-kernel equivalence claim
shape m=4096 K=512, target_kib=1280, actual_weight_bytes_per_block=1310720, allocated_weight_bytes=1310720, variant=A, eviction_bytes=0, active_logical_cpus=8
command[827/960]="D:\Install\Dev\Projects\IA\Ejercise\cpu-native-arch\build\cpu_native_q4_probe.exe" --cpu 6 --K 512 --target-kib 1280 --depth 1 --variant B --iterations 1 --repetitions 2 --warmup 1
T0 scalar Q4 throughput probe; not an exact model-kernel equivalence claim
shape m=4096 K=512, target_kib=1280, actual_weight_bytes_per_block=1310720, allocated_weight_bytes=1310720, variant=B, eviction_bytes=0, active_logical_cpus=8
command[828/960]="D:\Install\Dev\Projects\IA\Ejercise\cpu-native-arch\build\cpu_native_q4_probe.exe" --cpu 6 --K 512 --target-kib 1280 --depth 1 --variant C --iterations 1 --repetitions 2 --warmup 1
T0 scalar Q4 throughput probe; not an exact model-kernel equivalence claim
shape m=4096 K=512, target_kib=1280, actual_weight_bytes_per_block=1310720, allocated_weight_bytes=1310720, variant=C, eviction_bytes=67108864, active_logical_cpus=8
command[829/960]="D:\Install\Dev\Projects\IA\Ejercise\cpu-native-arch\build\cpu_native_q4_probe.exe" --cpu 6 --K 512 --target-kib 1280 --depth 2 --variant A --iterations 1 --repetitions 2 --warmup 1
T0 scalar Q4 throughput probe; not an exact model-kernel equivalence claim
shape m=4096 K=512, target_kib=1280, actual_weight_bytes_per_block=1310720, allocated_weight_bytes=1310720, variant=A, eviction_bytes=0, active_logical_cpus=8
command[830/960]="D:\Install\Dev\Projects\IA\Ejercise\cpu-native-arch\build\cpu_native_q4_probe.exe" --cpu 6 --K 512 --target-kib 1280 --depth 2 --variant B --iterations 1 --repetitions 2 --warmup 1
T0 scalar Q4 throughput probe; not an exact model-kernel equivalence claim
shape m=4096 K=512, target_kib=1280, actual_weight_bytes_per_block=1310720, allocated_weight_bytes=2621440, variant=B, eviction_bytes=0, active_logical_cpus=8
command[831/960]="D:\Install\Dev\Projects\IA\Ejercise\cpu-native-arch\build\cpu_native_q4_probe.exe" --cpu 6 --K 512 --target-kib 1280 --depth 2 --variant C --iterations 1 --repetitions 2 --warmup 1
T0 scalar Q4 throughput probe; not an exact model-kernel equivalence claim
shape m=4096 K=512, target_kib=1280, actual_weight_bytes_per_block=1310720, allocated_weight_bytes=1310720, variant=C, eviction_bytes=67108864, active_logical_cpus=8
command[832/960]="D:\Install\Dev\Projects\IA\Ejercise\cpu-native-arch\build\cpu_native_q4_probe.exe" --cpu 6 --K 512 --target-kib 1280 --depth 4 --variant A --iterations 1 --repetitions 2 --warmup 1
T0 scalar Q4 throughput probe; not an exact model-kernel equivalence claim
shape m=4096 K=512, target_kib=1280, actual_weight_bytes_per_block=1310720, allocated_weight_bytes=1310720, variant=A, eviction_bytes=0, active_logical_cpus=8
command[833/960]="D:\Install\Dev\Projects\IA\Ejercise\cpu-native-arch\build\cpu_native_q4_probe.exe" --cpu 6 --K 512 --target-kib 1280 --depth 4 --variant B --iterations 1 --repetitions 2 --warmup 1
T0 scalar Q4 throughput probe; not an exact model-kernel equivalence claim
shape m=4096 K=512, target_kib=1280, actual_weight_bytes_per_block=1310720, allocated_weight_bytes=5242880, variant=B, eviction_bytes=0, active_logical_cpus=8
command[834/960]="D:\Install\Dev\Projects\IA\Ejercise\cpu-native-arch\build\cpu_native_q4_probe.exe" --cpu 6 --K 512 --target-kib 1280 --depth 4 --variant C --iterations 1 --repetitions 2 --warmup 1
T0 scalar Q4 throughput probe; not an exact model-kernel equivalence claim
shape m=4096 K=512, target_kib=1280, actual_weight_bytes_per_block=1310720, allocated_weight_bytes=1310720, variant=C, eviction_bytes=67108864, active_logical_cpus=8
command[835/960]="D:\Install\Dev\Projects\IA\Ejercise\cpu-native-arch\build\cpu_native_q4_probe.exe" --cpu 6 --K 512 --target-kib 1280 --depth 8 --variant A --iterations 1 --repetitions 2 --warmup 1
T0 scalar Q4 throughput probe; not an exact model-kernel equivalence claim
shape m=4096 K=512, target_kib=1280, actual_weight_bytes_per_block=1310720, allocated_weight_bytes=1310720, variant=A, eviction_bytes=0, active_logical_cpus=8
command[836/960]="D:\Install\Dev\Projects\IA\Ejercise\cpu-native-arch\build\cpu_native_q4_probe.exe" --cpu 6 --K 512 --target-kib 1280 --depth 8 --variant B --iterations 1 --repetitions 2 --warmup 1
T0 scalar Q4 throughput probe; not an exact model-kernel equivalence claim
shape m=4096 K=512, target_kib=1280, actual_weight_bytes_per_block=1310720, allocated_weight_bytes=10485760, variant=B, eviction_bytes=0, active_logical_cpus=8
command[837/960]="D:\Install\Dev\Projects\IA\Ejercise\cpu-native-arch\build\cpu_native_q4_probe.exe" --cpu 6 --K 512 --target-kib 1280 --depth 8 --variant C --iterations 1 --repetitions 2 --warmup 1
T0 scalar Q4 throughput probe; not an exact model-kernel equivalence claim
shape m=4096 K=512, target_kib=1280, actual_weight_bytes_per_block=1310720, allocated_weight_bytes=1310720, variant=C, eviction_bytes=67108864, active_logical_cpus=8
command[838/960]="D:\Install\Dev\Projects\IA\Ejercise\cpu-native-arch\build\cpu_native_q4_probe.exe" --cpu 6 --K 512 --target-kib 1280 --depth 16 --variant A --iterations 1 --repetitions 2 --warmup 1
T0 scalar Q4 throughput probe; not an exact model-kernel equivalence claim
shape m=4096 K=512, target_kib=1280, actual_weight_bytes_per_block=1310720, allocated_weight_bytes=1310720, variant=A, eviction_bytes=0, active_logical_cpus=8
command[839/960]="D:\Install\Dev\Projects\IA\Ejercise\cpu-native-arch\build\cpu_native_q4_probe.exe" --cpu 6 --K 512 --target-kib 1280 --depth 16 --variant B --iterations 1 --repetitions 2 --warmup 1
T0 scalar Q4 throughput probe; not an exact model-kernel equivalence claim
shape m=4096 K=512, target_kib=1280, actual_weight_bytes_per_block=1310720, allocated_weight_bytes=20971520, variant=B, eviction_bytes=0, active_logical_cpus=8
command[840/960]="D:\Install\Dev\Projects\IA\Ejercise\cpu-native-arch\build\cpu_native_q4_probe.exe" --cpu 6 --K 512 --target-kib 1280 --depth 16 --variant C --iterations 1 --repetitions 2 --warmup 1
T0 scalar Q4 throughput probe; not an exact model-kernel equivalence claim
shape m=4096 K=512, target_kib=1280, actual_weight_bytes_per_block=1310720, allocated_weight_bytes=1310720, variant=C, eviction_bytes=67108864, active_logical_cpus=8
command[841/960]="D:\Install\Dev\Projects\IA\Ejercise\cpu-native-arch\build\cpu_native_q4_probe.exe" --cpu 7 --K 512 --target-kib 256 --depth 1 --variant A --iterations 1 --repetitions 2 --warmup 1
T0 scalar Q4 throughput probe; not an exact model-kernel equivalence claim
shape m=819 K=512, target_kib=256, actual_weight_bytes_per_block=262080, allocated_weight_bytes=262080, variant=A, eviction_bytes=0, active_logical_cpus=8
command[842/960]="D:\Install\Dev\Projects\IA\Ejercise\cpu-native-arch\build\cpu_native_q4_probe.exe" --cpu 7 --K 512 --target-kib 256 --depth 1 --variant B --iterations 1 --repetitions 2 --warmup 1
T0 scalar Q4 throughput probe; not an exact model-kernel equivalence claim
shape m=819 K=512, target_kib=256, actual_weight_bytes_per_block=262080, allocated_weight_bytes=262080, variant=B, eviction_bytes=0, active_logical_cpus=8
command[843/960]="D:\Install\Dev\Projects\IA\Ejercise\cpu-native-arch\build\cpu_native_q4_probe.exe" --cpu 7 --K 512 --target-kib 256 --depth 1 --variant C --iterations 1 --repetitions 2 --warmup 1
T0 scalar Q4 throughput probe; not an exact model-kernel equivalence claim
shape m=819 K=512, target_kib=256, actual_weight_bytes_per_block=262080, allocated_weight_bytes=262080, variant=C, eviction_bytes=67108864, active_logical_cpus=8
command[844/960]="D:\Install\Dev\Projects\IA\Ejercise\cpu-native-arch\build\cpu_native_q4_probe.exe" --cpu 7 --K 512 --target-kib 256 --depth 2 --variant A --iterations 1 --repetitions 2 --warmup 1
T0 scalar Q4 throughput probe; not an exact model-kernel equivalence claim
shape m=819 K=512, target_kib=256, actual_weight_bytes_per_block=262080, allocated_weight_bytes=262080, variant=A, eviction_bytes=0, active_logical_cpus=8
command[845/960]="D:\Install\Dev\Projects\IA\Ejercise\cpu-native-arch\build\cpu_native_q4_probe.exe" --cpu 7 --K 512 --target-kib 256 --depth 2 --variant B --iterations 1 --repetitions 2 --warmup 1
T0 scalar Q4 throughput probe; not an exact model-kernel equivalence claim
shape m=819 K=512, target_kib=256, actual_weight_bytes_per_block=262080, allocated_weight_bytes=524160, variant=B, eviction_bytes=0, active_logical_cpus=8
command[846/960]="D:\Install\Dev\Projects\IA\Ejercise\cpu-native-arch\build\cpu_native_q4_probe.exe" --cpu 7 --K 512 --target-kib 256 --depth 2 --variant C --iterations 1 --repetitions 2 --warmup 1
T0 scalar Q4 throughput probe; not an exact model-kernel equivalence claim
shape m=819 K=512, target_kib=256, actual_weight_bytes_per_block=262080, allocated_weight_bytes=262080, variant=C, eviction_bytes=67108864, active_logical_cpus=8
command[847/960]="D:\Install\Dev\Projects\IA\Ejercise\cpu-native-arch\build\cpu_native_q4_probe.exe" --cpu 7 --K 512 --target-kib 256 --depth 4 --variant A --iterations 1 --repetitions 2 --warmup 1
T0 scalar Q4 throughput probe; not an exact model-kernel equivalence claim
shape m=819 K=512, target_kib=256, actual_weight_bytes_per_block=262080, allocated_weight_bytes=262080, variant=A, eviction_bytes=0, active_logical_cpus=8
command[848/960]="D:\Install\Dev\Projects\IA\Ejercise\cpu-native-arch\build\cpu_native_q4_probe.exe" --cpu 7 --K 512 --target-kib 256 --depth 4 --variant B --iterations 1 --repetitions 2 --warmup 1
T0 scalar Q4 throughput probe; not an exact model-kernel equivalence claim
shape m=819 K=512, target_kib=256, actual_weight_bytes_per_block=262080, allocated_weight_bytes=1048320, variant=B, eviction_bytes=0, active_logical_cpus=8
command[849/960]="D:\Install\Dev\Projects\IA\Ejercise\cpu-native-arch\build\cpu_native_q4_probe.exe" --cpu 7 --K 512 --target-kib 256 --depth 4 --variant C --iterations 1 --repetitions 2 --warmup 1
T0 scalar Q4 throughput probe; not an exact model-kernel equivalence claim
shape m=819 K=512, target_kib=256, actual_weight_bytes_per_block=262080, allocated_weight_bytes=262080, variant=C, eviction_bytes=67108864, active_logical_cpus=8
command[850/960]="D:\Install\Dev\Projects\IA\Ejercise\cpu-native-arch\build\cpu_native_q4_probe.exe" --cpu 7 --K 512 --target-kib 256 --depth 8 --variant A --iterations 1 --repetitions 2 --warmup 1
T0 scalar Q4 throughput probe; not an exact model-kernel equivalence claim
shape m=819 K=512, target_kib=256, actual_weight_bytes_per_block=262080, allocated_weight_bytes=262080, variant=A, eviction_bytes=0, active_logical_cpus=8
command[851/960]="D:\Install\Dev\Projects\IA\Ejercise\cpu-native-arch\build\cpu_native_q4_probe.exe" --cpu 7 --K 512 --target-kib 256 --depth 8 --variant B --iterations 1 --repetitions 2 --warmup 1
T0 scalar Q4 throughput probe; not an exact model-kernel equivalence claim
shape m=819 K=512, target_kib=256, actual_weight_bytes_per_block=262080, allocated_weight_bytes=2096640, variant=B, eviction_bytes=0, active_logical_cpus=8
command[852/960]="D:\Install\Dev\Projects\IA\Ejercise\cpu-native-arch\build\cpu_native_q4_probe.exe" --cpu 7 --K 512 --target-kib 256 --depth 8 --variant C --iterations 1 --repetitions 2 --warmup 1
T0 scalar Q4 throughput probe; not an exact model-kernel equivalence claim
shape m=819 K=512, target_kib=256, actual_weight_bytes_per_block=262080, allocated_weight_bytes=262080, variant=C, eviction_bytes=67108864, active_logical_cpus=8
command[853/960]="D:\Install\Dev\Projects\IA\Ejercise\cpu-native-arch\build\cpu_native_q4_probe.exe" --cpu 7 --K 512 --target-kib 256 --depth 16 --variant A --iterations 1 --repetitions 2 --warmup 1
T0 scalar Q4 throughput probe; not an exact model-kernel equivalence claim
shape m=819 K=512, target_kib=256, actual_weight_bytes_per_block=262080, allocated_weight_bytes=262080, variant=A, eviction_bytes=0, active_logical_cpus=8
command[854/960]="D:\Install\Dev\Projects\IA\Ejercise\cpu-native-arch\build\cpu_native_q4_probe.exe" --cpu 7 --K 512 --target-kib 256 --depth 16 --variant B --iterations 1 --repetitions 2 --warmup 1
T0 scalar Q4 throughput probe; not an exact model-kernel equivalence claim
shape m=819 K=512, target_kib=256, actual_weight_bytes_per_block=262080, allocated_weight_bytes=4193280, variant=B, eviction_bytes=0, active_logical_cpus=8
command[855/960]="D:\Install\Dev\Projects\IA\Ejercise\cpu-native-arch\build\cpu_native_q4_probe.exe" --cpu 7 --K 512 --target-kib 256 --depth 16 --variant C --iterations 1 --repetitions 2 --warmup 1
T0 scalar Q4 throughput probe; not an exact model-kernel equivalence claim
shape m=819 K=512, target_kib=256, actual_weight_bytes_per_block=262080, allocated_weight_bytes=262080, variant=C, eviction_bytes=67108864, active_logical_cpus=8
command[856/960]="D:\Install\Dev\Projects\IA\Ejercise\cpu-native-arch\build\cpu_native_q4_probe.exe" --cpu 7 --K 512 --target-kib 384 --depth 1 --variant A --iterations 1 --repetitions 2 --warmup 1
T0 scalar Q4 throughput probe; not an exact model-kernel equivalence claim
shape m=1228 K=512, target_kib=384, actual_weight_bytes_per_block=392960, allocated_weight_bytes=392960, variant=A, eviction_bytes=0, active_logical_cpus=8
command[857/960]="D:\Install\Dev\Projects\IA\Ejercise\cpu-native-arch\build\cpu_native_q4_probe.exe" --cpu 7 --K 512 --target-kib 384 --depth 1 --variant B --iterations 1 --repetitions 2 --warmup 1
T0 scalar Q4 throughput probe; not an exact model-kernel equivalence claim
shape m=1228 K=512, target_kib=384, actual_weight_bytes_per_block=392960, allocated_weight_bytes=392960, variant=B, eviction_bytes=0, active_logical_cpus=8
command[858/960]="D:\Install\Dev\Projects\IA\Ejercise\cpu-native-arch\build\cpu_native_q4_probe.exe" --cpu 7 --K 512 --target-kib 384 --depth 1 --variant C --iterations 1 --repetitions 2 --warmup 1
T0 scalar Q4 throughput probe; not an exact model-kernel equivalence claim
shape m=1228 K=512, target_kib=384, actual_weight_bytes_per_block=392960, allocated_weight_bytes=392960, variant=C, eviction_bytes=67108864, active_logical_cpus=8
command[859/960]="D:\Install\Dev\Projects\IA\Ejercise\cpu-native-arch\build\cpu_native_q4_probe.exe" --cpu 7 --K 512 --target-kib 384 --depth 2 --variant A --iterations 1 --repetitions 2 --warmup 1
T0 scalar Q4 throughput probe; not an exact model-kernel equivalence claim
shape m=1228 K=512, target_kib=384, actual_weight_bytes_per_block=392960, allocated_weight_bytes=392960, variant=A, eviction_bytes=0, active_logical_cpus=8
command[860/960]="D:\Install\Dev\Projects\IA\Ejercise\cpu-native-arch\build\cpu_native_q4_probe.exe" --cpu 7 --K 512 --target-kib 384 --depth 2 --variant B --iterations 1 --repetitions 2 --warmup 1
T0 scalar Q4 throughput probe; not an exact model-kernel equivalence claim
shape m=1228 K=512, target_kib=384, actual_weight_bytes_per_block=392960, allocated_weight_bytes=785920, variant=B, eviction_bytes=0, active_logical_cpus=8
command[861/960]="D:\Install\Dev\Projects\IA\Ejercise\cpu-native-arch\build\cpu_native_q4_probe.exe" --cpu 7 --K 512 --target-kib 384 --depth 2 --variant C --iterations 1 --repetitions 2 --warmup 1
T0 scalar Q4 throughput probe; not an exact model-kernel equivalence claim
shape m=1228 K=512, target_kib=384, actual_weight_bytes_per_block=392960, allocated_weight_bytes=392960, variant=C, eviction_bytes=67108864, active_logical_cpus=8
command[862/960]="D:\Install\Dev\Projects\IA\Ejercise\cpu-native-arch\build\cpu_native_q4_probe.exe" --cpu 7 --K 512 --target-kib 384 --depth 4 --variant A --iterations 1 --repetitions 2 --warmup 1
T0 scalar Q4 throughput probe; not an exact model-kernel equivalence claim
shape m=1228 K=512, target_kib=384, actual_weight_bytes_per_block=392960, allocated_weight_bytes=392960, variant=A, eviction_bytes=0, active_logical_cpus=8
command[863/960]="D:\Install\Dev\Projects\IA\Ejercise\cpu-native-arch\build\cpu_native_q4_probe.exe" --cpu 7 --K 512 --target-kib 384 --depth 4 --variant B --iterations 1 --repetitions 2 --warmup 1
T0 scalar Q4 throughput probe; not an exact model-kernel equivalence claim
shape m=1228 K=512, target_kib=384, actual_weight_bytes_per_block=392960, allocated_weight_bytes=1571840, variant=B, eviction_bytes=0, active_logical_cpus=8
command[864/960]="D:\Install\Dev\Projects\IA\Ejercise\cpu-native-arch\build\cpu_native_q4_probe.exe" --cpu 7 --K 512 --target-kib 384 --depth 4 --variant C --iterations 1 --repetitions 2 --warmup 1
T0 scalar Q4 throughput probe; not an exact model-kernel equivalence claim
shape m=1228 K=512, target_kib=384, actual_weight_bytes_per_block=392960, allocated_weight_bytes=392960, variant=C, eviction_bytes=67108864, active_logical_cpus=8
command[865/960]="D:\Install\Dev\Projects\IA\Ejercise\cpu-native-arch\build\cpu_native_q4_probe.exe" --cpu 7 --K 512 --target-kib 384 --depth 8 --variant A --iterations 1 --repetitions 2 --warmup 1
T0 scalar Q4 throughput probe; not an exact model-kernel equivalence claim
shape m=1228 K=512, target_kib=384, actual_weight_bytes_per_block=392960, allocated_weight_bytes=392960, variant=A, eviction_bytes=0, active_logical_cpus=8
command[866/960]="D:\Install\Dev\Projects\IA\Ejercise\cpu-native-arch\build\cpu_native_q4_probe.exe" --cpu 7 --K 512 --target-kib 384 --depth 8 --variant B --iterations 1 --repetitions 2 --warmup 1
T0 scalar Q4 throughput probe; not an exact model-kernel equivalence claim
shape m=1228 K=512, target_kib=384, actual_weight_bytes_per_block=392960, allocated_weight_bytes=3143680, variant=B, eviction_bytes=0, active_logical_cpus=8
command[867/960]="D:\Install\Dev\Projects\IA\Ejercise\cpu-native-arch\build\cpu_native_q4_probe.exe" --cpu 7 --K 512 --target-kib 384 --depth 8 --variant C --iterations 1 --repetitions 2 --warmup 1
T0 scalar Q4 throughput probe; not an exact model-kernel equivalence claim
shape m=1228 K=512, target_kib=384, actual_weight_bytes_per_block=392960, allocated_weight_bytes=392960, variant=C, eviction_bytes=67108864, active_logical_cpus=8
command[868/960]="D:\Install\Dev\Projects\IA\Ejercise\cpu-native-arch\build\cpu_native_q4_probe.exe" --cpu 7 --K 512 --target-kib 384 --depth 16 --variant A --iterations 1 --repetitions 2 --warmup 1
T0 scalar Q4 throughput probe; not an exact model-kernel equivalence claim
shape m=1228 K=512, target_kib=384, actual_weight_bytes_per_block=392960, allocated_weight_bytes=392960, variant=A, eviction_bytes=0, active_logical_cpus=8
command[869/960]="D:\Install\Dev\Projects\IA\Ejercise\cpu-native-arch\build\cpu_native_q4_probe.exe" --cpu 7 --K 512 --target-kib 384 --depth 16 --variant B --iterations 1 --repetitions 2 --warmup 1
T0 scalar Q4 throughput probe; not an exact model-kernel equivalence claim
shape m=1228 K=512, target_kib=384, actual_weight_bytes_per_block=392960, allocated_weight_bytes=6287360, variant=B, eviction_bytes=0, active_logical_cpus=8
command[870/960]="D:\Install\Dev\Projects\IA\Ejercise\cpu-native-arch\build\cpu_native_q4_probe.exe" --cpu 7 --K 512 --target-kib 384 --depth 16 --variant C --iterations 1 --repetitions 2 --warmup 1
T0 scalar Q4 throughput probe; not an exact model-kernel equivalence claim
shape m=1228 K=512, target_kib=384, actual_weight_bytes_per_block=392960, allocated_weight_bytes=392960, variant=C, eviction_bytes=67108864, active_logical_cpus=8
command[871/960]="D:\Install\Dev\Projects\IA\Ejercise\cpu-native-arch\build\cpu_native_q4_probe.exe" --cpu 7 --K 512 --target-kib 512 --depth 1 --variant A --iterations 1 --repetitions 2 --warmup 1
T0 scalar Q4 throughput probe; not an exact model-kernel equivalence claim
shape m=1638 K=512, target_kib=512, actual_weight_bytes_per_block=524160, allocated_weight_bytes=524160, variant=A, eviction_bytes=0, active_logical_cpus=8
command[872/960]="D:\Install\Dev\Projects\IA\Ejercise\cpu-native-arch\build\cpu_native_q4_probe.exe" --cpu 7 --K 512 --target-kib 512 --depth 1 --variant B --iterations 1 --repetitions 2 --warmup 1
T0 scalar Q4 throughput probe; not an exact model-kernel equivalence claim
shape m=1638 K=512, target_kib=512, actual_weight_bytes_per_block=524160, allocated_weight_bytes=524160, variant=B, eviction_bytes=0, active_logical_cpus=8
command[873/960]="D:\Install\Dev\Projects\IA\Ejercise\cpu-native-arch\build\cpu_native_q4_probe.exe" --cpu 7 --K 512 --target-kib 512 --depth 1 --variant C --iterations 1 --repetitions 2 --warmup 1
T0 scalar Q4 throughput probe; not an exact model-kernel equivalence claim
shape m=1638 K=512, target_kib=512, actual_weight_bytes_per_block=524160, allocated_weight_bytes=524160, variant=C, eviction_bytes=67108864, active_logical_cpus=8
command[874/960]="D:\Install\Dev\Projects\IA\Ejercise\cpu-native-arch\build\cpu_native_q4_probe.exe" --cpu 7 --K 512 --target-kib 512 --depth 2 --variant A --iterations 1 --repetitions 2 --warmup 1
T0 scalar Q4 throughput probe; not an exact model-kernel equivalence claim
shape m=1638 K=512, target_kib=512, actual_weight_bytes_per_block=524160, allocated_weight_bytes=524160, variant=A, eviction_bytes=0, active_logical_cpus=8
command[875/960]="D:\Install\Dev\Projects\IA\Ejercise\cpu-native-arch\build\cpu_native_q4_probe.exe" --cpu 7 --K 512 --target-kib 512 --depth 2 --variant B --iterations 1 --repetitions 2 --warmup 1
T0 scalar Q4 throughput probe; not an exact model-kernel equivalence claim
shape m=1638 K=512, target_kib=512, actual_weight_bytes_per_block=524160, allocated_weight_bytes=1048320, variant=B, eviction_bytes=0, active_logical_cpus=8
command[876/960]="D:\Install\Dev\Projects\IA\Ejercise\cpu-native-arch\build\cpu_native_q4_probe.exe" --cpu 7 --K 512 --target-kib 512 --depth 2 --variant C --iterations 1 --repetitions 2 --warmup 1
T0 scalar Q4 throughput probe; not an exact model-kernel equivalence claim
shape m=1638 K=512, target_kib=512, actual_weight_bytes_per_block=524160, allocated_weight_bytes=524160, variant=C, eviction_bytes=67108864, active_logical_cpus=8
command[877/960]="D:\Install\Dev\Projects\IA\Ejercise\cpu-native-arch\build\cpu_native_q4_probe.exe" --cpu 7 --K 512 --target-kib 512 --depth 4 --variant A --iterations 1 --repetitions 2 --warmup 1
T0 scalar Q4 throughput probe; not an exact model-kernel equivalence claim
shape m=1638 K=512, target_kib=512, actual_weight_bytes_per_block=524160, allocated_weight_bytes=524160, variant=A, eviction_bytes=0, active_logical_cpus=8
command[878/960]="D:\Install\Dev\Projects\IA\Ejercise\cpu-native-arch\build\cpu_native_q4_probe.exe" --cpu 7 --K 512 --target-kib 512 --depth 4 --variant B --iterations 1 --repetitions 2 --warmup 1
T0 scalar Q4 throughput probe; not an exact model-kernel equivalence claim
shape m=1638 K=512, target_kib=512, actual_weight_bytes_per_block=524160, allocated_weight_bytes=2096640, variant=B, eviction_bytes=0, active_logical_cpus=8
command[879/960]="D:\Install\Dev\Projects\IA\Ejercise\cpu-native-arch\build\cpu_native_q4_probe.exe" --cpu 7 --K 512 --target-kib 512 --depth 4 --variant C --iterations 1 --repetitions 2 --warmup 1
T0 scalar Q4 throughput probe; not an exact model-kernel equivalence claim
shape m=1638 K=512, target_kib=512, actual_weight_bytes_per_block=524160, allocated_weight_bytes=524160, variant=C, eviction_bytes=67108864, active_logical_cpus=8
command[880/960]="D:\Install\Dev\Projects\IA\Ejercise\cpu-native-arch\build\cpu_native_q4_probe.exe" --cpu 7 --K 512 --target-kib 512 --depth 8 --variant A --iterations 1 --repetitions 2 --warmup 1
T0 scalar Q4 throughput probe; not an exact model-kernel equivalence claim
shape m=1638 K=512, target_kib=512, actual_weight_bytes_per_block=524160, allocated_weight_bytes=524160, variant=A, eviction_bytes=0, active_logical_cpus=8
command[881/960]="D:\Install\Dev\Projects\IA\Ejercise\cpu-native-arch\build\cpu_native_q4_probe.exe" --cpu 7 --K 512 --target-kib 512 --depth 8 --variant B --iterations 1 --repetitions 2 --warmup 1
T0 scalar Q4 throughput probe; not an exact model-kernel equivalence claim
shape m=1638 K=512, target_kib=512, actual_weight_bytes_per_block=524160, allocated_weight_bytes=4193280, variant=B, eviction_bytes=0, active_logical_cpus=8
command[882/960]="D:\Install\Dev\Projects\IA\Ejercise\cpu-native-arch\build\cpu_native_q4_probe.exe" --cpu 7 --K 512 --target-kib 512 --depth 8 --variant C --iterations 1 --repetitions 2 --warmup 1
T0 scalar Q4 throughput probe; not an exact model-kernel equivalence claim
shape m=1638 K=512, target_kib=512, actual_weight_bytes_per_block=524160, allocated_weight_bytes=524160, variant=C, eviction_bytes=67108864, active_logical_cpus=8
command[883/960]="D:\Install\Dev\Projects\IA\Ejercise\cpu-native-arch\build\cpu_native_q4_probe.exe" --cpu 7 --K 512 --target-kib 512 --depth 16 --variant A --iterations 1 --repetitions 2 --warmup 1
T0 scalar Q4 throughput probe; not an exact model-kernel equivalence claim
shape m=1638 K=512, target_kib=512, actual_weight_bytes_per_block=524160, allocated_weight_bytes=524160, variant=A, eviction_bytes=0, active_logical_cpus=8
command[884/960]="D:\Install\Dev\Projects\IA\Ejercise\cpu-native-arch\build\cpu_native_q4_probe.exe" --cpu 7 --K 512 --target-kib 512 --depth 16 --variant B --iterations 1 --repetitions 2 --warmup 1
T0 scalar Q4 throughput probe; not an exact model-kernel equivalence claim
shape m=1638 K=512, target_kib=512, actual_weight_bytes_per_block=524160, allocated_weight_bytes=8386560, variant=B, eviction_bytes=0, active_logical_cpus=8
command[885/960]="D:\Install\Dev\Projects\IA\Ejercise\cpu-native-arch\build\cpu_native_q4_probe.exe" --cpu 7 --K 512 --target-kib 512 --depth 16 --variant C --iterations 1 --repetitions 2 --warmup 1
T0 scalar Q4 throughput probe; not an exact model-kernel equivalence claim
shape m=1638 K=512, target_kib=512, actual_weight_bytes_per_block=524160, allocated_weight_bytes=524160, variant=C, eviction_bytes=67108864, active_logical_cpus=8
command[886/960]="D:\Install\Dev\Projects\IA\Ejercise\cpu-native-arch\build\cpu_native_q4_probe.exe" --cpu 7 --K 512 --target-kib 640 --depth 1 --variant A --iterations 1 --repetitions 2 --warmup 1
T0 scalar Q4 throughput probe; not an exact model-kernel equivalence claim
shape m=2048 K=512, target_kib=640, actual_weight_bytes_per_block=655360, allocated_weight_bytes=655360, variant=A, eviction_bytes=0, active_logical_cpus=8
command[887/960]="D:\Install\Dev\Projects\IA\Ejercise\cpu-native-arch\build\cpu_native_q4_probe.exe" --cpu 7 --K 512 --target-kib 640 --depth 1 --variant B --iterations 1 --repetitions 2 --warmup 1
T0 scalar Q4 throughput probe; not an exact model-kernel equivalence claim
shape m=2048 K=512, target_kib=640, actual_weight_bytes_per_block=655360, allocated_weight_bytes=655360, variant=B, eviction_bytes=0, active_logical_cpus=8
command[888/960]="D:\Install\Dev\Projects\IA\Ejercise\cpu-native-arch\build\cpu_native_q4_probe.exe" --cpu 7 --K 512 --target-kib 640 --depth 1 --variant C --iterations 1 --repetitions 2 --warmup 1
T0 scalar Q4 throughput probe; not an exact model-kernel equivalence claim
shape m=2048 K=512, target_kib=640, actual_weight_bytes_per_block=655360, allocated_weight_bytes=655360, variant=C, eviction_bytes=67108864, active_logical_cpus=8
command[889/960]="D:\Install\Dev\Projects\IA\Ejercise\cpu-native-arch\build\cpu_native_q4_probe.exe" --cpu 7 --K 512 --target-kib 640 --depth 2 --variant A --iterations 1 --repetitions 2 --warmup 1
T0 scalar Q4 throughput probe; not an exact model-kernel equivalence claim
shape m=2048 K=512, target_kib=640, actual_weight_bytes_per_block=655360, allocated_weight_bytes=655360, variant=A, eviction_bytes=0, active_logical_cpus=8
command[890/960]="D:\Install\Dev\Projects\IA\Ejercise\cpu-native-arch\build\cpu_native_q4_probe.exe" --cpu 7 --K 512 --target-kib 640 --depth 2 --variant B --iterations 1 --repetitions 2 --warmup 1
T0 scalar Q4 throughput probe; not an exact model-kernel equivalence claim
shape m=2048 K=512, target_kib=640, actual_weight_bytes_per_block=655360, allocated_weight_bytes=1310720, variant=B, eviction_bytes=0, active_logical_cpus=8
command[891/960]="D:\Install\Dev\Projects\IA\Ejercise\cpu-native-arch\build\cpu_native_q4_probe.exe" --cpu 7 --K 512 --target-kib 640 --depth 2 --variant C --iterations 1 --repetitions 2 --warmup 1
T0 scalar Q4 throughput probe; not an exact model-kernel equivalence claim
shape m=2048 K=512, target_kib=640, actual_weight_bytes_per_block=655360, allocated_weight_bytes=655360, variant=C, eviction_bytes=67108864, active_logical_cpus=8
command[892/960]="D:\Install\Dev\Projects\IA\Ejercise\cpu-native-arch\build\cpu_native_q4_probe.exe" --cpu 7 --K 512 --target-kib 640 --depth 4 --variant A --iterations 1 --repetitions 2 --warmup 1
T0 scalar Q4 throughput probe; not an exact model-kernel equivalence claim
shape m=2048 K=512, target_kib=640, actual_weight_bytes_per_block=655360, allocated_weight_bytes=655360, variant=A, eviction_bytes=0, active_logical_cpus=8
command[893/960]="D:\Install\Dev\Projects\IA\Ejercise\cpu-native-arch\build\cpu_native_q4_probe.exe" --cpu 7 --K 512 --target-kib 640 --depth 4 --variant B --iterations 1 --repetitions 2 --warmup 1
T0 scalar Q4 throughput probe; not an exact model-kernel equivalence claim
shape m=2048 K=512, target_kib=640, actual_weight_bytes_per_block=655360, allocated_weight_bytes=2621440, variant=B, eviction_bytes=0, active_logical_cpus=8
command[894/960]="D:\Install\Dev\Projects\IA\Ejercise\cpu-native-arch\build\cpu_native_q4_probe.exe" --cpu 7 --K 512 --target-kib 640 --depth 4 --variant C --iterations 1 --repetitions 2 --warmup 1
T0 scalar Q4 throughput probe; not an exact model-kernel equivalence claim
shape m=2048 K=512, target_kib=640, actual_weight_bytes_per_block=655360, allocated_weight_bytes=655360, variant=C, eviction_bytes=67108864, active_logical_cpus=8
command[895/960]="D:\Install\Dev\Projects\IA\Ejercise\cpu-native-arch\build\cpu_native_q4_probe.exe" --cpu 7 --K 512 --target-kib 640 --depth 8 --variant A --iterations 1 --repetitions 2 --warmup 1
T0 scalar Q4 throughput probe; not an exact model-kernel equivalence claim
shape m=2048 K=512, target_kib=640, actual_weight_bytes_per_block=655360, allocated_weight_bytes=655360, variant=A, eviction_bytes=0, active_logical_cpus=8
command[896/960]="D:\Install\Dev\Projects\IA\Ejercise\cpu-native-arch\build\cpu_native_q4_probe.exe" --cpu 7 --K 512 --target-kib 640 --depth 8 --variant B --iterations 1 --repetitions 2 --warmup 1
T0 scalar Q4 throughput probe; not an exact model-kernel equivalence claim
shape m=2048 K=512, target_kib=640, actual_weight_bytes_per_block=655360, allocated_weight_bytes=5242880, variant=B, eviction_bytes=0, active_logical_cpus=8
command[897/960]="D:\Install\Dev\Projects\IA\Ejercise\cpu-native-arch\build\cpu_native_q4_probe.exe" --cpu 7 --K 512 --target-kib 640 --depth 8 --variant C --iterations 1 --repetitions 2 --warmup 1
T0 scalar Q4 throughput probe; not an exact model-kernel equivalence claim
shape m=2048 K=512, target_kib=640, actual_weight_bytes_per_block=655360, allocated_weight_bytes=655360, variant=C, eviction_bytes=67108864, active_logical_cpus=8
command[898/960]="D:\Install\Dev\Projects\IA\Ejercise\cpu-native-arch\build\cpu_native_q4_probe.exe" --cpu 7 --K 512 --target-kib 640 --depth 16 --variant A --iterations 1 --repetitions 2 --warmup 1
T0 scalar Q4 throughput probe; not an exact model-kernel equivalence claim
shape m=2048 K=512, target_kib=640, actual_weight_bytes_per_block=655360, allocated_weight_bytes=655360, variant=A, eviction_bytes=0, active_logical_cpus=8
command[899/960]="D:\Install\Dev\Projects\IA\Ejercise\cpu-native-arch\build\cpu_native_q4_probe.exe" --cpu 7 --K 512 --target-kib 640 --depth 16 --variant B --iterations 1 --repetitions 2 --warmup 1
T0 scalar Q4 throughput probe; not an exact model-kernel equivalence claim
shape m=2048 K=512, target_kib=640, actual_weight_bytes_per_block=655360, allocated_weight_bytes=10485760, variant=B, eviction_bytes=0, active_logical_cpus=8
command[900/960]="D:\Install\Dev\Projects\IA\Ejercise\cpu-native-arch\build\cpu_native_q4_probe.exe" --cpu 7 --K 512 --target-kib 640 --depth 16 --variant C --iterations 1 --repetitions 2 --warmup 1
T0 scalar Q4 throughput probe; not an exact model-kernel equivalence claim
shape m=2048 K=512, target_kib=640, actual_weight_bytes_per_block=655360, allocated_weight_bytes=655360, variant=C, eviction_bytes=67108864, active_logical_cpus=8
command[901/960]="D:\Install\Dev\Projects\IA\Ejercise\cpu-native-arch\build\cpu_native_q4_probe.exe" --cpu 7 --K 512 --target-kib 768 --depth 1 --variant A --iterations 1 --repetitions 2 --warmup 1
T0 scalar Q4 throughput probe; not an exact model-kernel equivalence claim
shape m=2457 K=512, target_kib=768, actual_weight_bytes_per_block=786240, allocated_weight_bytes=786240, variant=A, eviction_bytes=0, active_logical_cpus=8
command[902/960]="D:\Install\Dev\Projects\IA\Ejercise\cpu-native-arch\build\cpu_native_q4_probe.exe" --cpu 7 --K 512 --target-kib 768 --depth 1 --variant B --iterations 1 --repetitions 2 --warmup 1
T0 scalar Q4 throughput probe; not an exact model-kernel equivalence claim
shape m=2457 K=512, target_kib=768, actual_weight_bytes_per_block=786240, allocated_weight_bytes=786240, variant=B, eviction_bytes=0, active_logical_cpus=8
command[903/960]="D:\Install\Dev\Projects\IA\Ejercise\cpu-native-arch\build\cpu_native_q4_probe.exe" --cpu 7 --K 512 --target-kib 768 --depth 1 --variant C --iterations 1 --repetitions 2 --warmup 1
T0 scalar Q4 throughput probe; not an exact model-kernel equivalence claim
shape m=2457 K=512, target_kib=768, actual_weight_bytes_per_block=786240, allocated_weight_bytes=786240, variant=C, eviction_bytes=67108864, active_logical_cpus=8
command[904/960]="D:\Install\Dev\Projects\IA\Ejercise\cpu-native-arch\build\cpu_native_q4_probe.exe" --cpu 7 --K 512 --target-kib 768 --depth 2 --variant A --iterations 1 --repetitions 2 --warmup 1
T0 scalar Q4 throughput probe; not an exact model-kernel equivalence claim
shape m=2457 K=512, target_kib=768, actual_weight_bytes_per_block=786240, allocated_weight_bytes=786240, variant=A, eviction_bytes=0, active_logical_cpus=8
command[905/960]="D:\Install\Dev\Projects\IA\Ejercise\cpu-native-arch\build\cpu_native_q4_probe.exe" --cpu 7 --K 512 --target-kib 768 --depth 2 --variant B --iterations 1 --repetitions 2 --warmup 1
T0 scalar Q4 throughput probe; not an exact model-kernel equivalence claim
shape m=2457 K=512, target_kib=768, actual_weight_bytes_per_block=786240, allocated_weight_bytes=1572480, variant=B, eviction_bytes=0, active_logical_cpus=8
command[906/960]="D:\Install\Dev\Projects\IA\Ejercise\cpu-native-arch\build\cpu_native_q4_probe.exe" --cpu 7 --K 512 --target-kib 768 --depth 2 --variant C --iterations 1 --repetitions 2 --warmup 1
T0 scalar Q4 throughput probe; not an exact model-kernel equivalence claim
shape m=2457 K=512, target_kib=768, actual_weight_bytes_per_block=786240, allocated_weight_bytes=786240, variant=C, eviction_bytes=67108864, active_logical_cpus=8
command[907/960]="D:\Install\Dev\Projects\IA\Ejercise\cpu-native-arch\build\cpu_native_q4_probe.exe" --cpu 7 --K 512 --target-kib 768 --depth 4 --variant A --iterations 1 --repetitions 2 --warmup 1
T0 scalar Q4 throughput probe; not an exact model-kernel equivalence claim
shape m=2457 K=512, target_kib=768, actual_weight_bytes_per_block=786240, allocated_weight_bytes=786240, variant=A, eviction_bytes=0, active_logical_cpus=8
command[908/960]="D:\Install\Dev\Projects\IA\Ejercise\cpu-native-arch\build\cpu_native_q4_probe.exe" --cpu 7 --K 512 --target-kib 768 --depth 4 --variant B --iterations 1 --repetitions 2 --warmup 1
T0 scalar Q4 throughput probe; not an exact model-kernel equivalence claim
shape m=2457 K=512, target_kib=768, actual_weight_bytes_per_block=786240, allocated_weight_bytes=3144960, variant=B, eviction_bytes=0, active_logical_cpus=8
command[909/960]="D:\Install\Dev\Projects\IA\Ejercise\cpu-native-arch\build\cpu_native_q4_probe.exe" --cpu 7 --K 512 --target-kib 768 --depth 4 --variant C --iterations 1 --repetitions 2 --warmup 1
T0 scalar Q4 throughput probe; not an exact model-kernel equivalence claim
shape m=2457 K=512, target_kib=768, actual_weight_bytes_per_block=786240, allocated_weight_bytes=786240, variant=C, eviction_bytes=67108864, active_logical_cpus=8
command[910/960]="D:\Install\Dev\Projects\IA\Ejercise\cpu-native-arch\build\cpu_native_q4_probe.exe" --cpu 7 --K 512 --target-kib 768 --depth 8 --variant A --iterations 1 --repetitions 2 --warmup 1
T0 scalar Q4 throughput probe; not an exact model-kernel equivalence claim
shape m=2457 K=512, target_kib=768, actual_weight_bytes_per_block=786240, allocated_weight_bytes=786240, variant=A, eviction_bytes=0, active_logical_cpus=8
command[911/960]="D:\Install\Dev\Projects\IA\Ejercise\cpu-native-arch\build\cpu_native_q4_probe.exe" --cpu 7 --K 512 --target-kib 768 --depth 8 --variant B --iterations 1 --repetitions 2 --warmup 1
T0 scalar Q4 throughput probe; not an exact model-kernel equivalence claim
shape m=2457 K=512, target_kib=768, actual_weight_bytes_per_block=786240, allocated_weight_bytes=6289920, variant=B, eviction_bytes=0, active_logical_cpus=8
command[912/960]="D:\Install\Dev\Projects\IA\Ejercise\cpu-native-arch\build\cpu_native_q4_probe.exe" --cpu 7 --K 512 --target-kib 768 --depth 8 --variant C --iterations 1 --repetitions 2 --warmup 1
T0 scalar Q4 throughput probe; not an exact model-kernel equivalence claim
shape m=2457 K=512, target_kib=768, actual_weight_bytes_per_block=786240, allocated_weight_bytes=786240, variant=C, eviction_bytes=67108864, active_logical_cpus=8
command[913/960]="D:\Install\Dev\Projects\IA\Ejercise\cpu-native-arch\build\cpu_native_q4_probe.exe" --cpu 7 --K 512 --target-kib 768 --depth 16 --variant A --iterations 1 --repetitions 2 --warmup 1
T0 scalar Q4 throughput probe; not an exact model-kernel equivalence claim
shape m=2457 K=512, target_kib=768, actual_weight_bytes_per_block=786240, allocated_weight_bytes=786240, variant=A, eviction_bytes=0, active_logical_cpus=8
command[914/960]="D:\Install\Dev\Projects\IA\Ejercise\cpu-native-arch\build\cpu_native_q4_probe.exe" --cpu 7 --K 512 --target-kib 768 --depth 16 --variant B --iterations 1 --repetitions 2 --warmup 1
T0 scalar Q4 throughput probe; not an exact model-kernel equivalence claim
shape m=2457 K=512, target_kib=768, actual_weight_bytes_per_block=786240, allocated_weight_bytes=12579840, variant=B, eviction_bytes=0, active_logical_cpus=8
command[915/960]="D:\Install\Dev\Projects\IA\Ejercise\cpu-native-arch\build\cpu_native_q4_probe.exe" --cpu 7 --K 512 --target-kib 768 --depth 16 --variant C --iterations 1 --repetitions 2 --warmup 1
T0 scalar Q4 throughput probe; not an exact model-kernel equivalence claim
shape m=2457 K=512, target_kib=768, actual_weight_bytes_per_block=786240, allocated_weight_bytes=786240, variant=C, eviction_bytes=67108864, active_logical_cpus=8
command[916/960]="D:\Install\Dev\Projects\IA\Ejercise\cpu-native-arch\build\cpu_native_q4_probe.exe" --cpu 7 --K 512 --target-kib 896 --depth 1 --variant A --iterations 1 --repetitions 2 --warmup 1
T0 scalar Q4 throughput probe; not an exact model-kernel equivalence claim
shape m=2867 K=512, target_kib=896, actual_weight_bytes_per_block=917440, allocated_weight_bytes=917440, variant=A, eviction_bytes=0, active_logical_cpus=8
command[917/960]="D:\Install\Dev\Projects\IA\Ejercise\cpu-native-arch\build\cpu_native_q4_probe.exe" --cpu 7 --K 512 --target-kib 896 --depth 1 --variant B --iterations 1 --repetitions 2 --warmup 1
T0 scalar Q4 throughput probe; not an exact model-kernel equivalence claim
shape m=2867 K=512, target_kib=896, actual_weight_bytes_per_block=917440, allocated_weight_bytes=917440, variant=B, eviction_bytes=0, active_logical_cpus=8
command[918/960]="D:\Install\Dev\Projects\IA\Ejercise\cpu-native-arch\build\cpu_native_q4_probe.exe" --cpu 7 --K 512 --target-kib 896 --depth 1 --variant C --iterations 1 --repetitions 2 --warmup 1
T0 scalar Q4 throughput probe; not an exact model-kernel equivalence claim
shape m=2867 K=512, target_kib=896, actual_weight_bytes_per_block=917440, allocated_weight_bytes=917440, variant=C, eviction_bytes=67108864, active_logical_cpus=8
command[919/960]="D:\Install\Dev\Projects\IA\Ejercise\cpu-native-arch\build\cpu_native_q4_probe.exe" --cpu 7 --K 512 --target-kib 896 --depth 2 --variant A --iterations 1 --repetitions 2 --warmup 1
T0 scalar Q4 throughput probe; not an exact model-kernel equivalence claim
shape m=2867 K=512, target_kib=896, actual_weight_bytes_per_block=917440, allocated_weight_bytes=917440, variant=A, eviction_bytes=0, active_logical_cpus=8
command[920/960]="D:\Install\Dev\Projects\IA\Ejercise\cpu-native-arch\build\cpu_native_q4_probe.exe" --cpu 7 --K 512 --target-kib 896 --depth 2 --variant B --iterations 1 --repetitions 2 --warmup 1
T0 scalar Q4 throughput probe; not an exact model-kernel equivalence claim
shape m=2867 K=512, target_kib=896, actual_weight_bytes_per_block=917440, allocated_weight_bytes=1834880, variant=B, eviction_bytes=0, active_logical_cpus=8
command[921/960]="D:\Install\Dev\Projects\IA\Ejercise\cpu-native-arch\build\cpu_native_q4_probe.exe" --cpu 7 --K 512 --target-kib 896 --depth 2 --variant C --iterations 1 --repetitions 2 --warmup 1
T0 scalar Q4 throughput probe; not an exact model-kernel equivalence claim
shape m=2867 K=512, target_kib=896, actual_weight_bytes_per_block=917440, allocated_weight_bytes=917440, variant=C, eviction_bytes=67108864, active_logical_cpus=8
command[922/960]="D:\Install\Dev\Projects\IA\Ejercise\cpu-native-arch\build\cpu_native_q4_probe.exe" --cpu 7 --K 512 --target-kib 896 --depth 4 --variant A --iterations 1 --repetitions 2 --warmup 1
T0 scalar Q4 throughput probe; not an exact model-kernel equivalence claim
shape m=2867 K=512, target_kib=896, actual_weight_bytes_per_block=917440, allocated_weight_bytes=917440, variant=A, eviction_bytes=0, active_logical_cpus=8
command[923/960]="D:\Install\Dev\Projects\IA\Ejercise\cpu-native-arch\build\cpu_native_q4_probe.exe" --cpu 7 --K 512 --target-kib 896 --depth 4 --variant B --iterations 1 --repetitions 2 --warmup 1
T0 scalar Q4 throughput probe; not an exact model-kernel equivalence claim
shape m=2867 K=512, target_kib=896, actual_weight_bytes_per_block=917440, allocated_weight_bytes=3669760, variant=B, eviction_bytes=0, active_logical_cpus=8
command[924/960]="D:\Install\Dev\Projects\IA\Ejercise\cpu-native-arch\build\cpu_native_q4_probe.exe" --cpu 7 --K 512 --target-kib 896 --depth 4 --variant C --iterations 1 --repetitions 2 --warmup 1
T0 scalar Q4 throughput probe; not an exact model-kernel equivalence claim
shape m=2867 K=512, target_kib=896, actual_weight_bytes_per_block=917440, allocated_weight_bytes=917440, variant=C, eviction_bytes=67108864, active_logical_cpus=8
command[925/960]="D:\Install\Dev\Projects\IA\Ejercise\cpu-native-arch\build\cpu_native_q4_probe.exe" --cpu 7 --K 512 --target-kib 896 --depth 8 --variant A --iterations 1 --repetitions 2 --warmup 1
T0 scalar Q4 throughput probe; not an exact model-kernel equivalence claim
shape m=2867 K=512, target_kib=896, actual_weight_bytes_per_block=917440, allocated_weight_bytes=917440, variant=A, eviction_bytes=0, active_logical_cpus=8
command[926/960]="D:\Install\Dev\Projects\IA\Ejercise\cpu-native-arch\build\cpu_native_q4_probe.exe" --cpu 7 --K 512 --target-kib 896 --depth 8 --variant B --iterations 1 --repetitions 2 --warmup 1
T0 scalar Q4 throughput probe; not an exact model-kernel equivalence claim
shape m=2867 K=512, target_kib=896, actual_weight_bytes_per_block=917440, allocated_weight_bytes=7339520, variant=B, eviction_bytes=0, active_logical_cpus=8
command[927/960]="D:\Install\Dev\Projects\IA\Ejercise\cpu-native-arch\build\cpu_native_q4_probe.exe" --cpu 7 --K 512 --target-kib 896 --depth 8 --variant C --iterations 1 --repetitions 2 --warmup 1
T0 scalar Q4 throughput probe; not an exact model-kernel equivalence claim
shape m=2867 K=512, target_kib=896, actual_weight_bytes_per_block=917440, allocated_weight_bytes=917440, variant=C, eviction_bytes=67108864, active_logical_cpus=8
command[928/960]="D:\Install\Dev\Projects\IA\Ejercise\cpu-native-arch\build\cpu_native_q4_probe.exe" --cpu 7 --K 512 --target-kib 896 --depth 16 --variant A --iterations 1 --repetitions 2 --warmup 1
T0 scalar Q4 throughput probe; not an exact model-kernel equivalence claim
shape m=2867 K=512, target_kib=896, actual_weight_bytes_per_block=917440, allocated_weight_bytes=917440, variant=A, eviction_bytes=0, active_logical_cpus=8
command[929/960]="D:\Install\Dev\Projects\IA\Ejercise\cpu-native-arch\build\cpu_native_q4_probe.exe" --cpu 7 --K 512 --target-kib 896 --depth 16 --variant B --iterations 1 --repetitions 2 --warmup 1
T0 scalar Q4 throughput probe; not an exact model-kernel equivalence claim
shape m=2867 K=512, target_kib=896, actual_weight_bytes_per_block=917440, allocated_weight_bytes=14679040, variant=B, eviction_bytes=0, active_logical_cpus=8
command[930/960]="D:\Install\Dev\Projects\IA\Ejercise\cpu-native-arch\build\cpu_native_q4_probe.exe" --cpu 7 --K 512 --target-kib 896 --depth 16 --variant C --iterations 1 --repetitions 2 --warmup 1
T0 scalar Q4 throughput probe; not an exact model-kernel equivalence claim
shape m=2867 K=512, target_kib=896, actual_weight_bytes_per_block=917440, allocated_weight_bytes=917440, variant=C, eviction_bytes=67108864, active_logical_cpus=8
command[931/960]="D:\Install\Dev\Projects\IA\Ejercise\cpu-native-arch\build\cpu_native_q4_probe.exe" --cpu 7 --K 512 --target-kib 1024 --depth 1 --variant A --iterations 1 --repetitions 2 --warmup 1
T0 scalar Q4 throughput probe; not an exact model-kernel equivalence claim
shape m=3276 K=512, target_kib=1024, actual_weight_bytes_per_block=1048320, allocated_weight_bytes=1048320, variant=A, eviction_bytes=0, active_logical_cpus=8
command[932/960]="D:\Install\Dev\Projects\IA\Ejercise\cpu-native-arch\build\cpu_native_q4_probe.exe" --cpu 7 --K 512 --target-kib 1024 --depth 1 --variant B --iterations 1 --repetitions 2 --warmup 1
T0 scalar Q4 throughput probe; not an exact model-kernel equivalence claim
shape m=3276 K=512, target_kib=1024, actual_weight_bytes_per_block=1048320, allocated_weight_bytes=1048320, variant=B, eviction_bytes=0, active_logical_cpus=8
command[933/960]="D:\Install\Dev\Projects\IA\Ejercise\cpu-native-arch\build\cpu_native_q4_probe.exe" --cpu 7 --K 512 --target-kib 1024 --depth 1 --variant C --iterations 1 --repetitions 2 --warmup 1
T0 scalar Q4 throughput probe; not an exact model-kernel equivalence claim
shape m=3276 K=512, target_kib=1024, actual_weight_bytes_per_block=1048320, allocated_weight_bytes=1048320, variant=C, eviction_bytes=67108864, active_logical_cpus=8
command[934/960]="D:\Install\Dev\Projects\IA\Ejercise\cpu-native-arch\build\cpu_native_q4_probe.exe" --cpu 7 --K 512 --target-kib 1024 --depth 2 --variant A --iterations 1 --repetitions 2 --warmup 1
T0 scalar Q4 throughput probe; not an exact model-kernel equivalence claim
shape m=3276 K=512, target_kib=1024, actual_weight_bytes_per_block=1048320, allocated_weight_bytes=1048320, variant=A, eviction_bytes=0, active_logical_cpus=8
command[935/960]="D:\Install\Dev\Projects\IA\Ejercise\cpu-native-arch\build\cpu_native_q4_probe.exe" --cpu 7 --K 512 --target-kib 1024 --depth 2 --variant B --iterations 1 --repetitions 2 --warmup 1
T0 scalar Q4 throughput probe; not an exact model-kernel equivalence claim
shape m=3276 K=512, target_kib=1024, actual_weight_bytes_per_block=1048320, allocated_weight_bytes=2096640, variant=B, eviction_bytes=0, active_logical_cpus=8
command[936/960]="D:\Install\Dev\Projects\IA\Ejercise\cpu-native-arch\build\cpu_native_q4_probe.exe" --cpu 7 --K 512 --target-kib 1024 --depth 2 --variant C --iterations 1 --repetitions 2 --warmup 1
T0 scalar Q4 throughput probe; not an exact model-kernel equivalence claim
shape m=3276 K=512, target_kib=1024, actual_weight_bytes_per_block=1048320, allocated_weight_bytes=1048320, variant=C, eviction_bytes=67108864, active_logical_cpus=8
command[937/960]="D:\Install\Dev\Projects\IA\Ejercise\cpu-native-arch\build\cpu_native_q4_probe.exe" --cpu 7 --K 512 --target-kib 1024 --depth 4 --variant A --iterations 1 --repetitions 2 --warmup 1
T0 scalar Q4 throughput probe; not an exact model-kernel equivalence claim
shape m=3276 K=512, target_kib=1024, actual_weight_bytes_per_block=1048320, allocated_weight_bytes=1048320, variant=A, eviction_bytes=0, active_logical_cpus=8
command[938/960]="D:\Install\Dev\Projects\IA\Ejercise\cpu-native-arch\build\cpu_native_q4_probe.exe" --cpu 7 --K 512 --target-kib 1024 --depth 4 --variant B --iterations 1 --repetitions 2 --warmup 1
T0 scalar Q4 throughput probe; not an exact model-kernel equivalence claim
shape m=3276 K=512, target_kib=1024, actual_weight_bytes_per_block=1048320, allocated_weight_bytes=4193280, variant=B, eviction_bytes=0, active_logical_cpus=8
command[939/960]="D:\Install\Dev\Projects\IA\Ejercise\cpu-native-arch\build\cpu_native_q4_probe.exe" --cpu 7 --K 512 --target-kib 1024 --depth 4 --variant C --iterations 1 --repetitions 2 --warmup 1
T0 scalar Q4 throughput probe; not an exact model-kernel equivalence claim
shape m=3276 K=512, target_kib=1024, actual_weight_bytes_per_block=1048320, allocated_weight_bytes=1048320, variant=C, eviction_bytes=67108864, active_logical_cpus=8
command[940/960]="D:\Install\Dev\Projects\IA\Ejercise\cpu-native-arch\build\cpu_native_q4_probe.exe" --cpu 7 --K 512 --target-kib 1024 --depth 8 --variant A --iterations 1 --repetitions 2 --warmup 1
T0 scalar Q4 throughput probe; not an exact model-kernel equivalence claim
shape m=3276 K=512, target_kib=1024, actual_weight_bytes_per_block=1048320, allocated_weight_bytes=1048320, variant=A, eviction_bytes=0, active_logical_cpus=8
command[941/960]="D:\Install\Dev\Projects\IA\Ejercise\cpu-native-arch\build\cpu_native_q4_probe.exe" --cpu 7 --K 512 --target-kib 1024 --depth 8 --variant B --iterations 1 --repetitions 2 --warmup 1
T0 scalar Q4 throughput probe; not an exact model-kernel equivalence claim
shape m=3276 K=512, target_kib=1024, actual_weight_bytes_per_block=1048320, allocated_weight_bytes=8386560, variant=B, eviction_bytes=0, active_logical_cpus=8
command[942/960]="D:\Install\Dev\Projects\IA\Ejercise\cpu-native-arch\build\cpu_native_q4_probe.exe" --cpu 7 --K 512 --target-kib 1024 --depth 8 --variant C --iterations 1 --repetitions 2 --warmup 1
T0 scalar Q4 throughput probe; not an exact model-kernel equivalence claim
shape m=3276 K=512, target_kib=1024, actual_weight_bytes_per_block=1048320, allocated_weight_bytes=1048320, variant=C, eviction_bytes=67108864, active_logical_cpus=8
command[943/960]="D:\Install\Dev\Projects\IA\Ejercise\cpu-native-arch\build\cpu_native_q4_probe.exe" --cpu 7 --K 512 --target-kib 1024 --depth 16 --variant A --iterations 1 --repetitions 2 --warmup 1
T0 scalar Q4 throughput probe; not an exact model-kernel equivalence claim
shape m=3276 K=512, target_kib=1024, actual_weight_bytes_per_block=1048320, allocated_weight_bytes=1048320, variant=A, eviction_bytes=0, active_logical_cpus=8
command[944/960]="D:\Install\Dev\Projects\IA\Ejercise\cpu-native-arch\build\cpu_native_q4_probe.exe" --cpu 7 --K 512 --target-kib 1024 --depth 16 --variant B --iterations 1 --repetitions 2 --warmup 1
T0 scalar Q4 throughput probe; not an exact model-kernel equivalence claim
shape m=3276 K=512, target_kib=1024, actual_weight_bytes_per_block=1048320, allocated_weight_bytes=16773120, variant=B, eviction_bytes=0, active_logical_cpus=8
command[945/960]="D:\Install\Dev\Projects\IA\Ejercise\cpu-native-arch\build\cpu_native_q4_probe.exe" --cpu 7 --K 512 --target-kib 1024 --depth 16 --variant C --iterations 1 --repetitions 2 --warmup 1
T0 scalar Q4 throughput probe; not an exact model-kernel equivalence claim
shape m=3276 K=512, target_kib=1024, actual_weight_bytes_per_block=1048320, allocated_weight_bytes=1048320, variant=C, eviction_bytes=67108864, active_logical_cpus=8
command[946/960]="D:\Install\Dev\Projects\IA\Ejercise\cpu-native-arch\build\cpu_native_q4_probe.exe" --cpu 7 --K 512 --target-kib 1280 --depth 1 --variant A --iterations 1 --repetitions 2 --warmup 1
T0 scalar Q4 throughput probe; not an exact model-kernel equivalence claim
shape m=4096 K=512, target_kib=1280, actual_weight_bytes_per_block=1310720, allocated_weight_bytes=1310720, variant=A, eviction_bytes=0, active_logical_cpus=8
command[947/960]="D:\Install\Dev\Projects\IA\Ejercise\cpu-native-arch\build\cpu_native_q4_probe.exe" --cpu 7 --K 512 --target-kib 1280 --depth 1 --variant B --iterations 1 --repetitions 2 --warmup 1
T0 scalar Q4 throughput probe; not an exact model-kernel equivalence claim
shape m=4096 K=512, target_kib=1280, actual_weight_bytes_per_block=1310720, allocated_weight_bytes=1310720, variant=B, eviction_bytes=0, active_logical_cpus=8
command[948/960]="D:\Install\Dev\Projects\IA\Ejercise\cpu-native-arch\build\cpu_native_q4_probe.exe" --cpu 7 --K 512 --target-kib 1280 --depth 1 --variant C --iterations 1 --repetitions 2 --warmup 1
T0 scalar Q4 throughput probe; not an exact model-kernel equivalence claim
shape m=4096 K=512, target_kib=1280, actual_weight_bytes_per_block=1310720, allocated_weight_bytes=1310720, variant=C, eviction_bytes=67108864, active_logical_cpus=8
command[949/960]="D:\Install\Dev\Projects\IA\Ejercise\cpu-native-arch\build\cpu_native_q4_probe.exe" --cpu 7 --K 512 --target-kib 1280 --depth 2 --variant A --iterations 1 --repetitions 2 --warmup 1
T0 scalar Q4 throughput probe; not an exact model-kernel equivalence claim
shape m=4096 K=512, target_kib=1280, actual_weight_bytes_per_block=1310720, allocated_weight_bytes=1310720, variant=A, eviction_bytes=0, active_logical_cpus=8
command[950/960]="D:\Install\Dev\Projects\IA\Ejercise\cpu-native-arch\build\cpu_native_q4_probe.exe" --cpu 7 --K 512 --target-kib 1280 --depth 2 --variant B --iterations 1 --repetitions 2 --warmup 1
T0 scalar Q4 throughput probe; not an exact model-kernel equivalence claim
shape m=4096 K=512, target_kib=1280, actual_weight_bytes_per_block=1310720, allocated_weight_bytes=2621440, variant=B, eviction_bytes=0, active_logical_cpus=8
command[951/960]="D:\Install\Dev\Projects\IA\Ejercise\cpu-native-arch\build\cpu_native_q4_probe.exe" --cpu 7 --K 512 --target-kib 1280 --depth 2 --variant C --iterations 1 --repetitions 2 --warmup 1
T0 scalar Q4 throughput probe; not an exact model-kernel equivalence claim
shape m=4096 K=512, target_kib=1280, actual_weight_bytes_per_block=1310720, allocated_weight_bytes=1310720, variant=C, eviction_bytes=67108864, active_logical_cpus=8
command[952/960]="D:\Install\Dev\Projects\IA\Ejercise\cpu-native-arch\build\cpu_native_q4_probe.exe" --cpu 7 --K 512 --target-kib 1280 --depth 4 --variant A --iterations 1 --repetitions 2 --warmup 1
T0 scalar Q4 throughput probe; not an exact model-kernel equivalence claim
shape m=4096 K=512, target_kib=1280, actual_weight_bytes_per_block=1310720, allocated_weight_bytes=1310720, variant=A, eviction_bytes=0, active_logical_cpus=8
command[953/960]="D:\Install\Dev\Projects\IA\Ejercise\cpu-native-arch\build\cpu_native_q4_probe.exe" --cpu 7 --K 512 --target-kib 1280 --depth 4 --variant B --iterations 1 --repetitions 2 --warmup 1
T0 scalar Q4 throughput probe; not an exact model-kernel equivalence claim
shape m=4096 K=512, target_kib=1280, actual_weight_bytes_per_block=1310720, allocated_weight_bytes=5242880, variant=B, eviction_bytes=0, active_logical_cpus=8
command[954/960]="D:\Install\Dev\Projects\IA\Ejercise\cpu-native-arch\build\cpu_native_q4_probe.exe" --cpu 7 --K 512 --target-kib 1280 --depth 4 --variant C --iterations 1 --repetitions 2 --warmup 1
T0 scalar Q4 throughput probe; not an exact model-kernel equivalence claim
shape m=4096 K=512, target_kib=1280, actual_weight_bytes_per_block=1310720, allocated_weight_bytes=1310720, variant=C, eviction_bytes=67108864, active_logical_cpus=8
command[955/960]="D:\Install\Dev\Projects\IA\Ejercise\cpu-native-arch\build\cpu_native_q4_probe.exe" --cpu 7 --K 512 --target-kib 1280 --depth 8 --variant A --iterations 1 --repetitions 2 --warmup 1
T0 scalar Q4 throughput probe; not an exact model-kernel equivalence claim
shape m=4096 K=512, target_kib=1280, actual_weight_bytes_per_block=1310720, allocated_weight_bytes=1310720, variant=A, eviction_bytes=0, active_logical_cpus=8
command[956/960]="D:\Install\Dev\Projects\IA\Ejercise\cpu-native-arch\build\cpu_native_q4_probe.exe" --cpu 7 --K 512 --target-kib 1280 --depth 8 --variant B --iterations 1 --repetitions 2 --warmup 1
T0 scalar Q4 throughput probe; not an exact model-kernel equivalence claim
shape m=4096 K=512, target_kib=1280, actual_weight_bytes_per_block=1310720, allocated_weight_bytes=10485760, variant=B, eviction_bytes=0, active_logical_cpus=8
command[957/960]="D:\Install\Dev\Projects\IA\Ejercise\cpu-native-arch\build\cpu_native_q4_probe.exe" --cpu 7 --K 512 --target-kib 1280 --depth 8 --variant C --iterations 1 --repetitions 2 --warmup 1
T0 scalar Q4 throughput probe; not an exact model-kernel equivalence claim
shape m=4096 K=512, target_kib=1280, actual_weight_bytes_per_block=1310720, allocated_weight_bytes=1310720, variant=C, eviction_bytes=67108864, active_logical_cpus=8
command[958/960]="D:\Install\Dev\Projects\IA\Ejercise\cpu-native-arch\build\cpu_native_q4_probe.exe" --cpu 7 --K 512 --target-kib 1280 --depth 16 --variant A --iterations 1 --repetitions 2 --warmup 1
T0 scalar Q4 throughput probe; not an exact model-kernel equivalence claim
shape m=4096 K=512, target_kib=1280, actual_weight_bytes_per_block=1310720, allocated_weight_bytes=1310720, variant=A, eviction_bytes=0, active_logical_cpus=8
command[959/960]="D:\Install\Dev\Projects\IA\Ejercise\cpu-native-arch\build\cpu_native_q4_probe.exe" --cpu 7 --K 512 --target-kib 1280 --depth 16 --variant B --iterations 1 --repetitions 2 --warmup 1
T0 scalar Q4 throughput probe; not an exact model-kernel equivalence claim
shape m=4096 K=512, target_kib=1280, actual_weight_bytes_per_block=1310720, allocated_weight_bytes=20971520, variant=B, eviction_bytes=0, active_logical_cpus=8
command[960/960]="D:\Install\Dev\Projects\IA\Ejercise\cpu-native-arch\build\cpu_native_q4_probe.exe" --cpu 7 --K 512 --target-kib 1280 --depth 16 --variant C --iterations 1 --repetitions 2 --warmup 1
T0 scalar Q4 throughput probe; not an exact model-kernel equivalence claim
shape m=4096 K=512, target_kib=1280, actual_weight_bytes_per_block=1310720, allocated_weight_bytes=1310720, variant=C, eviction_bytes=67108864, active_logical_cpus=8
