H0 sweep stderr and command log
executable=D:\Install\Dev\Projects\IA\Ejercise\cpu-native-arch\build\cpu_native_q4_probe.exe
kernel=avx2
K=512; iterations=1; repetitions=2; warmup=1
cpus=0,1,2,3,4,5,6,7; target_kib=512,1024,1280; depths=1,2,4,8,16; variants=A,B,C
command[1/360]="D:\Install\Dev\Projects\IA\Ejercise\cpu-native-arch\build\cpu_native_q4_probe.exe" --cpu 0 --K 512 --target-kib 512 --depth 1 --variant A --kernel avx2 --iterations 1 --repetitions 2 --warmup 1
AVX2 correction test passed; scalar_checksum=-9.02812, avx2_checksum=-9.02812, abs_difference=0, tolerance=0.00902812
T0 scalar Q4 throughput probe; not an exact model-kernel equivalence claim
shape m=1638 K=512, target_kib=512, actual_weight_bytes_per_block=524160, allocated_weight_bytes=524160, variant=A, kernel_requested=avx2, kernel_used=avx2, avx2_supported=true, fma_supported=true, eviction_bytes=0, active_logical_cpus=8
command[2/360]="D:\Install\Dev\Projects\IA\Ejercise\cpu-native-arch\build\cpu_native_q4_probe.exe" --cpu 0 --K 512 --target-kib 512 --depth 1 --variant B --kernel avx2 --iterations 1 --repetitions 2 --warmup 1
AVX2 correction test passed; scalar_checksum=-9.02812, avx2_checksum=-9.02812, abs_difference=0, tolerance=0.00902812
T0 scalar Q4 throughput probe; not an exact model-kernel equivalence claim
shape m=1638 K=512, target_kib=512, actual_weight_bytes_per_block=524160, allocated_weight_bytes=524160, variant=B, kernel_requested=avx2, kernel_used=avx2, avx2_supported=true, fma_supported=true, eviction_bytes=0, active_logical_cpus=8
command[3/360]="D:\Install\Dev\Projects\IA\Ejercise\cpu-native-arch\build\cpu_native_q4_probe.exe" --cpu 0 --K 512 --target-kib 512 --depth 1 --variant C --kernel avx2 --iterations 1 --repetitions 2 --warmup 1
AVX2 correction test passed; scalar_checksum=-9.02812, avx2_checksum=-9.02812, abs_difference=0, tolerance=0.00902812
T0 scalar Q4 throughput probe; not an exact model-kernel equivalence claim
shape m=1638 K=512, target_kib=512, actual_weight_bytes_per_block=524160, allocated_weight_bytes=524160, variant=C, kernel_requested=avx2, kernel_used=avx2, avx2_supported=true, fma_supported=true, eviction_bytes=67108864, active_logical_cpus=8
command[4/360]="D:\Install\Dev\Projects\IA\Ejercise\cpu-native-arch\build\cpu_native_q4_probe.exe" --cpu 0 --K 512 --target-kib 512 --depth 2 --variant A --kernel avx2 --iterations 1 --repetitions 2 --warmup 1
AVX2 correction test passed; scalar_checksum=-9.02812, avx2_checksum=-9.02812, abs_difference=0, tolerance=0.00902812
T0 scalar Q4 throughput probe; not an exact model-kernel equivalence claim
shape m=1638 K=512, target_kib=512, actual_weight_bytes_per_block=524160, allocated_weight_bytes=524160, variant=A, kernel_requested=avx2, kernel_used=avx2, avx2_supported=true, fma_supported=true, eviction_bytes=0, active_logical_cpus=8
command[5/360]="D:\Install\Dev\Projects\IA\Ejercise\cpu-native-arch\build\cpu_native_q4_probe.exe" --cpu 0 --K 512 --target-kib 512 --depth 2 --variant B --kernel avx2 --iterations 1 --repetitions 2 --warmup 1
AVX2 correction test passed; scalar_checksum=-9.02812, avx2_checksum=-9.02812, abs_difference=0, tolerance=0.00902812
T0 scalar Q4 throughput probe; not an exact model-kernel equivalence claim
shape m=1638 K=512, target_kib=512, actual_weight_bytes_per_block=524160, allocated_weight_bytes=1048320, variant=B, kernel_requested=avx2, kernel_used=avx2, avx2_supported=true, fma_supported=true, eviction_bytes=0, active_logical_cpus=8
command[6/360]="D:\Install\Dev\Projects\IA\Ejercise\cpu-native-arch\build\cpu_native_q4_probe.exe" --cpu 0 --K 512 --target-kib 512 --depth 2 --variant C --kernel avx2 --iterations 1 --repetitions 2 --warmup 1
AVX2 correction test passed; scalar_checksum=-9.02812, avx2_checksum=-9.02812, abs_difference=0, tolerance=0.00902812
T0 scalar Q4 throughput probe; not an exact model-kernel equivalence claim
shape m=1638 K=512, target_kib=512, actual_weight_bytes_per_block=524160, allocated_weight_bytes=524160, variant=C, kernel_requested=avx2, kernel_used=avx2, avx2_supported=true, fma_supported=true, eviction_bytes=67108864, active_logical_cpus=8
command[7/360]="D:\Install\Dev\Projects\IA\Ejercise\cpu-native-arch\build\cpu_native_q4_probe.exe" --cpu 0 --K 512 --target-kib 512 --depth 4 --variant A --kernel avx2 --iterations 1 --repetitions 2 --warmup 1
AVX2 correction test passed; scalar_checksum=-9.02812, avx2_checksum=-9.02812, abs_difference=0, tolerance=0.00902812
T0 scalar Q4 throughput probe; not an exact model-kernel equivalence claim
shape m=1638 K=512, target_kib=512, actual_weight_bytes_per_block=524160, allocated_weight_bytes=524160, variant=A, kernel_requested=avx2, kernel_used=avx2, avx2_supported=true, fma_supported=true, eviction_bytes=0, active_logical_cpus=8
command[8/360]="D:\Install\Dev\Projects\IA\Ejercise\cpu-native-arch\build\cpu_native_q4_probe.exe" --cpu 0 --K 512 --target-kib 512 --depth 4 --variant B --kernel avx2 --iterations 1 --repetitions 2 --warmup 1
AVX2 correction test passed; scalar_checksum=-9.02812, avx2_checksum=-9.02812, abs_difference=0, tolerance=0.00902812
T0 scalar Q4 throughput probe; not an exact model-kernel equivalence claim
shape m=1638 K=512, target_kib=512, actual_weight_bytes_per_block=524160, allocated_weight_bytes=2096640, variant=B, kernel_requested=avx2, kernel_used=avx2, avx2_supported=true, fma_supported=true, eviction_bytes=0, active_logical_cpus=8
command[9/360]="D:\Install\Dev\Projects\IA\Ejercise\cpu-native-arch\build\cpu_native_q4_probe.exe" --cpu 0 --K 512 --target-kib 512 --depth 4 --variant C --kernel avx2 --iterations 1 --repetitions 2 --warmup 1
AVX2 correction test passed; scalar_checksum=-9.02812, avx2_checksum=-9.02812, abs_difference=0, tolerance=0.00902812
T0 scalar Q4 throughput probe; not an exact model-kernel equivalence claim
shape m=1638 K=512, target_kib=512, actual_weight_bytes_per_block=524160, allocated_weight_bytes=524160, variant=C, kernel_requested=avx2, kernel_used=avx2, avx2_supported=true, fma_supported=true, eviction_bytes=67108864, active_logical_cpus=8
command[10/360]="D:\Install\Dev\Projects\IA\Ejercise\cpu-native-arch\build\cpu_native_q4_probe.exe" --cpu 0 --K 512 --target-kib 512 --depth 8 --variant A --kernel avx2 --iterations 1 --repetitions 2 --warmup 1
AVX2 correction test passed; scalar_checksum=-9.02812, avx2_checksum=-9.02812, abs_difference=0, tolerance=0.00902812
T0 scalar Q4 throughput probe; not an exact model-kernel equivalence claim
shape m=1638 K=512, target_kib=512, actual_weight_bytes_per_block=524160, allocated_weight_bytes=524160, variant=A, kernel_requested=avx2, kernel_used=avx2, avx2_supported=true, fma_supported=true, eviction_bytes=0, active_logical_cpus=8
command[11/360]="D:\Install\Dev\Projects\IA\Ejercise\cpu-native-arch\build\cpu_native_q4_probe.exe" --cpu 0 --K 512 --target-kib 512 --depth 8 --variant B --kernel avx2 --iterations 1 --repetitions 2 --warmup 1
AVX2 correction test passed; scalar_checksum=-9.02812, avx2_checksum=-9.02812, abs_difference=0, tolerance=0.00902812
T0 scalar Q4 throughput probe; not an exact model-kernel equivalence claim
shape m=1638 K=512, target_kib=512, actual_weight_bytes_per_block=524160, allocated_weight_bytes=4193280, variant=B, kernel_requested=avx2, kernel_used=avx2, avx2_supported=true, fma_supported=true, eviction_bytes=0, active_logical_cpus=8
command[12/360]="D:\Install\Dev\Projects\IA\Ejercise\cpu-native-arch\build\cpu_native_q4_probe.exe" --cpu 0 --K 512 --target-kib 512 --depth 8 --variant C --kernel avx2 --iterations 1 --repetitions 2 --warmup 1
AVX2 correction test passed; scalar_checksum=-9.02812, avx2_checksum=-9.02812, abs_difference=0, tolerance=0.00902812
T0 scalar Q4 throughput probe; not an exact model-kernel equivalence claim
shape m=1638 K=512, target_kib=512, actual_weight_bytes_per_block=524160, allocated_weight_bytes=524160, variant=C, kernel_requested=avx2, kernel_used=avx2, avx2_supported=true, fma_supported=true, eviction_bytes=67108864, active_logical_cpus=8
command[13/360]="D:\Install\Dev\Projects\IA\Ejercise\cpu-native-arch\build\cpu_native_q4_probe.exe" --cpu 0 --K 512 --target-kib 512 --depth 16 --variant A --kernel avx2 --iterations 1 --repetitions 2 --warmup 1
AVX2 correction test passed; scalar_checksum=-9.02812, avx2_checksum=-9.02812, abs_difference=0, tolerance=0.00902812
T0 scalar Q4 throughput probe; not an exact model-kernel equivalence claim
shape m=1638 K=512, target_kib=512, actual_weight_bytes_per_block=524160, allocated_weight_bytes=524160, variant=A, kernel_requested=avx2, kernel_used=avx2, avx2_supported=true, fma_supported=true, eviction_bytes=0, active_logical_cpus=8
command[14/360]="D:\Install\Dev\Projects\IA\Ejercise\cpu-native-arch\build\cpu_native_q4_probe.exe" --cpu 0 --K 512 --target-kib 512 --depth 16 --variant B --kernel avx2 --iterations 1 --repetitions 2 --warmup 1
AVX2 correction test passed; scalar_checksum=-9.02812, avx2_checksum=-9.02812, abs_difference=0, tolerance=0.00902812
T0 scalar Q4 throughput probe; not an exact model-kernel equivalence claim
shape m=1638 K=512, target_kib=512, actual_weight_bytes_per_block=524160, allocated_weight_bytes=8386560, variant=B, kernel_requested=avx2, kernel_used=avx2, avx2_supported=true, fma_supported=true, eviction_bytes=0, active_logical_cpus=8
command[15/360]="D:\Install\Dev\Projects\IA\Ejercise\cpu-native-arch\build\cpu_native_q4_probe.exe" --cpu 0 --K 512 --target-kib 512 --depth 16 --variant C --kernel avx2 --iterations 1 --repetitions 2 --warmup 1
AVX2 correction test passed; scalar_checksum=-9.02812, avx2_checksum=-9.02812, abs_difference=0, tolerance=0.00902812
T0 scalar Q4 throughput probe; not an exact model-kernel equivalence claim
shape m=1638 K=512, target_kib=512, actual_weight_bytes_per_block=524160, allocated_weight_bytes=524160, variant=C, kernel_requested=avx2, kernel_used=avx2, avx2_supported=true, fma_supported=true, eviction_bytes=67108864, active_logical_cpus=8
command[16/360]="D:\Install\Dev\Projects\IA\Ejercise\cpu-native-arch\build\cpu_native_q4_probe.exe" --cpu 0 --K 512 --target-kib 1024 --depth 1 --variant A --kernel avx2 --iterations 1 --repetitions 2 --warmup 1
AVX2 correction test passed; scalar_checksum=-9.02812, avx2_checksum=-9.02812, abs_difference=0, tolerance=0.00902812
T0 scalar Q4 throughput probe; not an exact model-kernel equivalence claim
shape m=3276 K=512, target_kib=1024, actual_weight_bytes_per_block=1048320, allocated_weight_bytes=1048320, variant=A, kernel_requested=avx2, kernel_used=avx2, avx2_supported=true, fma_supported=true, eviction_bytes=0, active_logical_cpus=8
command[17/360]="D:\Install\Dev\Projects\IA\Ejercise\cpu-native-arch\build\cpu_native_q4_probe.exe" --cpu 0 --K 512 --target-kib 1024 --depth 1 --variant B --kernel avx2 --iterations 1 --repetitions 2 --warmup 1
AVX2 correction test passed; scalar_checksum=-9.02812, avx2_checksum=-9.02812, abs_difference=0, tolerance=0.00902812
T0 scalar Q4 throughput probe; not an exact model-kernel equivalence claim
shape m=3276 K=512, target_kib=1024, actual_weight_bytes_per_block=1048320, allocated_weight_bytes=1048320, variant=B, kernel_requested=avx2, kernel_used=avx2, avx2_supported=true, fma_supported=true, eviction_bytes=0, active_logical_cpus=8
command[18/360]="D:\Install\Dev\Projects\IA\Ejercise\cpu-native-arch\build\cpu_native_q4_probe.exe" --cpu 0 --K 512 --target-kib 1024 --depth 1 --variant C --kernel avx2 --iterations 1 --repetitions 2 --warmup 1
AVX2 correction test passed; scalar_checksum=-9.02812, avx2_checksum=-9.02812, abs_difference=0, tolerance=0.00902812
T0 scalar Q4 throughput probe; not an exact model-kernel equivalence claim
shape m=3276 K=512, target_kib=1024, actual_weight_bytes_per_block=1048320, allocated_weight_bytes=1048320, variant=C, kernel_requested=avx2, kernel_used=avx2, avx2_supported=true, fma_supported=true, eviction_bytes=67108864, active_logical_cpus=8
command[19/360]="D:\Install\Dev\Projects\IA\Ejercise\cpu-native-arch\build\cpu_native_q4_probe.exe" --cpu 0 --K 512 --target-kib 1024 --depth 2 --variant A --kernel avx2 --iterations 1 --repetitions 2 --warmup 1
AVX2 correction test passed; scalar_checksum=-9.02812, avx2_checksum=-9.02812, abs_difference=0, tolerance=0.00902812
T0 scalar Q4 throughput probe; not an exact model-kernel equivalence claim
shape m=3276 K=512, target_kib=1024, actual_weight_bytes_per_block=1048320, allocated_weight_bytes=1048320, variant=A, kernel_requested=avx2, kernel_used=avx2, avx2_supported=true, fma_supported=true, eviction_bytes=0, active_logical_cpus=8
command[20/360]="D:\Install\Dev\Projects\IA\Ejercise\cpu-native-arch\build\cpu_native_q4_probe.exe" --cpu 0 --K 512 --target-kib 1024 --depth 2 --variant B --kernel avx2 --iterations 1 --repetitions 2 --warmup 1
AVX2 correction test passed; scalar_checksum=-9.02812, avx2_checksum=-9.02812, abs_difference=0, tolerance=0.00902812
T0 scalar Q4 throughput probe; not an exact model-kernel equivalence claim
shape m=3276 K=512, target_kib=1024, actual_weight_bytes_per_block=1048320, allocated_weight_bytes=2096640, variant=B, kernel_requested=avx2, kernel_used=avx2, avx2_supported=true, fma_supported=true, eviction_bytes=0, active_logical_cpus=8
command[21/360]="D:\Install\Dev\Projects\IA\Ejercise\cpu-native-arch\build\cpu_native_q4_probe.exe" --cpu 0 --K 512 --target-kib 1024 --depth 2 --variant C --kernel avx2 --iterations 1 --repetitions 2 --warmup 1
AVX2 correction test passed; scalar_checksum=-9.02812, avx2_checksum=-9.02812, abs_difference=0, tolerance=0.00902812
T0 scalar Q4 throughput probe; not an exact model-kernel equivalence claim
shape m=3276 K=512, target_kib=1024, actual_weight_bytes_per_block=1048320, allocated_weight_bytes=1048320, variant=C, kernel_requested=avx2, kernel_used=avx2, avx2_supported=true, fma_supported=true, eviction_bytes=67108864, active_logical_cpus=8
command[22/360]="D:\Install\Dev\Projects\IA\Ejercise\cpu-native-arch\build\cpu_native_q4_probe.exe" --cpu 0 --K 512 --target-kib 1024 --depth 4 --variant A --kernel avx2 --iterations 1 --repetitions 2 --warmup 1
AVX2 correction test passed; scalar_checksum=-9.02812, avx2_checksum=-9.02812, abs_difference=0, tolerance=0.00902812
T0 scalar Q4 throughput probe; not an exact model-kernel equivalence claim
shape m=3276 K=512, target_kib=1024, actual_weight_bytes_per_block=1048320, allocated_weight_bytes=1048320, variant=A, kernel_requested=avx2, kernel_used=avx2, avx2_supported=true, fma_supported=true, eviction_bytes=0, active_logical_cpus=8
command[23/360]="D:\Install\Dev\Projects\IA\Ejercise\cpu-native-arch\build\cpu_native_q4_probe.exe" --cpu 0 --K 512 --target-kib 1024 --depth 4 --variant B --kernel avx2 --iterations 1 --repetitions 2 --warmup 1
AVX2 correction test passed; scalar_checksum=-9.02812, avx2_checksum=-9.02812, abs_difference=0, tolerance=0.00902812
T0 scalar Q4 throughput probe; not an exact model-kernel equivalence claim
shape m=3276 K=512, target_kib=1024, actual_weight_bytes_per_block=1048320, allocated_weight_bytes=4193280, variant=B, kernel_requested=avx2, kernel_used=avx2, avx2_supported=true, fma_supported=true, eviction_bytes=0, active_logical_cpus=8
command[24/360]="D:\Install\Dev\Projects\IA\Ejercise\cpu-native-arch\build\cpu_native_q4_probe.exe" --cpu 0 --K 512 --target-kib 1024 --depth 4 --variant C --kernel avx2 --iterations 1 --repetitions 2 --warmup 1
AVX2 correction test passed; scalar_checksum=-9.02812, avx2_checksum=-9.02812, abs_difference=0, tolerance=0.00902812
T0 scalar Q4 throughput probe; not an exact model-kernel equivalence claim
shape m=3276 K=512, target_kib=1024, actual_weight_bytes_per_block=1048320, allocated_weight_bytes=1048320, variant=C, kernel_requested=avx2, kernel_used=avx2, avx2_supported=true, fma_supported=true, eviction_bytes=67108864, active_logical_cpus=8
command[25/360]="D:\Install\Dev\Projects\IA\Ejercise\cpu-native-arch\build\cpu_native_q4_probe.exe" --cpu 0 --K 512 --target-kib 1024 --depth 8 --variant A --kernel avx2 --iterations 1 --repetitions 2 --warmup 1
AVX2 correction test passed; scalar_checksum=-9.02812, avx2_checksum=-9.02812, abs_difference=0, tolerance=0.00902812
T0 scalar Q4 throughput probe; not an exact model-kernel equivalence claim
shape m=3276 K=512, target_kib=1024, actual_weight_bytes_per_block=1048320, allocated_weight_bytes=1048320, variant=A, kernel_requested=avx2, kernel_used=avx2, avx2_supported=true, fma_supported=true, eviction_bytes=0, active_logical_cpus=8
command[26/360]="D:\Install\Dev\Projects\IA\Ejercise\cpu-native-arch\build\cpu_native_q4_probe.exe" --cpu 0 --K 512 --target-kib 1024 --depth 8 --variant B --kernel avx2 --iterations 1 --repetitions 2 --warmup 1
AVX2 correction test passed; scalar_checksum=-9.02812, avx2_checksum=-9.02812, abs_difference=0, tolerance=0.00902812
T0 scalar Q4 throughput probe; not an exact model-kernel equivalence claim
shape m=3276 K=512, target_kib=1024, actual_weight_bytes_per_block=1048320, allocated_weight_bytes=8386560, variant=B, kernel_requested=avx2, kernel_used=avx2, avx2_supported=true, fma_supported=true, eviction_bytes=0, active_logical_cpus=8
command[27/360]="D:\Install\Dev\Projects\IA\Ejercise\cpu-native-arch\build\cpu_native_q4_probe.exe" --cpu 0 --K 512 --target-kib 1024 --depth 8 --variant C --kernel avx2 --iterations 1 --repetitions 2 --warmup 1
AVX2 correction test passed; scalar_checksum=-9.02812, avx2_checksum=-9.02812, abs_difference=0, tolerance=0.00902812
T0 scalar Q4 throughput probe; not an exact model-kernel equivalence claim
shape m=3276 K=512, target_kib=1024, actual_weight_bytes_per_block=1048320, allocated_weight_bytes=1048320, variant=C, kernel_requested=avx2, kernel_used=avx2, avx2_supported=true, fma_supported=true, eviction_bytes=67108864, active_logical_cpus=8
command[28/360]="D:\Install\Dev\Projects\IA\Ejercise\cpu-native-arch\build\cpu_native_q4_probe.exe" --cpu 0 --K 512 --target-kib 1024 --depth 16 --variant A --kernel avx2 --iterations 1 --repetitions 2 --warmup 1
AVX2 correction test passed; scalar_checksum=-9.02812, avx2_checksum=-9.02812, abs_difference=0, tolerance=0.00902812
T0 scalar Q4 throughput probe; not an exact model-kernel equivalence claim
shape m=3276 K=512, target_kib=1024, actual_weight_bytes_per_block=1048320, allocated_weight_bytes=1048320, variant=A, kernel_requested=avx2, kernel_used=avx2, avx2_supported=true, fma_supported=true, eviction_bytes=0, active_logical_cpus=8
command[29/360]="D:\Install\Dev\Projects\IA\Ejercise\cpu-native-arch\build\cpu_native_q4_probe.exe" --cpu 0 --K 512 --target-kib 1024 --depth 16 --variant B --kernel avx2 --iterations 1 --repetitions 2 --warmup 1
AVX2 correction test passed; scalar_checksum=-9.02812, avx2_checksum=-9.02812, abs_difference=0, tolerance=0.00902812
T0 scalar Q4 throughput probe; not an exact model-kernel equivalence claim
shape m=3276 K=512, target_kib=1024, actual_weight_bytes_per_block=1048320, allocated_weight_bytes=16773120, variant=B, kernel_requested=avx2, kernel_used=avx2, avx2_supported=true, fma_supported=true, eviction_bytes=0, active_logical_cpus=8
command[30/360]="D:\Install\Dev\Projects\IA\Ejercise\cpu-native-arch\build\cpu_native_q4_probe.exe" --cpu 0 --K 512 --target-kib 1024 --depth 16 --variant C --kernel avx2 --iterations 1 --repetitions 2 --warmup 1
AVX2 correction test passed; scalar_checksum=-9.02812, avx2_checksum=-9.02812, abs_difference=0, tolerance=0.00902812
T0 scalar Q4 throughput probe; not an exact model-kernel equivalence claim
shape m=3276 K=512, target_kib=1024, actual_weight_bytes_per_block=1048320, allocated_weight_bytes=1048320, variant=C, kernel_requested=avx2, kernel_used=avx2, avx2_supported=true, fma_supported=true, eviction_bytes=67108864, active_logical_cpus=8
command[31/360]="D:\Install\Dev\Projects\IA\Ejercise\cpu-native-arch\build\cpu_native_q4_probe.exe" --cpu 0 --K 512 --target-kib 1280 --depth 1 --variant A --kernel avx2 --iterations 1 --repetitions 2 --warmup 1
AVX2 correction test passed; scalar_checksum=-9.02812, avx2_checksum=-9.02812, abs_difference=0, tolerance=0.00902812
T0 scalar Q4 throughput probe; not an exact model-kernel equivalence claim
shape m=4096 K=512, target_kib=1280, actual_weight_bytes_per_block=1310720, allocated_weight_bytes=1310720, variant=A, kernel_requested=avx2, kernel_used=avx2, avx2_supported=true, fma_supported=true, eviction_bytes=0, active_logical_cpus=8
command[32/360]="D:\Install\Dev\Projects\IA\Ejercise\cpu-native-arch\build\cpu_native_q4_probe.exe" --cpu 0 --K 512 --target-kib 1280 --depth 1 --variant B --kernel avx2 --iterations 1 --repetitions 2 --warmup 1
AVX2 correction test passed; scalar_checksum=-9.02812, avx2_checksum=-9.02812, abs_difference=0, tolerance=0.00902812
T0 scalar Q4 throughput probe; not an exact model-kernel equivalence claim
shape m=4096 K=512, target_kib=1280, actual_weight_bytes_per_block=1310720, allocated_weight_bytes=1310720, variant=B, kernel_requested=avx2, kernel_used=avx2, avx2_supported=true, fma_supported=true, eviction_bytes=0, active_logical_cpus=8
command[33/360]="D:\Install\Dev\Projects\IA\Ejercise\cpu-native-arch\build\cpu_native_q4_probe.exe" --cpu 0 --K 512 --target-kib 1280 --depth 1 --variant C --kernel avx2 --iterations 1 --repetitions 2 --warmup 1
AVX2 correction test passed; scalar_checksum=-9.02812, avx2_checksum=-9.02812, abs_difference=0, tolerance=0.00902812
T0 scalar Q4 throughput probe; not an exact model-kernel equivalence claim
shape m=4096 K=512, target_kib=1280, actual_weight_bytes_per_block=1310720, allocated_weight_bytes=1310720, variant=C, kernel_requested=avx2, kernel_used=avx2, avx2_supported=true, fma_supported=true, eviction_bytes=67108864, active_logical_cpus=8
command[34/360]="D:\Install\Dev\Projects\IA\Ejercise\cpu-native-arch\build\cpu_native_q4_probe.exe" --cpu 0 --K 512 --target-kib 1280 --depth 2 --variant A --kernel avx2 --iterations 1 --repetitions 2 --warmup 1
AVX2 correction test passed; scalar_checksum=-9.02812, avx2_checksum=-9.02812, abs_difference=0, tolerance=0.00902812
T0 scalar Q4 throughput probe; not an exact model-kernel equivalence claim
shape m=4096 K=512, target_kib=1280, actual_weight_bytes_per_block=1310720, allocated_weight_bytes=1310720, variant=A, kernel_requested=avx2, kernel_used=avx2, avx2_supported=true, fma_supported=true, eviction_bytes=0, active_logical_cpus=8
command[35/360]="D:\Install\Dev\Projects\IA\Ejercise\cpu-native-arch\build\cpu_native_q4_probe.exe" --cpu 0 --K 512 --target-kib 1280 --depth 2 --variant B --kernel avx2 --iterations 1 --repetitions 2 --warmup 1
AVX2 correction test passed; scalar_checksum=-9.02812, avx2_checksum=-9.02812, abs_difference=0, tolerance=0.00902812
T0 scalar Q4 throughput probe; not an exact model-kernel equivalence claim
shape m=4096 K=512, target_kib=1280, actual_weight_bytes_per_block=1310720, allocated_weight_bytes=2621440, variant=B, kernel_requested=avx2, kernel_used=avx2, avx2_supported=true, fma_supported=true, eviction_bytes=0, active_logical_cpus=8
command[36/360]="D:\Install\Dev\Projects\IA\Ejercise\cpu-native-arch\build\cpu_native_q4_probe.exe" --cpu 0 --K 512 --target-kib 1280 --depth 2 --variant C --kernel avx2 --iterations 1 --repetitions 2 --warmup 1
AVX2 correction test passed; scalar_checksum=-9.02812, avx2_checksum=-9.02812, abs_difference=0, tolerance=0.00902812
T0 scalar Q4 throughput probe; not an exact model-kernel equivalence claim
shape m=4096 K=512, target_kib=1280, actual_weight_bytes_per_block=1310720, allocated_weight_bytes=1310720, variant=C, kernel_requested=avx2, kernel_used=avx2, avx2_supported=true, fma_supported=true, eviction_bytes=67108864, active_logical_cpus=8
command[37/360]="D:\Install\Dev\Projects\IA\Ejercise\cpu-native-arch\build\cpu_native_q4_probe.exe" --cpu 0 --K 512 --target-kib 1280 --depth 4 --variant A --kernel avx2 --iterations 1 --repetitions 2 --warmup 1
AVX2 correction test passed; scalar_checksum=-9.02812, avx2_checksum=-9.02812, abs_difference=0, tolerance=0.00902812
T0 scalar Q4 throughput probe; not an exact model-kernel equivalence claim
shape m=4096 K=512, target_kib=1280, actual_weight_bytes_per_block=1310720, allocated_weight_bytes=1310720, variant=A, kernel_requested=avx2, kernel_used=avx2, avx2_supported=true, fma_supported=true, eviction_bytes=0, active_logical_cpus=8
command[38/360]="D:\Install\Dev\Projects\IA\Ejercise\cpu-native-arch\build\cpu_native_q4_probe.exe" --cpu 0 --K 512 --target-kib 1280 --depth 4 --variant B --kernel avx2 --iterations 1 --repetitions 2 --warmup 1
AVX2 correction test passed; scalar_checksum=-9.02812, avx2_checksum=-9.02812, abs_difference=0, tolerance=0.00902812
T0 scalar Q4 throughput probe; not an exact model-kernel equivalence claim
shape m=4096 K=512, target_kib=1280, actual_weight_bytes_per_block=1310720, allocated_weight_bytes=5242880, variant=B, kernel_requested=avx2, kernel_used=avx2, avx2_supported=true, fma_supported=true, eviction_bytes=0, active_logical_cpus=8
command[39/360]="D:\Install\Dev\Projects\IA\Ejercise\cpu-native-arch\build\cpu_native_q4_probe.exe" --cpu 0 --K 512 --target-kib 1280 --depth 4 --variant C --kernel avx2 --iterations 1 --repetitions 2 --warmup 1
AVX2 correction test passed; scalar_checksum=-9.02812, avx2_checksum=-9.02812, abs_difference=0, tolerance=0.00902812
T0 scalar Q4 throughput probe; not an exact model-kernel equivalence claim
shape m=4096 K=512, target_kib=1280, actual_weight_bytes_per_block=1310720, allocated_weight_bytes=1310720, variant=C, kernel_requested=avx2, kernel_used=avx2, avx2_supported=true, fma_supported=true, eviction_bytes=67108864, active_logical_cpus=8
command[40/360]="D:\Install\Dev\Projects\IA\Ejercise\cpu-native-arch\build\cpu_native_q4_probe.exe" --cpu 0 --K 512 --target-kib 1280 --depth 8 --variant A --kernel avx2 --iterations 1 --repetitions 2 --warmup 1
AVX2 correction test passed; scalar_checksum=-9.02812, avx2_checksum=-9.02812, abs_difference=0, tolerance=0.00902812
T0 scalar Q4 throughput probe; not an exact model-kernel equivalence claim
shape m=4096 K=512, target_kib=1280, actual_weight_bytes_per_block=1310720, allocated_weight_bytes=1310720, variant=A, kernel_requested=avx2, kernel_used=avx2, avx2_supported=true, fma_supported=true, eviction_bytes=0, active_logical_cpus=8
command[41/360]="D:\Install\Dev\Projects\IA\Ejercise\cpu-native-arch\build\cpu_native_q4_probe.exe" --cpu 0 --K 512 --target-kib 1280 --depth 8 --variant B --kernel avx2 --iterations 1 --repetitions 2 --warmup 1
AVX2 correction test passed; scalar_checksum=-9.02812, avx2_checksum=-9.02812, abs_difference=0, tolerance=0.00902812
T0 scalar Q4 throughput probe; not an exact model-kernel equivalence claim
shape m=4096 K=512, target_kib=1280, actual_weight_bytes_per_block=1310720, allocated_weight_bytes=10485760, variant=B, kernel_requested=avx2, kernel_used=avx2, avx2_supported=true, fma_supported=true, eviction_bytes=0, active_logical_cpus=8
command[42/360]="D:\Install\Dev\Projects\IA\Ejercise\cpu-native-arch\build\cpu_native_q4_probe.exe" --cpu 0 --K 512 --target-kib 1280 --depth 8 --variant C --kernel avx2 --iterations 1 --repetitions 2 --warmup 1
AVX2 correction test passed; scalar_checksum=-9.02812, avx2_checksum=-9.02812, abs_difference=0, tolerance=0.00902812
T0 scalar Q4 throughput probe; not an exact model-kernel equivalence claim
shape m=4096 K=512, target_kib=1280, actual_weight_bytes_per_block=1310720, allocated_weight_bytes=1310720, variant=C, kernel_requested=avx2, kernel_used=avx2, avx2_supported=true, fma_supported=true, eviction_bytes=67108864, active_logical_cpus=8
command[43/360]="D:\Install\Dev\Projects\IA\Ejercise\cpu-native-arch\build\cpu_native_q4_probe.exe" --cpu 0 --K 512 --target-kib 1280 --depth 16 --variant A --kernel avx2 --iterations 1 --repetitions 2 --warmup 1
AVX2 correction test passed; scalar_checksum=-9.02812, avx2_checksum=-9.02812, abs_difference=0, tolerance=0.00902812
T0 scalar Q4 throughput probe; not an exact model-kernel equivalence claim
shape m=4096 K=512, target_kib=1280, actual_weight_bytes_per_block=1310720, allocated_weight_bytes=1310720, variant=A, kernel_requested=avx2, kernel_used=avx2, avx2_supported=true, fma_supported=true, eviction_bytes=0, active_logical_cpus=8
command[44/360]="D:\Install\Dev\Projects\IA\Ejercise\cpu-native-arch\build\cpu_native_q4_probe.exe" --cpu 0 --K 512 --target-kib 1280 --depth 16 --variant B --kernel avx2 --iterations 1 --repetitions 2 --warmup 1
AVX2 correction test passed; scalar_checksum=-9.02812, avx2_checksum=-9.02812, abs_difference=0, tolerance=0.00902812
T0 scalar Q4 throughput probe; not an exact model-kernel equivalence claim
shape m=4096 K=512, target_kib=1280, actual_weight_bytes_per_block=1310720, allocated_weight_bytes=20971520, variant=B, kernel_requested=avx2, kernel_used=avx2, avx2_supported=true, fma_supported=true, eviction_bytes=0, active_logical_cpus=8
command[45/360]="D:\Install\Dev\Projects\IA\Ejercise\cpu-native-arch\build\cpu_native_q4_probe.exe" --cpu 0 --K 512 --target-kib 1280 --depth 16 --variant C --kernel avx2 --iterations 1 --repetitions 2 --warmup 1
AVX2 correction test passed; scalar_checksum=-9.02812, avx2_checksum=-9.02812, abs_difference=0, tolerance=0.00902812
T0 scalar Q4 throughput probe; not an exact model-kernel equivalence claim
shape m=4096 K=512, target_kib=1280, actual_weight_bytes_per_block=1310720, allocated_weight_bytes=1310720, variant=C, kernel_requested=avx2, kernel_used=avx2, avx2_supported=true, fma_supported=true, eviction_bytes=67108864, active_logical_cpus=8
command[46/360]="D:\Install\Dev\Projects\IA\Ejercise\cpu-native-arch\build\cpu_native_q4_probe.exe" --cpu 1 --K 512 --target-kib 512 --depth 1 --variant A --kernel avx2 --iterations 1 --repetitions 2 --warmup 1
AVX2 correction test passed; scalar_checksum=-9.02812, avx2_checksum=-9.02812, abs_difference=0, tolerance=0.00902812
T0 scalar Q4 throughput probe; not an exact model-kernel equivalence claim
shape m=1638 K=512, target_kib=512, actual_weight_bytes_per_block=524160, allocated_weight_bytes=524160, variant=A, kernel_requested=avx2, kernel_used=avx2, avx2_supported=true, fma_supported=true, eviction_bytes=0, active_logical_cpus=8
command[47/360]="D:\Install\Dev\Projects\IA\Ejercise\cpu-native-arch\build\cpu_native_q4_probe.exe" --cpu 1 --K 512 --target-kib 512 --depth 1 --variant B --kernel avx2 --iterations 1 --repetitions 2 --warmup 1
AVX2 correction test passed; scalar_checksum=-9.02812, avx2_checksum=-9.02812, abs_difference=0, tolerance=0.00902812
T0 scalar Q4 throughput probe; not an exact model-kernel equivalence claim
shape m=1638 K=512, target_kib=512, actual_weight_bytes_per_block=524160, allocated_weight_bytes=524160, variant=B, kernel_requested=avx2, kernel_used=avx2, avx2_supported=true, fma_supported=true, eviction_bytes=0, active_logical_cpus=8
command[48/360]="D:\Install\Dev\Projects\IA\Ejercise\cpu-native-arch\build\cpu_native_q4_probe.exe" --cpu 1 --K 512 --target-kib 512 --depth 1 --variant C --kernel avx2 --iterations 1 --repetitions 2 --warmup 1
AVX2 correction test passed; scalar_checksum=-9.02812, avx2_checksum=-9.02812, abs_difference=0, tolerance=0.00902812
T0 scalar Q4 throughput probe; not an exact model-kernel equivalence claim
shape m=1638 K=512, target_kib=512, actual_weight_bytes_per_block=524160, allocated_weight_bytes=524160, variant=C, kernel_requested=avx2, kernel_used=avx2, avx2_supported=true, fma_supported=true, eviction_bytes=67108864, active_logical_cpus=8
command[49/360]="D:\Install\Dev\Projects\IA\Ejercise\cpu-native-arch\build\cpu_native_q4_probe.exe" --cpu 1 --K 512 --target-kib 512 --depth 2 --variant A --kernel avx2 --iterations 1 --repetitions 2 --warmup 1
AVX2 correction test passed; scalar_checksum=-9.02812, avx2_checksum=-9.02812, abs_difference=0, tolerance=0.00902812
T0 scalar Q4 throughput probe; not an exact model-kernel equivalence claim
shape m=1638 K=512, target_kib=512, actual_weight_bytes_per_block=524160, allocated_weight_bytes=524160, variant=A, kernel_requested=avx2, kernel_used=avx2, avx2_supported=true, fma_supported=true, eviction_bytes=0, active_logical_cpus=8
command[50/360]="D:\Install\Dev\Projects\IA\Ejercise\cpu-native-arch\build\cpu_native_q4_probe.exe" --cpu 1 --K 512 --target-kib 512 --depth 2 --variant B --kernel avx2 --iterations 1 --repetitions 2 --warmup 1
AVX2 correction test passed; scalar_checksum=-9.02812, avx2_checksum=-9.02812, abs_difference=0, tolerance=0.00902812
T0 scalar Q4 throughput probe; not an exact model-kernel equivalence claim
shape m=1638 K=512, target_kib=512, actual_weight_bytes_per_block=524160, allocated_weight_bytes=1048320, variant=B, kernel_requested=avx2, kernel_used=avx2, avx2_supported=true, fma_supported=true, eviction_bytes=0, active_logical_cpus=8
command[51/360]="D:\Install\Dev\Projects\IA\Ejercise\cpu-native-arch\build\cpu_native_q4_probe.exe" --cpu 1 --K 512 --target-kib 512 --depth 2 --variant C --kernel avx2 --iterations 1 --repetitions 2 --warmup 1
AVX2 correction test passed; scalar_checksum=-9.02812, avx2_checksum=-9.02812, abs_difference=0, tolerance=0.00902812
T0 scalar Q4 throughput probe; not an exact model-kernel equivalence claim
shape m=1638 K=512, target_kib=512, actual_weight_bytes_per_block=524160, allocated_weight_bytes=524160, variant=C, kernel_requested=avx2, kernel_used=avx2, avx2_supported=true, fma_supported=true, eviction_bytes=67108864, active_logical_cpus=8
command[52/360]="D:\Install\Dev\Projects\IA\Ejercise\cpu-native-arch\build\cpu_native_q4_probe.exe" --cpu 1 --K 512 --target-kib 512 --depth 4 --variant A --kernel avx2 --iterations 1 --repetitions 2 --warmup 1
AVX2 correction test passed; scalar_checksum=-9.02812, avx2_checksum=-9.02812, abs_difference=0, tolerance=0.00902812
T0 scalar Q4 throughput probe; not an exact model-kernel equivalence claim
shape m=1638 K=512, target_kib=512, actual_weight_bytes_per_block=524160, allocated_weight_bytes=524160, variant=A, kernel_requested=avx2, kernel_used=avx2, avx2_supported=true, fma_supported=true, eviction_bytes=0, active_logical_cpus=8
command[53/360]="D:\Install\Dev\Projects\IA\Ejercise\cpu-native-arch\build\cpu_native_q4_probe.exe" --cpu 1 --K 512 --target-kib 512 --depth 4 --variant B --kernel avx2 --iterations 1 --repetitions 2 --warmup 1
AVX2 correction test passed; scalar_checksum=-9.02812, avx2_checksum=-9.02812, abs_difference=0, tolerance=0.00902812
T0 scalar Q4 throughput probe; not an exact model-kernel equivalence claim
shape m=1638 K=512, target_kib=512, actual_weight_bytes_per_block=524160, allocated_weight_bytes=2096640, variant=B, kernel_requested=avx2, kernel_used=avx2, avx2_supported=true, fma_supported=true, eviction_bytes=0, active_logical_cpus=8
command[54/360]="D:\Install\Dev\Projects\IA\Ejercise\cpu-native-arch\build\cpu_native_q4_probe.exe" --cpu 1 --K 512 --target-kib 512 --depth 4 --variant C --kernel avx2 --iterations 1 --repetitions 2 --warmup 1
AVX2 correction test passed; scalar_checksum=-9.02812, avx2_checksum=-9.02812, abs_difference=0, tolerance=0.00902812
T0 scalar Q4 throughput probe; not an exact model-kernel equivalence claim
shape m=1638 K=512, target_kib=512, actual_weight_bytes_per_block=524160, allocated_weight_bytes=524160, variant=C, kernel_requested=avx2, kernel_used=avx2, avx2_supported=true, fma_supported=true, eviction_bytes=67108864, active_logical_cpus=8
command[55/360]="D:\Install\Dev\Projects\IA\Ejercise\cpu-native-arch\build\cpu_native_q4_probe.exe" --cpu 1 --K 512 --target-kib 512 --depth 8 --variant A --kernel avx2 --iterations 1 --repetitions 2 --warmup 1
AVX2 correction test passed; scalar_checksum=-9.02812, avx2_checksum=-9.02812, abs_difference=0, tolerance=0.00902812
T0 scalar Q4 throughput probe; not an exact model-kernel equivalence claim
shape m=1638 K=512, target_kib=512, actual_weight_bytes_per_block=524160, allocated_weight_bytes=524160, variant=A, kernel_requested=avx2, kernel_used=avx2, avx2_supported=true, fma_supported=true, eviction_bytes=0, active_logical_cpus=8
command[56/360]="D:\Install\Dev\Projects\IA\Ejercise\cpu-native-arch\build\cpu_native_q4_probe.exe" --cpu 1 --K 512 --target-kib 512 --depth 8 --variant B --kernel avx2 --iterations 1 --repetitions 2 --warmup 1
AVX2 correction test passed; scalar_checksum=-9.02812, avx2_checksum=-9.02812, abs_difference=0, tolerance=0.00902812
T0 scalar Q4 throughput probe; not an exact model-kernel equivalence claim
shape m=1638 K=512, target_kib=512, actual_weight_bytes_per_block=524160, allocated_weight_bytes=4193280, variant=B, kernel_requested=avx2, kernel_used=avx2, avx2_supported=true, fma_supported=true, eviction_bytes=0, active_logical_cpus=8
command[57/360]="D:\Install\Dev\Projects\IA\Ejercise\cpu-native-arch\build\cpu_native_q4_probe.exe" --cpu 1 --K 512 --target-kib 512 --depth 8 --variant C --kernel avx2 --iterations 1 --repetitions 2 --warmup 1
AVX2 correction test passed; scalar_checksum=-9.02812, avx2_checksum=-9.02812, abs_difference=0, tolerance=0.00902812
T0 scalar Q4 throughput probe; not an exact model-kernel equivalence claim
shape m=1638 K=512, target_kib=512, actual_weight_bytes_per_block=524160, allocated_weight_bytes=524160, variant=C, kernel_requested=avx2, kernel_used=avx2, avx2_supported=true, fma_supported=true, eviction_bytes=67108864, active_logical_cpus=8
command[58/360]="D:\Install\Dev\Projects\IA\Ejercise\cpu-native-arch\build\cpu_native_q4_probe.exe" --cpu 1 --K 512 --target-kib 512 --depth 16 --variant A --kernel avx2 --iterations 1 --repetitions 2 --warmup 1
AVX2 correction test passed; scalar_checksum=-9.02812, avx2_checksum=-9.02812, abs_difference=0, tolerance=0.00902812
T0 scalar Q4 throughput probe; not an exact model-kernel equivalence claim
shape m=1638 K=512, target_kib=512, actual_weight_bytes_per_block=524160, allocated_weight_bytes=524160, variant=A, kernel_requested=avx2, kernel_used=avx2, avx2_supported=true, fma_supported=true, eviction_bytes=0, active_logical_cpus=8
command[59/360]="D:\Install\Dev\Projects\IA\Ejercise\cpu-native-arch\build\cpu_native_q4_probe.exe" --cpu 1 --K 512 --target-kib 512 --depth 16 --variant B --kernel avx2 --iterations 1 --repetitions 2 --warmup 1
AVX2 correction test passed; scalar_checksum=-9.02812, avx2_checksum=-9.02812, abs_difference=0, tolerance=0.00902812
T0 scalar Q4 throughput probe; not an exact model-kernel equivalence claim
shape m=1638 K=512, target_kib=512, actual_weight_bytes_per_block=524160, allocated_weight_bytes=8386560, variant=B, kernel_requested=avx2, kernel_used=avx2, avx2_supported=true, fma_supported=true, eviction_bytes=0, active_logical_cpus=8
command[60/360]="D:\Install\Dev\Projects\IA\Ejercise\cpu-native-arch\build\cpu_native_q4_probe.exe" --cpu 1 --K 512 --target-kib 512 --depth 16 --variant C --kernel avx2 --iterations 1 --repetitions 2 --warmup 1
AVX2 correction test passed; scalar_checksum=-9.02812, avx2_checksum=-9.02812, abs_difference=0, tolerance=0.00902812
T0 scalar Q4 throughput probe; not an exact model-kernel equivalence claim
shape m=1638 K=512, target_kib=512, actual_weight_bytes_per_block=524160, allocated_weight_bytes=524160, variant=C, kernel_requested=avx2, kernel_used=avx2, avx2_supported=true, fma_supported=true, eviction_bytes=67108864, active_logical_cpus=8
command[61/360]="D:\Install\Dev\Projects\IA\Ejercise\cpu-native-arch\build\cpu_native_q4_probe.exe" --cpu 1 --K 512 --target-kib 1024 --depth 1 --variant A --kernel avx2 --iterations 1 --repetitions 2 --warmup 1
AVX2 correction test passed; scalar_checksum=-9.02812, avx2_checksum=-9.02812, abs_difference=0, tolerance=0.00902812
T0 scalar Q4 throughput probe; not an exact model-kernel equivalence claim
shape m=3276 K=512, target_kib=1024, actual_weight_bytes_per_block=1048320, allocated_weight_bytes=1048320, variant=A, kernel_requested=avx2, kernel_used=avx2, avx2_supported=true, fma_supported=true, eviction_bytes=0, active_logical_cpus=8
command[62/360]="D:\Install\Dev\Projects\IA\Ejercise\cpu-native-arch\build\cpu_native_q4_probe.exe" --cpu 1 --K 512 --target-kib 1024 --depth 1 --variant B --kernel avx2 --iterations 1 --repetitions 2 --warmup 1
AVX2 correction test passed; scalar_checksum=-9.02812, avx2_checksum=-9.02812, abs_difference=0, tolerance=0.00902812
T0 scalar Q4 throughput probe; not an exact model-kernel equivalence claim
shape m=3276 K=512, target_kib=1024, actual_weight_bytes_per_block=1048320, allocated_weight_bytes=1048320, variant=B, kernel_requested=avx2, kernel_used=avx2, avx2_supported=true, fma_supported=true, eviction_bytes=0, active_logical_cpus=8
command[63/360]="D:\Install\Dev\Projects\IA\Ejercise\cpu-native-arch\build\cpu_native_q4_probe.exe" --cpu 1 --K 512 --target-kib 1024 --depth 1 --variant C --kernel avx2 --iterations 1 --repetitions 2 --warmup 1
AVX2 correction test passed; scalar_checksum=-9.02812, avx2_checksum=-9.02812, abs_difference=0, tolerance=0.00902812
T0 scalar Q4 throughput probe; not an exact model-kernel equivalence claim
shape m=3276 K=512, target_kib=1024, actual_weight_bytes_per_block=1048320, allocated_weight_bytes=1048320, variant=C, kernel_requested=avx2, kernel_used=avx2, avx2_supported=true, fma_supported=true, eviction_bytes=67108864, active_logical_cpus=8
command[64/360]="D:\Install\Dev\Projects\IA\Ejercise\cpu-native-arch\build\cpu_native_q4_probe.exe" --cpu 1 --K 512 --target-kib 1024 --depth 2 --variant A --kernel avx2 --iterations 1 --repetitions 2 --warmup 1
AVX2 correction test passed; scalar_checksum=-9.02812, avx2_checksum=-9.02812, abs_difference=0, tolerance=0.00902812
T0 scalar Q4 throughput probe; not an exact model-kernel equivalence claim
shape m=3276 K=512, target_kib=1024, actual_weight_bytes_per_block=1048320, allocated_weight_bytes=1048320, variant=A, kernel_requested=avx2, kernel_used=avx2, avx2_supported=true, fma_supported=true, eviction_bytes=0, active_logical_cpus=8
command[65/360]="D:\Install\Dev\Projects\IA\Ejercise\cpu-native-arch\build\cpu_native_q4_probe.exe" --cpu 1 --K 512 --target-kib 1024 --depth 2 --variant B --kernel avx2 --iterations 1 --repetitions 2 --warmup 1
AVX2 correction test passed; scalar_checksum=-9.02812, avx2_checksum=-9.02812, abs_difference=0, tolerance=0.00902812
T0 scalar Q4 throughput probe; not an exact model-kernel equivalence claim
shape m=3276 K=512, target_kib=1024, actual_weight_bytes_per_block=1048320, allocated_weight_bytes=2096640, variant=B, kernel_requested=avx2, kernel_used=avx2, avx2_supported=true, fma_supported=true, eviction_bytes=0, active_logical_cpus=8
command[66/360]="D:\Install\Dev\Projects\IA\Ejercise\cpu-native-arch\build\cpu_native_q4_probe.exe" --cpu 1 --K 512 --target-kib 1024 --depth 2 --variant C --kernel avx2 --iterations 1 --repetitions 2 --warmup 1
AVX2 correction test passed; scalar_checksum=-9.02812, avx2_checksum=-9.02812, abs_difference=0, tolerance=0.00902812
T0 scalar Q4 throughput probe; not an exact model-kernel equivalence claim
shape m=3276 K=512, target_kib=1024, actual_weight_bytes_per_block=1048320, allocated_weight_bytes=1048320, variant=C, kernel_requested=avx2, kernel_used=avx2, avx2_supported=true, fma_supported=true, eviction_bytes=67108864, active_logical_cpus=8
command[67/360]="D:\Install\Dev\Projects\IA\Ejercise\cpu-native-arch\build\cpu_native_q4_probe.exe" --cpu 1 --K 512 --target-kib 1024 --depth 4 --variant A --kernel avx2 --iterations 1 --repetitions 2 --warmup 1
AVX2 correction test passed; scalar_checksum=-9.02812, avx2_checksum=-9.02812, abs_difference=0, tolerance=0.00902812
T0 scalar Q4 throughput probe; not an exact model-kernel equivalence claim
shape m=3276 K=512, target_kib=1024, actual_weight_bytes_per_block=1048320, allocated_weight_bytes=1048320, variant=A, kernel_requested=avx2, kernel_used=avx2, avx2_supported=true, fma_supported=true, eviction_bytes=0, active_logical_cpus=8
command[68/360]="D:\Install\Dev\Projects\IA\Ejercise\cpu-native-arch\build\cpu_native_q4_probe.exe" --cpu 1 --K 512 --target-kib 1024 --depth 4 --variant B --kernel avx2 --iterations 1 --repetitions 2 --warmup 1
AVX2 correction test passed; scalar_checksum=-9.02812, avx2_checksum=-9.02812, abs_difference=0, tolerance=0.00902812
T0 scalar Q4 throughput probe; not an exact model-kernel equivalence claim
shape m=3276 K=512, target_kib=1024, actual_weight_bytes_per_block=1048320, allocated_weight_bytes=4193280, variant=B, kernel_requested=avx2, kernel_used=avx2, avx2_supported=true, fma_supported=true, eviction_bytes=0, active_logical_cpus=8
command[69/360]="D:\Install\Dev\Projects\IA\Ejercise\cpu-native-arch\build\cpu_native_q4_probe.exe" --cpu 1 --K 512 --target-kib 1024 --depth 4 --variant C --kernel avx2 --iterations 1 --repetitions 2 --warmup 1
AVX2 correction test passed; scalar_checksum=-9.02812, avx2_checksum=-9.02812, abs_difference=0, tolerance=0.00902812
T0 scalar Q4 throughput probe; not an exact model-kernel equivalence claim
shape m=3276 K=512, target_kib=1024, actual_weight_bytes_per_block=1048320, allocated_weight_bytes=1048320, variant=C, kernel_requested=avx2, kernel_used=avx2, avx2_supported=true, fma_supported=true, eviction_bytes=67108864, active_logical_cpus=8
command[70/360]="D:\Install\Dev\Projects\IA\Ejercise\cpu-native-arch\build\cpu_native_q4_probe.exe" --cpu 1 --K 512 --target-kib 1024 --depth 8 --variant A --kernel avx2 --iterations 1 --repetitions 2 --warmup 1
AVX2 correction test passed; scalar_checksum=-9.02812, avx2_checksum=-9.02812, abs_difference=0, tolerance=0.00902812
T0 scalar Q4 throughput probe; not an exact model-kernel equivalence claim
shape m=3276 K=512, target_kib=1024, actual_weight_bytes_per_block=1048320, allocated_weight_bytes=1048320, variant=A, kernel_requested=avx2, kernel_used=avx2, avx2_supported=true, fma_supported=true, eviction_bytes=0, active_logical_cpus=8
command[71/360]="D:\Install\Dev\Projects\IA\Ejercise\cpu-native-arch\build\cpu_native_q4_probe.exe" --cpu 1 --K 512 --target-kib 1024 --depth 8 --variant B --kernel avx2 --iterations 1 --repetitions 2 --warmup 1
AVX2 correction test passed; scalar_checksum=-9.02812, avx2_checksum=-9.02812, abs_difference=0, tolerance=0.00902812
T0 scalar Q4 throughput probe; not an exact model-kernel equivalence claim
shape m=3276 K=512, target_kib=1024, actual_weight_bytes_per_block=1048320, allocated_weight_bytes=8386560, variant=B, kernel_requested=avx2, kernel_used=avx2, avx2_supported=true, fma_supported=true, eviction_bytes=0, active_logical_cpus=8
command[72/360]="D:\Install\Dev\Projects\IA\Ejercise\cpu-native-arch\build\cpu_native_q4_probe.exe" --cpu 1 --K 512 --target-kib 1024 --depth 8 --variant C --kernel avx2 --iterations 1 --repetitions 2 --warmup 1
AVX2 correction test passed; scalar_checksum=-9.02812, avx2_checksum=-9.02812, abs_difference=0, tolerance=0.00902812
T0 scalar Q4 throughput probe; not an exact model-kernel equivalence claim
shape m=3276 K=512, target_kib=1024, actual_weight_bytes_per_block=1048320, allocated_weight_bytes=1048320, variant=C, kernel_requested=avx2, kernel_used=avx2, avx2_supported=true, fma_supported=true, eviction_bytes=67108864, active_logical_cpus=8
command[73/360]="D:\Install\Dev\Projects\IA\Ejercise\cpu-native-arch\build\cpu_native_q4_probe.exe" --cpu 1 --K 512 --target-kib 1024 --depth 16 --variant A --kernel avx2 --iterations 1 --repetitions 2 --warmup 1
AVX2 correction test passed; scalar_checksum=-9.02812, avx2_checksum=-9.02812, abs_difference=0, tolerance=0.00902812
T0 scalar Q4 throughput probe; not an exact model-kernel equivalence claim
shape m=3276 K=512, target_kib=1024, actual_weight_bytes_per_block=1048320, allocated_weight_bytes=1048320, variant=A, kernel_requested=avx2, kernel_used=avx2, avx2_supported=true, fma_supported=true, eviction_bytes=0, active_logical_cpus=8
command[74/360]="D:\Install\Dev\Projects\IA\Ejercise\cpu-native-arch\build\cpu_native_q4_probe.exe" --cpu 1 --K 512 --target-kib 1024 --depth 16 --variant B --kernel avx2 --iterations 1 --repetitions 2 --warmup 1
AVX2 correction test passed; scalar_checksum=-9.02812, avx2_checksum=-9.02812, abs_difference=0, tolerance=0.00902812
T0 scalar Q4 throughput probe; not an exact model-kernel equivalence claim
shape m=3276 K=512, target_kib=1024, actual_weight_bytes_per_block=1048320, allocated_weight_bytes=16773120, variant=B, kernel_requested=avx2, kernel_used=avx2, avx2_supported=true, fma_supported=true, eviction_bytes=0, active_logical_cpus=8
command[75/360]="D:\Install\Dev\Projects\IA\Ejercise\cpu-native-arch\build\cpu_native_q4_probe.exe" --cpu 1 --K 512 --target-kib 1024 --depth 16 --variant C --kernel avx2 --iterations 1 --repetitions 2 --warmup 1
AVX2 correction test passed; scalar_checksum=-9.02812, avx2_checksum=-9.02812, abs_difference=0, tolerance=0.00902812
T0 scalar Q4 throughput probe; not an exact model-kernel equivalence claim
shape m=3276 K=512, target_kib=1024, actual_weight_bytes_per_block=1048320, allocated_weight_bytes=1048320, variant=C, kernel_requested=avx2, kernel_used=avx2, avx2_supported=true, fma_supported=true, eviction_bytes=67108864, active_logical_cpus=8
command[76/360]="D:\Install\Dev\Projects\IA\Ejercise\cpu-native-arch\build\cpu_native_q4_probe.exe" --cpu 1 --K 512 --target-kib 1280 --depth 1 --variant A --kernel avx2 --iterations 1 --repetitions 2 --warmup 1
AVX2 correction test passed; scalar_checksum=-9.02812, avx2_checksum=-9.02812, abs_difference=0, tolerance=0.00902812
T0 scalar Q4 throughput probe; not an exact model-kernel equivalence claim
shape m=4096 K=512, target_kib=1280, actual_weight_bytes_per_block=1310720, allocated_weight_bytes=1310720, variant=A, kernel_requested=avx2, kernel_used=avx2, avx2_supported=true, fma_supported=true, eviction_bytes=0, active_logical_cpus=8
command[77/360]="D:\Install\Dev\Projects\IA\Ejercise\cpu-native-arch\build\cpu_native_q4_probe.exe" --cpu 1 --K 512 --target-kib 1280 --depth 1 --variant B --kernel avx2 --iterations 1 --repetitions 2 --warmup 1
AVX2 correction test passed; scalar_checksum=-9.02812, avx2_checksum=-9.02812, abs_difference=0, tolerance=0.00902812
T0 scalar Q4 throughput probe; not an exact model-kernel equivalence claim
shape m=4096 K=512, target_kib=1280, actual_weight_bytes_per_block=1310720, allocated_weight_bytes=1310720, variant=B, kernel_requested=avx2, kernel_used=avx2, avx2_supported=true, fma_supported=true, eviction_bytes=0, active_logical_cpus=8
command[78/360]="D:\Install\Dev\Projects\IA\Ejercise\cpu-native-arch\build\cpu_native_q4_probe.exe" --cpu 1 --K 512 --target-kib 1280 --depth 1 --variant C --kernel avx2 --iterations 1 --repetitions 2 --warmup 1
AVX2 correction test passed; scalar_checksum=-9.02812, avx2_checksum=-9.02812, abs_difference=0, tolerance=0.00902812
T0 scalar Q4 throughput probe; not an exact model-kernel equivalence claim
shape m=4096 K=512, target_kib=1280, actual_weight_bytes_per_block=1310720, allocated_weight_bytes=1310720, variant=C, kernel_requested=avx2, kernel_used=avx2, avx2_supported=true, fma_supported=true, eviction_bytes=67108864, active_logical_cpus=8
command[79/360]="D:\Install\Dev\Projects\IA\Ejercise\cpu-native-arch\build\cpu_native_q4_probe.exe" --cpu 1 --K 512 --target-kib 1280 --depth 2 --variant A --kernel avx2 --iterations 1 --repetitions 2 --warmup 1
AVX2 correction test passed; scalar_checksum=-9.02812, avx2_checksum=-9.02812, abs_difference=0, tolerance=0.00902812
T0 scalar Q4 throughput probe; not an exact model-kernel equivalence claim
shape m=4096 K=512, target_kib=1280, actual_weight_bytes_per_block=1310720, allocated_weight_bytes=1310720, variant=A, kernel_requested=avx2, kernel_used=avx2, avx2_supported=true, fma_supported=true, eviction_bytes=0, active_logical_cpus=8
command[80/360]="D:\Install\Dev\Projects\IA\Ejercise\cpu-native-arch\build\cpu_native_q4_probe.exe" --cpu 1 --K 512 --target-kib 1280 --depth 2 --variant B --kernel avx2 --iterations 1 --repetitions 2 --warmup 1
AVX2 correction test passed; scalar_checksum=-9.02812, avx2_checksum=-9.02812, abs_difference=0, tolerance=0.00902812
T0 scalar Q4 throughput probe; not an exact model-kernel equivalence claim
shape m=4096 K=512, target_kib=1280, actual_weight_bytes_per_block=1310720, allocated_weight_bytes=2621440, variant=B, kernel_requested=avx2, kernel_used=avx2, avx2_supported=true, fma_supported=true, eviction_bytes=0, active_logical_cpus=8
command[81/360]="D:\Install\Dev\Projects\IA\Ejercise\cpu-native-arch\build\cpu_native_q4_probe.exe" --cpu 1 --K 512 --target-kib 1280 --depth 2 --variant C --kernel avx2 --iterations 1 --repetitions 2 --warmup 1
AVX2 correction test passed; scalar_checksum=-9.02812, avx2_checksum=-9.02812, abs_difference=0, tolerance=0.00902812
T0 scalar Q4 throughput probe; not an exact model-kernel equivalence claim
shape m=4096 K=512, target_kib=1280, actual_weight_bytes_per_block=1310720, allocated_weight_bytes=1310720, variant=C, kernel_requested=avx2, kernel_used=avx2, avx2_supported=true, fma_supported=true, eviction_bytes=67108864, active_logical_cpus=8
command[82/360]="D:\Install\Dev\Projects\IA\Ejercise\cpu-native-arch\build\cpu_native_q4_probe.exe" --cpu 1 --K 512 --target-kib 1280 --depth 4 --variant A --kernel avx2 --iterations 1 --repetitions 2 --warmup 1
AVX2 correction test passed; scalar_checksum=-9.02812, avx2_checksum=-9.02812, abs_difference=0, tolerance=0.00902812
T0 scalar Q4 throughput probe; not an exact model-kernel equivalence claim
shape m=4096 K=512, target_kib=1280, actual_weight_bytes_per_block=1310720, allocated_weight_bytes=1310720, variant=A, kernel_requested=avx2, kernel_used=avx2, avx2_supported=true, fma_supported=true, eviction_bytes=0, active_logical_cpus=8
command[83/360]="D:\Install\Dev\Projects\IA\Ejercise\cpu-native-arch\build\cpu_native_q4_probe.exe" --cpu 1 --K 512 --target-kib 1280 --depth 4 --variant B --kernel avx2 --iterations 1 --repetitions 2 --warmup 1
AVX2 correction test passed; scalar_checksum=-9.02812, avx2_checksum=-9.02812, abs_difference=0, tolerance=0.00902812
T0 scalar Q4 throughput probe; not an exact model-kernel equivalence claim
shape m=4096 K=512, target_kib=1280, actual_weight_bytes_per_block=1310720, allocated_weight_bytes=5242880, variant=B, kernel_requested=avx2, kernel_used=avx2, avx2_supported=true, fma_supported=true, eviction_bytes=0, active_logical_cpus=8
command[84/360]="D:\Install\Dev\Projects\IA\Ejercise\cpu-native-arch\build\cpu_native_q4_probe.exe" --cpu 1 --K 512 --target-kib 1280 --depth 4 --variant C --kernel avx2 --iterations 1 --repetitions 2 --warmup 1
AVX2 correction test passed; scalar_checksum=-9.02812, avx2_checksum=-9.02812, abs_difference=0, tolerance=0.00902812
T0 scalar Q4 throughput probe; not an exact model-kernel equivalence claim
shape m=4096 K=512, target_kib=1280, actual_weight_bytes_per_block=1310720, allocated_weight_bytes=1310720, variant=C, kernel_requested=avx2, kernel_used=avx2, avx2_supported=true, fma_supported=true, eviction_bytes=67108864, active_logical_cpus=8
command[85/360]="D:\Install\Dev\Projects\IA\Ejercise\cpu-native-arch\build\cpu_native_q4_probe.exe" --cpu 1 --K 512 --target-kib 1280 --depth 8 --variant A --kernel avx2 --iterations 1 --repetitions 2 --warmup 1
AVX2 correction test passed; scalar_checksum=-9.02812, avx2_checksum=-9.02812, abs_difference=0, tolerance=0.00902812
T0 scalar Q4 throughput probe; not an exact model-kernel equivalence claim
shape m=4096 K=512, target_kib=1280, actual_weight_bytes_per_block=1310720, allocated_weight_bytes=1310720, variant=A, kernel_requested=avx2, kernel_used=avx2, avx2_supported=true, fma_supported=true, eviction_bytes=0, active_logical_cpus=8
command[86/360]="D:\Install\Dev\Projects\IA\Ejercise\cpu-native-arch\build\cpu_native_q4_probe.exe" --cpu 1 --K 512 --target-kib 1280 --depth 8 --variant B --kernel avx2 --iterations 1 --repetitions 2 --warmup 1
AVX2 correction test passed; scalar_checksum=-9.02812, avx2_checksum=-9.02812, abs_difference=0, tolerance=0.00902812
T0 scalar Q4 throughput probe; not an exact model-kernel equivalence claim
shape m=4096 K=512, target_kib=1280, actual_weight_bytes_per_block=1310720, allocated_weight_bytes=10485760, variant=B, kernel_requested=avx2, kernel_used=avx2, avx2_supported=true, fma_supported=true, eviction_bytes=0, active_logical_cpus=8
command[87/360]="D:\Install\Dev\Projects\IA\Ejercise\cpu-native-arch\build\cpu_native_q4_probe.exe" --cpu 1 --K 512 --target-kib 1280 --depth 8 --variant C --kernel avx2 --iterations 1 --repetitions 2 --warmup 1
AVX2 correction test passed; scalar_checksum=-9.02812, avx2_checksum=-9.02812, abs_difference=0, tolerance=0.00902812
T0 scalar Q4 throughput probe; not an exact model-kernel equivalence claim
shape m=4096 K=512, target_kib=1280, actual_weight_bytes_per_block=1310720, allocated_weight_bytes=1310720, variant=C, kernel_requested=avx2, kernel_used=avx2, avx2_supported=true, fma_supported=true, eviction_bytes=67108864, active_logical_cpus=8
command[88/360]="D:\Install\Dev\Projects\IA\Ejercise\cpu-native-arch\build\cpu_native_q4_probe.exe" --cpu 1 --K 512 --target-kib 1280 --depth 16 --variant A --kernel avx2 --iterations 1 --repetitions 2 --warmup 1
AVX2 correction test passed; scalar_checksum=-9.02812, avx2_checksum=-9.02812, abs_difference=0, tolerance=0.00902812
T0 scalar Q4 throughput probe; not an exact model-kernel equivalence claim
shape m=4096 K=512, target_kib=1280, actual_weight_bytes_per_block=1310720, allocated_weight_bytes=1310720, variant=A, kernel_requested=avx2, kernel_used=avx2, avx2_supported=true, fma_supported=true, eviction_bytes=0, active_logical_cpus=8
command[89/360]="D:\Install\Dev\Projects\IA\Ejercise\cpu-native-arch\build\cpu_native_q4_probe.exe" --cpu 1 --K 512 --target-kib 1280 --depth 16 --variant B --kernel avx2 --iterations 1 --repetitions 2 --warmup 1
AVX2 correction test passed; scalar_checksum=-9.02812, avx2_checksum=-9.02812, abs_difference=0, tolerance=0.00902812
T0 scalar Q4 throughput probe; not an exact model-kernel equivalence claim
shape m=4096 K=512, target_kib=1280, actual_weight_bytes_per_block=1310720, allocated_weight_bytes=20971520, variant=B, kernel_requested=avx2, kernel_used=avx2, avx2_supported=true, fma_supported=true, eviction_bytes=0, active_logical_cpus=8
command[90/360]="D:\Install\Dev\Projects\IA\Ejercise\cpu-native-arch\build\cpu_native_q4_probe.exe" --cpu 1 --K 512 --target-kib 1280 --depth 16 --variant C --kernel avx2 --iterations 1 --repetitions 2 --warmup 1
AVX2 correction test passed; scalar_checksum=-9.02812, avx2_checksum=-9.02812, abs_difference=0, tolerance=0.00902812
T0 scalar Q4 throughput probe; not an exact model-kernel equivalence claim
shape m=4096 K=512, target_kib=1280, actual_weight_bytes_per_block=1310720, allocated_weight_bytes=1310720, variant=C, kernel_requested=avx2, kernel_used=avx2, avx2_supported=true, fma_supported=true, eviction_bytes=67108864, active_logical_cpus=8
command[91/360]="D:\Install\Dev\Projects\IA\Ejercise\cpu-native-arch\build\cpu_native_q4_probe.exe" --cpu 2 --K 512 --target-kib 512 --depth 1 --variant A --kernel avx2 --iterations 1 --repetitions 2 --warmup 1
AVX2 correction test passed; scalar_checksum=-9.02812, avx2_checksum=-9.02812, abs_difference=0, tolerance=0.00902812
T0 scalar Q4 throughput probe; not an exact model-kernel equivalence claim
shape m=1638 K=512, target_kib=512, actual_weight_bytes_per_block=524160, allocated_weight_bytes=524160, variant=A, kernel_requested=avx2, kernel_used=avx2, avx2_supported=true, fma_supported=true, eviction_bytes=0, active_logical_cpus=8
command[92/360]="D:\Install\Dev\Projects\IA\Ejercise\cpu-native-arch\build\cpu_native_q4_probe.exe" --cpu 2 --K 512 --target-kib 512 --depth 1 --variant B --kernel avx2 --iterations 1 --repetitions 2 --warmup 1
AVX2 correction test passed; scalar_checksum=-9.02812, avx2_checksum=-9.02812, abs_difference=0, tolerance=0.00902812
T0 scalar Q4 throughput probe; not an exact model-kernel equivalence claim
shape m=1638 K=512, target_kib=512, actual_weight_bytes_per_block=524160, allocated_weight_bytes=524160, variant=B, kernel_requested=avx2, kernel_used=avx2, avx2_supported=true, fma_supported=true, eviction_bytes=0, active_logical_cpus=8
command[93/360]="D:\Install\Dev\Projects\IA\Ejercise\cpu-native-arch\build\cpu_native_q4_probe.exe" --cpu 2 --K 512 --target-kib 512 --depth 1 --variant C --kernel avx2 --iterations 1 --repetitions 2 --warmup 1
AVX2 correction test passed; scalar_checksum=-9.02812, avx2_checksum=-9.02812, abs_difference=0, tolerance=0.00902812
T0 scalar Q4 throughput probe; not an exact model-kernel equivalence claim
shape m=1638 K=512, target_kib=512, actual_weight_bytes_per_block=524160, allocated_weight_bytes=524160, variant=C, kernel_requested=avx2, kernel_used=avx2, avx2_supported=true, fma_supported=true, eviction_bytes=67108864, active_logical_cpus=8
command[94/360]="D:\Install\Dev\Projects\IA\Ejercise\cpu-native-arch\build\cpu_native_q4_probe.exe" --cpu 2 --K 512 --target-kib 512 --depth 2 --variant A --kernel avx2 --iterations 1 --repetitions 2 --warmup 1
AVX2 correction test passed; scalar_checksum=-9.02812, avx2_checksum=-9.02812, abs_difference=0, tolerance=0.00902812
T0 scalar Q4 throughput probe; not an exact model-kernel equivalence claim
shape m=1638 K=512, target_kib=512, actual_weight_bytes_per_block=524160, allocated_weight_bytes=524160, variant=A, kernel_requested=avx2, kernel_used=avx2, avx2_supported=true, fma_supported=true, eviction_bytes=0, active_logical_cpus=8
command[95/360]="D:\Install\Dev\Projects\IA\Ejercise\cpu-native-arch\build\cpu_native_q4_probe.exe" --cpu 2 --K 512 --target-kib 512 --depth 2 --variant B --kernel avx2 --iterations 1 --repetitions 2 --warmup 1
AVX2 correction test passed; scalar_checksum=-9.02812, avx2_checksum=-9.02812, abs_difference=0, tolerance=0.00902812
T0 scalar Q4 throughput probe; not an exact model-kernel equivalence claim
shape m=1638 K=512, target_kib=512, actual_weight_bytes_per_block=524160, allocated_weight_bytes=1048320, variant=B, kernel_requested=avx2, kernel_used=avx2, avx2_supported=true, fma_supported=true, eviction_bytes=0, active_logical_cpus=8
command[96/360]="D:\Install\Dev\Projects\IA\Ejercise\cpu-native-arch\build\cpu_native_q4_probe.exe" --cpu 2 --K 512 --target-kib 512 --depth 2 --variant C --kernel avx2 --iterations 1 --repetitions 2 --warmup 1
AVX2 correction test passed; scalar_checksum=-9.02812, avx2_checksum=-9.02812, abs_difference=0, tolerance=0.00902812
T0 scalar Q4 throughput probe; not an exact model-kernel equivalence claim
shape m=1638 K=512, target_kib=512, actual_weight_bytes_per_block=524160, allocated_weight_bytes=524160, variant=C, kernel_requested=avx2, kernel_used=avx2, avx2_supported=true, fma_supported=true, eviction_bytes=67108864, active_logical_cpus=8
command[97/360]="D:\Install\Dev\Projects\IA\Ejercise\cpu-native-arch\build\cpu_native_q4_probe.exe" --cpu 2 --K 512 --target-kib 512 --depth 4 --variant A --kernel avx2 --iterations 1 --repetitions 2 --warmup 1
AVX2 correction test passed; scalar_checksum=-9.02812, avx2_checksum=-9.02812, abs_difference=0, tolerance=0.00902812
T0 scalar Q4 throughput probe; not an exact model-kernel equivalence claim
shape m=1638 K=512, target_kib=512, actual_weight_bytes_per_block=524160, allocated_weight_bytes=524160, variant=A, kernel_requested=avx2, kernel_used=avx2, avx2_supported=true, fma_supported=true, eviction_bytes=0, active_logical_cpus=8
command[98/360]="D:\Install\Dev\Projects\IA\Ejercise\cpu-native-arch\build\cpu_native_q4_probe.exe" --cpu 2 --K 512 --target-kib 512 --depth 4 --variant B --kernel avx2 --iterations 1 --repetitions 2 --warmup 1
AVX2 correction test passed; scalar_checksum=-9.02812, avx2_checksum=-9.02812, abs_difference=0, tolerance=0.00902812
T0 scalar Q4 throughput probe; not an exact model-kernel equivalence claim
shape m=1638 K=512, target_kib=512, actual_weight_bytes_per_block=524160, allocated_weight_bytes=2096640, variant=B, kernel_requested=avx2, kernel_used=avx2, avx2_supported=true, fma_supported=true, eviction_bytes=0, active_logical_cpus=8
command[99/360]="D:\Install\Dev\Projects\IA\Ejercise\cpu-native-arch\build\cpu_native_q4_probe.exe" --cpu 2 --K 512 --target-kib 512 --depth 4 --variant C --kernel avx2 --iterations 1 --repetitions 2 --warmup 1
AVX2 correction test passed; scalar_checksum=-9.02812, avx2_checksum=-9.02812, abs_difference=0, tolerance=0.00902812
T0 scalar Q4 throughput probe; not an exact model-kernel equivalence claim
shape m=1638 K=512, target_kib=512, actual_weight_bytes_per_block=524160, allocated_weight_bytes=524160, variant=C, kernel_requested=avx2, kernel_used=avx2, avx2_supported=true, fma_supported=true, eviction_bytes=67108864, active_logical_cpus=8
command[100/360]="D:\Install\Dev\Projects\IA\Ejercise\cpu-native-arch\build\cpu_native_q4_probe.exe" --cpu 2 --K 512 --target-kib 512 --depth 8 --variant A --kernel avx2 --iterations 1 --repetitions 2 --warmup 1
AVX2 correction test passed; scalar_checksum=-9.02812, avx2_checksum=-9.02812, abs_difference=0, tolerance=0.00902812
T0 scalar Q4 throughput probe; not an exact model-kernel equivalence claim
shape m=1638 K=512, target_kib=512, actual_weight_bytes_per_block=524160, allocated_weight_bytes=524160, variant=A, kernel_requested=avx2, kernel_used=avx2, avx2_supported=true, fma_supported=true, eviction_bytes=0, active_logical_cpus=8
command[101/360]="D:\Install\Dev\Projects\IA\Ejercise\cpu-native-arch\build\cpu_native_q4_probe.exe" --cpu 2 --K 512 --target-kib 512 --depth 8 --variant B --kernel avx2 --iterations 1 --repetitions 2 --warmup 1
AVX2 correction test passed; scalar_checksum=-9.02812, avx2_checksum=-9.02812, abs_difference=0, tolerance=0.00902812
T0 scalar Q4 throughput probe; not an exact model-kernel equivalence claim
shape m=1638 K=512, target_kib=512, actual_weight_bytes_per_block=524160, allocated_weight_bytes=4193280, variant=B, kernel_requested=avx2, kernel_used=avx2, avx2_supported=true, fma_supported=true, eviction_bytes=0, active_logical_cpus=8
command[102/360]="D:\Install\Dev\Projects\IA\Ejercise\cpu-native-arch\build\cpu_native_q4_probe.exe" --cpu 2 --K 512 --target-kib 512 --depth 8 --variant C --kernel avx2 --iterations 1 --repetitions 2 --warmup 1
AVX2 correction test passed; scalar_checksum=-9.02812, avx2_checksum=-9.02812, abs_difference=0, tolerance=0.00902812
T0 scalar Q4 throughput probe; not an exact model-kernel equivalence claim
shape m=1638 K=512, target_kib=512, actual_weight_bytes_per_block=524160, allocated_weight_bytes=524160, variant=C, kernel_requested=avx2, kernel_used=avx2, avx2_supported=true, fma_supported=true, eviction_bytes=67108864, active_logical_cpus=8
command[103/360]="D:\Install\Dev\Projects\IA\Ejercise\cpu-native-arch\build\cpu_native_q4_probe.exe" --cpu 2 --K 512 --target-kib 512 --depth 16 --variant A --kernel avx2 --iterations 1 --repetitions 2 --warmup 1
AVX2 correction test passed; scalar_checksum=-9.02812, avx2_checksum=-9.02812, abs_difference=0, tolerance=0.00902812
T0 scalar Q4 throughput probe; not an exact model-kernel equivalence claim
shape m=1638 K=512, target_kib=512, actual_weight_bytes_per_block=524160, allocated_weight_bytes=524160, variant=A, kernel_requested=avx2, kernel_used=avx2, avx2_supported=true, fma_supported=true, eviction_bytes=0, active_logical_cpus=8
command[104/360]="D:\Install\Dev\Projects\IA\Ejercise\cpu-native-arch\build\cpu_native_q4_probe.exe" --cpu 2 --K 512 --target-kib 512 --depth 16 --variant B --kernel avx2 --iterations 1 --repetitions 2 --warmup 1
AVX2 correction test passed; scalar_checksum=-9.02812, avx2_checksum=-9.02812, abs_difference=0, tolerance=0.00902812
T0 scalar Q4 throughput probe; not an exact model-kernel equivalence claim
shape m=1638 K=512, target_kib=512, actual_weight_bytes_per_block=524160, allocated_weight_bytes=8386560, variant=B, kernel_requested=avx2, kernel_used=avx2, avx2_supported=true, fma_supported=true, eviction_bytes=0, active_logical_cpus=8
command[105/360]="D:\Install\Dev\Projects\IA\Ejercise\cpu-native-arch\build\cpu_native_q4_probe.exe" --cpu 2 --K 512 --target-kib 512 --depth 16 --variant C --kernel avx2 --iterations 1 --repetitions 2 --warmup 1
AVX2 correction test passed; scalar_checksum=-9.02812, avx2_checksum=-9.02812, abs_difference=0, tolerance=0.00902812
T0 scalar Q4 throughput probe; not an exact model-kernel equivalence claim
shape m=1638 K=512, target_kib=512, actual_weight_bytes_per_block=524160, allocated_weight_bytes=524160, variant=C, kernel_requested=avx2, kernel_used=avx2, avx2_supported=true, fma_supported=true, eviction_bytes=67108864, active_logical_cpus=8
command[106/360]="D:\Install\Dev\Projects\IA\Ejercise\cpu-native-arch\build\cpu_native_q4_probe.exe" --cpu 2 --K 512 --target-kib 1024 --depth 1 --variant A --kernel avx2 --iterations 1 --repetitions 2 --warmup 1
AVX2 correction test passed; scalar_checksum=-9.02812, avx2_checksum=-9.02812, abs_difference=0, tolerance=0.00902812
T0 scalar Q4 throughput probe; not an exact model-kernel equivalence claim
shape m=3276 K=512, target_kib=1024, actual_weight_bytes_per_block=1048320, allocated_weight_bytes=1048320, variant=A, kernel_requested=avx2, kernel_used=avx2, avx2_supported=true, fma_supported=true, eviction_bytes=0, active_logical_cpus=8
command[107/360]="D:\Install\Dev\Projects\IA\Ejercise\cpu-native-arch\build\cpu_native_q4_probe.exe" --cpu 2 --K 512 --target-kib 1024 --depth 1 --variant B --kernel avx2 --iterations 1 --repetitions 2 --warmup 1
AVX2 correction test passed; scalar_checksum=-9.02812, avx2_checksum=-9.02812, abs_difference=0, tolerance=0.00902812
T0 scalar Q4 throughput probe; not an exact model-kernel equivalence claim
shape m=3276 K=512, target_kib=1024, actual_weight_bytes_per_block=1048320, allocated_weight_bytes=1048320, variant=B, kernel_requested=avx2, kernel_used=avx2, avx2_supported=true, fma_supported=true, eviction_bytes=0, active_logical_cpus=8
command[108/360]="D:\Install\Dev\Projects\IA\Ejercise\cpu-native-arch\build\cpu_native_q4_probe.exe" --cpu 2 --K 512 --target-kib 1024 --depth 1 --variant C --kernel avx2 --iterations 1 --repetitions 2 --warmup 1
AVX2 correction test passed; scalar_checksum=-9.02812, avx2_checksum=-9.02812, abs_difference=0, tolerance=0.00902812
T0 scalar Q4 throughput probe; not an exact model-kernel equivalence claim
shape m=3276 K=512, target_kib=1024, actual_weight_bytes_per_block=1048320, allocated_weight_bytes=1048320, variant=C, kernel_requested=avx2, kernel_used=avx2, avx2_supported=true, fma_supported=true, eviction_bytes=67108864, active_logical_cpus=8
command[109/360]="D:\Install\Dev\Projects\IA\Ejercise\cpu-native-arch\build\cpu_native_q4_probe.exe" --cpu 2 --K 512 --target-kib 1024 --depth 2 --variant A --kernel avx2 --iterations 1 --repetitions 2 --warmup 1
AVX2 correction test passed; scalar_checksum=-9.02812, avx2_checksum=-9.02812, abs_difference=0, tolerance=0.00902812
T0 scalar Q4 throughput probe; not an exact model-kernel equivalence claim
shape m=3276 K=512, target_kib=1024, actual_weight_bytes_per_block=1048320, allocated_weight_bytes=1048320, variant=A, kernel_requested=avx2, kernel_used=avx2, avx2_supported=true, fma_supported=true, eviction_bytes=0, active_logical_cpus=8
command[110/360]="D:\Install\Dev\Projects\IA\Ejercise\cpu-native-arch\build\cpu_native_q4_probe.exe" --cpu 2 --K 512 --target-kib 1024 --depth 2 --variant B --kernel avx2 --iterations 1 --repetitions 2 --warmup 1
AVX2 correction test passed; scalar_checksum=-9.02812, avx2_checksum=-9.02812, abs_difference=0, tolerance=0.00902812
T0 scalar Q4 throughput probe; not an exact model-kernel equivalence claim
shape m=3276 K=512, target_kib=1024, actual_weight_bytes_per_block=1048320, allocated_weight_bytes=2096640, variant=B, kernel_requested=avx2, kernel_used=avx2, avx2_supported=true, fma_supported=true, eviction_bytes=0, active_logical_cpus=8
command[111/360]="D:\Install\Dev\Projects\IA\Ejercise\cpu-native-arch\build\cpu_native_q4_probe.exe" --cpu 2 --K 512 --target-kib 1024 --depth 2 --variant C --kernel avx2 --iterations 1 --repetitions 2 --warmup 1
AVX2 correction test passed; scalar_checksum=-9.02812, avx2_checksum=-9.02812, abs_difference=0, tolerance=0.00902812
T0 scalar Q4 throughput probe; not an exact model-kernel equivalence claim
shape m=3276 K=512, target_kib=1024, actual_weight_bytes_per_block=1048320, allocated_weight_bytes=1048320, variant=C, kernel_requested=avx2, kernel_used=avx2, avx2_supported=true, fma_supported=true, eviction_bytes=67108864, active_logical_cpus=8
command[112/360]="D:\Install\Dev\Projects\IA\Ejercise\cpu-native-arch\build\cpu_native_q4_probe.exe" --cpu 2 --K 512 --target-kib 1024 --depth 4 --variant A --kernel avx2 --iterations 1 --repetitions 2 --warmup 1
AVX2 correction test passed; scalar_checksum=-9.02812, avx2_checksum=-9.02812, abs_difference=0, tolerance=0.00902812
T0 scalar Q4 throughput probe; not an exact model-kernel equivalence claim
shape m=3276 K=512, target_kib=1024, actual_weight_bytes_per_block=1048320, allocated_weight_bytes=1048320, variant=A, kernel_requested=avx2, kernel_used=avx2, avx2_supported=true, fma_supported=true, eviction_bytes=0, active_logical_cpus=8
command[113/360]="D:\Install\Dev\Projects\IA\Ejercise\cpu-native-arch\build\cpu_native_q4_probe.exe" --cpu 2 --K 512 --target-kib 1024 --depth 4 --variant B --kernel avx2 --iterations 1 --repetitions 2 --warmup 1
AVX2 correction test passed; scalar_checksum=-9.02812, avx2_checksum=-9.02812, abs_difference=0, tolerance=0.00902812
T0 scalar Q4 throughput probe; not an exact model-kernel equivalence claim
shape m=3276 K=512, target_kib=1024, actual_weight_bytes_per_block=1048320, allocated_weight_bytes=4193280, variant=B, kernel_requested=avx2, kernel_used=avx2, avx2_supported=true, fma_supported=true, eviction_bytes=0, active_logical_cpus=8
command[114/360]="D:\Install\Dev\Projects\IA\Ejercise\cpu-native-arch\build\cpu_native_q4_probe.exe" --cpu 2 --K 512 --target-kib 1024 --depth 4 --variant C --kernel avx2 --iterations 1 --repetitions 2 --warmup 1
AVX2 correction test passed; scalar_checksum=-9.02812, avx2_checksum=-9.02812, abs_difference=0, tolerance=0.00902812
T0 scalar Q4 throughput probe; not an exact model-kernel equivalence claim
shape m=3276 K=512, target_kib=1024, actual_weight_bytes_per_block=1048320, allocated_weight_bytes=1048320, variant=C, kernel_requested=avx2, kernel_used=avx2, avx2_supported=true, fma_supported=true, eviction_bytes=67108864, active_logical_cpus=8
command[115/360]="D:\Install\Dev\Projects\IA\Ejercise\cpu-native-arch\build\cpu_native_q4_probe.exe" --cpu 2 --K 512 --target-kib 1024 --depth 8 --variant A --kernel avx2 --iterations 1 --repetitions 2 --warmup 1
AVX2 correction test passed; scalar_checksum=-9.02812, avx2_checksum=-9.02812, abs_difference=0, tolerance=0.00902812
T0 scalar Q4 throughput probe; not an exact model-kernel equivalence claim
shape m=3276 K=512, target_kib=1024, actual_weight_bytes_per_block=1048320, allocated_weight_bytes=1048320, variant=A, kernel_requested=avx2, kernel_used=avx2, avx2_supported=true, fma_supported=true, eviction_bytes=0, active_logical_cpus=8
command[116/360]="D:\Install\Dev\Projects\IA\Ejercise\cpu-native-arch\build\cpu_native_q4_probe.exe" --cpu 2 --K 512 --target-kib 1024 --depth 8 --variant B --kernel avx2 --iterations 1 --repetitions 2 --warmup 1
AVX2 correction test passed; scalar_checksum=-9.02812, avx2_checksum=-9.02812, abs_difference=0, tolerance=0.00902812
T0 scalar Q4 throughput probe; not an exact model-kernel equivalence claim
shape m=3276 K=512, target_kib=1024, actual_weight_bytes_per_block=1048320, allocated_weight_bytes=8386560, variant=B, kernel_requested=avx2, kernel_used=avx2, avx2_supported=true, fma_supported=true, eviction_bytes=0, active_logical_cpus=8
command[117/360]="D:\Install\Dev\Projects\IA\Ejercise\cpu-native-arch\build\cpu_native_q4_probe.exe" --cpu 2 --K 512 --target-kib 1024 --depth 8 --variant C --kernel avx2 --iterations 1 --repetitions 2 --warmup 1
AVX2 correction test passed; scalar_checksum=-9.02812, avx2_checksum=-9.02812, abs_difference=0, tolerance=0.00902812
T0 scalar Q4 throughput probe; not an exact model-kernel equivalence claim
shape m=3276 K=512, target_kib=1024, actual_weight_bytes_per_block=1048320, allocated_weight_bytes=1048320, variant=C, kernel_requested=avx2, kernel_used=avx2, avx2_supported=true, fma_supported=true, eviction_bytes=67108864, active_logical_cpus=8
command[118/360]="D:\Install\Dev\Projects\IA\Ejercise\cpu-native-arch\build\cpu_native_q4_probe.exe" --cpu 2 --K 512 --target-kib 1024 --depth 16 --variant A --kernel avx2 --iterations 1 --repetitions 2 --warmup 1
AVX2 correction test passed; scalar_checksum=-9.02812, avx2_checksum=-9.02812, abs_difference=0, tolerance=0.00902812
T0 scalar Q4 throughput probe; not an exact model-kernel equivalence claim
shape m=3276 K=512, target_kib=1024, actual_weight_bytes_per_block=1048320, allocated_weight_bytes=1048320, variant=A, kernel_requested=avx2, kernel_used=avx2, avx2_supported=true, fma_supported=true, eviction_bytes=0, active_logical_cpus=8
command[119/360]="D:\Install\Dev\Projects\IA\Ejercise\cpu-native-arch\build\cpu_native_q4_probe.exe" --cpu 2 --K 512 --target-kib 1024 --depth 16 --variant B --kernel avx2 --iterations 1 --repetitions 2 --warmup 1
AVX2 correction test passed; scalar_checksum=-9.02812, avx2_checksum=-9.02812, abs_difference=0, tolerance=0.00902812
T0 scalar Q4 throughput probe; not an exact model-kernel equivalence claim
shape m=3276 K=512, target_kib=1024, actual_weight_bytes_per_block=1048320, allocated_weight_bytes=16773120, variant=B, kernel_requested=avx2, kernel_used=avx2, avx2_supported=true, fma_supported=true, eviction_bytes=0, active_logical_cpus=8
command[120/360]="D:\Install\Dev\Projects\IA\Ejercise\cpu-native-arch\build\cpu_native_q4_probe.exe" --cpu 2 --K 512 --target-kib 1024 --depth 16 --variant C --kernel avx2 --iterations 1 --repetitions 2 --warmup 1
AVX2 correction test passed; scalar_checksum=-9.02812, avx2_checksum=-9.02812, abs_difference=0, tolerance=0.00902812
T0 scalar Q4 throughput probe; not an exact model-kernel equivalence claim
shape m=3276 K=512, target_kib=1024, actual_weight_bytes_per_block=1048320, allocated_weight_bytes=1048320, variant=C, kernel_requested=avx2, kernel_used=avx2, avx2_supported=true, fma_supported=true, eviction_bytes=67108864, active_logical_cpus=8
command[121/360]="D:\Install\Dev\Projects\IA\Ejercise\cpu-native-arch\build\cpu_native_q4_probe.exe" --cpu 2 --K 512 --target-kib 1280 --depth 1 --variant A --kernel avx2 --iterations 1 --repetitions 2 --warmup 1
AVX2 correction test passed; scalar_checksum=-9.02812, avx2_checksum=-9.02812, abs_difference=0, tolerance=0.00902812
T0 scalar Q4 throughput probe; not an exact model-kernel equivalence claim
shape m=4096 K=512, target_kib=1280, actual_weight_bytes_per_block=1310720, allocated_weight_bytes=1310720, variant=A, kernel_requested=avx2, kernel_used=avx2, avx2_supported=true, fma_supported=true, eviction_bytes=0, active_logical_cpus=8
command[122/360]="D:\Install\Dev\Projects\IA\Ejercise\cpu-native-arch\build\cpu_native_q4_probe.exe" --cpu 2 --K 512 --target-kib 1280 --depth 1 --variant B --kernel avx2 --iterations 1 --repetitions 2 --warmup 1
AVX2 correction test passed; scalar_checksum=-9.02812, avx2_checksum=-9.02812, abs_difference=0, tolerance=0.00902812
T0 scalar Q4 throughput probe; not an exact model-kernel equivalence claim
shape m=4096 K=512, target_kib=1280, actual_weight_bytes_per_block=1310720, allocated_weight_bytes=1310720, variant=B, kernel_requested=avx2, kernel_used=avx2, avx2_supported=true, fma_supported=true, eviction_bytes=0, active_logical_cpus=8
command[123/360]="D:\Install\Dev\Projects\IA\Ejercise\cpu-native-arch\build\cpu_native_q4_probe.exe" --cpu 2 --K 512 --target-kib 1280 --depth 1 --variant C --kernel avx2 --iterations 1 --repetitions 2 --warmup 1
AVX2 correction test passed; scalar_checksum=-9.02812, avx2_checksum=-9.02812, abs_difference=0, tolerance=0.00902812
T0 scalar Q4 throughput probe; not an exact model-kernel equivalence claim
shape m=4096 K=512, target_kib=1280, actual_weight_bytes_per_block=1310720, allocated_weight_bytes=1310720, variant=C, kernel_requested=avx2, kernel_used=avx2, avx2_supported=true, fma_supported=true, eviction_bytes=67108864, active_logical_cpus=8
command[124/360]="D:\Install\Dev\Projects\IA\Ejercise\cpu-native-arch\build\cpu_native_q4_probe.exe" --cpu 2 --K 512 --target-kib 1280 --depth 2 --variant A --kernel avx2 --iterations 1 --repetitions 2 --warmup 1
AVX2 correction test passed; scalar_checksum=-9.02812, avx2_checksum=-9.02812, abs_difference=0, tolerance=0.00902812
T0 scalar Q4 throughput probe; not an exact model-kernel equivalence claim
shape m=4096 K=512, target_kib=1280, actual_weight_bytes_per_block=1310720, allocated_weight_bytes=1310720, variant=A, kernel_requested=avx2, kernel_used=avx2, avx2_supported=true, fma_supported=true, eviction_bytes=0, active_logical_cpus=8
command[125/360]="D:\Install\Dev\Projects\IA\Ejercise\cpu-native-arch\build\cpu_native_q4_probe.exe" --cpu 2 --K 512 --target-kib 1280 --depth 2 --variant B --kernel avx2 --iterations 1 --repetitions 2 --warmup 1
AVX2 correction test passed; scalar_checksum=-9.02812, avx2_checksum=-9.02812, abs_difference=0, tolerance=0.00902812
T0 scalar Q4 throughput probe; not an exact model-kernel equivalence claim
shape m=4096 K=512, target_kib=1280, actual_weight_bytes_per_block=1310720, allocated_weight_bytes=2621440, variant=B, kernel_requested=avx2, kernel_used=avx2, avx2_supported=true, fma_supported=true, eviction_bytes=0, active_logical_cpus=8
command[126/360]="D:\Install\Dev\Projects\IA\Ejercise\cpu-native-arch\build\cpu_native_q4_probe.exe" --cpu 2 --K 512 --target-kib 1280 --depth 2 --variant C --kernel avx2 --iterations 1 --repetitions 2 --warmup 1
AVX2 correction test passed; scalar_checksum=-9.02812, avx2_checksum=-9.02812, abs_difference=0, tolerance=0.00902812
T0 scalar Q4 throughput probe; not an exact model-kernel equivalence claim
shape m=4096 K=512, target_kib=1280, actual_weight_bytes_per_block=1310720, allocated_weight_bytes=1310720, variant=C, kernel_requested=avx2, kernel_used=avx2, avx2_supported=true, fma_supported=true, eviction_bytes=67108864, active_logical_cpus=8
command[127/360]="D:\Install\Dev\Projects\IA\Ejercise\cpu-native-arch\build\cpu_native_q4_probe.exe" --cpu 2 --K 512 --target-kib 1280 --depth 4 --variant A --kernel avx2 --iterations 1 --repetitions 2 --warmup 1
AVX2 correction test passed; scalar_checksum=-9.02812, avx2_checksum=-9.02812, abs_difference=0, tolerance=0.00902812
T0 scalar Q4 throughput probe; not an exact model-kernel equivalence claim
shape m=4096 K=512, target_kib=1280, actual_weight_bytes_per_block=1310720, allocated_weight_bytes=1310720, variant=A, kernel_requested=avx2, kernel_used=avx2, avx2_supported=true, fma_supported=true, eviction_bytes=0, active_logical_cpus=8
command[128/360]="D:\Install\Dev\Projects\IA\Ejercise\cpu-native-arch\build\cpu_native_q4_probe.exe" --cpu 2 --K 512 --target-kib 1280 --depth 4 --variant B --kernel avx2 --iterations 1 --repetitions 2 --warmup 1
AVX2 correction test passed; scalar_checksum=-9.02812, avx2_checksum=-9.02812, abs_difference=0, tolerance=0.00902812
T0 scalar Q4 throughput probe; not an exact model-kernel equivalence claim
shape m=4096 K=512, target_kib=1280, actual_weight_bytes_per_block=1310720, allocated_weight_bytes=5242880, variant=B, kernel_requested=avx2, kernel_used=avx2, avx2_supported=true, fma_supported=true, eviction_bytes=0, active_logical_cpus=8
command[129/360]="D:\Install\Dev\Projects\IA\Ejercise\cpu-native-arch\build\cpu_native_q4_probe.exe" --cpu 2 --K 512 --target-kib 1280 --depth 4 --variant C --kernel avx2 --iterations 1 --repetitions 2 --warmup 1
AVX2 correction test passed; scalar_checksum=-9.02812, avx2_checksum=-9.02812, abs_difference=0, tolerance=0.00902812
T0 scalar Q4 throughput probe; not an exact model-kernel equivalence claim
shape m=4096 K=512, target_kib=1280, actual_weight_bytes_per_block=1310720, allocated_weight_bytes=1310720, variant=C, kernel_requested=avx2, kernel_used=avx2, avx2_supported=true, fma_supported=true, eviction_bytes=67108864, active_logical_cpus=8
command[130/360]="D:\Install\Dev\Projects\IA\Ejercise\cpu-native-arch\build\cpu_native_q4_probe.exe" --cpu 2 --K 512 --target-kib 1280 --depth 8 --variant A --kernel avx2 --iterations 1 --repetitions 2 --warmup 1
AVX2 correction test passed; scalar_checksum=-9.02812, avx2_checksum=-9.02812, abs_difference=0, tolerance=0.00902812
T0 scalar Q4 throughput probe; not an exact model-kernel equivalence claim
shape m=4096 K=512, target_kib=1280, actual_weight_bytes_per_block=1310720, allocated_weight_bytes=1310720, variant=A, kernel_requested=avx2, kernel_used=avx2, avx2_supported=true, fma_supported=true, eviction_bytes=0, active_logical_cpus=8
command[131/360]="D:\Install\Dev\Projects\IA\Ejercise\cpu-native-arch\build\cpu_native_q4_probe.exe" --cpu 2 --K 512 --target-kib 1280 --depth 8 --variant B --kernel avx2 --iterations 1 --repetitions 2 --warmup 1
AVX2 correction test passed; scalar_checksum=-9.02812, avx2_checksum=-9.02812, abs_difference=0, tolerance=0.00902812
T0 scalar Q4 throughput probe; not an exact model-kernel equivalence claim
shape m=4096 K=512, target_kib=1280, actual_weight_bytes_per_block=1310720, allocated_weight_bytes=10485760, variant=B, kernel_requested=avx2, kernel_used=avx2, avx2_supported=true, fma_supported=true, eviction_bytes=0, active_logical_cpus=8
command[132/360]="D:\Install\Dev\Projects\IA\Ejercise\cpu-native-arch\build\cpu_native_q4_probe.exe" --cpu 2 --K 512 --target-kib 1280 --depth 8 --variant C --kernel avx2 --iterations 1 --repetitions 2 --warmup 1
AVX2 correction test passed; scalar_checksum=-9.02812, avx2_checksum=-9.02812, abs_difference=0, tolerance=0.00902812
T0 scalar Q4 throughput probe; not an exact model-kernel equivalence claim
shape m=4096 K=512, target_kib=1280, actual_weight_bytes_per_block=1310720, allocated_weight_bytes=1310720, variant=C, kernel_requested=avx2, kernel_used=avx2, avx2_supported=true, fma_supported=true, eviction_bytes=67108864, active_logical_cpus=8
command[133/360]="D:\Install\Dev\Projects\IA\Ejercise\cpu-native-arch\build\cpu_native_q4_probe.exe" --cpu 2 --K 512 --target-kib 1280 --depth 16 --variant A --kernel avx2 --iterations 1 --repetitions 2 --warmup 1
AVX2 correction test passed; scalar_checksum=-9.02812, avx2_checksum=-9.02812, abs_difference=0, tolerance=0.00902812
T0 scalar Q4 throughput probe; not an exact model-kernel equivalence claim
shape m=4096 K=512, target_kib=1280, actual_weight_bytes_per_block=1310720, allocated_weight_bytes=1310720, variant=A, kernel_requested=avx2, kernel_used=avx2, avx2_supported=true, fma_supported=true, eviction_bytes=0, active_logical_cpus=8
command[134/360]="D:\Install\Dev\Projects\IA\Ejercise\cpu-native-arch\build\cpu_native_q4_probe.exe" --cpu 2 --K 512 --target-kib 1280 --depth 16 --variant B --kernel avx2 --iterations 1 --repetitions 2 --warmup 1
AVX2 correction test passed; scalar_checksum=-9.02812, avx2_checksum=-9.02812, abs_difference=0, tolerance=0.00902812
T0 scalar Q4 throughput probe; not an exact model-kernel equivalence claim
shape m=4096 K=512, target_kib=1280, actual_weight_bytes_per_block=1310720, allocated_weight_bytes=20971520, variant=B, kernel_requested=avx2, kernel_used=avx2, avx2_supported=true, fma_supported=true, eviction_bytes=0, active_logical_cpus=8
command[135/360]="D:\Install\Dev\Projects\IA\Ejercise\cpu-native-arch\build\cpu_native_q4_probe.exe" --cpu 2 --K 512 --target-kib 1280 --depth 16 --variant C --kernel avx2 --iterations 1 --repetitions 2 --warmup 1
AVX2 correction test passed; scalar_checksum=-9.02812, avx2_checksum=-9.02812, abs_difference=0, tolerance=0.00902812
T0 scalar Q4 throughput probe; not an exact model-kernel equivalence claim
shape m=4096 K=512, target_kib=1280, actual_weight_bytes_per_block=1310720, allocated_weight_bytes=1310720, variant=C, kernel_requested=avx2, kernel_used=avx2, avx2_supported=true, fma_supported=true, eviction_bytes=67108864, active_logical_cpus=8
command[136/360]="D:\Install\Dev\Projects\IA\Ejercise\cpu-native-arch\build\cpu_native_q4_probe.exe" --cpu 3 --K 512 --target-kib 512 --depth 1 --variant A --kernel avx2 --iterations 1 --repetitions 2 --warmup 1
AVX2 correction test passed; scalar_checksum=-9.02812, avx2_checksum=-9.02812, abs_difference=0, tolerance=0.00902812
T0 scalar Q4 throughput probe; not an exact model-kernel equivalence claim
shape m=1638 K=512, target_kib=512, actual_weight_bytes_per_block=524160, allocated_weight_bytes=524160, variant=A, kernel_requested=avx2, kernel_used=avx2, avx2_supported=true, fma_supported=true, eviction_bytes=0, active_logical_cpus=8
command[137/360]="D:\Install\Dev\Projects\IA\Ejercise\cpu-native-arch\build\cpu_native_q4_probe.exe" --cpu 3 --K 512 --target-kib 512 --depth 1 --variant B --kernel avx2 --iterations 1 --repetitions 2 --warmup 1
AVX2 correction test passed; scalar_checksum=-9.02812, avx2_checksum=-9.02812, abs_difference=0, tolerance=0.00902812
T0 scalar Q4 throughput probe; not an exact model-kernel equivalence claim
shape m=1638 K=512, target_kib=512, actual_weight_bytes_per_block=524160, allocated_weight_bytes=524160, variant=B, kernel_requested=avx2, kernel_used=avx2, avx2_supported=true, fma_supported=true, eviction_bytes=0, active_logical_cpus=8
command[138/360]="D:\Install\Dev\Projects\IA\Ejercise\cpu-native-arch\build\cpu_native_q4_probe.exe" --cpu 3 --K 512 --target-kib 512 --depth 1 --variant C --kernel avx2 --iterations 1 --repetitions 2 --warmup 1
AVX2 correction test passed; scalar_checksum=-9.02812, avx2_checksum=-9.02812, abs_difference=0, tolerance=0.00902812
T0 scalar Q4 throughput probe; not an exact model-kernel equivalence claim
shape m=1638 K=512, target_kib=512, actual_weight_bytes_per_block=524160, allocated_weight_bytes=524160, variant=C, kernel_requested=avx2, kernel_used=avx2, avx2_supported=true, fma_supported=true, eviction_bytes=67108864, active_logical_cpus=8
command[139/360]="D:\Install\Dev\Projects\IA\Ejercise\cpu-native-arch\build\cpu_native_q4_probe.exe" --cpu 3 --K 512 --target-kib 512 --depth 2 --variant A --kernel avx2 --iterations 1 --repetitions 2 --warmup 1
AVX2 correction test passed; scalar_checksum=-9.02812, avx2_checksum=-9.02812, abs_difference=0, tolerance=0.00902812
T0 scalar Q4 throughput probe; not an exact model-kernel equivalence claim
shape m=1638 K=512, target_kib=512, actual_weight_bytes_per_block=524160, allocated_weight_bytes=524160, variant=A, kernel_requested=avx2, kernel_used=avx2, avx2_supported=true, fma_supported=true, eviction_bytes=0, active_logical_cpus=8
command[140/360]="D:\Install\Dev\Projects\IA\Ejercise\cpu-native-arch\build\cpu_native_q4_probe.exe" --cpu 3 --K 512 --target-kib 512 --depth 2 --variant B --kernel avx2 --iterations 1 --repetitions 2 --warmup 1
AVX2 correction test passed; scalar_checksum=-9.02812, avx2_checksum=-9.02812, abs_difference=0, tolerance=0.00902812
T0 scalar Q4 throughput probe; not an exact model-kernel equivalence claim
shape m=1638 K=512, target_kib=512, actual_weight_bytes_per_block=524160, allocated_weight_bytes=1048320, variant=B, kernel_requested=avx2, kernel_used=avx2, avx2_supported=true, fma_supported=true, eviction_bytes=0, active_logical_cpus=8
command[141/360]="D:\Install\Dev\Projects\IA\Ejercise\cpu-native-arch\build\cpu_native_q4_probe.exe" --cpu 3 --K 512 --target-kib 512 --depth 2 --variant C --kernel avx2 --iterations 1 --repetitions 2 --warmup 1
AVX2 correction test passed; scalar_checksum=-9.02812, avx2_checksum=-9.02812, abs_difference=0, tolerance=0.00902812
T0 scalar Q4 throughput probe; not an exact model-kernel equivalence claim
shape m=1638 K=512, target_kib=512, actual_weight_bytes_per_block=524160, allocated_weight_bytes=524160, variant=C, kernel_requested=avx2, kernel_used=avx2, avx2_supported=true, fma_supported=true, eviction_bytes=67108864, active_logical_cpus=8
command[142/360]="D:\Install\Dev\Projects\IA\Ejercise\cpu-native-arch\build\cpu_native_q4_probe.exe" --cpu 3 --K 512 --target-kib 512 --depth 4 --variant A --kernel avx2 --iterations 1 --repetitions 2 --warmup 1
AVX2 correction test passed; scalar_checksum=-9.02812, avx2_checksum=-9.02812, abs_difference=0, tolerance=0.00902812
T0 scalar Q4 throughput probe; not an exact model-kernel equivalence claim
shape m=1638 K=512, target_kib=512, actual_weight_bytes_per_block=524160, allocated_weight_bytes=524160, variant=A, kernel_requested=avx2, kernel_used=avx2, avx2_supported=true, fma_supported=true, eviction_bytes=0, active_logical_cpus=8
command[143/360]="D:\Install\Dev\Projects\IA\Ejercise\cpu-native-arch\build\cpu_native_q4_probe.exe" --cpu 3 --K 512 --target-kib 512 --depth 4 --variant B --kernel avx2 --iterations 1 --repetitions 2 --warmup 1
AVX2 correction test passed; scalar_checksum=-9.02812, avx2_checksum=-9.02812, abs_difference=0, tolerance=0.00902812
T0 scalar Q4 throughput probe; not an exact model-kernel equivalence claim
shape m=1638 K=512, target_kib=512, actual_weight_bytes_per_block=524160, allocated_weight_bytes=2096640, variant=B, kernel_requested=avx2, kernel_used=avx2, avx2_supported=true, fma_supported=true, eviction_bytes=0, active_logical_cpus=8
command[144/360]="D:\Install\Dev\Projects\IA\Ejercise\cpu-native-arch\build\cpu_native_q4_probe.exe" --cpu 3 --K 512 --target-kib 512 --depth 4 --variant C --kernel avx2 --iterations 1 --repetitions 2 --warmup 1
AVX2 correction test passed; scalar_checksum=-9.02812, avx2_checksum=-9.02812, abs_difference=0, tolerance=0.00902812
T0 scalar Q4 throughput probe; not an exact model-kernel equivalence claim
shape m=1638 K=512, target_kib=512, actual_weight_bytes_per_block=524160, allocated_weight_bytes=524160, variant=C, kernel_requested=avx2, kernel_used=avx2, avx2_supported=true, fma_supported=true, eviction_bytes=67108864, active_logical_cpus=8
command[145/360]="D:\Install\Dev\Projects\IA\Ejercise\cpu-native-arch\build\cpu_native_q4_probe.exe" --cpu 3 --K 512 --target-kib 512 --depth 8 --variant A --kernel avx2 --iterations 1 --repetitions 2 --warmup 1
AVX2 correction test passed; scalar_checksum=-9.02812, avx2_checksum=-9.02812, abs_difference=0, tolerance=0.00902812
T0 scalar Q4 throughput probe; not an exact model-kernel equivalence claim
shape m=1638 K=512, target_kib=512, actual_weight_bytes_per_block=524160, allocated_weight_bytes=524160, variant=A, kernel_requested=avx2, kernel_used=avx2, avx2_supported=true, fma_supported=true, eviction_bytes=0, active_logical_cpus=8
command[146/360]="D:\Install\Dev\Projects\IA\Ejercise\cpu-native-arch\build\cpu_native_q4_probe.exe" --cpu 3 --K 512 --target-kib 512 --depth 8 --variant B --kernel avx2 --iterations 1 --repetitions 2 --warmup 1
AVX2 correction test passed; scalar_checksum=-9.02812, avx2_checksum=-9.02812, abs_difference=0, tolerance=0.00902812
T0 scalar Q4 throughput probe; not an exact model-kernel equivalence claim
shape m=1638 K=512, target_kib=512, actual_weight_bytes_per_block=524160, allocated_weight_bytes=4193280, variant=B, kernel_requested=avx2, kernel_used=avx2, avx2_supported=true, fma_supported=true, eviction_bytes=0, active_logical_cpus=8
command[147/360]="D:\Install\Dev\Projects\IA\Ejercise\cpu-native-arch\build\cpu_native_q4_probe.exe" --cpu 3 --K 512 --target-kib 512 --depth 8 --variant C --kernel avx2 --iterations 1 --repetitions 2 --warmup 1
AVX2 correction test passed; scalar_checksum=-9.02812, avx2_checksum=-9.02812, abs_difference=0, tolerance=0.00902812
T0 scalar Q4 throughput probe; not an exact model-kernel equivalence claim
shape m=1638 K=512, target_kib=512, actual_weight_bytes_per_block=524160, allocated_weight_bytes=524160, variant=C, kernel_requested=avx2, kernel_used=avx2, avx2_supported=true, fma_supported=true, eviction_bytes=67108864, active_logical_cpus=8
command[148/360]="D:\Install\Dev\Projects\IA\Ejercise\cpu-native-arch\build\cpu_native_q4_probe.exe" --cpu 3 --K 512 --target-kib 512 --depth 16 --variant A --kernel avx2 --iterations 1 --repetitions 2 --warmup 1
AVX2 correction test passed; scalar_checksum=-9.02812, avx2_checksum=-9.02812, abs_difference=0, tolerance=0.00902812
T0 scalar Q4 throughput probe; not an exact model-kernel equivalence claim
shape m=1638 K=512, target_kib=512, actual_weight_bytes_per_block=524160, allocated_weight_bytes=524160, variant=A, kernel_requested=avx2, kernel_used=avx2, avx2_supported=true, fma_supported=true, eviction_bytes=0, active_logical_cpus=8
command[149/360]="D:\Install\Dev\Projects\IA\Ejercise\cpu-native-arch\build\cpu_native_q4_probe.exe" --cpu 3 --K 512 --target-kib 512 --depth 16 --variant B --kernel avx2 --iterations 1 --repetitions 2 --warmup 1
AVX2 correction test passed; scalar_checksum=-9.02812, avx2_checksum=-9.02812, abs_difference=0, tolerance=0.00902812
T0 scalar Q4 throughput probe; not an exact model-kernel equivalence claim
shape m=1638 K=512, target_kib=512, actual_weight_bytes_per_block=524160, allocated_weight_bytes=8386560, variant=B, kernel_requested=avx2, kernel_used=avx2, avx2_supported=true, fma_supported=true, eviction_bytes=0, active_logical_cpus=8
command[150/360]="D:\Install\Dev\Projects\IA\Ejercise\cpu-native-arch\build\cpu_native_q4_probe.exe" --cpu 3 --K 512 --target-kib 512 --depth 16 --variant C --kernel avx2 --iterations 1 --repetitions 2 --warmup 1
AVX2 correction test passed; scalar_checksum=-9.02812, avx2_checksum=-9.02812, abs_difference=0, tolerance=0.00902812
T0 scalar Q4 throughput probe; not an exact model-kernel equivalence claim
shape m=1638 K=512, target_kib=512, actual_weight_bytes_per_block=524160, allocated_weight_bytes=524160, variant=C, kernel_requested=avx2, kernel_used=avx2, avx2_supported=true, fma_supported=true, eviction_bytes=67108864, active_logical_cpus=8
command[151/360]="D:\Install\Dev\Projects\IA\Ejercise\cpu-native-arch\build\cpu_native_q4_probe.exe" --cpu 3 --K 512 --target-kib 1024 --depth 1 --variant A --kernel avx2 --iterations 1 --repetitions 2 --warmup 1
AVX2 correction test passed; scalar_checksum=-9.02812, avx2_checksum=-9.02812, abs_difference=0, tolerance=0.00902812
T0 scalar Q4 throughput probe; not an exact model-kernel equivalence claim
shape m=3276 K=512, target_kib=1024, actual_weight_bytes_per_block=1048320, allocated_weight_bytes=1048320, variant=A, kernel_requested=avx2, kernel_used=avx2, avx2_supported=true, fma_supported=true, eviction_bytes=0, active_logical_cpus=8
command[152/360]="D:\Install\Dev\Projects\IA\Ejercise\cpu-native-arch\build\cpu_native_q4_probe.exe" --cpu 3 --K 512 --target-kib 1024 --depth 1 --variant B --kernel avx2 --iterations 1 --repetitions 2 --warmup 1
AVX2 correction test passed; scalar_checksum=-9.02812, avx2_checksum=-9.02812, abs_difference=0, tolerance=0.00902812
T0 scalar Q4 throughput probe; not an exact model-kernel equivalence claim
shape m=3276 K=512, target_kib=1024, actual_weight_bytes_per_block=1048320, allocated_weight_bytes=1048320, variant=B, kernel_requested=avx2, kernel_used=avx2, avx2_supported=true, fma_supported=true, eviction_bytes=0, active_logical_cpus=8
command[153/360]="D:\Install\Dev\Projects\IA\Ejercise\cpu-native-arch\build\cpu_native_q4_probe.exe" --cpu 3 --K 512 --target-kib 1024 --depth 1 --variant C --kernel avx2 --iterations 1 --repetitions 2 --warmup 1
AVX2 correction test passed; scalar_checksum=-9.02812, avx2_checksum=-9.02812, abs_difference=0, tolerance=0.00902812
T0 scalar Q4 throughput probe; not an exact model-kernel equivalence claim
shape m=3276 K=512, target_kib=1024, actual_weight_bytes_per_block=1048320, allocated_weight_bytes=1048320, variant=C, kernel_requested=avx2, kernel_used=avx2, avx2_supported=true, fma_supported=true, eviction_bytes=67108864, active_logical_cpus=8
command[154/360]="D:\Install\Dev\Projects\IA\Ejercise\cpu-native-arch\build\cpu_native_q4_probe.exe" --cpu 3 --K 512 --target-kib 1024 --depth 2 --variant A --kernel avx2 --iterations 1 --repetitions 2 --warmup 1
AVX2 correction test passed; scalar_checksum=-9.02812, avx2_checksum=-9.02812, abs_difference=0, tolerance=0.00902812
T0 scalar Q4 throughput probe; not an exact model-kernel equivalence claim
shape m=3276 K=512, target_kib=1024, actual_weight_bytes_per_block=1048320, allocated_weight_bytes=1048320, variant=A, kernel_requested=avx2, kernel_used=avx2, avx2_supported=true, fma_supported=true, eviction_bytes=0, active_logical_cpus=8
command[155/360]="D:\Install\Dev\Projects\IA\Ejercise\cpu-native-arch\build\cpu_native_q4_probe.exe" --cpu 3 --K 512 --target-kib 1024 --depth 2 --variant B --kernel avx2 --iterations 1 --repetitions 2 --warmup 1
AVX2 correction test passed; scalar_checksum=-9.02812, avx2_checksum=-9.02812, abs_difference=0, tolerance=0.00902812
T0 scalar Q4 throughput probe; not an exact model-kernel equivalence claim
shape m=3276 K=512, target_kib=1024, actual_weight_bytes_per_block=1048320, allocated_weight_bytes=2096640, variant=B, kernel_requested=avx2, kernel_used=avx2, avx2_supported=true, fma_supported=true, eviction_bytes=0, active_logical_cpus=8
command[156/360]="D:\Install\Dev\Projects\IA\Ejercise\cpu-native-arch\build\cpu_native_q4_probe.exe" --cpu 3 --K 512 --target-kib 1024 --depth 2 --variant C --kernel avx2 --iterations 1 --repetitions 2 --warmup 1
AVX2 correction test passed; scalar_checksum=-9.02812, avx2_checksum=-9.02812, abs_difference=0, tolerance=0.00902812
T0 scalar Q4 throughput probe; not an exact model-kernel equivalence claim
shape m=3276 K=512, target_kib=1024, actual_weight_bytes_per_block=1048320, allocated_weight_bytes=1048320, variant=C, kernel_requested=avx2, kernel_used=avx2, avx2_supported=true, fma_supported=true, eviction_bytes=67108864, active_logical_cpus=8
command[157/360]="D:\Install\Dev\Projects\IA\Ejercise\cpu-native-arch\build\cpu_native_q4_probe.exe" --cpu 3 --K 512 --target-kib 1024 --depth 4 --variant A --kernel avx2 --iterations 1 --repetitions 2 --warmup 1
AVX2 correction test passed; scalar_checksum=-9.02812, avx2_checksum=-9.02812, abs_difference=0, tolerance=0.00902812
T0 scalar Q4 throughput probe; not an exact model-kernel equivalence claim
shape m=3276 K=512, target_kib=1024, actual_weight_bytes_per_block=1048320, allocated_weight_bytes=1048320, variant=A, kernel_requested=avx2, kernel_used=avx2, avx2_supported=true, fma_supported=true, eviction_bytes=0, active_logical_cpus=8
command[158/360]="D:\Install\Dev\Projects\IA\Ejercise\cpu-native-arch\build\cpu_native_q4_probe.exe" --cpu 3 --K 512 --target-kib 1024 --depth 4 --variant B --kernel avx2 --iterations 1 --repetitions 2 --warmup 1
AVX2 correction test passed; scalar_checksum=-9.02812, avx2_checksum=-9.02812, abs_difference=0, tolerance=0.00902812
T0 scalar Q4 throughput probe; not an exact model-kernel equivalence claim
shape m=3276 K=512, target_kib=1024, actual_weight_bytes_per_block=1048320, allocated_weight_bytes=4193280, variant=B, kernel_requested=avx2, kernel_used=avx2, avx2_supported=true, fma_supported=true, eviction_bytes=0, active_logical_cpus=8
command[159/360]="D:\Install\Dev\Projects\IA\Ejercise\cpu-native-arch\build\cpu_native_q4_probe.exe" --cpu 3 --K 512 --target-kib 1024 --depth 4 --variant C --kernel avx2 --iterations 1 --repetitions 2 --warmup 1
AVX2 correction test passed; scalar_checksum=-9.02812, avx2_checksum=-9.02812, abs_difference=0, tolerance=0.00902812
T0 scalar Q4 throughput probe; not an exact model-kernel equivalence claim
shape m=3276 K=512, target_kib=1024, actual_weight_bytes_per_block=1048320, allocated_weight_bytes=1048320, variant=C, kernel_requested=avx2, kernel_used=avx2, avx2_supported=true, fma_supported=true, eviction_bytes=67108864, active_logical_cpus=8
command[160/360]="D:\Install\Dev\Projects\IA\Ejercise\cpu-native-arch\build\cpu_native_q4_probe.exe" --cpu 3 --K 512 --target-kib 1024 --depth 8 --variant A --kernel avx2 --iterations 1 --repetitions 2 --warmup 1
AVX2 correction test passed; scalar_checksum=-9.02812, avx2_checksum=-9.02812, abs_difference=0, tolerance=0.00902812
T0 scalar Q4 throughput probe; not an exact model-kernel equivalence claim
shape m=3276 K=512, target_kib=1024, actual_weight_bytes_per_block=1048320, allocated_weight_bytes=1048320, variant=A, kernel_requested=avx2, kernel_used=avx2, avx2_supported=true, fma_supported=true, eviction_bytes=0, active_logical_cpus=8
command[161/360]="D:\Install\Dev\Projects\IA\Ejercise\cpu-native-arch\build\cpu_native_q4_probe.exe" --cpu 3 --K 512 --target-kib 1024 --depth 8 --variant B --kernel avx2 --iterations 1 --repetitions 2 --warmup 1
AVX2 correction test passed; scalar_checksum=-9.02812, avx2_checksum=-9.02812, abs_difference=0, tolerance=0.00902812
T0 scalar Q4 throughput probe; not an exact model-kernel equivalence claim
shape m=3276 K=512, target_kib=1024, actual_weight_bytes_per_block=1048320, allocated_weight_bytes=8386560, variant=B, kernel_requested=avx2, kernel_used=avx2, avx2_supported=true, fma_supported=true, eviction_bytes=0, active_logical_cpus=8
command[162/360]="D:\Install\Dev\Projects\IA\Ejercise\cpu-native-arch\build\cpu_native_q4_probe.exe" --cpu 3 --K 512 --target-kib 1024 --depth 8 --variant C --kernel avx2 --iterations 1 --repetitions 2 --warmup 1
AVX2 correction test passed; scalar_checksum=-9.02812, avx2_checksum=-9.02812, abs_difference=0, tolerance=0.00902812
T0 scalar Q4 throughput probe; not an exact model-kernel equivalence claim
shape m=3276 K=512, target_kib=1024, actual_weight_bytes_per_block=1048320, allocated_weight_bytes=1048320, variant=C, kernel_requested=avx2, kernel_used=avx2, avx2_supported=true, fma_supported=true, eviction_bytes=67108864, active_logical_cpus=8
command[163/360]="D:\Install\Dev\Projects\IA\Ejercise\cpu-native-arch\build\cpu_native_q4_probe.exe" --cpu 3 --K 512 --target-kib 1024 --depth 16 --variant A --kernel avx2 --iterations 1 --repetitions 2 --warmup 1
AVX2 correction test passed; scalar_checksum=-9.02812, avx2_checksum=-9.02812, abs_difference=0, tolerance=0.00902812
T0 scalar Q4 throughput probe; not an exact model-kernel equivalence claim
shape m=3276 K=512, target_kib=1024, actual_weight_bytes_per_block=1048320, allocated_weight_bytes=1048320, variant=A, kernel_requested=avx2, kernel_used=avx2, avx2_supported=true, fma_supported=true, eviction_bytes=0, active_logical_cpus=8
command[164/360]="D:\Install\Dev\Projects\IA\Ejercise\cpu-native-arch\build\cpu_native_q4_probe.exe" --cpu 3 --K 512 --target-kib 1024 --depth 16 --variant B --kernel avx2 --iterations 1 --repetitions 2 --warmup 1
AVX2 correction test passed; scalar_checksum=-9.02812, avx2_checksum=-9.02812, abs_difference=0, tolerance=0.00902812
T0 scalar Q4 throughput probe; not an exact model-kernel equivalence claim
shape m=3276 K=512, target_kib=1024, actual_weight_bytes_per_block=1048320, allocated_weight_bytes=16773120, variant=B, kernel_requested=avx2, kernel_used=avx2, avx2_supported=true, fma_supported=true, eviction_bytes=0, active_logical_cpus=8
command[165/360]="D:\Install\Dev\Projects\IA\Ejercise\cpu-native-arch\build\cpu_native_q4_probe.exe" --cpu 3 --K 512 --target-kib 1024 --depth 16 --variant C --kernel avx2 --iterations 1 --repetitions 2 --warmup 1
AVX2 correction test passed; scalar_checksum=-9.02812, avx2_checksum=-9.02812, abs_difference=0, tolerance=0.00902812
T0 scalar Q4 throughput probe; not an exact model-kernel equivalence claim
shape m=3276 K=512, target_kib=1024, actual_weight_bytes_per_block=1048320, allocated_weight_bytes=1048320, variant=C, kernel_requested=avx2, kernel_used=avx2, avx2_supported=true, fma_supported=true, eviction_bytes=67108864, active_logical_cpus=8
command[166/360]="D:\Install\Dev\Projects\IA\Ejercise\cpu-native-arch\build\cpu_native_q4_probe.exe" --cpu 3 --K 512 --target-kib 1280 --depth 1 --variant A --kernel avx2 --iterations 1 --repetitions 2 --warmup 1
AVX2 correction test passed; scalar_checksum=-9.02812, avx2_checksum=-9.02812, abs_difference=0, tolerance=0.00902812
T0 scalar Q4 throughput probe; not an exact model-kernel equivalence claim
shape m=4096 K=512, target_kib=1280, actual_weight_bytes_per_block=1310720, allocated_weight_bytes=1310720, variant=A, kernel_requested=avx2, kernel_used=avx2, avx2_supported=true, fma_supported=true, eviction_bytes=0, active_logical_cpus=8
command[167/360]="D:\Install\Dev\Projects\IA\Ejercise\cpu-native-arch\build\cpu_native_q4_probe.exe" --cpu 3 --K 512 --target-kib 1280 --depth 1 --variant B --kernel avx2 --iterations 1 --repetitions 2 --warmup 1
AVX2 correction test passed; scalar_checksum=-9.02812, avx2_checksum=-9.02812, abs_difference=0, tolerance=0.00902812
T0 scalar Q4 throughput probe; not an exact model-kernel equivalence claim
shape m=4096 K=512, target_kib=1280, actual_weight_bytes_per_block=1310720, allocated_weight_bytes=1310720, variant=B, kernel_requested=avx2, kernel_used=avx2, avx2_supported=true, fma_supported=true, eviction_bytes=0, active_logical_cpus=8
command[168/360]="D:\Install\Dev\Projects\IA\Ejercise\cpu-native-arch\build\cpu_native_q4_probe.exe" --cpu 3 --K 512 --target-kib 1280 --depth 1 --variant C --kernel avx2 --iterations 1 --repetitions 2 --warmup 1
AVX2 correction test passed; scalar_checksum=-9.02812, avx2_checksum=-9.02812, abs_difference=0, tolerance=0.00902812
T0 scalar Q4 throughput probe; not an exact model-kernel equivalence claim
shape m=4096 K=512, target_kib=1280, actual_weight_bytes_per_block=1310720, allocated_weight_bytes=1310720, variant=C, kernel_requested=avx2, kernel_used=avx2, avx2_supported=true, fma_supported=true, eviction_bytes=67108864, active_logical_cpus=8
command[169/360]="D:\Install\Dev\Projects\IA\Ejercise\cpu-native-arch\build\cpu_native_q4_probe.exe" --cpu 3 --K 512 --target-kib 1280 --depth 2 --variant A --kernel avx2 --iterations 1 --repetitions 2 --warmup 1
AVX2 correction test passed; scalar_checksum=-9.02812, avx2_checksum=-9.02812, abs_difference=0, tolerance=0.00902812
T0 scalar Q4 throughput probe; not an exact model-kernel equivalence claim
shape m=4096 K=512, target_kib=1280, actual_weight_bytes_per_block=1310720, allocated_weight_bytes=1310720, variant=A, kernel_requested=avx2, kernel_used=avx2, avx2_supported=true, fma_supported=true, eviction_bytes=0, active_logical_cpus=8
command[170/360]="D:\Install\Dev\Projects\IA\Ejercise\cpu-native-arch\build\cpu_native_q4_probe.exe" --cpu 3 --K 512 --target-kib 1280 --depth 2 --variant B --kernel avx2 --iterations 1 --repetitions 2 --warmup 1
AVX2 correction test passed; scalar_checksum=-9.02812, avx2_checksum=-9.02812, abs_difference=0, tolerance=0.00902812
T0 scalar Q4 throughput probe; not an exact model-kernel equivalence claim
shape m=4096 K=512, target_kib=1280, actual_weight_bytes_per_block=1310720, allocated_weight_bytes=2621440, variant=B, kernel_requested=avx2, kernel_used=avx2, avx2_supported=true, fma_supported=true, eviction_bytes=0, active_logical_cpus=8
command[171/360]="D:\Install\Dev\Projects\IA\Ejercise\cpu-native-arch\build\cpu_native_q4_probe.exe" --cpu 3 --K 512 --target-kib 1280 --depth 2 --variant C --kernel avx2 --iterations 1 --repetitions 2 --warmup 1
AVX2 correction test passed; scalar_checksum=-9.02812, avx2_checksum=-9.02812, abs_difference=0, tolerance=0.00902812
T0 scalar Q4 throughput probe; not an exact model-kernel equivalence claim
shape m=4096 K=512, target_kib=1280, actual_weight_bytes_per_block=1310720, allocated_weight_bytes=1310720, variant=C, kernel_requested=avx2, kernel_used=avx2, avx2_supported=true, fma_supported=true, eviction_bytes=67108864, active_logical_cpus=8
command[172/360]="D:\Install\Dev\Projects\IA\Ejercise\cpu-native-arch\build\cpu_native_q4_probe.exe" --cpu 3 --K 512 --target-kib 1280 --depth 4 --variant A --kernel avx2 --iterations 1 --repetitions 2 --warmup 1
AVX2 correction test passed; scalar_checksum=-9.02812, avx2_checksum=-9.02812, abs_difference=0, tolerance=0.00902812
T0 scalar Q4 throughput probe; not an exact model-kernel equivalence claim
shape m=4096 K=512, target_kib=1280, actual_weight_bytes_per_block=1310720, allocated_weight_bytes=1310720, variant=A, kernel_requested=avx2, kernel_used=avx2, avx2_supported=true, fma_supported=true, eviction_bytes=0, active_logical_cpus=8
command[173/360]="D:\Install\Dev\Projects\IA\Ejercise\cpu-native-arch\build\cpu_native_q4_probe.exe" --cpu 3 --K 512 --target-kib 1280 --depth 4 --variant B --kernel avx2 --iterations 1 --repetitions 2 --warmup 1
AVX2 correction test passed; scalar_checksum=-9.02812, avx2_checksum=-9.02812, abs_difference=0, tolerance=0.00902812
T0 scalar Q4 throughput probe; not an exact model-kernel equivalence claim
shape m=4096 K=512, target_kib=1280, actual_weight_bytes_per_block=1310720, allocated_weight_bytes=5242880, variant=B, kernel_requested=avx2, kernel_used=avx2, avx2_supported=true, fma_supported=true, eviction_bytes=0, active_logical_cpus=8
command[174/360]="D:\Install\Dev\Projects\IA\Ejercise\cpu-native-arch\build\cpu_native_q4_probe.exe" --cpu 3 --K 512 --target-kib 1280 --depth 4 --variant C --kernel avx2 --iterations 1 --repetitions 2 --warmup 1
AVX2 correction test passed; scalar_checksum=-9.02812, avx2_checksum=-9.02812, abs_difference=0, tolerance=0.00902812
T0 scalar Q4 throughput probe; not an exact model-kernel equivalence claim
shape m=4096 K=512, target_kib=1280, actual_weight_bytes_per_block=1310720, allocated_weight_bytes=1310720, variant=C, kernel_requested=avx2, kernel_used=avx2, avx2_supported=true, fma_supported=true, eviction_bytes=67108864, active_logical_cpus=8
command[175/360]="D:\Install\Dev\Projects\IA\Ejercise\cpu-native-arch\build\cpu_native_q4_probe.exe" --cpu 3 --K 512 --target-kib 1280 --depth 8 --variant A --kernel avx2 --iterations 1 --repetitions 2 --warmup 1
AVX2 correction test passed; scalar_checksum=-9.02812, avx2_checksum=-9.02812, abs_difference=0, tolerance=0.00902812
T0 scalar Q4 throughput probe; not an exact model-kernel equivalence claim
shape m=4096 K=512, target_kib=1280, actual_weight_bytes_per_block=1310720, allocated_weight_bytes=1310720, variant=A, kernel_requested=avx2, kernel_used=avx2, avx2_supported=true, fma_supported=true, eviction_bytes=0, active_logical_cpus=8
command[176/360]="D:\Install\Dev\Projects\IA\Ejercise\cpu-native-arch\build\cpu_native_q4_probe.exe" --cpu 3 --K 512 --target-kib 1280 --depth 8 --variant B --kernel avx2 --iterations 1 --repetitions 2 --warmup 1
AVX2 correction test passed; scalar_checksum=-9.02812, avx2_checksum=-9.02812, abs_difference=0, tolerance=0.00902812
T0 scalar Q4 throughput probe; not an exact model-kernel equivalence claim
shape m=4096 K=512, target_kib=1280, actual_weight_bytes_per_block=1310720, allocated_weight_bytes=10485760, variant=B, kernel_requested=avx2, kernel_used=avx2, avx2_supported=true, fma_supported=true, eviction_bytes=0, active_logical_cpus=8
command[177/360]="D:\Install\Dev\Projects\IA\Ejercise\cpu-native-arch\build\cpu_native_q4_probe.exe" --cpu 3 --K 512 --target-kib 1280 --depth 8 --variant C --kernel avx2 --iterations 1 --repetitions 2 --warmup 1
AVX2 correction test passed; scalar_checksum=-9.02812, avx2_checksum=-9.02812, abs_difference=0, tolerance=0.00902812
T0 scalar Q4 throughput probe; not an exact model-kernel equivalence claim
shape m=4096 K=512, target_kib=1280, actual_weight_bytes_per_block=1310720, allocated_weight_bytes=1310720, variant=C, kernel_requested=avx2, kernel_used=avx2, avx2_supported=true, fma_supported=true, eviction_bytes=67108864, active_logical_cpus=8
command[178/360]="D:\Install\Dev\Projects\IA\Ejercise\cpu-native-arch\build\cpu_native_q4_probe.exe" --cpu 3 --K 512 --target-kib 1280 --depth 16 --variant A --kernel avx2 --iterations 1 --repetitions 2 --warmup 1
AVX2 correction test passed; scalar_checksum=-9.02812, avx2_checksum=-9.02812, abs_difference=0, tolerance=0.00902812
T0 scalar Q4 throughput probe; not an exact model-kernel equivalence claim
shape m=4096 K=512, target_kib=1280, actual_weight_bytes_per_block=1310720, allocated_weight_bytes=1310720, variant=A, kernel_requested=avx2, kernel_used=avx2, avx2_supported=true, fma_supported=true, eviction_bytes=0, active_logical_cpus=8
command[179/360]="D:\Install\Dev\Projects\IA\Ejercise\cpu-native-arch\build\cpu_native_q4_probe.exe" --cpu 3 --K 512 --target-kib 1280 --depth 16 --variant B --kernel avx2 --iterations 1 --repetitions 2 --warmup 1
AVX2 correction test passed; scalar_checksum=-9.02812, avx2_checksum=-9.02812, abs_difference=0, tolerance=0.00902812
T0 scalar Q4 throughput probe; not an exact model-kernel equivalence claim
shape m=4096 K=512, target_kib=1280, actual_weight_bytes_per_block=1310720, allocated_weight_bytes=20971520, variant=B, kernel_requested=avx2, kernel_used=avx2, avx2_supported=true, fma_supported=true, eviction_bytes=0, active_logical_cpus=8
command[180/360]="D:\Install\Dev\Projects\IA\Ejercise\cpu-native-arch\build\cpu_native_q4_probe.exe" --cpu 3 --K 512 --target-kib 1280 --depth 16 --variant C --kernel avx2 --iterations 1 --repetitions 2 --warmup 1
AVX2 correction test passed; scalar_checksum=-9.02812, avx2_checksum=-9.02812, abs_difference=0, tolerance=0.00902812
T0 scalar Q4 throughput probe; not an exact model-kernel equivalence claim
shape m=4096 K=512, target_kib=1280, actual_weight_bytes_per_block=1310720, allocated_weight_bytes=1310720, variant=C, kernel_requested=avx2, kernel_used=avx2, avx2_supported=true, fma_supported=true, eviction_bytes=67108864, active_logical_cpus=8
command[181/360]="D:\Install\Dev\Projects\IA\Ejercise\cpu-native-arch\build\cpu_native_q4_probe.exe" --cpu 4 --K 512 --target-kib 512 --depth 1 --variant A --kernel avx2 --iterations 1 --repetitions 2 --warmup 1
AVX2 correction test passed; scalar_checksum=-9.02812, avx2_checksum=-9.02812, abs_difference=0, tolerance=0.00902812
T0 scalar Q4 throughput probe; not an exact model-kernel equivalence claim
shape m=1638 K=512, target_kib=512, actual_weight_bytes_per_block=524160, allocated_weight_bytes=524160, variant=A, kernel_requested=avx2, kernel_used=avx2, avx2_supported=true, fma_supported=true, eviction_bytes=0, active_logical_cpus=8
command[182/360]="D:\Install\Dev\Projects\IA\Ejercise\cpu-native-arch\build\cpu_native_q4_probe.exe" --cpu 4 --K 512 --target-kib 512 --depth 1 --variant B --kernel avx2 --iterations 1 --repetitions 2 --warmup 1
AVX2 correction test passed; scalar_checksum=-9.02812, avx2_checksum=-9.02812, abs_difference=0, tolerance=0.00902812
T0 scalar Q4 throughput probe; not an exact model-kernel equivalence claim
shape m=1638 K=512, target_kib=512, actual_weight_bytes_per_block=524160, allocated_weight_bytes=524160, variant=B, kernel_requested=avx2, kernel_used=avx2, avx2_supported=true, fma_supported=true, eviction_bytes=0, active_logical_cpus=8
command[183/360]="D:\Install\Dev\Projects\IA\Ejercise\cpu-native-arch\build\cpu_native_q4_probe.exe" --cpu 4 --K 512 --target-kib 512 --depth 1 --variant C --kernel avx2 --iterations 1 --repetitions 2 --warmup 1
AVX2 correction test passed; scalar_checksum=-9.02812, avx2_checksum=-9.02812, abs_difference=0, tolerance=0.00902812
T0 scalar Q4 throughput probe; not an exact model-kernel equivalence claim
shape m=1638 K=512, target_kib=512, actual_weight_bytes_per_block=524160, allocated_weight_bytes=524160, variant=C, kernel_requested=avx2, kernel_used=avx2, avx2_supported=true, fma_supported=true, eviction_bytes=67108864, active_logical_cpus=8
command[184/360]="D:\Install\Dev\Projects\IA\Ejercise\cpu-native-arch\build\cpu_native_q4_probe.exe" --cpu 4 --K 512 --target-kib 512 --depth 2 --variant A --kernel avx2 --iterations 1 --repetitions 2 --warmup 1
AVX2 correction test passed; scalar_checksum=-9.02812, avx2_checksum=-9.02812, abs_difference=0, tolerance=0.00902812
T0 scalar Q4 throughput probe; not an exact model-kernel equivalence claim
shape m=1638 K=512, target_kib=512, actual_weight_bytes_per_block=524160, allocated_weight_bytes=524160, variant=A, kernel_requested=avx2, kernel_used=avx2, avx2_supported=true, fma_supported=true, eviction_bytes=0, active_logical_cpus=8
command[185/360]="D:\Install\Dev\Projects\IA\Ejercise\cpu-native-arch\build\cpu_native_q4_probe.exe" --cpu 4 --K 512 --target-kib 512 --depth 2 --variant B --kernel avx2 --iterations 1 --repetitions 2 --warmup 1
AVX2 correction test passed; scalar_checksum=-9.02812, avx2_checksum=-9.02812, abs_difference=0, tolerance=0.00902812
T0 scalar Q4 throughput probe; not an exact model-kernel equivalence claim
shape m=1638 K=512, target_kib=512, actual_weight_bytes_per_block=524160, allocated_weight_bytes=1048320, variant=B, kernel_requested=avx2, kernel_used=avx2, avx2_supported=true, fma_supported=true, eviction_bytes=0, active_logical_cpus=8
command[186/360]="D:\Install\Dev\Projects\IA\Ejercise\cpu-native-arch\build\cpu_native_q4_probe.exe" --cpu 4 --K 512 --target-kib 512 --depth 2 --variant C --kernel avx2 --iterations 1 --repetitions 2 --warmup 1
AVX2 correction test passed; scalar_checksum=-9.02812, avx2_checksum=-9.02812, abs_difference=0, tolerance=0.00902812
T0 scalar Q4 throughput probe; not an exact model-kernel equivalence claim
shape m=1638 K=512, target_kib=512, actual_weight_bytes_per_block=524160, allocated_weight_bytes=524160, variant=C, kernel_requested=avx2, kernel_used=avx2, avx2_supported=true, fma_supported=true, eviction_bytes=67108864, active_logical_cpus=8
command[187/360]="D:\Install\Dev\Projects\IA\Ejercise\cpu-native-arch\build\cpu_native_q4_probe.exe" --cpu 4 --K 512 --target-kib 512 --depth 4 --variant A --kernel avx2 --iterations 1 --repetitions 2 --warmup 1
AVX2 correction test passed; scalar_checksum=-9.02812, avx2_checksum=-9.02812, abs_difference=0, tolerance=0.00902812
T0 scalar Q4 throughput probe; not an exact model-kernel equivalence claim
shape m=1638 K=512, target_kib=512, actual_weight_bytes_per_block=524160, allocated_weight_bytes=524160, variant=A, kernel_requested=avx2, kernel_used=avx2, avx2_supported=true, fma_supported=true, eviction_bytes=0, active_logical_cpus=8
command[188/360]="D:\Install\Dev\Projects\IA\Ejercise\cpu-native-arch\build\cpu_native_q4_probe.exe" --cpu 4 --K 512 --target-kib 512 --depth 4 --variant B --kernel avx2 --iterations 1 --repetitions 2 --warmup 1
AVX2 correction test passed; scalar_checksum=-9.02812, avx2_checksum=-9.02812, abs_difference=0, tolerance=0.00902812
T0 scalar Q4 throughput probe; not an exact model-kernel equivalence claim
shape m=1638 K=512, target_kib=512, actual_weight_bytes_per_block=524160, allocated_weight_bytes=2096640, variant=B, kernel_requested=avx2, kernel_used=avx2, avx2_supported=true, fma_supported=true, eviction_bytes=0, active_logical_cpus=8
command[189/360]="D:\Install\Dev\Projects\IA\Ejercise\cpu-native-arch\build\cpu_native_q4_probe.exe" --cpu 4 --K 512 --target-kib 512 --depth 4 --variant C --kernel avx2 --iterations 1 --repetitions 2 --warmup 1
AVX2 correction test passed; scalar_checksum=-9.02812, avx2_checksum=-9.02812, abs_difference=0, tolerance=0.00902812
T0 scalar Q4 throughput probe; not an exact model-kernel equivalence claim
shape m=1638 K=512, target_kib=512, actual_weight_bytes_per_block=524160, allocated_weight_bytes=524160, variant=C, kernel_requested=avx2, kernel_used=avx2, avx2_supported=true, fma_supported=true, eviction_bytes=67108864, active_logical_cpus=8
command[190/360]="D:\Install\Dev\Projects\IA\Ejercise\cpu-native-arch\build\cpu_native_q4_probe.exe" --cpu 4 --K 512 --target-kib 512 --depth 8 --variant A --kernel avx2 --iterations 1 --repetitions 2 --warmup 1
AVX2 correction test passed; scalar_checksum=-9.02812, avx2_checksum=-9.02812, abs_difference=0, tolerance=0.00902812
T0 scalar Q4 throughput probe; not an exact model-kernel equivalence claim
shape m=1638 K=512, target_kib=512, actual_weight_bytes_per_block=524160, allocated_weight_bytes=524160, variant=A, kernel_requested=avx2, kernel_used=avx2, avx2_supported=true, fma_supported=true, eviction_bytes=0, active_logical_cpus=8
command[191/360]="D:\Install\Dev\Projects\IA\Ejercise\cpu-native-arch\build\cpu_native_q4_probe.exe" --cpu 4 --K 512 --target-kib 512 --depth 8 --variant B --kernel avx2 --iterations 1 --repetitions 2 --warmup 1
AVX2 correction test passed; scalar_checksum=-9.02812, avx2_checksum=-9.02812, abs_difference=0, tolerance=0.00902812
T0 scalar Q4 throughput probe; not an exact model-kernel equivalence claim
shape m=1638 K=512, target_kib=512, actual_weight_bytes_per_block=524160, allocated_weight_bytes=4193280, variant=B, kernel_requested=avx2, kernel_used=avx2, avx2_supported=true, fma_supported=true, eviction_bytes=0, active_logical_cpus=8
command[192/360]="D:\Install\Dev\Projects\IA\Ejercise\cpu-native-arch\build\cpu_native_q4_probe.exe" --cpu 4 --K 512 --target-kib 512 --depth 8 --variant C --kernel avx2 --iterations 1 --repetitions 2 --warmup 1
AVX2 correction test passed; scalar_checksum=-9.02812, avx2_checksum=-9.02812, abs_difference=0, tolerance=0.00902812
T0 scalar Q4 throughput probe; not an exact model-kernel equivalence claim
shape m=1638 K=512, target_kib=512, actual_weight_bytes_per_block=524160, allocated_weight_bytes=524160, variant=C, kernel_requested=avx2, kernel_used=avx2, avx2_supported=true, fma_supported=true, eviction_bytes=67108864, active_logical_cpus=8
command[193/360]="D:\Install\Dev\Projects\IA\Ejercise\cpu-native-arch\build\cpu_native_q4_probe.exe" --cpu 4 --K 512 --target-kib 512 --depth 16 --variant A --kernel avx2 --iterations 1 --repetitions 2 --warmup 1
AVX2 correction test passed; scalar_checksum=-9.02812, avx2_checksum=-9.02812, abs_difference=0, tolerance=0.00902812
T0 scalar Q4 throughput probe; not an exact model-kernel equivalence claim
shape m=1638 K=512, target_kib=512, actual_weight_bytes_per_block=524160, allocated_weight_bytes=524160, variant=A, kernel_requested=avx2, kernel_used=avx2, avx2_supported=true, fma_supported=true, eviction_bytes=0, active_logical_cpus=8
command[194/360]="D:\Install\Dev\Projects\IA\Ejercise\cpu-native-arch\build\cpu_native_q4_probe.exe" --cpu 4 --K 512 --target-kib 512 --depth 16 --variant B --kernel avx2 --iterations 1 --repetitions 2 --warmup 1
AVX2 correction test passed; scalar_checksum=-9.02812, avx2_checksum=-9.02812, abs_difference=0, tolerance=0.00902812
T0 scalar Q4 throughput probe; not an exact model-kernel equivalence claim
shape m=1638 K=512, target_kib=512, actual_weight_bytes_per_block=524160, allocated_weight_bytes=8386560, variant=B, kernel_requested=avx2, kernel_used=avx2, avx2_supported=true, fma_supported=true, eviction_bytes=0, active_logical_cpus=8
command[195/360]="D:\Install\Dev\Projects\IA\Ejercise\cpu-native-arch\build\cpu_native_q4_probe.exe" --cpu 4 --K 512 --target-kib 512 --depth 16 --variant C --kernel avx2 --iterations 1 --repetitions 2 --warmup 1
AVX2 correction test passed; scalar_checksum=-9.02812, avx2_checksum=-9.02812, abs_difference=0, tolerance=0.00902812
T0 scalar Q4 throughput probe; not an exact model-kernel equivalence claim
shape m=1638 K=512, target_kib=512, actual_weight_bytes_per_block=524160, allocated_weight_bytes=524160, variant=C, kernel_requested=avx2, kernel_used=avx2, avx2_supported=true, fma_supported=true, eviction_bytes=67108864, active_logical_cpus=8
command[196/360]="D:\Install\Dev\Projects\IA\Ejercise\cpu-native-arch\build\cpu_native_q4_probe.exe" --cpu 4 --K 512 --target-kib 1024 --depth 1 --variant A --kernel avx2 --iterations 1 --repetitions 2 --warmup 1
AVX2 correction test passed; scalar_checksum=-9.02812, avx2_checksum=-9.02812, abs_difference=0, tolerance=0.00902812
T0 scalar Q4 throughput probe; not an exact model-kernel equivalence claim
shape m=3276 K=512, target_kib=1024, actual_weight_bytes_per_block=1048320, allocated_weight_bytes=1048320, variant=A, kernel_requested=avx2, kernel_used=avx2, avx2_supported=true, fma_supported=true, eviction_bytes=0, active_logical_cpus=8
command[197/360]="D:\Install\Dev\Projects\IA\Ejercise\cpu-native-arch\build\cpu_native_q4_probe.exe" --cpu 4 --K 512 --target-kib 1024 --depth 1 --variant B --kernel avx2 --iterations 1 --repetitions 2 --warmup 1
AVX2 correction test passed; scalar_checksum=-9.02812, avx2_checksum=-9.02812, abs_difference=0, tolerance=0.00902812
T0 scalar Q4 throughput probe; not an exact model-kernel equivalence claim
shape m=3276 K=512, target_kib=1024, actual_weight_bytes_per_block=1048320, allocated_weight_bytes=1048320, variant=B, kernel_requested=avx2, kernel_used=avx2, avx2_supported=true, fma_supported=true, eviction_bytes=0, active_logical_cpus=8
command[198/360]="D:\Install\Dev\Projects\IA\Ejercise\cpu-native-arch\build\cpu_native_q4_probe.exe" --cpu 4 --K 512 --target-kib 1024 --depth 1 --variant C --kernel avx2 --iterations 1 --repetitions 2 --warmup 1
AVX2 correction test passed; scalar_checksum=-9.02812, avx2_checksum=-9.02812, abs_difference=0, tolerance=0.00902812
T0 scalar Q4 throughput probe; not an exact model-kernel equivalence claim
shape m=3276 K=512, target_kib=1024, actual_weight_bytes_per_block=1048320, allocated_weight_bytes=1048320, variant=C, kernel_requested=avx2, kernel_used=avx2, avx2_supported=true, fma_supported=true, eviction_bytes=67108864, active_logical_cpus=8
command[199/360]="D:\Install\Dev\Projects\IA\Ejercise\cpu-native-arch\build\cpu_native_q4_probe.exe" --cpu 4 --K 512 --target-kib 1024 --depth 2 --variant A --kernel avx2 --iterations 1 --repetitions 2 --warmup 1
AVX2 correction test passed; scalar_checksum=-9.02812, avx2_checksum=-9.02812, abs_difference=0, tolerance=0.00902812
T0 scalar Q4 throughput probe; not an exact model-kernel equivalence claim
shape m=3276 K=512, target_kib=1024, actual_weight_bytes_per_block=1048320, allocated_weight_bytes=1048320, variant=A, kernel_requested=avx2, kernel_used=avx2, avx2_supported=true, fma_supported=true, eviction_bytes=0, active_logical_cpus=8
command[200/360]="D:\Install\Dev\Projects\IA\Ejercise\cpu-native-arch\build\cpu_native_q4_probe.exe" --cpu 4 --K 512 --target-kib 1024 --depth 2 --variant B --kernel avx2 --iterations 1 --repetitions 2 --warmup 1
AVX2 correction test passed; scalar_checksum=-9.02812, avx2_checksum=-9.02812, abs_difference=0, tolerance=0.00902812
T0 scalar Q4 throughput probe; not an exact model-kernel equivalence claim
shape m=3276 K=512, target_kib=1024, actual_weight_bytes_per_block=1048320, allocated_weight_bytes=2096640, variant=B, kernel_requested=avx2, kernel_used=avx2, avx2_supported=true, fma_supported=true, eviction_bytes=0, active_logical_cpus=8
command[201/360]="D:\Install\Dev\Projects\IA\Ejercise\cpu-native-arch\build\cpu_native_q4_probe.exe" --cpu 4 --K 512 --target-kib 1024 --depth 2 --variant C --kernel avx2 --iterations 1 --repetitions 2 --warmup 1
AVX2 correction test passed; scalar_checksum=-9.02812, avx2_checksum=-9.02812, abs_difference=0, tolerance=0.00902812
T0 scalar Q4 throughput probe; not an exact model-kernel equivalence claim
shape m=3276 K=512, target_kib=1024, actual_weight_bytes_per_block=1048320, allocated_weight_bytes=1048320, variant=C, kernel_requested=avx2, kernel_used=avx2, avx2_supported=true, fma_supported=true, eviction_bytes=67108864, active_logical_cpus=8
command[202/360]="D:\Install\Dev\Projects\IA\Ejercise\cpu-native-arch\build\cpu_native_q4_probe.exe" --cpu 4 --K 512 --target-kib 1024 --depth 4 --variant A --kernel avx2 --iterations 1 --repetitions 2 --warmup 1
AVX2 correction test passed; scalar_checksum=-9.02812, avx2_checksum=-9.02812, abs_difference=0, tolerance=0.00902812
T0 scalar Q4 throughput probe; not an exact model-kernel equivalence claim
shape m=3276 K=512, target_kib=1024, actual_weight_bytes_per_block=1048320, allocated_weight_bytes=1048320, variant=A, kernel_requested=avx2, kernel_used=avx2, avx2_supported=true, fma_supported=true, eviction_bytes=0, active_logical_cpus=8
command[203/360]="D:\Install\Dev\Projects\IA\Ejercise\cpu-native-arch\build\cpu_native_q4_probe.exe" --cpu 4 --K 512 --target-kib 1024 --depth 4 --variant B --kernel avx2 --iterations 1 --repetitions 2 --warmup 1
AVX2 correction test passed; scalar_checksum=-9.02812, avx2_checksum=-9.02812, abs_difference=0, tolerance=0.00902812
T0 scalar Q4 throughput probe; not an exact model-kernel equivalence claim
shape m=3276 K=512, target_kib=1024, actual_weight_bytes_per_block=1048320, allocated_weight_bytes=4193280, variant=B, kernel_requested=avx2, kernel_used=avx2, avx2_supported=true, fma_supported=true, eviction_bytes=0, active_logical_cpus=8
command[204/360]="D:\Install\Dev\Projects\IA\Ejercise\cpu-native-arch\build\cpu_native_q4_probe.exe" --cpu 4 --K 512 --target-kib 1024 --depth 4 --variant C --kernel avx2 --iterations 1 --repetitions 2 --warmup 1
AVX2 correction test passed; scalar_checksum=-9.02812, avx2_checksum=-9.02812, abs_difference=0, tolerance=0.00902812
T0 scalar Q4 throughput probe; not an exact model-kernel equivalence claim
shape m=3276 K=512, target_kib=1024, actual_weight_bytes_per_block=1048320, allocated_weight_bytes=1048320, variant=C, kernel_requested=avx2, kernel_used=avx2, avx2_supported=true, fma_supported=true, eviction_bytes=67108864, active_logical_cpus=8
command[205/360]="D:\Install\Dev\Projects\IA\Ejercise\cpu-native-arch\build\cpu_native_q4_probe.exe" --cpu 4 --K 512 --target-kib 1024 --depth 8 --variant A --kernel avx2 --iterations 1 --repetitions 2 --warmup 1
AVX2 correction test passed; scalar_checksum=-9.02812, avx2_checksum=-9.02812, abs_difference=0, tolerance=0.00902812
T0 scalar Q4 throughput probe; not an exact model-kernel equivalence claim
shape m=3276 K=512, target_kib=1024, actual_weight_bytes_per_block=1048320, allocated_weight_bytes=1048320, variant=A, kernel_requested=avx2, kernel_used=avx2, avx2_supported=true, fma_supported=true, eviction_bytes=0, active_logical_cpus=8
command[206/360]="D:\Install\Dev\Projects\IA\Ejercise\cpu-native-arch\build\cpu_native_q4_probe.exe" --cpu 4 --K 512 --target-kib 1024 --depth 8 --variant B --kernel avx2 --iterations 1 --repetitions 2 --warmup 1
AVX2 correction test passed; scalar_checksum=-9.02812, avx2_checksum=-9.02812, abs_difference=0, tolerance=0.00902812
T0 scalar Q4 throughput probe; not an exact model-kernel equivalence claim
shape m=3276 K=512, target_kib=1024, actual_weight_bytes_per_block=1048320, allocated_weight_bytes=8386560, variant=B, kernel_requested=avx2, kernel_used=avx2, avx2_supported=true, fma_supported=true, eviction_bytes=0, active_logical_cpus=8
command[207/360]="D:\Install\Dev\Projects\IA\Ejercise\cpu-native-arch\build\cpu_native_q4_probe.exe" --cpu 4 --K 512 --target-kib 1024 --depth 8 --variant C --kernel avx2 --iterations 1 --repetitions 2 --warmup 1
AVX2 correction test passed; scalar_checksum=-9.02812, avx2_checksum=-9.02812, abs_difference=0, tolerance=0.00902812
T0 scalar Q4 throughput probe; not an exact model-kernel equivalence claim
shape m=3276 K=512, target_kib=1024, actual_weight_bytes_per_block=1048320, allocated_weight_bytes=1048320, variant=C, kernel_requested=avx2, kernel_used=avx2, avx2_supported=true, fma_supported=true, eviction_bytes=67108864, active_logical_cpus=8
command[208/360]="D:\Install\Dev\Projects\IA\Ejercise\cpu-native-arch\build\cpu_native_q4_probe.exe" --cpu 4 --K 512 --target-kib 1024 --depth 16 --variant A --kernel avx2 --iterations 1 --repetitions 2 --warmup 1
AVX2 correction test passed; scalar_checksum=-9.02812, avx2_checksum=-9.02812, abs_difference=0, tolerance=0.00902812
T0 scalar Q4 throughput probe; not an exact model-kernel equivalence claim
shape m=3276 K=512, target_kib=1024, actual_weight_bytes_per_block=1048320, allocated_weight_bytes=1048320, variant=A, kernel_requested=avx2, kernel_used=avx2, avx2_supported=true, fma_supported=true, eviction_bytes=0, active_logical_cpus=8
command[209/360]="D:\Install\Dev\Projects\IA\Ejercise\cpu-native-arch\build\cpu_native_q4_probe.exe" --cpu 4 --K 512 --target-kib 1024 --depth 16 --variant B --kernel avx2 --iterations 1 --repetitions 2 --warmup 1
AVX2 correction test passed; scalar_checksum=-9.02812, avx2_checksum=-9.02812, abs_difference=0, tolerance=0.00902812
T0 scalar Q4 throughput probe; not an exact model-kernel equivalence claim
shape m=3276 K=512, target_kib=1024, actual_weight_bytes_per_block=1048320, allocated_weight_bytes=16773120, variant=B, kernel_requested=avx2, kernel_used=avx2, avx2_supported=true, fma_supported=true, eviction_bytes=0, active_logical_cpus=8
command[210/360]="D:\Install\Dev\Projects\IA\Ejercise\cpu-native-arch\build\cpu_native_q4_probe.exe" --cpu 4 --K 512 --target-kib 1024 --depth 16 --variant C --kernel avx2 --iterations 1 --repetitions 2 --warmup 1
AVX2 correction test passed; scalar_checksum=-9.02812, avx2_checksum=-9.02812, abs_difference=0, tolerance=0.00902812
T0 scalar Q4 throughput probe; not an exact model-kernel equivalence claim
shape m=3276 K=512, target_kib=1024, actual_weight_bytes_per_block=1048320, allocated_weight_bytes=1048320, variant=C, kernel_requested=avx2, kernel_used=avx2, avx2_supported=true, fma_supported=true, eviction_bytes=67108864, active_logical_cpus=8
command[211/360]="D:\Install\Dev\Projects\IA\Ejercise\cpu-native-arch\build\cpu_native_q4_probe.exe" --cpu 4 --K 512 --target-kib 1280 --depth 1 --variant A --kernel avx2 --iterations 1 --repetitions 2 --warmup 1
AVX2 correction test passed; scalar_checksum=-9.02812, avx2_checksum=-9.02812, abs_difference=0, tolerance=0.00902812
T0 scalar Q4 throughput probe; not an exact model-kernel equivalence claim
shape m=4096 K=512, target_kib=1280, actual_weight_bytes_per_block=1310720, allocated_weight_bytes=1310720, variant=A, kernel_requested=avx2, kernel_used=avx2, avx2_supported=true, fma_supported=true, eviction_bytes=0, active_logical_cpus=8
command[212/360]="D:\Install\Dev\Projects\IA\Ejercise\cpu-native-arch\build\cpu_native_q4_probe.exe" --cpu 4 --K 512 --target-kib 1280 --depth 1 --variant B --kernel avx2 --iterations 1 --repetitions 2 --warmup 1
AVX2 correction test passed; scalar_checksum=-9.02812, avx2_checksum=-9.02812, abs_difference=0, tolerance=0.00902812
T0 scalar Q4 throughput probe; not an exact model-kernel equivalence claim
shape m=4096 K=512, target_kib=1280, actual_weight_bytes_per_block=1310720, allocated_weight_bytes=1310720, variant=B, kernel_requested=avx2, kernel_used=avx2, avx2_supported=true, fma_supported=true, eviction_bytes=0, active_logical_cpus=8
command[213/360]="D:\Install\Dev\Projects\IA\Ejercise\cpu-native-arch\build\cpu_native_q4_probe.exe" --cpu 4 --K 512 --target-kib 1280 --depth 1 --variant C --kernel avx2 --iterations 1 --repetitions 2 --warmup 1
AVX2 correction test passed; scalar_checksum=-9.02812, avx2_checksum=-9.02812, abs_difference=0, tolerance=0.00902812
T0 scalar Q4 throughput probe; not an exact model-kernel equivalence claim
shape m=4096 K=512, target_kib=1280, actual_weight_bytes_per_block=1310720, allocated_weight_bytes=1310720, variant=C, kernel_requested=avx2, kernel_used=avx2, avx2_supported=true, fma_supported=true, eviction_bytes=67108864, active_logical_cpus=8
command[214/360]="D:\Install\Dev\Projects\IA\Ejercise\cpu-native-arch\build\cpu_native_q4_probe.exe" --cpu 4 --K 512 --target-kib 1280 --depth 2 --variant A --kernel avx2 --iterations 1 --repetitions 2 --warmup 1
AVX2 correction test passed; scalar_checksum=-9.02812, avx2_checksum=-9.02812, abs_difference=0, tolerance=0.00902812
T0 scalar Q4 throughput probe; not an exact model-kernel equivalence claim
shape m=4096 K=512, target_kib=1280, actual_weight_bytes_per_block=1310720, allocated_weight_bytes=1310720, variant=A, kernel_requested=avx2, kernel_used=avx2, avx2_supported=true, fma_supported=true, eviction_bytes=0, active_logical_cpus=8
command[215/360]="D:\Install\Dev\Projects\IA\Ejercise\cpu-native-arch\build\cpu_native_q4_probe.exe" --cpu 4 --K 512 --target-kib 1280 --depth 2 --variant B --kernel avx2 --iterations 1 --repetitions 2 --warmup 1
AVX2 correction test passed; scalar_checksum=-9.02812, avx2_checksum=-9.02812, abs_difference=0, tolerance=0.00902812
T0 scalar Q4 throughput probe; not an exact model-kernel equivalence claim
shape m=4096 K=512, target_kib=1280, actual_weight_bytes_per_block=1310720, allocated_weight_bytes=2621440, variant=B, kernel_requested=avx2, kernel_used=avx2, avx2_supported=true, fma_supported=true, eviction_bytes=0, active_logical_cpus=8
command[216/360]="D:\Install\Dev\Projects\IA\Ejercise\cpu-native-arch\build\cpu_native_q4_probe.exe" --cpu 4 --K 512 --target-kib 1280 --depth 2 --variant C --kernel avx2 --iterations 1 --repetitions 2 --warmup 1
AVX2 correction test passed; scalar_checksum=-9.02812, avx2_checksum=-9.02812, abs_difference=0, tolerance=0.00902812
T0 scalar Q4 throughput probe; not an exact model-kernel equivalence claim
shape m=4096 K=512, target_kib=1280, actual_weight_bytes_per_block=1310720, allocated_weight_bytes=1310720, variant=C, kernel_requested=avx2, kernel_used=avx2, avx2_supported=true, fma_supported=true, eviction_bytes=67108864, active_logical_cpus=8
command[217/360]="D:\Install\Dev\Projects\IA\Ejercise\cpu-native-arch\build\cpu_native_q4_probe.exe" --cpu 4 --K 512 --target-kib 1280 --depth 4 --variant A --kernel avx2 --iterations 1 --repetitions 2 --warmup 1
AVX2 correction test passed; scalar_checksum=-9.02812, avx2_checksum=-9.02812, abs_difference=0, tolerance=0.00902812
T0 scalar Q4 throughput probe; not an exact model-kernel equivalence claim
shape m=4096 K=512, target_kib=1280, actual_weight_bytes_per_block=1310720, allocated_weight_bytes=1310720, variant=A, kernel_requested=avx2, kernel_used=avx2, avx2_supported=true, fma_supported=true, eviction_bytes=0, active_logical_cpus=8
command[218/360]="D:\Install\Dev\Projects\IA\Ejercise\cpu-native-arch\build\cpu_native_q4_probe.exe" --cpu 4 --K 512 --target-kib 1280 --depth 4 --variant B --kernel avx2 --iterations 1 --repetitions 2 --warmup 1
AVX2 correction test passed; scalar_checksum=-9.02812, avx2_checksum=-9.02812, abs_difference=0, tolerance=0.00902812
T0 scalar Q4 throughput probe; not an exact model-kernel equivalence claim
shape m=4096 K=512, target_kib=1280, actual_weight_bytes_per_block=1310720, allocated_weight_bytes=5242880, variant=B, kernel_requested=avx2, kernel_used=avx2, avx2_supported=true, fma_supported=true, eviction_bytes=0, active_logical_cpus=8
command[219/360]="D:\Install\Dev\Projects\IA\Ejercise\cpu-native-arch\build\cpu_native_q4_probe.exe" --cpu 4 --K 512 --target-kib 1280 --depth 4 --variant C --kernel avx2 --iterations 1 --repetitions 2 --warmup 1
AVX2 correction test passed; scalar_checksum=-9.02812, avx2_checksum=-9.02812, abs_difference=0, tolerance=0.00902812
T0 scalar Q4 throughput probe; not an exact model-kernel equivalence claim
shape m=4096 K=512, target_kib=1280, actual_weight_bytes_per_block=1310720, allocated_weight_bytes=1310720, variant=C, kernel_requested=avx2, kernel_used=avx2, avx2_supported=true, fma_supported=true, eviction_bytes=67108864, active_logical_cpus=8
command[220/360]="D:\Install\Dev\Projects\IA\Ejercise\cpu-native-arch\build\cpu_native_q4_probe.exe" --cpu 4 --K 512 --target-kib 1280 --depth 8 --variant A --kernel avx2 --iterations 1 --repetitions 2 --warmup 1
AVX2 correction test passed; scalar_checksum=-9.02812, avx2_checksum=-9.02812, abs_difference=0, tolerance=0.00902812
T0 scalar Q4 throughput probe; not an exact model-kernel equivalence claim
shape m=4096 K=512, target_kib=1280, actual_weight_bytes_per_block=1310720, allocated_weight_bytes=1310720, variant=A, kernel_requested=avx2, kernel_used=avx2, avx2_supported=true, fma_supported=true, eviction_bytes=0, active_logical_cpus=8
command[221/360]="D:\Install\Dev\Projects\IA\Ejercise\cpu-native-arch\build\cpu_native_q4_probe.exe" --cpu 4 --K 512 --target-kib 1280 --depth 8 --variant B --kernel avx2 --iterations 1 --repetitions 2 --warmup 1
AVX2 correction test passed; scalar_checksum=-9.02812, avx2_checksum=-9.02812, abs_difference=0, tolerance=0.00902812
T0 scalar Q4 throughput probe; not an exact model-kernel equivalence claim
shape m=4096 K=512, target_kib=1280, actual_weight_bytes_per_block=1310720, allocated_weight_bytes=10485760, variant=B, kernel_requested=avx2, kernel_used=avx2, avx2_supported=true, fma_supported=true, eviction_bytes=0, active_logical_cpus=8
command[222/360]="D:\Install\Dev\Projects\IA\Ejercise\cpu-native-arch\build\cpu_native_q4_probe.exe" --cpu 4 --K 512 --target-kib 1280 --depth 8 --variant C --kernel avx2 --iterations 1 --repetitions 2 --warmup 1
AVX2 correction test passed; scalar_checksum=-9.02812, avx2_checksum=-9.02812, abs_difference=0, tolerance=0.00902812
T0 scalar Q4 throughput probe; not an exact model-kernel equivalence claim
shape m=4096 K=512, target_kib=1280, actual_weight_bytes_per_block=1310720, allocated_weight_bytes=1310720, variant=C, kernel_requested=avx2, kernel_used=avx2, avx2_supported=true, fma_supported=true, eviction_bytes=67108864, active_logical_cpus=8
command[223/360]="D:\Install\Dev\Projects\IA\Ejercise\cpu-native-arch\build\cpu_native_q4_probe.exe" --cpu 4 --K 512 --target-kib 1280 --depth 16 --variant A --kernel avx2 --iterations 1 --repetitions 2 --warmup 1
AVX2 correction test passed; scalar_checksum=-9.02812, avx2_checksum=-9.02812, abs_difference=0, tolerance=0.00902812
T0 scalar Q4 throughput probe; not an exact model-kernel equivalence claim
shape m=4096 K=512, target_kib=1280, actual_weight_bytes_per_block=1310720, allocated_weight_bytes=1310720, variant=A, kernel_requested=avx2, kernel_used=avx2, avx2_supported=true, fma_supported=true, eviction_bytes=0, active_logical_cpus=8
command[224/360]="D:\Install\Dev\Projects\IA\Ejercise\cpu-native-arch\build\cpu_native_q4_probe.exe" --cpu 4 --K 512 --target-kib 1280 --depth 16 --variant B --kernel avx2 --iterations 1 --repetitions 2 --warmup 1
AVX2 correction test passed; scalar_checksum=-9.02812, avx2_checksum=-9.02812, abs_difference=0, tolerance=0.00902812
T0 scalar Q4 throughput probe; not an exact model-kernel equivalence claim
shape m=4096 K=512, target_kib=1280, actual_weight_bytes_per_block=1310720, allocated_weight_bytes=20971520, variant=B, kernel_requested=avx2, kernel_used=avx2, avx2_supported=true, fma_supported=true, eviction_bytes=0, active_logical_cpus=8
command[225/360]="D:\Install\Dev\Projects\IA\Ejercise\cpu-native-arch\build\cpu_native_q4_probe.exe" --cpu 4 --K 512 --target-kib 1280 --depth 16 --variant C --kernel avx2 --iterations 1 --repetitions 2 --warmup 1
AVX2 correction test passed; scalar_checksum=-9.02812, avx2_checksum=-9.02812, abs_difference=0, tolerance=0.00902812
T0 scalar Q4 throughput probe; not an exact model-kernel equivalence claim
shape m=4096 K=512, target_kib=1280, actual_weight_bytes_per_block=1310720, allocated_weight_bytes=1310720, variant=C, kernel_requested=avx2, kernel_used=avx2, avx2_supported=true, fma_supported=true, eviction_bytes=67108864, active_logical_cpus=8
command[226/360]="D:\Install\Dev\Projects\IA\Ejercise\cpu-native-arch\build\cpu_native_q4_probe.exe" --cpu 5 --K 512 --target-kib 512 --depth 1 --variant A --kernel avx2 --iterations 1 --repetitions 2 --warmup 1
AVX2 correction test passed; scalar_checksum=-9.02812, avx2_checksum=-9.02812, abs_difference=0, tolerance=0.00902812
T0 scalar Q4 throughput probe; not an exact model-kernel equivalence claim
shape m=1638 K=512, target_kib=512, actual_weight_bytes_per_block=524160, allocated_weight_bytes=524160, variant=A, kernel_requested=avx2, kernel_used=avx2, avx2_supported=true, fma_supported=true, eviction_bytes=0, active_logical_cpus=8
command[227/360]="D:\Install\Dev\Projects\IA\Ejercise\cpu-native-arch\build\cpu_native_q4_probe.exe" --cpu 5 --K 512 --target-kib 512 --depth 1 --variant B --kernel avx2 --iterations 1 --repetitions 2 --warmup 1
AVX2 correction test passed; scalar_checksum=-9.02812, avx2_checksum=-9.02812, abs_difference=0, tolerance=0.00902812
T0 scalar Q4 throughput probe; not an exact model-kernel equivalence claim
shape m=1638 K=512, target_kib=512, actual_weight_bytes_per_block=524160, allocated_weight_bytes=524160, variant=B, kernel_requested=avx2, kernel_used=avx2, avx2_supported=true, fma_supported=true, eviction_bytes=0, active_logical_cpus=8
command[228/360]="D:\Install\Dev\Projects\IA\Ejercise\cpu-native-arch\build\cpu_native_q4_probe.exe" --cpu 5 --K 512 --target-kib 512 --depth 1 --variant C --kernel avx2 --iterations 1 --repetitions 2 --warmup 1
AVX2 correction test passed; scalar_checksum=-9.02812, avx2_checksum=-9.02812, abs_difference=0, tolerance=0.00902812
T0 scalar Q4 throughput probe; not an exact model-kernel equivalence claim
shape m=1638 K=512, target_kib=512, actual_weight_bytes_per_block=524160, allocated_weight_bytes=524160, variant=C, kernel_requested=avx2, kernel_used=avx2, avx2_supported=true, fma_supported=true, eviction_bytes=67108864, active_logical_cpus=8
command[229/360]="D:\Install\Dev\Projects\IA\Ejercise\cpu-native-arch\build\cpu_native_q4_probe.exe" --cpu 5 --K 512 --target-kib 512 --depth 2 --variant A --kernel avx2 --iterations 1 --repetitions 2 --warmup 1
AVX2 correction test passed; scalar_checksum=-9.02812, avx2_checksum=-9.02812, abs_difference=0, tolerance=0.00902812
T0 scalar Q4 throughput probe; not an exact model-kernel equivalence claim
shape m=1638 K=512, target_kib=512, actual_weight_bytes_per_block=524160, allocated_weight_bytes=524160, variant=A, kernel_requested=avx2, kernel_used=avx2, avx2_supported=true, fma_supported=true, eviction_bytes=0, active_logical_cpus=8
command[230/360]="D:\Install\Dev\Projects\IA\Ejercise\cpu-native-arch\build\cpu_native_q4_probe.exe" --cpu 5 --K 512 --target-kib 512 --depth 2 --variant B --kernel avx2 --iterations 1 --repetitions 2 --warmup 1
AVX2 correction test passed; scalar_checksum=-9.02812, avx2_checksum=-9.02812, abs_difference=0, tolerance=0.00902812
T0 scalar Q4 throughput probe; not an exact model-kernel equivalence claim
shape m=1638 K=512, target_kib=512, actual_weight_bytes_per_block=524160, allocated_weight_bytes=1048320, variant=B, kernel_requested=avx2, kernel_used=avx2, avx2_supported=true, fma_supported=true, eviction_bytes=0, active_logical_cpus=8
command[231/360]="D:\Install\Dev\Projects\IA\Ejercise\cpu-native-arch\build\cpu_native_q4_probe.exe" --cpu 5 --K 512 --target-kib 512 --depth 2 --variant C --kernel avx2 --iterations 1 --repetitions 2 --warmup 1
AVX2 correction test passed; scalar_checksum=-9.02812, avx2_checksum=-9.02812, abs_difference=0, tolerance=0.00902812
T0 scalar Q4 throughput probe; not an exact model-kernel equivalence claim
shape m=1638 K=512, target_kib=512, actual_weight_bytes_per_block=524160, allocated_weight_bytes=524160, variant=C, kernel_requested=avx2, kernel_used=avx2, avx2_supported=true, fma_supported=true, eviction_bytes=67108864, active_logical_cpus=8
command[232/360]="D:\Install\Dev\Projects\IA\Ejercise\cpu-native-arch\build\cpu_native_q4_probe.exe" --cpu 5 --K 512 --target-kib 512 --depth 4 --variant A --kernel avx2 --iterations 1 --repetitions 2 --warmup 1
AVX2 correction test passed; scalar_checksum=-9.02812, avx2_checksum=-9.02812, abs_difference=0, tolerance=0.00902812
T0 scalar Q4 throughput probe; not an exact model-kernel equivalence claim
shape m=1638 K=512, target_kib=512, actual_weight_bytes_per_block=524160, allocated_weight_bytes=524160, variant=A, kernel_requested=avx2, kernel_used=avx2, avx2_supported=true, fma_supported=true, eviction_bytes=0, active_logical_cpus=8
command[233/360]="D:\Install\Dev\Projects\IA\Ejercise\cpu-native-arch\build\cpu_native_q4_probe.exe" --cpu 5 --K 512 --target-kib 512 --depth 4 --variant B --kernel avx2 --iterations 1 --repetitions 2 --warmup 1
AVX2 correction test passed; scalar_checksum=-9.02812, avx2_checksum=-9.02812, abs_difference=0, tolerance=0.00902812
T0 scalar Q4 throughput probe; not an exact model-kernel equivalence claim
shape m=1638 K=512, target_kib=512, actual_weight_bytes_per_block=524160, allocated_weight_bytes=2096640, variant=B, kernel_requested=avx2, kernel_used=avx2, avx2_supported=true, fma_supported=true, eviction_bytes=0, active_logical_cpus=8
command[234/360]="D:\Install\Dev\Projects\IA\Ejercise\cpu-native-arch\build\cpu_native_q4_probe.exe" --cpu 5 --K 512 --target-kib 512 --depth 4 --variant C --kernel avx2 --iterations 1 --repetitions 2 --warmup 1
AVX2 correction test passed; scalar_checksum=-9.02812, avx2_checksum=-9.02812, abs_difference=0, tolerance=0.00902812
T0 scalar Q4 throughput probe; not an exact model-kernel equivalence claim
shape m=1638 K=512, target_kib=512, actual_weight_bytes_per_block=524160, allocated_weight_bytes=524160, variant=C, kernel_requested=avx2, kernel_used=avx2, avx2_supported=true, fma_supported=true, eviction_bytes=67108864, active_logical_cpus=8
command[235/360]="D:\Install\Dev\Projects\IA\Ejercise\cpu-native-arch\build\cpu_native_q4_probe.exe" --cpu 5 --K 512 --target-kib 512 --depth 8 --variant A --kernel avx2 --iterations 1 --repetitions 2 --warmup 1
AVX2 correction test passed; scalar_checksum=-9.02812, avx2_checksum=-9.02812, abs_difference=0, tolerance=0.00902812
T0 scalar Q4 throughput probe; not an exact model-kernel equivalence claim
shape m=1638 K=512, target_kib=512, actual_weight_bytes_per_block=524160, allocated_weight_bytes=524160, variant=A, kernel_requested=avx2, kernel_used=avx2, avx2_supported=true, fma_supported=true, eviction_bytes=0, active_logical_cpus=8
command[236/360]="D:\Install\Dev\Projects\IA\Ejercise\cpu-native-arch\build\cpu_native_q4_probe.exe" --cpu 5 --K 512 --target-kib 512 --depth 8 --variant B --kernel avx2 --iterations 1 --repetitions 2 --warmup 1
AVX2 correction test passed; scalar_checksum=-9.02812, avx2_checksum=-9.02812, abs_difference=0, tolerance=0.00902812
T0 scalar Q4 throughput probe; not an exact model-kernel equivalence claim
shape m=1638 K=512, target_kib=512, actual_weight_bytes_per_block=524160, allocated_weight_bytes=4193280, variant=B, kernel_requested=avx2, kernel_used=avx2, avx2_supported=true, fma_supported=true, eviction_bytes=0, active_logical_cpus=8
command[237/360]="D:\Install\Dev\Projects\IA\Ejercise\cpu-native-arch\build\cpu_native_q4_probe.exe" --cpu 5 --K 512 --target-kib 512 --depth 8 --variant C --kernel avx2 --iterations 1 --repetitions 2 --warmup 1
AVX2 correction test passed; scalar_checksum=-9.02812, avx2_checksum=-9.02812, abs_difference=0, tolerance=0.00902812
T0 scalar Q4 throughput probe; not an exact model-kernel equivalence claim
shape m=1638 K=512, target_kib=512, actual_weight_bytes_per_block=524160, allocated_weight_bytes=524160, variant=C, kernel_requested=avx2, kernel_used=avx2, avx2_supported=true, fma_supported=true, eviction_bytes=67108864, active_logical_cpus=8
command[238/360]="D:\Install\Dev\Projects\IA\Ejercise\cpu-native-arch\build\cpu_native_q4_probe.exe" --cpu 5 --K 512 --target-kib 512 --depth 16 --variant A --kernel avx2 --iterations 1 --repetitions 2 --warmup 1
AVX2 correction test passed; scalar_checksum=-9.02812, avx2_checksum=-9.02812, abs_difference=0, tolerance=0.00902812
T0 scalar Q4 throughput probe; not an exact model-kernel equivalence claim
shape m=1638 K=512, target_kib=512, actual_weight_bytes_per_block=524160, allocated_weight_bytes=524160, variant=A, kernel_requested=avx2, kernel_used=avx2, avx2_supported=true, fma_supported=true, eviction_bytes=0, active_logical_cpus=8
command[239/360]="D:\Install\Dev\Projects\IA\Ejercise\cpu-native-arch\build\cpu_native_q4_probe.exe" --cpu 5 --K 512 --target-kib 512 --depth 16 --variant B --kernel avx2 --iterations 1 --repetitions 2 --warmup 1
AVX2 correction test passed; scalar_checksum=-9.02812, avx2_checksum=-9.02812, abs_difference=0, tolerance=0.00902812
T0 scalar Q4 throughput probe; not an exact model-kernel equivalence claim
shape m=1638 K=512, target_kib=512, actual_weight_bytes_per_block=524160, allocated_weight_bytes=8386560, variant=B, kernel_requested=avx2, kernel_used=avx2, avx2_supported=true, fma_supported=true, eviction_bytes=0, active_logical_cpus=8
command[240/360]="D:\Install\Dev\Projects\IA\Ejercise\cpu-native-arch\build\cpu_native_q4_probe.exe" --cpu 5 --K 512 --target-kib 512 --depth 16 --variant C --kernel avx2 --iterations 1 --repetitions 2 --warmup 1
AVX2 correction test passed; scalar_checksum=-9.02812, avx2_checksum=-9.02812, abs_difference=0, tolerance=0.00902812
T0 scalar Q4 throughput probe; not an exact model-kernel equivalence claim
shape m=1638 K=512, target_kib=512, actual_weight_bytes_per_block=524160, allocated_weight_bytes=524160, variant=C, kernel_requested=avx2, kernel_used=avx2, avx2_supported=true, fma_supported=true, eviction_bytes=67108864, active_logical_cpus=8
command[241/360]="D:\Install\Dev\Projects\IA\Ejercise\cpu-native-arch\build\cpu_native_q4_probe.exe" --cpu 5 --K 512 --target-kib 1024 --depth 1 --variant A --kernel avx2 --iterations 1 --repetitions 2 --warmup 1
AVX2 correction test passed; scalar_checksum=-9.02812, avx2_checksum=-9.02812, abs_difference=0, tolerance=0.00902812
T0 scalar Q4 throughput probe; not an exact model-kernel equivalence claim
shape m=3276 K=512, target_kib=1024, actual_weight_bytes_per_block=1048320, allocated_weight_bytes=1048320, variant=A, kernel_requested=avx2, kernel_used=avx2, avx2_supported=true, fma_supported=true, eviction_bytes=0, active_logical_cpus=8
command[242/360]="D:\Install\Dev\Projects\IA\Ejercise\cpu-native-arch\build\cpu_native_q4_probe.exe" --cpu 5 --K 512 --target-kib 1024 --depth 1 --variant B --kernel avx2 --iterations 1 --repetitions 2 --warmup 1
AVX2 correction test passed; scalar_checksum=-9.02812, avx2_checksum=-9.02812, abs_difference=0, tolerance=0.00902812
T0 scalar Q4 throughput probe; not an exact model-kernel equivalence claim
shape m=3276 K=512, target_kib=1024, actual_weight_bytes_per_block=1048320, allocated_weight_bytes=1048320, variant=B, kernel_requested=avx2, kernel_used=avx2, avx2_supported=true, fma_supported=true, eviction_bytes=0, active_logical_cpus=8
command[243/360]="D:\Install\Dev\Projects\IA\Ejercise\cpu-native-arch\build\cpu_native_q4_probe.exe" --cpu 5 --K 512 --target-kib 1024 --depth 1 --variant C --kernel avx2 --iterations 1 --repetitions 2 --warmup 1
AVX2 correction test passed; scalar_checksum=-9.02812, avx2_checksum=-9.02812, abs_difference=0, tolerance=0.00902812
T0 scalar Q4 throughput probe; not an exact model-kernel equivalence claim
shape m=3276 K=512, target_kib=1024, actual_weight_bytes_per_block=1048320, allocated_weight_bytes=1048320, variant=C, kernel_requested=avx2, kernel_used=avx2, avx2_supported=true, fma_supported=true, eviction_bytes=67108864, active_logical_cpus=8
command[244/360]="D:\Install\Dev\Projects\IA\Ejercise\cpu-native-arch\build\cpu_native_q4_probe.exe" --cpu 5 --K 512 --target-kib 1024 --depth 2 --variant A --kernel avx2 --iterations 1 --repetitions 2 --warmup 1
AVX2 correction test passed; scalar_checksum=-9.02812, avx2_checksum=-9.02812, abs_difference=0, tolerance=0.00902812
T0 scalar Q4 throughput probe; not an exact model-kernel equivalence claim
shape m=3276 K=512, target_kib=1024, actual_weight_bytes_per_block=1048320, allocated_weight_bytes=1048320, variant=A, kernel_requested=avx2, kernel_used=avx2, avx2_supported=true, fma_supported=true, eviction_bytes=0, active_logical_cpus=8
command[245/360]="D:\Install\Dev\Projects\IA\Ejercise\cpu-native-arch\build\cpu_native_q4_probe.exe" --cpu 5 --K 512 --target-kib 1024 --depth 2 --variant B --kernel avx2 --iterations 1 --repetitions 2 --warmup 1
AVX2 correction test passed; scalar_checksum=-9.02812, avx2_checksum=-9.02812, abs_difference=0, tolerance=0.00902812
T0 scalar Q4 throughput probe; not an exact model-kernel equivalence claim
shape m=3276 K=512, target_kib=1024, actual_weight_bytes_per_block=1048320, allocated_weight_bytes=2096640, variant=B, kernel_requested=avx2, kernel_used=avx2, avx2_supported=true, fma_supported=true, eviction_bytes=0, active_logical_cpus=8
command[246/360]="D:\Install\Dev\Projects\IA\Ejercise\cpu-native-arch\build\cpu_native_q4_probe.exe" --cpu 5 --K 512 --target-kib 1024 --depth 2 --variant C --kernel avx2 --iterations 1 --repetitions 2 --warmup 1
AVX2 correction test passed; scalar_checksum=-9.02812, avx2_checksum=-9.02812, abs_difference=0, tolerance=0.00902812
T0 scalar Q4 throughput probe; not an exact model-kernel equivalence claim
shape m=3276 K=512, target_kib=1024, actual_weight_bytes_per_block=1048320, allocated_weight_bytes=1048320, variant=C, kernel_requested=avx2, kernel_used=avx2, avx2_supported=true, fma_supported=true, eviction_bytes=67108864, active_logical_cpus=8
command[247/360]="D:\Install\Dev\Projects\IA\Ejercise\cpu-native-arch\build\cpu_native_q4_probe.exe" --cpu 5 --K 512 --target-kib 1024 --depth 4 --variant A --kernel avx2 --iterations 1 --repetitions 2 --warmup 1
AVX2 correction test passed; scalar_checksum=-9.02812, avx2_checksum=-9.02812, abs_difference=0, tolerance=0.00902812
T0 scalar Q4 throughput probe; not an exact model-kernel equivalence claim
shape m=3276 K=512, target_kib=1024, actual_weight_bytes_per_block=1048320, allocated_weight_bytes=1048320, variant=A, kernel_requested=avx2, kernel_used=avx2, avx2_supported=true, fma_supported=true, eviction_bytes=0, active_logical_cpus=8
command[248/360]="D:\Install\Dev\Projects\IA\Ejercise\cpu-native-arch\build\cpu_native_q4_probe.exe" --cpu 5 --K 512 --target-kib 1024 --depth 4 --variant B --kernel avx2 --iterations 1 --repetitions 2 --warmup 1
AVX2 correction test passed; scalar_checksum=-9.02812, avx2_checksum=-9.02812, abs_difference=0, tolerance=0.00902812
T0 scalar Q4 throughput probe; not an exact model-kernel equivalence claim
shape m=3276 K=512, target_kib=1024, actual_weight_bytes_per_block=1048320, allocated_weight_bytes=4193280, variant=B, kernel_requested=avx2, kernel_used=avx2, avx2_supported=true, fma_supported=true, eviction_bytes=0, active_logical_cpus=8
command[249/360]="D:\Install\Dev\Projects\IA\Ejercise\cpu-native-arch\build\cpu_native_q4_probe.exe" --cpu 5 --K 512 --target-kib 1024 --depth 4 --variant C --kernel avx2 --iterations 1 --repetitions 2 --warmup 1
AVX2 correction test passed; scalar_checksum=-9.02812, avx2_checksum=-9.02812, abs_difference=0, tolerance=0.00902812
T0 scalar Q4 throughput probe; not an exact model-kernel equivalence claim
shape m=3276 K=512, target_kib=1024, actual_weight_bytes_per_block=1048320, allocated_weight_bytes=1048320, variant=C, kernel_requested=avx2, kernel_used=avx2, avx2_supported=true, fma_supported=true, eviction_bytes=67108864, active_logical_cpus=8
command[250/360]="D:\Install\Dev\Projects\IA\Ejercise\cpu-native-arch\build\cpu_native_q4_probe.exe" --cpu 5 --K 512 --target-kib 1024 --depth 8 --variant A --kernel avx2 --iterations 1 --repetitions 2 --warmup 1
AVX2 correction test passed; scalar_checksum=-9.02812, avx2_checksum=-9.02812, abs_difference=0, tolerance=0.00902812
T0 scalar Q4 throughput probe; not an exact model-kernel equivalence claim
shape m=3276 K=512, target_kib=1024, actual_weight_bytes_per_block=1048320, allocated_weight_bytes=1048320, variant=A, kernel_requested=avx2, kernel_used=avx2, avx2_supported=true, fma_supported=true, eviction_bytes=0, active_logical_cpus=8
command[251/360]="D:\Install\Dev\Projects\IA\Ejercise\cpu-native-arch\build\cpu_native_q4_probe.exe" --cpu 5 --K 512 --target-kib 1024 --depth 8 --variant B --kernel avx2 --iterations 1 --repetitions 2 --warmup 1
AVX2 correction test passed; scalar_checksum=-9.02812, avx2_checksum=-9.02812, abs_difference=0, tolerance=0.00902812
T0 scalar Q4 throughput probe; not an exact model-kernel equivalence claim
shape m=3276 K=512, target_kib=1024, actual_weight_bytes_per_block=1048320, allocated_weight_bytes=8386560, variant=B, kernel_requested=avx2, kernel_used=avx2, avx2_supported=true, fma_supported=true, eviction_bytes=0, active_logical_cpus=8
command[252/360]="D:\Install\Dev\Projects\IA\Ejercise\cpu-native-arch\build\cpu_native_q4_probe.exe" --cpu 5 --K 512 --target-kib 1024 --depth 8 --variant C --kernel avx2 --iterations 1 --repetitions 2 --warmup 1
AVX2 correction test passed; scalar_checksum=-9.02812, avx2_checksum=-9.02812, abs_difference=0, tolerance=0.00902812
T0 scalar Q4 throughput probe; not an exact model-kernel equivalence claim
shape m=3276 K=512, target_kib=1024, actual_weight_bytes_per_block=1048320, allocated_weight_bytes=1048320, variant=C, kernel_requested=avx2, kernel_used=avx2, avx2_supported=true, fma_supported=true, eviction_bytes=67108864, active_logical_cpus=8
command[253/360]="D:\Install\Dev\Projects\IA\Ejercise\cpu-native-arch\build\cpu_native_q4_probe.exe" --cpu 5 --K 512 --target-kib 1024 --depth 16 --variant A --kernel avx2 --iterations 1 --repetitions 2 --warmup 1
AVX2 correction test passed; scalar_checksum=-9.02812, avx2_checksum=-9.02812, abs_difference=0, tolerance=0.00902812
T0 scalar Q4 throughput probe; not an exact model-kernel equivalence claim
shape m=3276 K=512, target_kib=1024, actual_weight_bytes_per_block=1048320, allocated_weight_bytes=1048320, variant=A, kernel_requested=avx2, kernel_used=avx2, avx2_supported=true, fma_supported=true, eviction_bytes=0, active_logical_cpus=8
command[254/360]="D:\Install\Dev\Projects\IA\Ejercise\cpu-native-arch\build\cpu_native_q4_probe.exe" --cpu 5 --K 512 --target-kib 1024 --depth 16 --variant B --kernel avx2 --iterations 1 --repetitions 2 --warmup 1
AVX2 correction test passed; scalar_checksum=-9.02812, avx2_checksum=-9.02812, abs_difference=0, tolerance=0.00902812
T0 scalar Q4 throughput probe; not an exact model-kernel equivalence claim
shape m=3276 K=512, target_kib=1024, actual_weight_bytes_per_block=1048320, allocated_weight_bytes=16773120, variant=B, kernel_requested=avx2, kernel_used=avx2, avx2_supported=true, fma_supported=true, eviction_bytes=0, active_logical_cpus=8
command[255/360]="D:\Install\Dev\Projects\IA\Ejercise\cpu-native-arch\build\cpu_native_q4_probe.exe" --cpu 5 --K 512 --target-kib 1024 --depth 16 --variant C --kernel avx2 --iterations 1 --repetitions 2 --warmup 1
AVX2 correction test passed; scalar_checksum=-9.02812, avx2_checksum=-9.02812, abs_difference=0, tolerance=0.00902812
T0 scalar Q4 throughput probe; not an exact model-kernel equivalence claim
shape m=3276 K=512, target_kib=1024, actual_weight_bytes_per_block=1048320, allocated_weight_bytes=1048320, variant=C, kernel_requested=avx2, kernel_used=avx2, avx2_supported=true, fma_supported=true, eviction_bytes=67108864, active_logical_cpus=8
command[256/360]="D:\Install\Dev\Projects\IA\Ejercise\cpu-native-arch\build\cpu_native_q4_probe.exe" --cpu 5 --K 512 --target-kib 1280 --depth 1 --variant A --kernel avx2 --iterations 1 --repetitions 2 --warmup 1
AVX2 correction test passed; scalar_checksum=-9.02812, avx2_checksum=-9.02812, abs_difference=0, tolerance=0.00902812
T0 scalar Q4 throughput probe; not an exact model-kernel equivalence claim
shape m=4096 K=512, target_kib=1280, actual_weight_bytes_per_block=1310720, allocated_weight_bytes=1310720, variant=A, kernel_requested=avx2, kernel_used=avx2, avx2_supported=true, fma_supported=true, eviction_bytes=0, active_logical_cpus=8
command[257/360]="D:\Install\Dev\Projects\IA\Ejercise\cpu-native-arch\build\cpu_native_q4_probe.exe" --cpu 5 --K 512 --target-kib 1280 --depth 1 --variant B --kernel avx2 --iterations 1 --repetitions 2 --warmup 1
AVX2 correction test passed; scalar_checksum=-9.02812, avx2_checksum=-9.02812, abs_difference=0, tolerance=0.00902812
T0 scalar Q4 throughput probe; not an exact model-kernel equivalence claim
shape m=4096 K=512, target_kib=1280, actual_weight_bytes_per_block=1310720, allocated_weight_bytes=1310720, variant=B, kernel_requested=avx2, kernel_used=avx2, avx2_supported=true, fma_supported=true, eviction_bytes=0, active_logical_cpus=8
command[258/360]="D:\Install\Dev\Projects\IA\Ejercise\cpu-native-arch\build\cpu_native_q4_probe.exe" --cpu 5 --K 512 --target-kib 1280 --depth 1 --variant C --kernel avx2 --iterations 1 --repetitions 2 --warmup 1
AVX2 correction test passed; scalar_checksum=-9.02812, avx2_checksum=-9.02812, abs_difference=0, tolerance=0.00902812
T0 scalar Q4 throughput probe; not an exact model-kernel equivalence claim
shape m=4096 K=512, target_kib=1280, actual_weight_bytes_per_block=1310720, allocated_weight_bytes=1310720, variant=C, kernel_requested=avx2, kernel_used=avx2, avx2_supported=true, fma_supported=true, eviction_bytes=67108864, active_logical_cpus=8
command[259/360]="D:\Install\Dev\Projects\IA\Ejercise\cpu-native-arch\build\cpu_native_q4_probe.exe" --cpu 5 --K 512 --target-kib 1280 --depth 2 --variant A --kernel avx2 --iterations 1 --repetitions 2 --warmup 1
AVX2 correction test passed; scalar_checksum=-9.02812, avx2_checksum=-9.02812, abs_difference=0, tolerance=0.00902812
T0 scalar Q4 throughput probe; not an exact model-kernel equivalence claim
shape m=4096 K=512, target_kib=1280, actual_weight_bytes_per_block=1310720, allocated_weight_bytes=1310720, variant=A, kernel_requested=avx2, kernel_used=avx2, avx2_supported=true, fma_supported=true, eviction_bytes=0, active_logical_cpus=8
command[260/360]="D:\Install\Dev\Projects\IA\Ejercise\cpu-native-arch\build\cpu_native_q4_probe.exe" --cpu 5 --K 512 --target-kib 1280 --depth 2 --variant B --kernel avx2 --iterations 1 --repetitions 2 --warmup 1
AVX2 correction test passed; scalar_checksum=-9.02812, avx2_checksum=-9.02812, abs_difference=0, tolerance=0.00902812
T0 scalar Q4 throughput probe; not an exact model-kernel equivalence claim
shape m=4096 K=512, target_kib=1280, actual_weight_bytes_per_block=1310720, allocated_weight_bytes=2621440, variant=B, kernel_requested=avx2, kernel_used=avx2, avx2_supported=true, fma_supported=true, eviction_bytes=0, active_logical_cpus=8
command[261/360]="D:\Install\Dev\Projects\IA\Ejercise\cpu-native-arch\build\cpu_native_q4_probe.exe" --cpu 5 --K 512 --target-kib 1280 --depth 2 --variant C --kernel avx2 --iterations 1 --repetitions 2 --warmup 1
AVX2 correction test passed; scalar_checksum=-9.02812, avx2_checksum=-9.02812, abs_difference=0, tolerance=0.00902812
T0 scalar Q4 throughput probe; not an exact model-kernel equivalence claim
shape m=4096 K=512, target_kib=1280, actual_weight_bytes_per_block=1310720, allocated_weight_bytes=1310720, variant=C, kernel_requested=avx2, kernel_used=avx2, avx2_supported=true, fma_supported=true, eviction_bytes=67108864, active_logical_cpus=8
command[262/360]="D:\Install\Dev\Projects\IA\Ejercise\cpu-native-arch\build\cpu_native_q4_probe.exe" --cpu 5 --K 512 --target-kib 1280 --depth 4 --variant A --kernel avx2 --iterations 1 --repetitions 2 --warmup 1
AVX2 correction test passed; scalar_checksum=-9.02812, avx2_checksum=-9.02812, abs_difference=0, tolerance=0.00902812
T0 scalar Q4 throughput probe; not an exact model-kernel equivalence claim
shape m=4096 K=512, target_kib=1280, actual_weight_bytes_per_block=1310720, allocated_weight_bytes=1310720, variant=A, kernel_requested=avx2, kernel_used=avx2, avx2_supported=true, fma_supported=true, eviction_bytes=0, active_logical_cpus=8
command[263/360]="D:\Install\Dev\Projects\IA\Ejercise\cpu-native-arch\build\cpu_native_q4_probe.exe" --cpu 5 --K 512 --target-kib 1280 --depth 4 --variant B --kernel avx2 --iterations 1 --repetitions 2 --warmup 1
AVX2 correction test passed; scalar_checksum=-9.02812, avx2_checksum=-9.02812, abs_difference=0, tolerance=0.00902812
T0 scalar Q4 throughput probe; not an exact model-kernel equivalence claim
shape m=4096 K=512, target_kib=1280, actual_weight_bytes_per_block=1310720, allocated_weight_bytes=5242880, variant=B, kernel_requested=avx2, kernel_used=avx2, avx2_supported=true, fma_supported=true, eviction_bytes=0, active_logical_cpus=8
command[264/360]="D:\Install\Dev\Projects\IA\Ejercise\cpu-native-arch\build\cpu_native_q4_probe.exe" --cpu 5 --K 512 --target-kib 1280 --depth 4 --variant C --kernel avx2 --iterations 1 --repetitions 2 --warmup 1
AVX2 correction test passed; scalar_checksum=-9.02812, avx2_checksum=-9.02812, abs_difference=0, tolerance=0.00902812
T0 scalar Q4 throughput probe; not an exact model-kernel equivalence claim
shape m=4096 K=512, target_kib=1280, actual_weight_bytes_per_block=1310720, allocated_weight_bytes=1310720, variant=C, kernel_requested=avx2, kernel_used=avx2, avx2_supported=true, fma_supported=true, eviction_bytes=67108864, active_logical_cpus=8
command[265/360]="D:\Install\Dev\Projects\IA\Ejercise\cpu-native-arch\build\cpu_native_q4_probe.exe" --cpu 5 --K 512 --target-kib 1280 --depth 8 --variant A --kernel avx2 --iterations 1 --repetitions 2 --warmup 1
AVX2 correction test passed; scalar_checksum=-9.02812, avx2_checksum=-9.02812, abs_difference=0, tolerance=0.00902812
T0 scalar Q4 throughput probe; not an exact model-kernel equivalence claim
shape m=4096 K=512, target_kib=1280, actual_weight_bytes_per_block=1310720, allocated_weight_bytes=1310720, variant=A, kernel_requested=avx2, kernel_used=avx2, avx2_supported=true, fma_supported=true, eviction_bytes=0, active_logical_cpus=8
command[266/360]="D:\Install\Dev\Projects\IA\Ejercise\cpu-native-arch\build\cpu_native_q4_probe.exe" --cpu 5 --K 512 --target-kib 1280 --depth 8 --variant B --kernel avx2 --iterations 1 --repetitions 2 --warmup 1
AVX2 correction test passed; scalar_checksum=-9.02812, avx2_checksum=-9.02812, abs_difference=0, tolerance=0.00902812
T0 scalar Q4 throughput probe; not an exact model-kernel equivalence claim
shape m=4096 K=512, target_kib=1280, actual_weight_bytes_per_block=1310720, allocated_weight_bytes=10485760, variant=B, kernel_requested=avx2, kernel_used=avx2, avx2_supported=true, fma_supported=true, eviction_bytes=0, active_logical_cpus=8
command[267/360]="D:\Install\Dev\Projects\IA\Ejercise\cpu-native-arch\build\cpu_native_q4_probe.exe" --cpu 5 --K 512 --target-kib 1280 --depth 8 --variant C --kernel avx2 --iterations 1 --repetitions 2 --warmup 1
AVX2 correction test passed; scalar_checksum=-9.02812, avx2_checksum=-9.02812, abs_difference=0, tolerance=0.00902812
T0 scalar Q4 throughput probe; not an exact model-kernel equivalence claim
shape m=4096 K=512, target_kib=1280, actual_weight_bytes_per_block=1310720, allocated_weight_bytes=1310720, variant=C, kernel_requested=avx2, kernel_used=avx2, avx2_supported=true, fma_supported=true, eviction_bytes=67108864, active_logical_cpus=8
command[268/360]="D:\Install\Dev\Projects\IA\Ejercise\cpu-native-arch\build\cpu_native_q4_probe.exe" --cpu 5 --K 512 --target-kib 1280 --depth 16 --variant A --kernel avx2 --iterations 1 --repetitions 2 --warmup 1
AVX2 correction test passed; scalar_checksum=-9.02812, avx2_checksum=-9.02812, abs_difference=0, tolerance=0.00902812
T0 scalar Q4 throughput probe; not an exact model-kernel equivalence claim
shape m=4096 K=512, target_kib=1280, actual_weight_bytes_per_block=1310720, allocated_weight_bytes=1310720, variant=A, kernel_requested=avx2, kernel_used=avx2, avx2_supported=true, fma_supported=true, eviction_bytes=0, active_logical_cpus=8
command[269/360]="D:\Install\Dev\Projects\IA\Ejercise\cpu-native-arch\build\cpu_native_q4_probe.exe" --cpu 5 --K 512 --target-kib 1280 --depth 16 --variant B --kernel avx2 --iterations 1 --repetitions 2 --warmup 1
AVX2 correction test passed; scalar_checksum=-9.02812, avx2_checksum=-9.02812, abs_difference=0, tolerance=0.00902812
T0 scalar Q4 throughput probe; not an exact model-kernel equivalence claim
shape m=4096 K=512, target_kib=1280, actual_weight_bytes_per_block=1310720, allocated_weight_bytes=20971520, variant=B, kernel_requested=avx2, kernel_used=avx2, avx2_supported=true, fma_supported=true, eviction_bytes=0, active_logical_cpus=8
command[270/360]="D:\Install\Dev\Projects\IA\Ejercise\cpu-native-arch\build\cpu_native_q4_probe.exe" --cpu 5 --K 512 --target-kib 1280 --depth 16 --variant C --kernel avx2 --iterations 1 --repetitions 2 --warmup 1
AVX2 correction test passed; scalar_checksum=-9.02812, avx2_checksum=-9.02812, abs_difference=0, tolerance=0.00902812
T0 scalar Q4 throughput probe; not an exact model-kernel equivalence claim
shape m=4096 K=512, target_kib=1280, actual_weight_bytes_per_block=1310720, allocated_weight_bytes=1310720, variant=C, kernel_requested=avx2, kernel_used=avx2, avx2_supported=true, fma_supported=true, eviction_bytes=67108864, active_logical_cpus=8
command[271/360]="D:\Install\Dev\Projects\IA\Ejercise\cpu-native-arch\build\cpu_native_q4_probe.exe" --cpu 6 --K 512 --target-kib 512 --depth 1 --variant A --kernel avx2 --iterations 1 --repetitions 2 --warmup 1
AVX2 correction test passed; scalar_checksum=-9.02812, avx2_checksum=-9.02812, abs_difference=0, tolerance=0.00902812
T0 scalar Q4 throughput probe; not an exact model-kernel equivalence claim
shape m=1638 K=512, target_kib=512, actual_weight_bytes_per_block=524160, allocated_weight_bytes=524160, variant=A, kernel_requested=avx2, kernel_used=avx2, avx2_supported=true, fma_supported=true, eviction_bytes=0, active_logical_cpus=8
command[272/360]="D:\Install\Dev\Projects\IA\Ejercise\cpu-native-arch\build\cpu_native_q4_probe.exe" --cpu 6 --K 512 --target-kib 512 --depth 1 --variant B --kernel avx2 --iterations 1 --repetitions 2 --warmup 1
AVX2 correction test passed; scalar_checksum=-9.02812, avx2_checksum=-9.02812, abs_difference=0, tolerance=0.00902812
T0 scalar Q4 throughput probe; not an exact model-kernel equivalence claim
shape m=1638 K=512, target_kib=512, actual_weight_bytes_per_block=524160, allocated_weight_bytes=524160, variant=B, kernel_requested=avx2, kernel_used=avx2, avx2_supported=true, fma_supported=true, eviction_bytes=0, active_logical_cpus=8
command[273/360]="D:\Install\Dev\Projects\IA\Ejercise\cpu-native-arch\build\cpu_native_q4_probe.exe" --cpu 6 --K 512 --target-kib 512 --depth 1 --variant C --kernel avx2 --iterations 1 --repetitions 2 --warmup 1
AVX2 correction test passed; scalar_checksum=-9.02812, avx2_checksum=-9.02812, abs_difference=0, tolerance=0.00902812
T0 scalar Q4 throughput probe; not an exact model-kernel equivalence claim
shape m=1638 K=512, target_kib=512, actual_weight_bytes_per_block=524160, allocated_weight_bytes=524160, variant=C, kernel_requested=avx2, kernel_used=avx2, avx2_supported=true, fma_supported=true, eviction_bytes=67108864, active_logical_cpus=8
command[274/360]="D:\Install\Dev\Projects\IA\Ejercise\cpu-native-arch\build\cpu_native_q4_probe.exe" --cpu 6 --K 512 --target-kib 512 --depth 2 --variant A --kernel avx2 --iterations 1 --repetitions 2 --warmup 1
AVX2 correction test passed; scalar_checksum=-9.02812, avx2_checksum=-9.02812, abs_difference=0, tolerance=0.00902812
T0 scalar Q4 throughput probe; not an exact model-kernel equivalence claim
shape m=1638 K=512, target_kib=512, actual_weight_bytes_per_block=524160, allocated_weight_bytes=524160, variant=A, kernel_requested=avx2, kernel_used=avx2, avx2_supported=true, fma_supported=true, eviction_bytes=0, active_logical_cpus=8
command[275/360]="D:\Install\Dev\Projects\IA\Ejercise\cpu-native-arch\build\cpu_native_q4_probe.exe" --cpu 6 --K 512 --target-kib 512 --depth 2 --variant B --kernel avx2 --iterations 1 --repetitions 2 --warmup 1
AVX2 correction test passed; scalar_checksum=-9.02812, avx2_checksum=-9.02812, abs_difference=0, tolerance=0.00902812
T0 scalar Q4 throughput probe; not an exact model-kernel equivalence claim
shape m=1638 K=512, target_kib=512, actual_weight_bytes_per_block=524160, allocated_weight_bytes=1048320, variant=B, kernel_requested=avx2, kernel_used=avx2, avx2_supported=true, fma_supported=true, eviction_bytes=0, active_logical_cpus=8
command[276/360]="D:\Install\Dev\Projects\IA\Ejercise\cpu-native-arch\build\cpu_native_q4_probe.exe" --cpu 6 --K 512 --target-kib 512 --depth 2 --variant C --kernel avx2 --iterations 1 --repetitions 2 --warmup 1
AVX2 correction test passed; scalar_checksum=-9.02812, avx2_checksum=-9.02812, abs_difference=0, tolerance=0.00902812
T0 scalar Q4 throughput probe; not an exact model-kernel equivalence claim
shape m=1638 K=512, target_kib=512, actual_weight_bytes_per_block=524160, allocated_weight_bytes=524160, variant=C, kernel_requested=avx2, kernel_used=avx2, avx2_supported=true, fma_supported=true, eviction_bytes=67108864, active_logical_cpus=8
command[277/360]="D:\Install\Dev\Projects\IA\Ejercise\cpu-native-arch\build\cpu_native_q4_probe.exe" --cpu 6 --K 512 --target-kib 512 --depth 4 --variant A --kernel avx2 --iterations 1 --repetitions 2 --warmup 1
AVX2 correction test passed; scalar_checksum=-9.02812, avx2_checksum=-9.02812, abs_difference=0, tolerance=0.00902812
T0 scalar Q4 throughput probe; not an exact model-kernel equivalence claim
shape m=1638 K=512, target_kib=512, actual_weight_bytes_per_block=524160, allocated_weight_bytes=524160, variant=A, kernel_requested=avx2, kernel_used=avx2, avx2_supported=true, fma_supported=true, eviction_bytes=0, active_logical_cpus=8
command[278/360]="D:\Install\Dev\Projects\IA\Ejercise\cpu-native-arch\build\cpu_native_q4_probe.exe" --cpu 6 --K 512 --target-kib 512 --depth 4 --variant B --kernel avx2 --iterations 1 --repetitions 2 --warmup 1
AVX2 correction test passed; scalar_checksum=-9.02812, avx2_checksum=-9.02812, abs_difference=0, tolerance=0.00902812
T0 scalar Q4 throughput probe; not an exact model-kernel equivalence claim
shape m=1638 K=512, target_kib=512, actual_weight_bytes_per_block=524160, allocated_weight_bytes=2096640, variant=B, kernel_requested=avx2, kernel_used=avx2, avx2_supported=true, fma_supported=true, eviction_bytes=0, active_logical_cpus=8
command[279/360]="D:\Install\Dev\Projects\IA\Ejercise\cpu-native-arch\build\cpu_native_q4_probe.exe" --cpu 6 --K 512 --target-kib 512 --depth 4 --variant C --kernel avx2 --iterations 1 --repetitions 2 --warmup 1
AVX2 correction test passed; scalar_checksum=-9.02812, avx2_checksum=-9.02812, abs_difference=0, tolerance=0.00902812
T0 scalar Q4 throughput probe; not an exact model-kernel equivalence claim
shape m=1638 K=512, target_kib=512, actual_weight_bytes_per_block=524160, allocated_weight_bytes=524160, variant=C, kernel_requested=avx2, kernel_used=avx2, avx2_supported=true, fma_supported=true, eviction_bytes=67108864, active_logical_cpus=8
command[280/360]="D:\Install\Dev\Projects\IA\Ejercise\cpu-native-arch\build\cpu_native_q4_probe.exe" --cpu 6 --K 512 --target-kib 512 --depth 8 --variant A --kernel avx2 --iterations 1 --repetitions 2 --warmup 1
AVX2 correction test passed; scalar_checksum=-9.02812, avx2_checksum=-9.02812, abs_difference=0, tolerance=0.00902812
T0 scalar Q4 throughput probe; not an exact model-kernel equivalence claim
shape m=1638 K=512, target_kib=512, actual_weight_bytes_per_block=524160, allocated_weight_bytes=524160, variant=A, kernel_requested=avx2, kernel_used=avx2, avx2_supported=true, fma_supported=true, eviction_bytes=0, active_logical_cpus=8
command[281/360]="D:\Install\Dev\Projects\IA\Ejercise\cpu-native-arch\build\cpu_native_q4_probe.exe" --cpu 6 --K 512 --target-kib 512 --depth 8 --variant B --kernel avx2 --iterations 1 --repetitions 2 --warmup 1
AVX2 correction test passed; scalar_checksum=-9.02812, avx2_checksum=-9.02812, abs_difference=0, tolerance=0.00902812
T0 scalar Q4 throughput probe; not an exact model-kernel equivalence claim
shape m=1638 K=512, target_kib=512, actual_weight_bytes_per_block=524160, allocated_weight_bytes=4193280, variant=B, kernel_requested=avx2, kernel_used=avx2, avx2_supported=true, fma_supported=true, eviction_bytes=0, active_logical_cpus=8
command[282/360]="D:\Install\Dev\Projects\IA\Ejercise\cpu-native-arch\build\cpu_native_q4_probe.exe" --cpu 6 --K 512 --target-kib 512 --depth 8 --variant C --kernel avx2 --iterations 1 --repetitions 2 --warmup 1
AVX2 correction test passed; scalar_checksum=-9.02812, avx2_checksum=-9.02812, abs_difference=0, tolerance=0.00902812
T0 scalar Q4 throughput probe; not an exact model-kernel equivalence claim
shape m=1638 K=512, target_kib=512, actual_weight_bytes_per_block=524160, allocated_weight_bytes=524160, variant=C, kernel_requested=avx2, kernel_used=avx2, avx2_supported=true, fma_supported=true, eviction_bytes=67108864, active_logical_cpus=8
command[283/360]="D:\Install\Dev\Projects\IA\Ejercise\cpu-native-arch\build\cpu_native_q4_probe.exe" --cpu 6 --K 512 --target-kib 512 --depth 16 --variant A --kernel avx2 --iterations 1 --repetitions 2 --warmup 1
AVX2 correction test passed; scalar_checksum=-9.02812, avx2_checksum=-9.02812, abs_difference=0, tolerance=0.00902812
T0 scalar Q4 throughput probe; not an exact model-kernel equivalence claim
shape m=1638 K=512, target_kib=512, actual_weight_bytes_per_block=524160, allocated_weight_bytes=524160, variant=A, kernel_requested=avx2, kernel_used=avx2, avx2_supported=true, fma_supported=true, eviction_bytes=0, active_logical_cpus=8
command[284/360]="D:\Install\Dev\Projects\IA\Ejercise\cpu-native-arch\build\cpu_native_q4_probe.exe" --cpu 6 --K 512 --target-kib 512 --depth 16 --variant B --kernel avx2 --iterations 1 --repetitions 2 --warmup 1
AVX2 correction test passed; scalar_checksum=-9.02812, avx2_checksum=-9.02812, abs_difference=0, tolerance=0.00902812
T0 scalar Q4 throughput probe; not an exact model-kernel equivalence claim
shape m=1638 K=512, target_kib=512, actual_weight_bytes_per_block=524160, allocated_weight_bytes=8386560, variant=B, kernel_requested=avx2, kernel_used=avx2, avx2_supported=true, fma_supported=true, eviction_bytes=0, active_logical_cpus=8
command[285/360]="D:\Install\Dev\Projects\IA\Ejercise\cpu-native-arch\build\cpu_native_q4_probe.exe" --cpu 6 --K 512 --target-kib 512 --depth 16 --variant C --kernel avx2 --iterations 1 --repetitions 2 --warmup 1
AVX2 correction test passed; scalar_checksum=-9.02812, avx2_checksum=-9.02812, abs_difference=0, tolerance=0.00902812
T0 scalar Q4 throughput probe; not an exact model-kernel equivalence claim
shape m=1638 K=512, target_kib=512, actual_weight_bytes_per_block=524160, allocated_weight_bytes=524160, variant=C, kernel_requested=avx2, kernel_used=avx2, avx2_supported=true, fma_supported=true, eviction_bytes=67108864, active_logical_cpus=8
command[286/360]="D:\Install\Dev\Projects\IA\Ejercise\cpu-native-arch\build\cpu_native_q4_probe.exe" --cpu 6 --K 512 --target-kib 1024 --depth 1 --variant A --kernel avx2 --iterations 1 --repetitions 2 --warmup 1
AVX2 correction test passed; scalar_checksum=-9.02812, avx2_checksum=-9.02812, abs_difference=0, tolerance=0.00902812
T0 scalar Q4 throughput probe; not an exact model-kernel equivalence claim
shape m=3276 K=512, target_kib=1024, actual_weight_bytes_per_block=1048320, allocated_weight_bytes=1048320, variant=A, kernel_requested=avx2, kernel_used=avx2, avx2_supported=true, fma_supported=true, eviction_bytes=0, active_logical_cpus=8
command[287/360]="D:\Install\Dev\Projects\IA\Ejercise\cpu-native-arch\build\cpu_native_q4_probe.exe" --cpu 6 --K 512 --target-kib 1024 --depth 1 --variant B --kernel avx2 --iterations 1 --repetitions 2 --warmup 1
AVX2 correction test passed; scalar_checksum=-9.02812, avx2_checksum=-9.02812, abs_difference=0, tolerance=0.00902812
T0 scalar Q4 throughput probe; not an exact model-kernel equivalence claim
shape m=3276 K=512, target_kib=1024, actual_weight_bytes_per_block=1048320, allocated_weight_bytes=1048320, variant=B, kernel_requested=avx2, kernel_used=avx2, avx2_supported=true, fma_supported=true, eviction_bytes=0, active_logical_cpus=8
command[288/360]="D:\Install\Dev\Projects\IA\Ejercise\cpu-native-arch\build\cpu_native_q4_probe.exe" --cpu 6 --K 512 --target-kib 1024 --depth 1 --variant C --kernel avx2 --iterations 1 --repetitions 2 --warmup 1
AVX2 correction test passed; scalar_checksum=-9.02812, avx2_checksum=-9.02812, abs_difference=0, tolerance=0.00902812
T0 scalar Q4 throughput probe; not an exact model-kernel equivalence claim
shape m=3276 K=512, target_kib=1024, actual_weight_bytes_per_block=1048320, allocated_weight_bytes=1048320, variant=C, kernel_requested=avx2, kernel_used=avx2, avx2_supported=true, fma_supported=true, eviction_bytes=67108864, active_logical_cpus=8
command[289/360]="D:\Install\Dev\Projects\IA\Ejercise\cpu-native-arch\build\cpu_native_q4_probe.exe" --cpu 6 --K 512 --target-kib 1024 --depth 2 --variant A --kernel avx2 --iterations 1 --repetitions 2 --warmup 1
AVX2 correction test passed; scalar_checksum=-9.02812, avx2_checksum=-9.02812, abs_difference=0, tolerance=0.00902812
T0 scalar Q4 throughput probe; not an exact model-kernel equivalence claim
shape m=3276 K=512, target_kib=1024, actual_weight_bytes_per_block=1048320, allocated_weight_bytes=1048320, variant=A, kernel_requested=avx2, kernel_used=avx2, avx2_supported=true, fma_supported=true, eviction_bytes=0, active_logical_cpus=8
command[290/360]="D:\Install\Dev\Projects\IA\Ejercise\cpu-native-arch\build\cpu_native_q4_probe.exe" --cpu 6 --K 512 --target-kib 1024 --depth 2 --variant B --kernel avx2 --iterations 1 --repetitions 2 --warmup 1
AVX2 correction test passed; scalar_checksum=-9.02812, avx2_checksum=-9.02812, abs_difference=0, tolerance=0.00902812
T0 scalar Q4 throughput probe; not an exact model-kernel equivalence claim
shape m=3276 K=512, target_kib=1024, actual_weight_bytes_per_block=1048320, allocated_weight_bytes=2096640, variant=B, kernel_requested=avx2, kernel_used=avx2, avx2_supported=true, fma_supported=true, eviction_bytes=0, active_logical_cpus=8
command[291/360]="D:\Install\Dev\Projects\IA\Ejercise\cpu-native-arch\build\cpu_native_q4_probe.exe" --cpu 6 --K 512 --target-kib 1024 --depth 2 --variant C --kernel avx2 --iterations 1 --repetitions 2 --warmup 1
AVX2 correction test passed; scalar_checksum=-9.02812, avx2_checksum=-9.02812, abs_difference=0, tolerance=0.00902812
T0 scalar Q4 throughput probe; not an exact model-kernel equivalence claim
shape m=3276 K=512, target_kib=1024, actual_weight_bytes_per_block=1048320, allocated_weight_bytes=1048320, variant=C, kernel_requested=avx2, kernel_used=avx2, avx2_supported=true, fma_supported=true, eviction_bytes=67108864, active_logical_cpus=8
command[292/360]="D:\Install\Dev\Projects\IA\Ejercise\cpu-native-arch\build\cpu_native_q4_probe.exe" --cpu 6 --K 512 --target-kib 1024 --depth 4 --variant A --kernel avx2 --iterations 1 --repetitions 2 --warmup 1
AVX2 correction test passed; scalar_checksum=-9.02812, avx2_checksum=-9.02812, abs_difference=0, tolerance=0.00902812
T0 scalar Q4 throughput probe; not an exact model-kernel equivalence claim
shape m=3276 K=512, target_kib=1024, actual_weight_bytes_per_block=1048320, allocated_weight_bytes=1048320, variant=A, kernel_requested=avx2, kernel_used=avx2, avx2_supported=true, fma_supported=true, eviction_bytes=0, active_logical_cpus=8
command[293/360]="D:\Install\Dev\Projects\IA\Ejercise\cpu-native-arch\build\cpu_native_q4_probe.exe" --cpu 6 --K 512 --target-kib 1024 --depth 4 --variant B --kernel avx2 --iterations 1 --repetitions 2 --warmup 1
AVX2 correction test passed; scalar_checksum=-9.02812, avx2_checksum=-9.02812, abs_difference=0, tolerance=0.00902812
T0 scalar Q4 throughput probe; not an exact model-kernel equivalence claim
shape m=3276 K=512, target_kib=1024, actual_weight_bytes_per_block=1048320, allocated_weight_bytes=4193280, variant=B, kernel_requested=avx2, kernel_used=avx2, avx2_supported=true, fma_supported=true, eviction_bytes=0, active_logical_cpus=8
command[294/360]="D:\Install\Dev\Projects\IA\Ejercise\cpu-native-arch\build\cpu_native_q4_probe.exe" --cpu 6 --K 512 --target-kib 1024 --depth 4 --variant C --kernel avx2 --iterations 1 --repetitions 2 --warmup 1
AVX2 correction test passed; scalar_checksum=-9.02812, avx2_checksum=-9.02812, abs_difference=0, tolerance=0.00902812
T0 scalar Q4 throughput probe; not an exact model-kernel equivalence claim
shape m=3276 K=512, target_kib=1024, actual_weight_bytes_per_block=1048320, allocated_weight_bytes=1048320, variant=C, kernel_requested=avx2, kernel_used=avx2, avx2_supported=true, fma_supported=true, eviction_bytes=67108864, active_logical_cpus=8
command[295/360]="D:\Install\Dev\Projects\IA\Ejercise\cpu-native-arch\build\cpu_native_q4_probe.exe" --cpu 6 --K 512 --target-kib 1024 --depth 8 --variant A --kernel avx2 --iterations 1 --repetitions 2 --warmup 1
AVX2 correction test passed; scalar_checksum=-9.02812, avx2_checksum=-9.02812, abs_difference=0, tolerance=0.00902812
T0 scalar Q4 throughput probe; not an exact model-kernel equivalence claim
shape m=3276 K=512, target_kib=1024, actual_weight_bytes_per_block=1048320, allocated_weight_bytes=1048320, variant=A, kernel_requested=avx2, kernel_used=avx2, avx2_supported=true, fma_supported=true, eviction_bytes=0, active_logical_cpus=8
command[296/360]="D:\Install\Dev\Projects\IA\Ejercise\cpu-native-arch\build\cpu_native_q4_probe.exe" --cpu 6 --K 512 --target-kib 1024 --depth 8 --variant B --kernel avx2 --iterations 1 --repetitions 2 --warmup 1
AVX2 correction test passed; scalar_checksum=-9.02812, avx2_checksum=-9.02812, abs_difference=0, tolerance=0.00902812
T0 scalar Q4 throughput probe; not an exact model-kernel equivalence claim
shape m=3276 K=512, target_kib=1024, actual_weight_bytes_per_block=1048320, allocated_weight_bytes=8386560, variant=B, kernel_requested=avx2, kernel_used=avx2, avx2_supported=true, fma_supported=true, eviction_bytes=0, active_logical_cpus=8
command[297/360]="D:\Install\Dev\Projects\IA\Ejercise\cpu-native-arch\build\cpu_native_q4_probe.exe" --cpu 6 --K 512 --target-kib 1024 --depth 8 --variant C --kernel avx2 --iterations 1 --repetitions 2 --warmup 1
AVX2 correction test passed; scalar_checksum=-9.02812, avx2_checksum=-9.02812, abs_difference=0, tolerance=0.00902812
T0 scalar Q4 throughput probe; not an exact model-kernel equivalence claim
shape m=3276 K=512, target_kib=1024, actual_weight_bytes_per_block=1048320, allocated_weight_bytes=1048320, variant=C, kernel_requested=avx2, kernel_used=avx2, avx2_supported=true, fma_supported=true, eviction_bytes=67108864, active_logical_cpus=8
command[298/360]="D:\Install\Dev\Projects\IA\Ejercise\cpu-native-arch\build\cpu_native_q4_probe.exe" --cpu 6 --K 512 --target-kib 1024 --depth 16 --variant A --kernel avx2 --iterations 1 --repetitions 2 --warmup 1
AVX2 correction test passed; scalar_checksum=-9.02812, avx2_checksum=-9.02812, abs_difference=0, tolerance=0.00902812
T0 scalar Q4 throughput probe; not an exact model-kernel equivalence claim
shape m=3276 K=512, target_kib=1024, actual_weight_bytes_per_block=1048320, allocated_weight_bytes=1048320, variant=A, kernel_requested=avx2, kernel_used=avx2, avx2_supported=true, fma_supported=true, eviction_bytes=0, active_logical_cpus=8
command[299/360]="D:\Install\Dev\Projects\IA\Ejercise\cpu-native-arch\build\cpu_native_q4_probe.exe" --cpu 6 --K 512 --target-kib 1024 --depth 16 --variant B --kernel avx2 --iterations 1 --repetitions 2 --warmup 1
AVX2 correction test passed; scalar_checksum=-9.02812, avx2_checksum=-9.02812, abs_difference=0, tolerance=0.00902812
T0 scalar Q4 throughput probe; not an exact model-kernel equivalence claim
shape m=3276 K=512, target_kib=1024, actual_weight_bytes_per_block=1048320, allocated_weight_bytes=16773120, variant=B, kernel_requested=avx2, kernel_used=avx2, avx2_supported=true, fma_supported=true, eviction_bytes=0, active_logical_cpus=8
command[300/360]="D:\Install\Dev\Projects\IA\Ejercise\cpu-native-arch\build\cpu_native_q4_probe.exe" --cpu 6 --K 512 --target-kib 1024 --depth 16 --variant C --kernel avx2 --iterations 1 --repetitions 2 --warmup 1
AVX2 correction test passed; scalar_checksum=-9.02812, avx2_checksum=-9.02812, abs_difference=0, tolerance=0.00902812
T0 scalar Q4 throughput probe; not an exact model-kernel equivalence claim
shape m=3276 K=512, target_kib=1024, actual_weight_bytes_per_block=1048320, allocated_weight_bytes=1048320, variant=C, kernel_requested=avx2, kernel_used=avx2, avx2_supported=true, fma_supported=true, eviction_bytes=67108864, active_logical_cpus=8
command[301/360]="D:\Install\Dev\Projects\IA\Ejercise\cpu-native-arch\build\cpu_native_q4_probe.exe" --cpu 6 --K 512 --target-kib 1280 --depth 1 --variant A --kernel avx2 --iterations 1 --repetitions 2 --warmup 1
AVX2 correction test passed; scalar_checksum=-9.02812, avx2_checksum=-9.02812, abs_difference=0, tolerance=0.00902812
T0 scalar Q4 throughput probe; not an exact model-kernel equivalence claim
shape m=4096 K=512, target_kib=1280, actual_weight_bytes_per_block=1310720, allocated_weight_bytes=1310720, variant=A, kernel_requested=avx2, kernel_used=avx2, avx2_supported=true, fma_supported=true, eviction_bytes=0, active_logical_cpus=8
command[302/360]="D:\Install\Dev\Projects\IA\Ejercise\cpu-native-arch\build\cpu_native_q4_probe.exe" --cpu 6 --K 512 --target-kib 1280 --depth 1 --variant B --kernel avx2 --iterations 1 --repetitions 2 --warmup 1
AVX2 correction test passed; scalar_checksum=-9.02812, avx2_checksum=-9.02812, abs_difference=0, tolerance=0.00902812
T0 scalar Q4 throughput probe; not an exact model-kernel equivalence claim
shape m=4096 K=512, target_kib=1280, actual_weight_bytes_per_block=1310720, allocated_weight_bytes=1310720, variant=B, kernel_requested=avx2, kernel_used=avx2, avx2_supported=true, fma_supported=true, eviction_bytes=0, active_logical_cpus=8
command[303/360]="D:\Install\Dev\Projects\IA\Ejercise\cpu-native-arch\build\cpu_native_q4_probe.exe" --cpu 6 --K 512 --target-kib 1280 --depth 1 --variant C --kernel avx2 --iterations 1 --repetitions 2 --warmup 1
AVX2 correction test passed; scalar_checksum=-9.02812, avx2_checksum=-9.02812, abs_difference=0, tolerance=0.00902812
T0 scalar Q4 throughput probe; not an exact model-kernel equivalence claim
shape m=4096 K=512, target_kib=1280, actual_weight_bytes_per_block=1310720, allocated_weight_bytes=1310720, variant=C, kernel_requested=avx2, kernel_used=avx2, avx2_supported=true, fma_supported=true, eviction_bytes=67108864, active_logical_cpus=8
command[304/360]="D:\Install\Dev\Projects\IA\Ejercise\cpu-native-arch\build\cpu_native_q4_probe.exe" --cpu 6 --K 512 --target-kib 1280 --depth 2 --variant A --kernel avx2 --iterations 1 --repetitions 2 --warmup 1
AVX2 correction test passed; scalar_checksum=-9.02812, avx2_checksum=-9.02812, abs_difference=0, tolerance=0.00902812
T0 scalar Q4 throughput probe; not an exact model-kernel equivalence claim
shape m=4096 K=512, target_kib=1280, actual_weight_bytes_per_block=1310720, allocated_weight_bytes=1310720, variant=A, kernel_requested=avx2, kernel_used=avx2, avx2_supported=true, fma_supported=true, eviction_bytes=0, active_logical_cpus=8
command[305/360]="D:\Install\Dev\Projects\IA\Ejercise\cpu-native-arch\build\cpu_native_q4_probe.exe" --cpu 6 --K 512 --target-kib 1280 --depth 2 --variant B --kernel avx2 --iterations 1 --repetitions 2 --warmup 1
AVX2 correction test passed; scalar_checksum=-9.02812, avx2_checksum=-9.02812, abs_difference=0, tolerance=0.00902812
T0 scalar Q4 throughput probe; not an exact model-kernel equivalence claim
shape m=4096 K=512, target_kib=1280, actual_weight_bytes_per_block=1310720, allocated_weight_bytes=2621440, variant=B, kernel_requested=avx2, kernel_used=avx2, avx2_supported=true, fma_supported=true, eviction_bytes=0, active_logical_cpus=8
command[306/360]="D:\Install\Dev\Projects\IA\Ejercise\cpu-native-arch\build\cpu_native_q4_probe.exe" --cpu 6 --K 512 --target-kib 1280 --depth 2 --variant C --kernel avx2 --iterations 1 --repetitions 2 --warmup 1
AVX2 correction test passed; scalar_checksum=-9.02812, avx2_checksum=-9.02812, abs_difference=0, tolerance=0.00902812
T0 scalar Q4 throughput probe; not an exact model-kernel equivalence claim
shape m=4096 K=512, target_kib=1280, actual_weight_bytes_per_block=1310720, allocated_weight_bytes=1310720, variant=C, kernel_requested=avx2, kernel_used=avx2, avx2_supported=true, fma_supported=true, eviction_bytes=67108864, active_logical_cpus=8
command[307/360]="D:\Install\Dev\Projects\IA\Ejercise\cpu-native-arch\build\cpu_native_q4_probe.exe" --cpu 6 --K 512 --target-kib 1280 --depth 4 --variant A --kernel avx2 --iterations 1 --repetitions 2 --warmup 1
AVX2 correction test passed; scalar_checksum=-9.02812, avx2_checksum=-9.02812, abs_difference=0, tolerance=0.00902812
T0 scalar Q4 throughput probe; not an exact model-kernel equivalence claim
shape m=4096 K=512, target_kib=1280, actual_weight_bytes_per_block=1310720, allocated_weight_bytes=1310720, variant=A, kernel_requested=avx2, kernel_used=avx2, avx2_supported=true, fma_supported=true, eviction_bytes=0, active_logical_cpus=8
command[308/360]="D:\Install\Dev\Projects\IA\Ejercise\cpu-native-arch\build\cpu_native_q4_probe.exe" --cpu 6 --K 512 --target-kib 1280 --depth 4 --variant B --kernel avx2 --iterations 1 --repetitions 2 --warmup 1
AVX2 correction test passed; scalar_checksum=-9.02812, avx2_checksum=-9.02812, abs_difference=0, tolerance=0.00902812
T0 scalar Q4 throughput probe; not an exact model-kernel equivalence claim
shape m=4096 K=512, target_kib=1280, actual_weight_bytes_per_block=1310720, allocated_weight_bytes=5242880, variant=B, kernel_requested=avx2, kernel_used=avx2, avx2_supported=true, fma_supported=true, eviction_bytes=0, active_logical_cpus=8
command[309/360]="D:\Install\Dev\Projects\IA\Ejercise\cpu-native-arch\build\cpu_native_q4_probe.exe" --cpu 6 --K 512 --target-kib 1280 --depth 4 --variant C --kernel avx2 --iterations 1 --repetitions 2 --warmup 1
AVX2 correction test passed; scalar_checksum=-9.02812, avx2_checksum=-9.02812, abs_difference=0, tolerance=0.00902812
T0 scalar Q4 throughput probe; not an exact model-kernel equivalence claim
shape m=4096 K=512, target_kib=1280, actual_weight_bytes_per_block=1310720, allocated_weight_bytes=1310720, variant=C, kernel_requested=avx2, kernel_used=avx2, avx2_supported=true, fma_supported=true, eviction_bytes=67108864, active_logical_cpus=8
command[310/360]="D:\Install\Dev\Projects\IA\Ejercise\cpu-native-arch\build\cpu_native_q4_probe.exe" --cpu 6 --K 512 --target-kib 1280 --depth 8 --variant A --kernel avx2 --iterations 1 --repetitions 2 --warmup 1
AVX2 correction test passed; scalar_checksum=-9.02812, avx2_checksum=-9.02812, abs_difference=0, tolerance=0.00902812
T0 scalar Q4 throughput probe; not an exact model-kernel equivalence claim
shape m=4096 K=512, target_kib=1280, actual_weight_bytes_per_block=1310720, allocated_weight_bytes=1310720, variant=A, kernel_requested=avx2, kernel_used=avx2, avx2_supported=true, fma_supported=true, eviction_bytes=0, active_logical_cpus=8
command[311/360]="D:\Install\Dev\Projects\IA\Ejercise\cpu-native-arch\build\cpu_native_q4_probe.exe" --cpu 6 --K 512 --target-kib 1280 --depth 8 --variant B --kernel avx2 --iterations 1 --repetitions 2 --warmup 1
AVX2 correction test passed; scalar_checksum=-9.02812, avx2_checksum=-9.02812, abs_difference=0, tolerance=0.00902812
T0 scalar Q4 throughput probe; not an exact model-kernel equivalence claim
shape m=4096 K=512, target_kib=1280, actual_weight_bytes_per_block=1310720, allocated_weight_bytes=10485760, variant=B, kernel_requested=avx2, kernel_used=avx2, avx2_supported=true, fma_supported=true, eviction_bytes=0, active_logical_cpus=8
command[312/360]="D:\Install\Dev\Projects\IA\Ejercise\cpu-native-arch\build\cpu_native_q4_probe.exe" --cpu 6 --K 512 --target-kib 1280 --depth 8 --variant C --kernel avx2 --iterations 1 --repetitions 2 --warmup 1
AVX2 correction test passed; scalar_checksum=-9.02812, avx2_checksum=-9.02812, abs_difference=0, tolerance=0.00902812
T0 scalar Q4 throughput probe; not an exact model-kernel equivalence claim
shape m=4096 K=512, target_kib=1280, actual_weight_bytes_per_block=1310720, allocated_weight_bytes=1310720, variant=C, kernel_requested=avx2, kernel_used=avx2, avx2_supported=true, fma_supported=true, eviction_bytes=67108864, active_logical_cpus=8
command[313/360]="D:\Install\Dev\Projects\IA\Ejercise\cpu-native-arch\build\cpu_native_q4_probe.exe" --cpu 6 --K 512 --target-kib 1280 --depth 16 --variant A --kernel avx2 --iterations 1 --repetitions 2 --warmup 1
AVX2 correction test passed; scalar_checksum=-9.02812, avx2_checksum=-9.02812, abs_difference=0, tolerance=0.00902812
T0 scalar Q4 throughput probe; not an exact model-kernel equivalence claim
shape m=4096 K=512, target_kib=1280, actual_weight_bytes_per_block=1310720, allocated_weight_bytes=1310720, variant=A, kernel_requested=avx2, kernel_used=avx2, avx2_supported=true, fma_supported=true, eviction_bytes=0, active_logical_cpus=8
command[314/360]="D:\Install\Dev\Projects\IA\Ejercise\cpu-native-arch\build\cpu_native_q4_probe.exe" --cpu 6 --K 512 --target-kib 1280 --depth 16 --variant B --kernel avx2 --iterations 1 --repetitions 2 --warmup 1
AVX2 correction test passed; scalar_checksum=-9.02812, avx2_checksum=-9.02812, abs_difference=0, tolerance=0.00902812
T0 scalar Q4 throughput probe; not an exact model-kernel equivalence claim
shape m=4096 K=512, target_kib=1280, actual_weight_bytes_per_block=1310720, allocated_weight_bytes=20971520, variant=B, kernel_requested=avx2, kernel_used=avx2, avx2_supported=true, fma_supported=true, eviction_bytes=0, active_logical_cpus=8
command[315/360]="D:\Install\Dev\Projects\IA\Ejercise\cpu-native-arch\build\cpu_native_q4_probe.exe" --cpu 6 --K 512 --target-kib 1280 --depth 16 --variant C --kernel avx2 --iterations 1 --repetitions 2 --warmup 1
AVX2 correction test passed; scalar_checksum=-9.02812, avx2_checksum=-9.02812, abs_difference=0, tolerance=0.00902812
T0 scalar Q4 throughput probe; not an exact model-kernel equivalence claim
shape m=4096 K=512, target_kib=1280, actual_weight_bytes_per_block=1310720, allocated_weight_bytes=1310720, variant=C, kernel_requested=avx2, kernel_used=avx2, avx2_supported=true, fma_supported=true, eviction_bytes=67108864, active_logical_cpus=8
command[316/360]="D:\Install\Dev\Projects\IA\Ejercise\cpu-native-arch\build\cpu_native_q4_probe.exe" --cpu 7 --K 512 --target-kib 512 --depth 1 --variant A --kernel avx2 --iterations 1 --repetitions 2 --warmup 1
AVX2 correction test passed; scalar_checksum=-9.02812, avx2_checksum=-9.02812, abs_difference=0, tolerance=0.00902812
T0 scalar Q4 throughput probe; not an exact model-kernel equivalence claim
shape m=1638 K=512, target_kib=512, actual_weight_bytes_per_block=524160, allocated_weight_bytes=524160, variant=A, kernel_requested=avx2, kernel_used=avx2, avx2_supported=true, fma_supported=true, eviction_bytes=0, active_logical_cpus=8
command[317/360]="D:\Install\Dev\Projects\IA\Ejercise\cpu-native-arch\build\cpu_native_q4_probe.exe" --cpu 7 --K 512 --target-kib 512 --depth 1 --variant B --kernel avx2 --iterations 1 --repetitions 2 --warmup 1
AVX2 correction test passed; scalar_checksum=-9.02812, avx2_checksum=-9.02812, abs_difference=0, tolerance=0.00902812
T0 scalar Q4 throughput probe; not an exact model-kernel equivalence claim
shape m=1638 K=512, target_kib=512, actual_weight_bytes_per_block=524160, allocated_weight_bytes=524160, variant=B, kernel_requested=avx2, kernel_used=avx2, avx2_supported=true, fma_supported=true, eviction_bytes=0, active_logical_cpus=8
command[318/360]="D:\Install\Dev\Projects\IA\Ejercise\cpu-native-arch\build\cpu_native_q4_probe.exe" --cpu 7 --K 512 --target-kib 512 --depth 1 --variant C --kernel avx2 --iterations 1 --repetitions 2 --warmup 1
AVX2 correction test passed; scalar_checksum=-9.02812, avx2_checksum=-9.02812, abs_difference=0, tolerance=0.00902812
T0 scalar Q4 throughput probe; not an exact model-kernel equivalence claim
shape m=1638 K=512, target_kib=512, actual_weight_bytes_per_block=524160, allocated_weight_bytes=524160, variant=C, kernel_requested=avx2, kernel_used=avx2, avx2_supported=true, fma_supported=true, eviction_bytes=67108864, active_logical_cpus=8
command[319/360]="D:\Install\Dev\Projects\IA\Ejercise\cpu-native-arch\build\cpu_native_q4_probe.exe" --cpu 7 --K 512 --target-kib 512 --depth 2 --variant A --kernel avx2 --iterations 1 --repetitions 2 --warmup 1
AVX2 correction test passed; scalar_checksum=-9.02812, avx2_checksum=-9.02812, abs_difference=0, tolerance=0.00902812
T0 scalar Q4 throughput probe; not an exact model-kernel equivalence claim
shape m=1638 K=512, target_kib=512, actual_weight_bytes_per_block=524160, allocated_weight_bytes=524160, variant=A, kernel_requested=avx2, kernel_used=avx2, avx2_supported=true, fma_supported=true, eviction_bytes=0, active_logical_cpus=8
command[320/360]="D:\Install\Dev\Projects\IA\Ejercise\cpu-native-arch\build\cpu_native_q4_probe.exe" --cpu 7 --K 512 --target-kib 512 --depth 2 --variant B --kernel avx2 --iterations 1 --repetitions 2 --warmup 1
AVX2 correction test passed; scalar_checksum=-9.02812, avx2_checksum=-9.02812, abs_difference=0, tolerance=0.00902812
T0 scalar Q4 throughput probe; not an exact model-kernel equivalence claim
shape m=1638 K=512, target_kib=512, actual_weight_bytes_per_block=524160, allocated_weight_bytes=1048320, variant=B, kernel_requested=avx2, kernel_used=avx2, avx2_supported=true, fma_supported=true, eviction_bytes=0, active_logical_cpus=8
command[321/360]="D:\Install\Dev\Projects\IA\Ejercise\cpu-native-arch\build\cpu_native_q4_probe.exe" --cpu 7 --K 512 --target-kib 512 --depth 2 --variant C --kernel avx2 --iterations 1 --repetitions 2 --warmup 1
AVX2 correction test passed; scalar_checksum=-9.02812, avx2_checksum=-9.02812, abs_difference=0, tolerance=0.00902812
T0 scalar Q4 throughput probe; not an exact model-kernel equivalence claim
shape m=1638 K=512, target_kib=512, actual_weight_bytes_per_block=524160, allocated_weight_bytes=524160, variant=C, kernel_requested=avx2, kernel_used=avx2, avx2_supported=true, fma_supported=true, eviction_bytes=67108864, active_logical_cpus=8
command[322/360]="D:\Install\Dev\Projects\IA\Ejercise\cpu-native-arch\build\cpu_native_q4_probe.exe" --cpu 7 --K 512 --target-kib 512 --depth 4 --variant A --kernel avx2 --iterations 1 --repetitions 2 --warmup 1
AVX2 correction test passed; scalar_checksum=-9.02812, avx2_checksum=-9.02812, abs_difference=0, tolerance=0.00902812
T0 scalar Q4 throughput probe; not an exact model-kernel equivalence claim
shape m=1638 K=512, target_kib=512, actual_weight_bytes_per_block=524160, allocated_weight_bytes=524160, variant=A, kernel_requested=avx2, kernel_used=avx2, avx2_supported=true, fma_supported=true, eviction_bytes=0, active_logical_cpus=8
command[323/360]="D:\Install\Dev\Projects\IA\Ejercise\cpu-native-arch\build\cpu_native_q4_probe.exe" --cpu 7 --K 512 --target-kib 512 --depth 4 --variant B --kernel avx2 --iterations 1 --repetitions 2 --warmup 1
AVX2 correction test passed; scalar_checksum=-9.02812, avx2_checksum=-9.02812, abs_difference=0, tolerance=0.00902812
T0 scalar Q4 throughput probe; not an exact model-kernel equivalence claim
shape m=1638 K=512, target_kib=512, actual_weight_bytes_per_block=524160, allocated_weight_bytes=2096640, variant=B, kernel_requested=avx2, kernel_used=avx2, avx2_supported=true, fma_supported=true, eviction_bytes=0, active_logical_cpus=8
command[324/360]="D:\Install\Dev\Projects\IA\Ejercise\cpu-native-arch\build\cpu_native_q4_probe.exe" --cpu 7 --K 512 --target-kib 512 --depth 4 --variant C --kernel avx2 --iterations 1 --repetitions 2 --warmup 1
AVX2 correction test passed; scalar_checksum=-9.02812, avx2_checksum=-9.02812, abs_difference=0, tolerance=0.00902812
T0 scalar Q4 throughput probe; not an exact model-kernel equivalence claim
shape m=1638 K=512, target_kib=512, actual_weight_bytes_per_block=524160, allocated_weight_bytes=524160, variant=C, kernel_requested=avx2, kernel_used=avx2, avx2_supported=true, fma_supported=true, eviction_bytes=67108864, active_logical_cpus=8
command[325/360]="D:\Install\Dev\Projects\IA\Ejercise\cpu-native-arch\build\cpu_native_q4_probe.exe" --cpu 7 --K 512 --target-kib 512 --depth 8 --variant A --kernel avx2 --iterations 1 --repetitions 2 --warmup 1
AVX2 correction test passed; scalar_checksum=-9.02812, avx2_checksum=-9.02812, abs_difference=0, tolerance=0.00902812
T0 scalar Q4 throughput probe; not an exact model-kernel equivalence claim
shape m=1638 K=512, target_kib=512, actual_weight_bytes_per_block=524160, allocated_weight_bytes=524160, variant=A, kernel_requested=avx2, kernel_used=avx2, avx2_supported=true, fma_supported=true, eviction_bytes=0, active_logical_cpus=8
command[326/360]="D:\Install\Dev\Projects\IA\Ejercise\cpu-native-arch\build\cpu_native_q4_probe.exe" --cpu 7 --K 512 --target-kib 512 --depth 8 --variant B --kernel avx2 --iterations 1 --repetitions 2 --warmup 1
AVX2 correction test passed; scalar_checksum=-9.02812, avx2_checksum=-9.02812, abs_difference=0, tolerance=0.00902812
T0 scalar Q4 throughput probe; not an exact model-kernel equivalence claim
shape m=1638 K=512, target_kib=512, actual_weight_bytes_per_block=524160, allocated_weight_bytes=4193280, variant=B, kernel_requested=avx2, kernel_used=avx2, avx2_supported=true, fma_supported=true, eviction_bytes=0, active_logical_cpus=8
command[327/360]="D:\Install\Dev\Projects\IA\Ejercise\cpu-native-arch\build\cpu_native_q4_probe.exe" --cpu 7 --K 512 --target-kib 512 --depth 8 --variant C --kernel avx2 --iterations 1 --repetitions 2 --warmup 1
AVX2 correction test passed; scalar_checksum=-9.02812, avx2_checksum=-9.02812, abs_difference=0, tolerance=0.00902812
T0 scalar Q4 throughput probe; not an exact model-kernel equivalence claim
shape m=1638 K=512, target_kib=512, actual_weight_bytes_per_block=524160, allocated_weight_bytes=524160, variant=C, kernel_requested=avx2, kernel_used=avx2, avx2_supported=true, fma_supported=true, eviction_bytes=67108864, active_logical_cpus=8
command[328/360]="D:\Install\Dev\Projects\IA\Ejercise\cpu-native-arch\build\cpu_native_q4_probe.exe" --cpu 7 --K 512 --target-kib 512 --depth 16 --variant A --kernel avx2 --iterations 1 --repetitions 2 --warmup 1
AVX2 correction test passed; scalar_checksum=-9.02812, avx2_checksum=-9.02812, abs_difference=0, tolerance=0.00902812
T0 scalar Q4 throughput probe; not an exact model-kernel equivalence claim
shape m=1638 K=512, target_kib=512, actual_weight_bytes_per_block=524160, allocated_weight_bytes=524160, variant=A, kernel_requested=avx2, kernel_used=avx2, avx2_supported=true, fma_supported=true, eviction_bytes=0, active_logical_cpus=8
command[329/360]="D:\Install\Dev\Projects\IA\Ejercise\cpu-native-arch\build\cpu_native_q4_probe.exe" --cpu 7 --K 512 --target-kib 512 --depth 16 --variant B --kernel avx2 --iterations 1 --repetitions 2 --warmup 1
AVX2 correction test passed; scalar_checksum=-9.02812, avx2_checksum=-9.02812, abs_difference=0, tolerance=0.00902812
T0 scalar Q4 throughput probe; not an exact model-kernel equivalence claim
shape m=1638 K=512, target_kib=512, actual_weight_bytes_per_block=524160, allocated_weight_bytes=8386560, variant=B, kernel_requested=avx2, kernel_used=avx2, avx2_supported=true, fma_supported=true, eviction_bytes=0, active_logical_cpus=8
command[330/360]="D:\Install\Dev\Projects\IA\Ejercise\cpu-native-arch\build\cpu_native_q4_probe.exe" --cpu 7 --K 512 --target-kib 512 --depth 16 --variant C --kernel avx2 --iterations 1 --repetitions 2 --warmup 1
AVX2 correction test passed; scalar_checksum=-9.02812, avx2_checksum=-9.02812, abs_difference=0, tolerance=0.00902812
T0 scalar Q4 throughput probe; not an exact model-kernel equivalence claim
shape m=1638 K=512, target_kib=512, actual_weight_bytes_per_block=524160, allocated_weight_bytes=524160, variant=C, kernel_requested=avx2, kernel_used=avx2, avx2_supported=true, fma_supported=true, eviction_bytes=67108864, active_logical_cpus=8
command[331/360]="D:\Install\Dev\Projects\IA\Ejercise\cpu-native-arch\build\cpu_native_q4_probe.exe" --cpu 7 --K 512 --target-kib 1024 --depth 1 --variant A --kernel avx2 --iterations 1 --repetitions 2 --warmup 1
AVX2 correction test passed; scalar_checksum=-9.02812, avx2_checksum=-9.02812, abs_difference=0, tolerance=0.00902812
T0 scalar Q4 throughput probe; not an exact model-kernel equivalence claim
shape m=3276 K=512, target_kib=1024, actual_weight_bytes_per_block=1048320, allocated_weight_bytes=1048320, variant=A, kernel_requested=avx2, kernel_used=avx2, avx2_supported=true, fma_supported=true, eviction_bytes=0, active_logical_cpus=8
command[332/360]="D:\Install\Dev\Projects\IA\Ejercise\cpu-native-arch\build\cpu_native_q4_probe.exe" --cpu 7 --K 512 --target-kib 1024 --depth 1 --variant B --kernel avx2 --iterations 1 --repetitions 2 --warmup 1
AVX2 correction test passed; scalar_checksum=-9.02812, avx2_checksum=-9.02812, abs_difference=0, tolerance=0.00902812
T0 scalar Q4 throughput probe; not an exact model-kernel equivalence claim
shape m=3276 K=512, target_kib=1024, actual_weight_bytes_per_block=1048320, allocated_weight_bytes=1048320, variant=B, kernel_requested=avx2, kernel_used=avx2, avx2_supported=true, fma_supported=true, eviction_bytes=0, active_logical_cpus=8
command[333/360]="D:\Install\Dev\Projects\IA\Ejercise\cpu-native-arch\build\cpu_native_q4_probe.exe" --cpu 7 --K 512 --target-kib 1024 --depth 1 --variant C --kernel avx2 --iterations 1 --repetitions 2 --warmup 1
AVX2 correction test passed; scalar_checksum=-9.02812, avx2_checksum=-9.02812, abs_difference=0, tolerance=0.00902812
T0 scalar Q4 throughput probe; not an exact model-kernel equivalence claim
shape m=3276 K=512, target_kib=1024, actual_weight_bytes_per_block=1048320, allocated_weight_bytes=1048320, variant=C, kernel_requested=avx2, kernel_used=avx2, avx2_supported=true, fma_supported=true, eviction_bytes=67108864, active_logical_cpus=8
command[334/360]="D:\Install\Dev\Projects\IA\Ejercise\cpu-native-arch\build\cpu_native_q4_probe.exe" --cpu 7 --K 512 --target-kib 1024 --depth 2 --variant A --kernel avx2 --iterations 1 --repetitions 2 --warmup 1
AVX2 correction test passed; scalar_checksum=-9.02812, avx2_checksum=-9.02812, abs_difference=0, tolerance=0.00902812
T0 scalar Q4 throughput probe; not an exact model-kernel equivalence claim
shape m=3276 K=512, target_kib=1024, actual_weight_bytes_per_block=1048320, allocated_weight_bytes=1048320, variant=A, kernel_requested=avx2, kernel_used=avx2, avx2_supported=true, fma_supported=true, eviction_bytes=0, active_logical_cpus=8
command[335/360]="D:\Install\Dev\Projects\IA\Ejercise\cpu-native-arch\build\cpu_native_q4_probe.exe" --cpu 7 --K 512 --target-kib 1024 --depth 2 --variant B --kernel avx2 --iterations 1 --repetitions 2 --warmup 1
AVX2 correction test passed; scalar_checksum=-9.02812, avx2_checksum=-9.02812, abs_difference=0, tolerance=0.00902812
T0 scalar Q4 throughput probe; not an exact model-kernel equivalence claim
shape m=3276 K=512, target_kib=1024, actual_weight_bytes_per_block=1048320, allocated_weight_bytes=2096640, variant=B, kernel_requested=avx2, kernel_used=avx2, avx2_supported=true, fma_supported=true, eviction_bytes=0, active_logical_cpus=8
command[336/360]="D:\Install\Dev\Projects\IA\Ejercise\cpu-native-arch\build\cpu_native_q4_probe.exe" --cpu 7 --K 512 --target-kib 1024 --depth 2 --variant C --kernel avx2 --iterations 1 --repetitions 2 --warmup 1
AVX2 correction test passed; scalar_checksum=-9.02812, avx2_checksum=-9.02812, abs_difference=0, tolerance=0.00902812
T0 scalar Q4 throughput probe; not an exact model-kernel equivalence claim
shape m=3276 K=512, target_kib=1024, actual_weight_bytes_per_block=1048320, allocated_weight_bytes=1048320, variant=C, kernel_requested=avx2, kernel_used=avx2, avx2_supported=true, fma_supported=true, eviction_bytes=67108864, active_logical_cpus=8
command[337/360]="D:\Install\Dev\Projects\IA\Ejercise\cpu-native-arch\build\cpu_native_q4_probe.exe" --cpu 7 --K 512 --target-kib 1024 --depth 4 --variant A --kernel avx2 --iterations 1 --repetitions 2 --warmup 1
AVX2 correction test passed; scalar_checksum=-9.02812, avx2_checksum=-9.02812, abs_difference=0, tolerance=0.00902812
T0 scalar Q4 throughput probe; not an exact model-kernel equivalence claim
shape m=3276 K=512, target_kib=1024, actual_weight_bytes_per_block=1048320, allocated_weight_bytes=1048320, variant=A, kernel_requested=avx2, kernel_used=avx2, avx2_supported=true, fma_supported=true, eviction_bytes=0, active_logical_cpus=8
command[338/360]="D:\Install\Dev\Projects\IA\Ejercise\cpu-native-arch\build\cpu_native_q4_probe.exe" --cpu 7 --K 512 --target-kib 1024 --depth 4 --variant B --kernel avx2 --iterations 1 --repetitions 2 --warmup 1
AVX2 correction test passed; scalar_checksum=-9.02812, avx2_checksum=-9.02812, abs_difference=0, tolerance=0.00902812
T0 scalar Q4 throughput probe; not an exact model-kernel equivalence claim
shape m=3276 K=512, target_kib=1024, actual_weight_bytes_per_block=1048320, allocated_weight_bytes=4193280, variant=B, kernel_requested=avx2, kernel_used=avx2, avx2_supported=true, fma_supported=true, eviction_bytes=0, active_logical_cpus=8
command[339/360]="D:\Install\Dev\Projects\IA\Ejercise\cpu-native-arch\build\cpu_native_q4_probe.exe" --cpu 7 --K 512 --target-kib 1024 --depth 4 --variant C --kernel avx2 --iterations 1 --repetitions 2 --warmup 1
AVX2 correction test passed; scalar_checksum=-9.02812, avx2_checksum=-9.02812, abs_difference=0, tolerance=0.00902812
T0 scalar Q4 throughput probe; not an exact model-kernel equivalence claim
shape m=3276 K=512, target_kib=1024, actual_weight_bytes_per_block=1048320, allocated_weight_bytes=1048320, variant=C, kernel_requested=avx2, kernel_used=avx2, avx2_supported=true, fma_supported=true, eviction_bytes=67108864, active_logical_cpus=8
command[340/360]="D:\Install\Dev\Projects\IA\Ejercise\cpu-native-arch\build\cpu_native_q4_probe.exe" --cpu 7 --K 512 --target-kib 1024 --depth 8 --variant A --kernel avx2 --iterations 1 --repetitions 2 --warmup 1
AVX2 correction test passed; scalar_checksum=-9.02812, avx2_checksum=-9.02812, abs_difference=0, tolerance=0.00902812
T0 scalar Q4 throughput probe; not an exact model-kernel equivalence claim
shape m=3276 K=512, target_kib=1024, actual_weight_bytes_per_block=1048320, allocated_weight_bytes=1048320, variant=A, kernel_requested=avx2, kernel_used=avx2, avx2_supported=true, fma_supported=true, eviction_bytes=0, active_logical_cpus=8
command[341/360]="D:\Install\Dev\Projects\IA\Ejercise\cpu-native-arch\build\cpu_native_q4_probe.exe" --cpu 7 --K 512 --target-kib 1024 --depth 8 --variant B --kernel avx2 --iterations 1 --repetitions 2 --warmup 1
AVX2 correction test passed; scalar_checksum=-9.02812, avx2_checksum=-9.02812, abs_difference=0, tolerance=0.00902812
T0 scalar Q4 throughput probe; not an exact model-kernel equivalence claim
shape m=3276 K=512, target_kib=1024, actual_weight_bytes_per_block=1048320, allocated_weight_bytes=8386560, variant=B, kernel_requested=avx2, kernel_used=avx2, avx2_supported=true, fma_supported=true, eviction_bytes=0, active_logical_cpus=8
command[342/360]="D:\Install\Dev\Projects\IA\Ejercise\cpu-native-arch\build\cpu_native_q4_probe.exe" --cpu 7 --K 512 --target-kib 1024 --depth 8 --variant C --kernel avx2 --iterations 1 --repetitions 2 --warmup 1
AVX2 correction test passed; scalar_checksum=-9.02812, avx2_checksum=-9.02812, abs_difference=0, tolerance=0.00902812
T0 scalar Q4 throughput probe; not an exact model-kernel equivalence claim
shape m=3276 K=512, target_kib=1024, actual_weight_bytes_per_block=1048320, allocated_weight_bytes=1048320, variant=C, kernel_requested=avx2, kernel_used=avx2, avx2_supported=true, fma_supported=true, eviction_bytes=67108864, active_logical_cpus=8
command[343/360]="D:\Install\Dev\Projects\IA\Ejercise\cpu-native-arch\build\cpu_native_q4_probe.exe" --cpu 7 --K 512 --target-kib 1024 --depth 16 --variant A --kernel avx2 --iterations 1 --repetitions 2 --warmup 1
AVX2 correction test passed; scalar_checksum=-9.02812, avx2_checksum=-9.02812, abs_difference=0, tolerance=0.00902812
T0 scalar Q4 throughput probe; not an exact model-kernel equivalence claim
shape m=3276 K=512, target_kib=1024, actual_weight_bytes_per_block=1048320, allocated_weight_bytes=1048320, variant=A, kernel_requested=avx2, kernel_used=avx2, avx2_supported=true, fma_supported=true, eviction_bytes=0, active_logical_cpus=8
command[344/360]="D:\Install\Dev\Projects\IA\Ejercise\cpu-native-arch\build\cpu_native_q4_probe.exe" --cpu 7 --K 512 --target-kib 1024 --depth 16 --variant B --kernel avx2 --iterations 1 --repetitions 2 --warmup 1
AVX2 correction test passed; scalar_checksum=-9.02812, avx2_checksum=-9.02812, abs_difference=0, tolerance=0.00902812
T0 scalar Q4 throughput probe; not an exact model-kernel equivalence claim
shape m=3276 K=512, target_kib=1024, actual_weight_bytes_per_block=1048320, allocated_weight_bytes=16773120, variant=B, kernel_requested=avx2, kernel_used=avx2, avx2_supported=true, fma_supported=true, eviction_bytes=0, active_logical_cpus=8
command[345/360]="D:\Install\Dev\Projects\IA\Ejercise\cpu-native-arch\build\cpu_native_q4_probe.exe" --cpu 7 --K 512 --target-kib 1024 --depth 16 --variant C --kernel avx2 --iterations 1 --repetitions 2 --warmup 1
AVX2 correction test passed; scalar_checksum=-9.02812, avx2_checksum=-9.02812, abs_difference=0, tolerance=0.00902812
T0 scalar Q4 throughput probe; not an exact model-kernel equivalence claim
shape m=3276 K=512, target_kib=1024, actual_weight_bytes_per_block=1048320, allocated_weight_bytes=1048320, variant=C, kernel_requested=avx2, kernel_used=avx2, avx2_supported=true, fma_supported=true, eviction_bytes=67108864, active_logical_cpus=8
command[346/360]="D:\Install\Dev\Projects\IA\Ejercise\cpu-native-arch\build\cpu_native_q4_probe.exe" --cpu 7 --K 512 --target-kib 1280 --depth 1 --variant A --kernel avx2 --iterations 1 --repetitions 2 --warmup 1
AVX2 correction test passed; scalar_checksum=-9.02812, avx2_checksum=-9.02812, abs_difference=0, tolerance=0.00902812
T0 scalar Q4 throughput probe; not an exact model-kernel equivalence claim
shape m=4096 K=512, target_kib=1280, actual_weight_bytes_per_block=1310720, allocated_weight_bytes=1310720, variant=A, kernel_requested=avx2, kernel_used=avx2, avx2_supported=true, fma_supported=true, eviction_bytes=0, active_logical_cpus=8
command[347/360]="D:\Install\Dev\Projects\IA\Ejercise\cpu-native-arch\build\cpu_native_q4_probe.exe" --cpu 7 --K 512 --target-kib 1280 --depth 1 --variant B --kernel avx2 --iterations 1 --repetitions 2 --warmup 1
AVX2 correction test passed; scalar_checksum=-9.02812, avx2_checksum=-9.02812, abs_difference=0, tolerance=0.00902812
T0 scalar Q4 throughput probe; not an exact model-kernel equivalence claim
shape m=4096 K=512, target_kib=1280, actual_weight_bytes_per_block=1310720, allocated_weight_bytes=1310720, variant=B, kernel_requested=avx2, kernel_used=avx2, avx2_supported=true, fma_supported=true, eviction_bytes=0, active_logical_cpus=8
command[348/360]="D:\Install\Dev\Projects\IA\Ejercise\cpu-native-arch\build\cpu_native_q4_probe.exe" --cpu 7 --K 512 --target-kib 1280 --depth 1 --variant C --kernel avx2 --iterations 1 --repetitions 2 --warmup 1
AVX2 correction test passed; scalar_checksum=-9.02812, avx2_checksum=-9.02812, abs_difference=0, tolerance=0.00902812
T0 scalar Q4 throughput probe; not an exact model-kernel equivalence claim
shape m=4096 K=512, target_kib=1280, actual_weight_bytes_per_block=1310720, allocated_weight_bytes=1310720, variant=C, kernel_requested=avx2, kernel_used=avx2, avx2_supported=true, fma_supported=true, eviction_bytes=67108864, active_logical_cpus=8
command[349/360]="D:\Install\Dev\Projects\IA\Ejercise\cpu-native-arch\build\cpu_native_q4_probe.exe" --cpu 7 --K 512 --target-kib 1280 --depth 2 --variant A --kernel avx2 --iterations 1 --repetitions 2 --warmup 1
AVX2 correction test passed; scalar_checksum=-9.02812, avx2_checksum=-9.02812, abs_difference=0, tolerance=0.00902812
T0 scalar Q4 throughput probe; not an exact model-kernel equivalence claim
shape m=4096 K=512, target_kib=1280, actual_weight_bytes_per_block=1310720, allocated_weight_bytes=1310720, variant=A, kernel_requested=avx2, kernel_used=avx2, avx2_supported=true, fma_supported=true, eviction_bytes=0, active_logical_cpus=8
command[350/360]="D:\Install\Dev\Projects\IA\Ejercise\cpu-native-arch\build\cpu_native_q4_probe.exe" --cpu 7 --K 512 --target-kib 1280 --depth 2 --variant B --kernel avx2 --iterations 1 --repetitions 2 --warmup 1
AVX2 correction test passed; scalar_checksum=-9.02812, avx2_checksum=-9.02812, abs_difference=0, tolerance=0.00902812
T0 scalar Q4 throughput probe; not an exact model-kernel equivalence claim
shape m=4096 K=512, target_kib=1280, actual_weight_bytes_per_block=1310720, allocated_weight_bytes=2621440, variant=B, kernel_requested=avx2, kernel_used=avx2, avx2_supported=true, fma_supported=true, eviction_bytes=0, active_logical_cpus=8
command[351/360]="D:\Install\Dev\Projects\IA\Ejercise\cpu-native-arch\build\cpu_native_q4_probe.exe" --cpu 7 --K 512 --target-kib 1280 --depth 2 --variant C --kernel avx2 --iterations 1 --repetitions 2 --warmup 1
AVX2 correction test passed; scalar_checksum=-9.02812, avx2_checksum=-9.02812, abs_difference=0, tolerance=0.00902812
T0 scalar Q4 throughput probe; not an exact model-kernel equivalence claim
shape m=4096 K=512, target_kib=1280, actual_weight_bytes_per_block=1310720, allocated_weight_bytes=1310720, variant=C, kernel_requested=avx2, kernel_used=avx2, avx2_supported=true, fma_supported=true, eviction_bytes=67108864, active_logical_cpus=8
command[352/360]="D:\Install\Dev\Projects\IA\Ejercise\cpu-native-arch\build\cpu_native_q4_probe.exe" --cpu 7 --K 512 --target-kib 1280 --depth 4 --variant A --kernel avx2 --iterations 1 --repetitions 2 --warmup 1
AVX2 correction test passed; scalar_checksum=-9.02812, avx2_checksum=-9.02812, abs_difference=0, tolerance=0.00902812
T0 scalar Q4 throughput probe; not an exact model-kernel equivalence claim
shape m=4096 K=512, target_kib=1280, actual_weight_bytes_per_block=1310720, allocated_weight_bytes=1310720, variant=A, kernel_requested=avx2, kernel_used=avx2, avx2_supported=true, fma_supported=true, eviction_bytes=0, active_logical_cpus=8
command[353/360]="D:\Install\Dev\Projects\IA\Ejercise\cpu-native-arch\build\cpu_native_q4_probe.exe" --cpu 7 --K 512 --target-kib 1280 --depth 4 --variant B --kernel avx2 --iterations 1 --repetitions 2 --warmup 1
AVX2 correction test passed; scalar_checksum=-9.02812, avx2_checksum=-9.02812, abs_difference=0, tolerance=0.00902812
T0 scalar Q4 throughput probe; not an exact model-kernel equivalence claim
shape m=4096 K=512, target_kib=1280, actual_weight_bytes_per_block=1310720, allocated_weight_bytes=5242880, variant=B, kernel_requested=avx2, kernel_used=avx2, avx2_supported=true, fma_supported=true, eviction_bytes=0, active_logical_cpus=8
command[354/360]="D:\Install\Dev\Projects\IA\Ejercise\cpu-native-arch\build\cpu_native_q4_probe.exe" --cpu 7 --K 512 --target-kib 1280 --depth 4 --variant C --kernel avx2 --iterations 1 --repetitions 2 --warmup 1
AVX2 correction test passed; scalar_checksum=-9.02812, avx2_checksum=-9.02812, abs_difference=0, tolerance=0.00902812
T0 scalar Q4 throughput probe; not an exact model-kernel equivalence claim
shape m=4096 K=512, target_kib=1280, actual_weight_bytes_per_block=1310720, allocated_weight_bytes=1310720, variant=C, kernel_requested=avx2, kernel_used=avx2, avx2_supported=true, fma_supported=true, eviction_bytes=67108864, active_logical_cpus=8
command[355/360]="D:\Install\Dev\Projects\IA\Ejercise\cpu-native-arch\build\cpu_native_q4_probe.exe" --cpu 7 --K 512 --target-kib 1280 --depth 8 --variant A --kernel avx2 --iterations 1 --repetitions 2 --warmup 1
AVX2 correction test passed; scalar_checksum=-9.02812, avx2_checksum=-9.02812, abs_difference=0, tolerance=0.00902812
T0 scalar Q4 throughput probe; not an exact model-kernel equivalence claim
shape m=4096 K=512, target_kib=1280, actual_weight_bytes_per_block=1310720, allocated_weight_bytes=1310720, variant=A, kernel_requested=avx2, kernel_used=avx2, avx2_supported=true, fma_supported=true, eviction_bytes=0, active_logical_cpus=8
command[356/360]="D:\Install\Dev\Projects\IA\Ejercise\cpu-native-arch\build\cpu_native_q4_probe.exe" --cpu 7 --K 512 --target-kib 1280 --depth 8 --variant B --kernel avx2 --iterations 1 --repetitions 2 --warmup 1
AVX2 correction test passed; scalar_checksum=-9.02812, avx2_checksum=-9.02812, abs_difference=0, tolerance=0.00902812
T0 scalar Q4 throughput probe; not an exact model-kernel equivalence claim
shape m=4096 K=512, target_kib=1280, actual_weight_bytes_per_block=1310720, allocated_weight_bytes=10485760, variant=B, kernel_requested=avx2, kernel_used=avx2, avx2_supported=true, fma_supported=true, eviction_bytes=0, active_logical_cpus=8
command[357/360]="D:\Install\Dev\Projects\IA\Ejercise\cpu-native-arch\build\cpu_native_q4_probe.exe" --cpu 7 --K 512 --target-kib 1280 --depth 8 --variant C --kernel avx2 --iterations 1 --repetitions 2 --warmup 1
AVX2 correction test passed; scalar_checksum=-9.02812, avx2_checksum=-9.02812, abs_difference=0, tolerance=0.00902812
T0 scalar Q4 throughput probe; not an exact model-kernel equivalence claim
shape m=4096 K=512, target_kib=1280, actual_weight_bytes_per_block=1310720, allocated_weight_bytes=1310720, variant=C, kernel_requested=avx2, kernel_used=avx2, avx2_supported=true, fma_supported=true, eviction_bytes=67108864, active_logical_cpus=8
command[358/360]="D:\Install\Dev\Projects\IA\Ejercise\cpu-native-arch\build\cpu_native_q4_probe.exe" --cpu 7 --K 512 --target-kib 1280 --depth 16 --variant A --kernel avx2 --iterations 1 --repetitions 2 --warmup 1
AVX2 correction test passed; scalar_checksum=-9.02812, avx2_checksum=-9.02812, abs_difference=0, tolerance=0.00902812
T0 scalar Q4 throughput probe; not an exact model-kernel equivalence claim
shape m=4096 K=512, target_kib=1280, actual_weight_bytes_per_block=1310720, allocated_weight_bytes=1310720, variant=A, kernel_requested=avx2, kernel_used=avx2, avx2_supported=true, fma_supported=true, eviction_bytes=0, active_logical_cpus=8
command[359/360]="D:\Install\Dev\Projects\IA\Ejercise\cpu-native-arch\build\cpu_native_q4_probe.exe" --cpu 7 --K 512 --target-kib 1280 --depth 16 --variant B --kernel avx2 --iterations 1 --repetitions 2 --warmup 1
AVX2 correction test passed; scalar_checksum=-9.02812, avx2_checksum=-9.02812, abs_difference=0, tolerance=0.00902812
T0 scalar Q4 throughput probe; not an exact model-kernel equivalence claim
shape m=4096 K=512, target_kib=1280, actual_weight_bytes_per_block=1310720, allocated_weight_bytes=20971520, variant=B, kernel_requested=avx2, kernel_used=avx2, avx2_supported=true, fma_supported=true, eviction_bytes=0, active_logical_cpus=8
command[360/360]="D:\Install\Dev\Projects\IA\Ejercise\cpu-native-arch\build\cpu_native_q4_probe.exe" --cpu 7 --K 512 --target-kib 1280 --depth 16 --variant C --kernel avx2 --iterations 1 --repetitions 2 --warmup 1
AVX2 correction test passed; scalar_checksum=-9.02812, avx2_checksum=-9.02812, abs_difference=0, tolerance=0.00902812
T0 scalar Q4 throughput probe; not an exact model-kernel equivalence claim
shape m=4096 K=512, target_kib=1280, actual_weight_bytes_per_block=1310720, allocated_weight_bytes=1310720, variant=C, kernel_requested=avx2, kernel_used=avx2, avx2_supported=true, fma_supported=true, eviction_bytes=67108864, active_logical_cpus=8
